probe,scene,N,si_mae_A,depth_l1,normal_mae,sh_err
A,00f7c6d95b7d4c359681cc3b93f8a077,1,0.002001179615035653,0.09432661533355713,5.122464656829834,0.822009801864624
A,00f7c6d95b7d4c359681cc3b93f8a077,2,0.0020011719316244125,0.09432753175497055,5.122479438781738,1.1657527685165405
A,00f7c6d95b7d4c359681cc3b93f8a077,3,0.002001172164455056,0.09432624280452728,5.122460842132568,1.4264053106307983
A,00f7c6d95b7d4c359681cc3b93f8a077,5,0.0020011733286082745,0.09432647377252579,5.122505187988281,1.8465131521224976
A,00ff6c772dce4e84bf66544ada6093a0,1,0.01742423325777054,0.34650731086730957,23.385255813598633,0.8216988444328308
A,00ff6c772dce4e84bf66544ada6093a0,2,0.017424648627638817,0.3465069830417633,23.385244369506836,1.1658496856689453
A,00ff6c772dce4e84bf66544ada6093a0,3,0.01742476597428322,0.34650665521621704,23.385316848754883,1.4263256788253784
A,00ff6c772dce4e84bf66544ada6093a0,5,0.017424127086997032,0.3465081453323364,23.385272979736328,1.846627116203308
A,0104f4b9bd3c476d949785e03f2ff7c6,1,0.0001474136661272496,0.30353638529777527,10.501958847045898,0.8222332000732422
A,0104f4b9bd3c476d949785e03f2ff7c6,2,0.00014741365157533437,0.30353572964668274,10.501985549926758,1.165681004524231
A,0104f4b9bd3c476d949785e03f2ff7c6,3,0.0001474136224715039,0.3035370409488678,10.50197696685791,1.4264780282974243
A,0104f4b9bd3c476d949785e03f2ff7c6,5,0.0001474136661272496,0.303536981344223,10.501959800720215,1.8464455604553223
A,0109cde49c664b408e6a95a82d235070,1,0.20037664473056793,0.135281041264534,3.916830062866211,0.8206380009651184
A,0109cde49c664b408e6a95a82d235070,2,0.20037661492824554,0.13528093695640564,3.916820764541626,1.1661933660507202
A,0109cde49c664b408e6a95a82d235070,3,0.20037661492824554,0.1352810114622116,3.91682505607605,1.4259898662567139
A,0109cde49c664b408e6a95a82d235070,5,0.20037665963172913,0.13528138399124146,3.9168148040771484,1.8469555377960205
A,01f2d9c189f5404c97f696d022b0ad81,1,0.0008750032284297049,0.30770379304885864,4.364471912384033,0.8221650123596191
A,01f2d9c189f5404c97f696d022b0ad81,2,0.0008750032284297049,0.30770379304885864,4.364471912384033,1.1657028198242188
A,01f2d9c189f5404c97f696d022b0ad81,3,0.0008750032284297049,0.30770379304885864,4.364471912384033,1.4264553785324097
A,01f2d9c189f5404c97f696d022b0ad81,5,0.0008750029955990613,0.30770277976989746,4.364473342895508,1.846466064453125
A,024bfdbc8f1c4a75bdbaaecb905e04e8,1,0.0658801794052124,0.21866726875305176,8.191024780273438,0.8218724727630615
A,024bfdbc8f1c4a75bdbaaecb905e04e8,2,0.0658801794052124,0.21866725385189056,8.190994262695312,1.1657969951629639
A,024bfdbc8f1c4a75bdbaaecb905e04e8,3,0.065880186855793,0.21866677701473236,8.190982818603516,1.426357626914978
A,024bfdbc8f1c4a75bdbaaecb905e04e8,5,0.06588015705347061,0.21866734325885773,8.190985679626465,1.846553087234497
A,027e8e8787bf40689bdd8e795636a106,1,0.028573185205459595,0.19192467629909515,5.256186008453369,0.8209810256958008
A,027e8e8787bf40689bdd8e795636a106,2,0.028573110699653625,0.19192469120025635,5.256181716918945,1.1660820245742798
A,027e8e8787bf40689bdd8e795636a106,3,0.028573177754878998,0.19192467629909515,5.256171226501465,1.4260919094085693
A,027e8e8787bf40689bdd8e795636a106,5,0.02857319451868534,0.19192512333393097,5.256195545196533,1.8468436002731323
A,02c1619333c74000886bee7b9667e1d6,1,0.0001478774065617472,0.2887245714664459,7.1120123863220215,0.8214109539985657
A,02c1619333c74000886bee7b9667e1d6,2,0.0001478774065617472,0.288725346326828,7.112014293670654,1.165941596031189
A,02c1619333c74000886bee7b9667e1d6,3,0.00014787742111366242,0.2887254059314728,7.111999034881592,1.4262330532073975
A,02c1619333c74000886bee7b9667e1d6,5,0.00014787739200983196,0.2887243926525116,7.111991882324219,1.846713662147522
A,02fc000a981e416386d8cc51c858de5b,1,0.18112215399742126,0.2729564905166626,14.709196090698242,0.8218259811401367
A,02fc000a981e416386d8cc51c858de5b,2,0.18112212419509888,0.27295538783073425,14.709249496459961,1.1658108234405518
A,02fc000a981e416386d8cc51c858de5b,3,0.18112200498580933,0.27295687794685364,14.709169387817383,1.4263511896133423
A,02fc000a981e416386d8cc51c858de5b,5,0.1811220943927765,0.27295592427253723,14.70920467376709,1.846574068069458
A,03ba54375bcb45d1a92a5dcb9e8e3a59,1,0.05120976269245148,0.3408127427101135,3.0629727840423584,0.8205142617225647
A,03ba54375bcb45d1a92a5dcb9e8e3a59,2,0.0512097030878067,0.34081292152404785,3.062971830368042,1.1662319898605347
A,03ba54375bcb45d1a92a5dcb9e8e3a59,3,0.05120963975787163,0.34081244468688965,3.0629804134368896,1.4259847402572632
A,03ba54375bcb45d1a92a5dcb9e8e3a59,5,0.0512097142636776,0.3408137857913971,3.062971353530884,1.84702730178833
A,0437089225fb4b8496c6c4a824d370e6,1,0.08081463724374771,0.42402082681655884,26.294700622558594,0.8224013447761536
A,0437089225fb4b8496c6c4a824d370e6,2,0.08081488311290741,0.4240214228630066,26.294649124145508,1.165626883506775
A,0437089225fb4b8496c6c4a824d370e6,3,0.08081500977277756,0.4240225851535797,26.294687271118164,1.4265356063842773
A,0437089225fb4b8496c6c4a824d370e6,5,0.08081483840942383,0.4240211546421051,26.294750213623047,1.8463966846466064
A,048002dcad254cf8b57d51d84ad84435,1,0.07408075779676437,0.20530858635902405,10.02584457397461,0.8222561478614807
A,048002dcad254cf8b57d51d84ad84435,2,0.07408075779676437,0.20530858635902405,10.02584457397461,1.165673017501831
A,048002dcad254cf8b57d51d84ad84435,3,0.07408074289560318,0.2053084820508957,10.025848388671875,1.4264886379241943
A,048002dcad254cf8b57d51d84ad84435,5,0.07408065348863602,0.20530982315540314,10.025850296020508,1.8464409112930298
A,04dbe2471a134bd68f5b8d8d4af95aae,1,0.042262326925992966,0.3104873299598694,5.051671028137207,0.821115255355835
A,04dbe2471a134bd68f5b8d8d4af95aae,2,0.04226251319050789,0.3104889690876007,5.0516886711120605,1.1660395860671997
A,04dbe2471a134bd68f5b8d8d4af95aae,3,0.0422624908387661,0.31048938632011414,5.051673412322998,1.4261595010757446
A,04dbe2471a134bd68f5b8d8d4af95aae,5,0.04226257652044296,0.3104894459247589,5.051677703857422,1.8468266725540161
A,04e43ff1195e45029a03b6cdc53f9aa8,1,0.00014698713493999094,0.2756509780883789,15.077777862548828,0.8220542073249817
A,04e43ff1195e45029a03b6cdc53f9aa8,2,0.00014698713493999094,0.27565011382102966,15.077768325805664,1.1657376289367676
A,04e43ff1195e45029a03b6cdc53f9aa8,3,0.0001469871640438214,0.27565059065818787,15.077777862548828,1.4264264106750488
A,04e43ff1195e45029a03b6cdc53f9aa8,5,0.00014698713493999094,0.2756492793560028,15.077789306640625,1.846505045890808
A,04e5ee9a0baa446e9ab973cce0153bc8,1,0.00014720161561854184,0.27610981464385986,5.695711135864258,0.8211116194725037
A,04e5ee9a0baa446e9ab973cce0153bc8,2,0.00014720161561854184,0.2761094272136688,5.695715427398682,1.1660388708114624
A,04e5ee9a0baa446e9ab973cce0153bc8,3,0.0001472016010666266,0.2761094570159912,5.695712566375732,1.4261376857757568
A,04e5ee9a0baa446e9ab973cce0153bc8,5,0.00014720161561854184,0.27610838413238525,5.695683479309082,1.846805453300476
A,05703932eb2c45c0918d4f91c875d064,1,0.019773751497268677,0.14819706976413727,17.071340560913086,0.8224372267723083
A,05703932eb2c45c0918d4f91c875d064,2,0.0197736956179142,0.14819714426994324,17.071332931518555,1.165615439414978
A,05703932eb2c45c0918d4f91c875d064,3,0.019773678854107857,0.14819608628749847,17.071447372436523,1.4265477657318115
A,05703932eb2c45c0918d4f91c875d064,5,0.01977371796965599,0.1481923758983612,17.07136344909668,1.8463863134384155
A,060c9e87a01b4fd08f87578d63e4961e,1,0.03454414755105972,0.4045873284339905,7.481942653656006,0.8209052085876465
A,060c9e87a01b4fd08f87578d63e4961e,2,0.03454356640577316,0.40458595752716064,7.481940269470215,1.166115641593933
A,060c9e87a01b4fd08f87578d63e4961e,3,0.034543488174676895,0.4045853912830353,7.481938362121582,1.4261375665664673
A,060c9e87a01b4fd08f87578d63e4961e,5,0.03454364463686943,0.40458735823631287,7.481957912445068,1.8469489812850952
A,062ad5b97bf34d75b7c7003b9b6f2cb0,1,0.004923440981656313,0.2714204788208008,4.705691337585449,0.8204805254936218
A,062ad5b97bf34d75b7c7003b9b6f2cb0,2,0.004923440515995026,0.27142050862312317,4.705689907073975,1.1662406921386719
A,062ad5b97bf34d75b7c7003b9b6f2cb0,3,0.004923402797430754,0.2714206874370575,4.705700874328613,1.4259546995162964
A,062ad5b97bf34d75b7c7003b9b6f2cb0,5,0.004923689179122448,0.2714201509952545,4.705704689025879,1.847016453742981
A,069044476a7f49b9b83f6364654c85c3,1,0.12022606283426285,0.33522844314575195,5.110042095184326,0.8221557140350342
A,069044476a7f49b9b83f6364654c85c3,2,0.12022613734006882,0.33522725105285645,5.1100172996521,1.165705680847168
A,069044476a7f49b9b83f6364654c85c3,3,0.12022613734006882,0.33522865176200867,5.110064506530762,1.426453709602356
A,069044476a7f49b9b83f6364654c85c3,5,0.12022609263658524,0.3352271318435669,5.110034942626953,1.846469759941101
A,0692e0ff0ef34b21b1f3659270d2e558,1,0.037698276340961456,0.3197854161262512,11.429012298583984,0.8224077820777893
A,0692e0ff0ef34b21b1f3659270d2e558,2,0.037698328495025635,0.3197881281375885,11.429007530212402,1.1656248569488525
A,0692e0ff0ef34b21b1f3659270d2e558,3,0.037698280066251755,0.31978705525398254,11.429007530212402,1.4265379905700684
A,0692e0ff0ef34b21b1f3659270d2e558,5,0.03769829496741295,0.31978657841682434,11.429037094116211,1.8463950157165527
A,06dd0877eb584e569d1bc9070e42baa2,1,0.08150700479745865,0.24580790102481842,5.346789360046387,0.8210342526435852
A,06dd0877eb584e569d1bc9070e42baa2,2,0.08150707930326462,0.24580851197242737,5.346792697906494,1.1660652160644531
A,06dd0877eb584e569d1bc9070e42baa2,3,0.08150704950094223,0.2458093911409378,5.346818447113037,1.4261029958724976
A,06dd0877eb584e569d1bc9070e42baa2,5,0.08150698989629745,0.24580809473991394,5.346805572509766,1.846821904182434
A,07a81928f67f4aa2ad0d59a057ae374e,1,0.10476523637771606,0.7452300786972046,15.721046447753906,0.8222962617874146
A,07a81928f67f4aa2ad0d59a057ae374e,2,0.10476498305797577,0.7452335953712463,15.721086502075195,1.1656599044799805
A,07a81928f67f4aa2ad0d59a057ae374e,3,0.10476507246494293,0.7452317476272583,15.721053123474121,1.4265022277832031
A,07a81928f67f4aa2ad0d59a057ae374e,5,0.10476516932249069,0.7452300190925598,15.721037864685059,1.8464288711547852
A,07c2642631f947a5ac799dddeea39eb9,1,0.046602025628089905,0.16710686683654785,7.265125751495361,0.8220170736312866
A,07c2642631f947a5ac799dddeea39eb9,2,0.046601951122283936,0.16710549592971802,7.2651286125183105,1.1657496690750122
A,07c2642631f947a5ac799dddeea39eb9,3,0.04660210758447647,0.16710543632507324,7.265118598937988,1.4264171123504639
A,07c2642631f947a5ac799dddeea39eb9,5,0.04660198092460632,0.16710764169692993,7.265162944793701,1.846519112586975
A,086be698bca14d7791d9032884909954,1,0.0762125551700592,0.30127400159835815,4.3110833168029785,0.8216134309768677
A,086be698bca14d7791d9032884909954,2,0.07621245086193085,0.3012739419937134,4.311093330383301,1.165879487991333
A,086be698bca14d7791d9032884909954,3,0.07621246576309204,0.3012739419937134,4.311091423034668,1.4262813329696655
A,086be698bca14d7791d9032884909954,5,0.0762125551700592,0.3012740910053253,4.311089038848877,1.8466383218765259
A,087ca366dee64594bba4189b31dd7a45,1,0.0271433275192976,0.14255955815315247,9.89618968963623,0.8223475217819214
A,087ca366dee64594bba4189b31dd7a45,2,0.02714337222278118,0.14256060123443604,9.896211624145508,1.1656439304351807
A,087ca366dee64594bba4189b31dd7a45,3,0.02714335173368454,0.14256350696086884,9.896256446838379,1.4265198707580566
A,087ca366dee64594bba4189b31dd7a45,5,0.027143411338329315,0.1425619125366211,9.896236419677734,1.846414566040039
A,08aab5b01d384e0082c56c17fc9f2245,1,0.0001469161215936765,0.2279760241508484,6.369072914123535,0.8206532597541809
A,08aab5b01d384e0082c56c17fc9f2245,2,0.0001469161215936765,0.22797609865665436,6.3690667152404785,1.1661854982376099
A,08aab5b01d384e0082c56c17fc9f2245,3,0.0001469161215936765,0.22797593474388123,6.369070529937744,1.4260278940200806
A,08aab5b01d384e0082c56c17fc9f2245,5,0.00014691615069750696,0.2279762327671051,6.369056701660156,1.8469812870025635
A,08bc3a0eec7042389949e2c5ad9bf700,1,0.025461535900831223,0.3217068314552307,4.491909980773926,0.8205764889717102
A,08bc3a0eec7042389949e2c5ad9bf700,2,0.025461575016379356,0.3217063248157501,4.491909027099609,1.1662102937698364
A,08bc3a0eec7042389949e2c5ad9bf700,3,0.02546156570315361,0.321706086397171,4.491909027099609,1.425981044769287
A,08bc3a0eec7042389949e2c5ad9bf700,5,0.025461604818701744,0.32170695066452026,4.491924285888672,1.8469820022583008
A,099450527f614a3e81baf1fe4fe087ab,1,0.05979989469051361,0.24517151713371277,8.167598724365234,0.8218543529510498
A,099450527f614a3e81baf1fe4fe087ab,2,0.059799909591674805,0.24517132341861725,8.167610168457031,1.1658010482788086
A,099450527f614a3e81baf1fe4fe087ab,3,0.05979997664690018,0.24517159163951874,8.167588233947754,1.4263648986816406
A,099450527f614a3e81baf1fe4fe087ab,5,0.059799835085868835,0.24517148733139038,8.167623519897461,1.8465684652328491
A,09fb340c826c402683eca48320936aec,1,0.00014793658920098096,0.3404940962791443,10.08711051940918,0.8221259117126465
A,09fb340c826c402683eca48320936aec,2,0.00014793657464906573,0.34049487113952637,10.087116241455078,1.1657147407531738
A,09fb340c826c402683eca48320936aec,3,0.00014793658920098096,0.34049302339553833,10.087090492248535,1.4264450073242188
A,09fb340c826c402683eca48320936aec,5,0.0001479365600971505,0.3404932916164398,10.087100982666016,1.846479058265686
A,0a354259149c4930bac9bab65ce89cdd,1,0.018995895981788635,0.2760883867740631,3.841151237487793,0.8216902017593384
A,0a354259149c4930bac9bab65ce89cdd,2,0.018995914608240128,0.2760877311229706,3.8411569595336914,1.1658562421798706
A,0a354259149c4930bac9bab65ce89cdd,3,0.01899588480591774,0.27608802914619446,3.841151475906372,1.4262974262237549
A,0a354259149c4930bac9bab65ce89cdd,5,0.018995892256498337,0.27608782052993774,3.8411693572998047,1.8466084003448486
A,0a39c8c2a2df48b6a072da1d9306cf36,1,0.10698244720697403,0.32287535071372986,3.7314577102661133,0.8219361901283264
A,0a39c8c2a2df48b6a072da1d9306cf36,2,0.10698246210813522,0.3228752613067627,3.7314467430114746,1.1657763719558716
A,0a39c8c2a2df48b6a072da1d9306cf36,3,0.10698246210813522,0.3228754997253418,3.7314727306365967,1.4263828992843628
A,0a39c8c2a2df48b6a072da1d9306cf36,5,0.10698246955871582,0.3228742480278015,3.7314553260803223,1.8465383052825928
A,0ae2a05bf20c4b028b86c33e26aa9e0c,1,0.08632881194353104,0.21556414663791656,7.665185928344727,0.822185218334198
A,0ae2a05bf20c4b028b86c33e26aa9e0c,2,0.0863289162516594,0.2155662178993225,7.665177345275879,1.1656960248947144
A,0ae2a05bf20c4b028b86c33e26aa9e0c,3,0.08632878214120865,0.21556441485881805,7.665146350860596,1.426464319229126
A,0ae2a05bf20c4b028b86c33e26aa9e0c,5,0.08632884919643402,0.21556413173675537,7.665191173553467,1.846461534500122
A,0af17e65f26647cc99709f7d15944994,1,0.07283005118370056,0.2968112826347351,6.906584739685059,0.8215408325195312
A,0af17e65f26647cc99709f7d15944994,2,0.07283009588718414,0.2968108654022217,6.906580448150635,1.1659018993377686
A,0af17e65f26647cc99709f7d15944994,3,0.07283002138137817,0.2968110740184784,6.906588554382324,1.4262621402740479
A,0af17e65f26647cc99709f7d15944994,5,0.07283005118370056,0.29680994153022766,6.906584739685059,1.8466626405715942
A,0b1cc5fa9d8744ddabb84d3ec55b9a97,1,0.0714237242937088,0.32128462195396423,31.750747680664062,0.8223642706871033
A,0b1cc5fa9d8744ddabb84d3ec55b9a97,2,0.07142370939254761,0.32128599286079407,31.750696182250977,1.1656386852264404
A,0b1cc5fa9d8744ddabb84d3ec55b9a97,3,0.07142363488674164,0.3212854266166687,31.750720977783203,1.426522970199585
A,0b1cc5fa9d8744ddabb84d3ec55b9a97,5,0.07142389565706253,0.3212854862213135,31.750673294067383,1.846407413482666
A,0b6168841a3f46bdaa56947d469c79da,1,0.00014689612726215273,0.36995744705200195,12.587881088256836,0.8216500878334045
A,0b6168841a3f46bdaa56947d469c79da,2,0.00014689614181406796,0.36995744705200195,12.587874412536621,1.16587495803833
A,0b6168841a3f46bdaa56947d469c79da,3,0.00014689612726215273,0.36995697021484375,12.587881088256836,1.4263091087341309
A,0b6168841a3f46bdaa56947d469c79da,5,0.00014689612726215273,0.36995843052864075,12.587830543518066,1.8466471433639526
A,0bba5774d2bd40e48a2d246fdd0b92f5,1,0.05368443951010704,0.20384526252746582,4.150866508483887,0.8201868534088135
A,0bba5774d2bd40e48a2d246fdd0b92f5,2,0.053684454411268234,0.2038458287715912,4.150850772857666,1.166338562965393
A,0bba5774d2bd40e48a2d246fdd0b92f5,3,0.0536842979490757,0.2038453072309494,4.150854110717773,1.425906777381897
A,0bba5774d2bd40e48a2d246fdd0b92f5,5,0.05368434637784958,0.20384421944618225,4.150838375091553,1.8471561670303345
A,0c5eb9cedea94e2180187a07cb661ceb,1,0.012784205377101898,0.2587325870990753,11.051586151123047,0.8205854892730713
A,0c5eb9cedea94e2180187a07cb661ceb,2,0.012784307822585106,0.25873303413391113,11.051587104797363,1.1662123203277588
A,0c5eb9cedea94e2180187a07cb661ceb,3,0.012784182094037533,0.2587319314479828,11.051582336425781,1.4260309934616089
A,0c5eb9cedea94e2180187a07cb661ceb,5,0.012784144841134548,0.2587336003780365,11.051591873168945,1.8470332622528076
A,0c87b9d50c7f4a2292e337ceb54ec36a,1,0.044291965663433075,0.38786911964416504,10.54518985748291,0.8222039937973022
A,0c87b9d50c7f4a2292e337ceb54ec36a,2,0.04429192095994949,0.3878675103187561,10.545145034790039,1.1656887531280518
A,0c87b9d50c7f4a2292e337ceb54ec36a,3,0.044292330741882324,0.3878687918186188,10.545113563537598,1.4264758825302124
A,0c87b9d50c7f4a2292e337ceb54ec36a,5,0.04429219663143158,0.38786646723747253,10.545164108276367,1.8464598655700684
A,0cc862bb5d9f41269631ff62504cfdf9,1,0.01692582480609417,0.18851208686828613,19.11701011657715,0.8224363327026367
A,0cc862bb5d9f41269631ff62504cfdf9,2,0.016925830394029617,0.18851053714752197,19.117036819458008,1.1656159162521362
A,0cc862bb5d9f41269631ff62504cfdf9,3,0.016925835981965065,0.1885106861591339,19.11697769165039,1.4265472888946533
A,0cc862bb5d9f41269631ff62504cfdf9,5,0.016925841569900513,0.18851110339164734,19.116952896118164,1.8463865518569946
A,0e63e1ef419b49278ddc45ec63f69979,1,0.010180127806961536,0.20797426998615265,7.99247407913208,0.8221636414527893
A,0e63e1ef419b49278ddc45ec63f69979,2,0.010180149227380753,0.2079731971025467,7.992497444152832,1.1657028198242188
A,0e63e1ef419b49278ddc45ec63f69979,3,0.010180122219026089,0.20797424018383026,7.992460250854492,1.4264580011367798
A,0e63e1ef419b49278ddc45ec63f69979,5,0.010180088691413403,0.2079734057188034,7.9924187660217285,1.846468448638916
A,0e92245b9cac4423810aece64743decd,1,0.05451159179210663,0.17342683672904968,24.635852813720703,0.8222498297691345
A,0e92245b9cac4423810aece64743decd,2,0.05451164394617081,0.1734280288219452,24.63587760925293,1.1656737327575684
A,0e92245b9cac4423810aece64743decd,3,0.05451136827468872,0.17342743277549744,24.6358699798584,1.4264872074127197
A,0e92245b9cac4423810aece64743decd,5,0.05451143905520439,0.17342609167099,24.635814666748047,1.8464425802230835
A,0f3d54f4b2b74580a2c1891c1116dc5f,1,0.07120086997747421,0.8540220856666565,6.003597259521484,0.8217414617538452
A,0f3d54f4b2b74580a2c1891c1116dc5f,2,0.07120104134082794,0.854023814201355,6.003623962402344,1.1658589839935303
A,0f3d54f4b2b74580a2c1891c1116dc5f,3,0.07120098918676376,0.8540232181549072,6.0036492347717285,1.4263256788253784
A,0f3d54f4b2b74580a2c1891c1116dc5f,5,0.07120098173618317,0.854022741317749,6.003622531890869,1.8466217517852783
A,0f48025ff969419582312f9a02fd7af0,1,0.08485504984855652,0.2666712999343872,7.044611930847168,0.8221694827079773
A,0f48025ff969419582312f9a02fd7af0,2,0.08485252410173416,0.2666926383972168,7.044859409332275,1.1656967401504517
A,0f48025ff969419582312f9a02fd7af0,3,0.08485224843025208,0.26670706272125244,7.044907569885254,1.4264546632766724
A,0f48025ff969419582312f9a02fd7af0,5,0.08485221862792969,0.26670724153518677,7.044947624206543,1.8464611768722534
A,10edcd93ffa94c2a8cc0bc2e9bcf7eae,1,0.00014733136049471796,0.119776651263237,4.247979164123535,0.8220190405845642
A,10edcd93ffa94c2a8cc0bc2e9bcf7eae,2,0.00014733137504663318,0.11977691203355789,4.247990608215332,1.1657500267028809
A,10edcd93ffa94c2a8cc0bc2e9bcf7eae,3,0.00014733136049471796,0.11977675557136536,4.247982978820801,1.4264063835144043
A,10edcd93ffa94c2a8cc0bc2e9bcf7eae,5,0.00014733131683897227,0.11977744847536087,4.247972011566162,1.8465092182159424
A,1175f68a974a45f5b9b6e51c08f1a432,1,0.036519866436719894,0.23115703463554382,6.583771705627441,0.8217371702194214
A,1175f68a974a45f5b9b6e51c08f1a432,2,0.0365198515355587,0.23115713894367218,6.583736419677734,1.1658395528793335
A,1175f68a974a45f5b9b6e51c08f1a432,3,0.036519862711429596,0.23115652799606323,6.58375358581543,1.4263172149658203
A,1175f68a974a45f5b9b6e51c08f1a432,5,0.03651983290910721,0.23115725815296173,6.583731174468994,1.8465960025787354
A,11940acb7fe34046ae965ed2fc1a3359,1,0.0002893914352171123,0.18734204769134521,5.588591575622559,0.8225125670433044
A,11940acb7fe34046ae965ed2fc1a3359,2,0.0002893914352171123,0.1873423457145691,5.588596343994141,1.1655914783477783
A,11940acb7fe34046ae965ed2fc1a3359,3,0.0002893914352171123,0.18734191358089447,5.58859395980835,1.4265737533569336
A,11940acb7fe34046ae965ed2fc1a3359,5,0.0002893914352171123,0.18734341859817505,5.588583469390869,1.8463647365570068
A,1199736697cb491a899f77c0b75112dd,1,0.0001473956072004512,0.3427009880542755,2.491542100906372,0.8206148147583008
A,1199736697cb491a899f77c0b75112dd,2,0.0001473956072004512,0.34270092844963074,2.4915313720703125,1.166198968887329
A,1199736697cb491a899f77c0b75112dd,3,0.0001473956072004512,0.34270092844963074,2.491544723510742,1.4259670972824097
A,1199736697cb491a899f77c0b75112dd,5,0.0001473956072004512,0.34269970655441284,2.491546392440796,1.8469477891921997
A,11b4c003677148478409d6a66a65eb0e,1,0.009373770095407963,0.17304405570030212,11.354433059692383,0.8218839764595032
A,11b4c003677148478409d6a66a65eb0e,2,0.009373655542731285,0.17304305732250214,11.354454040527344,1.1657921075820923
A,11b4c003677148478409d6a66a65eb0e,3,0.00937381386756897,0.1730448454618454,11.354443550109863,1.4263776540756226
A,11b4c003677148478409d6a66a65eb0e,5,0.009373739361763,0.17304369807243347,11.354469299316406,1.8465638160705566
A,12aef634af8944ff86f9a967ccb1608b,1,0.059774160385131836,0.2819399833679199,12.875882148742676,0.8217946887016296
A,12aef634af8944ff86f9a967ccb1608b,2,0.059774160385131836,0.2819399833679199,12.875882148742676,1.1658258438110352
A,12aef634af8944ff86f9a967ccb1608b,3,0.059774160385131836,0.2819399833679199,12.875882148742676,1.4263722896575928
A,12aef634af8944ff86f9a967ccb1608b,5,0.05977407470345497,0.2819401025772095,12.875836372375488,1.8466212749481201
A,1397ff3d60e04d9aa7b0524d022cf5cf,1,0.0001478006597608328,0.24520975351333618,8.115203857421875,0.8218268156051636
A,1397ff3d60e04d9aa7b0524d022cf5cf,2,0.00014780028141103685,0.24486002326011658,8.114222526550293,1.165891408920288
A,1397ff3d60e04d9aa7b0524d022cf5cf,3,0.00014780130004510283,0.24432481825351715,8.11059284210205,1.4263191223144531
A,1397ff3d60e04d9aa7b0524d022cf5cf,5,0.0001478013291489333,0.24442225694656372,8.11126708984375,1.8466012477874756
A,13c868d7ccfa48288730c0e6334a288c,1,0.10519255697727203,0.23327897489070892,5.73936128616333,0.821654736995697
A,13c868d7ccfa48288730c0e6334a288c,2,0.1051921546459198,0.2332802712917328,5.739348888397217,1.1658656597137451
A,13c868d7ccfa48288730c0e6334a288c,3,0.10519233345985413,0.23327884078025818,5.73936653137207,1.4262958765029907
A,13c868d7ccfa48288730c0e6334a288c,5,0.10519217699766159,0.2332797348499298,5.739353179931641,1.8466252088546753
A,13d4e5021ab84f30afd31f35c213cccb,1,0.009238569997251034,0.07970092445611954,7.705671310424805,0.8215226531028748
A,13d4e5021ab84f30afd31f35c213cccb,2,0.00923848245292902,0.07970079034566879,7.705684185028076,1.165910243988037
A,13d4e5021ab84f30afd31f35c213cccb,3,0.009238418191671371,0.07970184087753296,7.705688953399658,1.426285982131958
A,13d4e5021ab84f30afd31f35c213cccb,5,0.009238789789378643,0.07969995588064194,7.705672264099121,1.8467016220092773
A,1420fb72273245db90f1e90ab0bc1724,1,0.08153867721557617,0.33730319142341614,18.47233772277832,0.8222668766975403
A,1420fb72273245db90f1e90ab0bc1724,2,0.08153873682022095,0.3373033106327057,18.472332000732422,1.1656694412231445
A,1420fb72273245db90f1e90ab0bc1724,3,0.0815388560295105,0.3373030126094818,18.472339630126953,1.4264930486679077
A,1420fb72273245db90f1e90ab0bc1724,5,0.08153864741325378,0.3373039662837982,18.472379684448242,1.8464385271072388
A,15db5f6f195c4995898af1b0ce431f80,1,0.015894580632448196,0.49373188614845276,4.0441179275512695,0.8214558362960815
A,15db5f6f195c4995898af1b0ce431f80,2,0.01589461974799633,0.4937334358692169,4.0441412925720215,1.1659313440322876
A,15db5f6f195c4995898af1b0ce431f80,3,0.01589461788535118,0.49373289942741394,4.044122219085693,1.4262405633926392
A,15db5f6f195c4995898af1b0ce431f80,5,0.015894724056124687,0.49373239278793335,4.044132232666016,1.8466966152191162
A,1603ccd8b72e49c1a7074f124b212f0e,1,0.00014745995576959103,0.2214394062757492,8.681135177612305,0.8224883079528809
A,1603ccd8b72e49c1a7074f124b212f0e,2,0.0001474599412176758,0.2214411199092865,8.681135177612305,1.1655994653701782
A,1603ccd8b72e49c1a7074f124b212f0e,3,0.0001474599412176758,0.22144047915935516,8.681170463562012,1.426565170288086
A,1603ccd8b72e49c1a7074f124b212f0e,5,0.0001474599412176758,0.22144190967082977,8.681159019470215,1.8463718891143799
A,16ffa17d84c8467f89403df9ad894301,1,0.010178317315876484,0.3540485203266144,8.690048217773438,0.8207168579101562
A,16ffa17d84c8467f89403df9ad894301,2,0.010178325697779655,0.35404908657073975,8.690028190612793,1.1661683320999146
A,16ffa17d84c8467f89403df9ad894301,3,0.010178258642554283,0.35404884815216064,8.690032005310059,1.4260754585266113
A,16ffa17d84c8467f89403df9ad894301,5,0.010178265161812305,0.35404911637306213,8.690042495727539,1.846996545791626
A,17092add79b24457ba29f0b35d660072,1,0.06777547299861908,0.20462577044963837,6.8165717124938965,0.8218458294868469
A,17092add79b24457ba29f0b35d660072,2,0.06777550280094147,0.2046261727809906,6.816563606262207,1.1658046245574951
A,17092add79b24457ba29f0b35d660072,3,0.06777546554803848,0.20462656021118164,6.816604137420654,1.4263567924499512
A,17092add79b24457ba29f0b35d660072,5,0.06777556985616684,0.20462678372859955,6.816590785980225,1.8465667963027954
A,179832b0585c415d979f90dced97ae71,1,0.089206762611866,0.2606050968170166,9.100358009338379,0.822246789932251
A,179832b0585c415d979f90dced97ae71,2,0.08920677751302719,0.26060348749160767,9.100313186645508,1.1656759977340698
A,179832b0585c415d979f90dced97ae71,3,0.0892070010304451,0.26060500741004944,9.100345611572266,1.4264863729476929
A,179832b0585c415d979f90dced97ae71,5,0.0892067551612854,0.26060521602630615,9.100324630737305,1.8464444875717163
A,17bc5de2691b43cfb873091778a8de52,1,0.00014618686691392213,0.36210960149765015,22.97064971923828,0.8223532438278198
A,17bc5de2691b43cfb873091778a8de52,2,0.00014618686691392213,0.3621102273464203,22.970598220825195,1.165641188621521
A,17bc5de2691b43cfb873091778a8de52,3,0.00014618686691392213,0.3621106743812561,22.970638275146484,1.4265210628509521
A,17bc5de2691b43cfb873091778a8de52,5,0.000146186794154346,0.362109899520874,22.9706974029541,1.8464115858078003
A,18b0f54db566476fb861c8fa187cd8d8,1,0.215088352560997,0.20406436920166016,17.40932846069336,0.8222910165786743
A,18b0f54db566476fb861c8fa187cd8d8,2,0.2150883972644806,0.20406416058540344,17.409343719482422,1.1656612157821655
A,18b0f54db566476fb861c8fa187cd8d8,3,0.21508844196796417,0.20406407117843628,17.4092960357666,1.4265022277832031
A,18b0f54db566476fb861c8fa187cd8d8,5,0.21508844196796417,0.2040628343820572,17.40941619873047,1.8464324474334717
A,1907da7461054e5ba6885302c08c2677,1,0.0824722871184349,1.4380635023117065,10.112385749816895,0.8220092058181763
A,1907da7461054e5ba6885302c08c2677,2,0.08245700597763062,1.4379379749298096,10.1124849319458,1.165770173072815
A,1907da7461054e5ba6885302c08c2677,3,0.08245017379522324,1.4378949403762817,10.11238956451416,1.4264169931411743
A,1907da7461054e5ba6885302c08c2677,5,0.08244545012712479,1.4378539323806763,10.112279891967773,1.8465396165847778
A,191df4fa5f48453d81ede86ed863a3c2,1,0.08714969456195831,0.317095011472702,4.398747444152832,0.8214080333709717
A,191df4fa5f48453d81ede86ed863a3c2,2,0.08716825395822525,0.31718069314956665,4.3990797996521,1.165906548500061
A,191df4fa5f48453d81ede86ed863a3c2,3,0.0871727392077446,0.3172051012516022,4.39916467666626,1.4262001514434814
A,191df4fa5f48453d81ede86ed863a3c2,5,0.08717557787895203,0.3172348439693451,4.399173259735107,1.8466720581054688
A,193c0e81efc74ed0bd5834586cf3fe8f,1,0.11495532840490341,0.2653869688510895,5.7585296630859375,0.8221600651741028
A,193c0e81efc74ed0bd5834586cf3fe8f,2,0.1149553507566452,0.2653868794441223,5.758506774902344,1.1657037734985352
A,193c0e81efc74ed0bd5834586cf3fe8f,3,0.1149553433060646,0.26538610458374023,5.758510589599609,1.426457166671753
A,193c0e81efc74ed0bd5834586cf3fe8f,5,0.114955373108387,0.26538723707199097,5.758471488952637,1.846469759941101
A,195a37929e644c3dbfbe25de252b0969,1,0.18058456480503082,0.27212461829185486,18.200319290161133,0.8222898840904236
A,195a37929e644c3dbfbe25de252b0969,2,0.18058454990386963,0.2721230983734131,18.200328826904297,1.165661096572876
A,195a37929e644c3dbfbe25de252b0969,3,0.1805846393108368,0.27212581038475037,18.200347900390625,1.4265002012252808
A,195a37929e644c3dbfbe25de252b0969,5,0.18058453500270844,0.2721244990825653,18.20040512084961,1.846430778503418
A,1ada36a1a86a4bdaaa106bee7d9ac67d,1,0.12140495330095291,0.2124888151884079,5.506699562072754,0.8214466571807861
A,1ada36a1a86a4bdaaa106bee7d9ac67d,2,0.12140495330095291,0.2124890834093094,5.506682395935059,1.1659317016601562
A,1ada36a1a86a4bdaaa106bee7d9ac67d,3,0.1214049905538559,0.2124890387058258,5.506654262542725,1.4262335300445557
A,1ada36a1a86a4bdaaa106bee7d9ac67d,5,0.12140499800443649,0.21248899400234222,5.506685256958008,1.8466942310333252
A,1b98302c1ed9406a8343b3d39d6c5095,1,0.00014744888176210225,0.3946816325187683,5.414796829223633,0.8215183019638062
A,1b98302c1ed9406a8343b3d39d6c5095,2,0.00014744886721018702,0.39468228816986084,5.414807319641113,1.1659092903137207
A,1b98302c1ed9406a8343b3d39d6c5095,3,0.00014744886721018702,0.3946819603443146,5.414799690246582,1.4262551069259644
A,1b98302c1ed9406a8343b3d39d6c5095,5,0.00014744879445061088,0.3946821391582489,5.4148125648498535,1.8466694355010986
A,1bbd90606751424ca876f2c94e183784,1,0.022101998329162598,0.22629272937774658,40.7426872253418,0.8223683834075928
A,1bbd90606751424ca876f2c94e183784,2,0.02210197038948536,0.22629255056381226,40.74275588989258,1.1656373739242554
A,1bbd90606751424ca876f2c94e183784,3,0.022101933136582375,0.22629287838935852,40.74284744262695,1.426524043083191
A,1bbd90606751424ca876f2c94e183784,5,0.02210216596722603,0.22629477083683014,40.74264907836914,1.846406102180481
A,1bc61e7f64a54ccc9f3942b874779522,1,0.11409373581409454,0.3378666341304779,2.7861557006835938,0.8210287690162659
A,1bc61e7f64a54ccc9f3942b874779522,2,0.1140938326716423,0.33786723017692566,2.78615140914917,1.1660654544830322
A,1bc61e7f64a54ccc9f3942b874779522,3,0.11409381031990051,0.33786672353744507,2.7861568927764893,1.4261068105697632
A,1bc61e7f64a54ccc9f3942b874779522,5,0.11409381031990051,0.33786633610725403,2.786167621612549,1.846827745437622
A,1d29f591697e493387d51a116b895934,1,0.07272978872060776,0.2543083131313324,6.051405906677246,0.8214101195335388
A,1d29f591697e493387d51a116b895934,2,0.07272982597351074,0.2543083727359772,6.051405429840088,1.1659440994262695
A,1d29f591697e493387d51a116b895934,3,0.07272996753454208,0.25430819392204285,6.051407814025879,1.4262316226959229
A,1d29f591697e493387d51a116b895934,5,0.07272996753454208,0.25430774688720703,6.0513811111450195,1.8467148542404175
A,1dbcb5f847804c75822615e161505d83,1,0.00014709845709148794,0.1164340153336525,8.422627449035645,0.8224092125892639
A,1dbcb5f847804c75822615e161505d83,2,0.00014709847164340317,0.11643388122320175,8.422609329223633,1.1656244993209839
A,1dbcb5f847804c75822615e161505d83,3,0.00014709844253957272,0.11643464118242264,8.422600746154785,1.426538348197937
A,1dbcb5f847804c75822615e161505d83,5,0.0001470984279876575,0.11643415689468384,8.422654151916504,1.8463945388793945
A,1e5929958e9d4fd5b0b8cdeaf2752d01,1,0.032664477825164795,0.22047296166419983,14.594108581542969,0.822418749332428
A,1e5929958e9d4fd5b0b8cdeaf2752d01,2,0.03266449272632599,0.22047218680381775,14.594096183776855,1.1656216382980347
A,1e5929958e9d4fd5b0b8cdeaf2752d01,3,0.03266449272632599,0.22047264873981476,14.594094276428223,1.4265409708023071
A,1e5929958e9d4fd5b0b8cdeaf2752d01,5,0.032664500176906586,0.2204749435186386,14.594006538391113,1.8463916778564453
A,1ea9f54daa68475d867243576d94e9b5,1,0.114144466817379,0.2970421016216278,8.12353801727295,0.8204912543296814
A,1ea9f54daa68475d867243576d94e9b5,2,0.11414483934640884,0.2970291078090668,8.123438835144043,1.166239857673645
A,1ea9f54daa68475d867243576d94e9b5,3,0.11414501816034317,0.29702305793762207,8.123403549194336,1.4259849786758423
A,1ea9f54daa68475d867243576d94e9b5,5,0.11414512246847153,0.29702067375183105,8.123385429382324,1.8470455408096313
A,1eeefd2d22dd4b6c8ec6fbfa1f885d01,1,0.0928673967719078,1.006579875946045,10.8385648727417,0.8221073150634766
A,1eeefd2d22dd4b6c8ec6fbfa1f885d01,2,0.09286762028932571,1.00658118724823,10.838584899902344,1.165735125541687
A,1eeefd2d22dd4b6c8ec6fbfa1f885d01,3,0.0928674191236496,1.006579875946045,10.838584899902344,1.426446557044983
A,1eeefd2d22dd4b6c8ec6fbfa1f885d01,5,0.09286738187074661,1.0065803527832031,10.838576316833496,1.8465098142623901
A,1f6c403e514e4d259ecb329543003c3d,1,0.01871463842689991,0.1591595709323883,4.513079643249512,0.8209484219551086
A,1f6c403e514e4d259ecb329543003c3d,2,0.018714608624577522,0.1591595560312271,4.513083457946777,1.1660959720611572
A,1f6c403e514e4d259ecb329543003c3d,3,0.018714522942900658,0.1591598391532898,4.51310920715332,1.4261234998703003
A,1f6c403e514e4d259ecb329543003c3d,5,0.018714824691414833,0.15915966033935547,4.513122081756592,1.8468987941741943
A,1f899649bb9f4e51a031668b0a97d438,1,0.01084707397967577,0.3995165526866913,3.498573064804077,0.817533552646637
A,1f899649bb9f4e51a031668b0a97d438,2,0.010847092606127262,0.3995165526866913,3.4985623359680176,1.1671737432479858
A,1f899649bb9f4e51a031668b0a97d438,3,0.01084712240844965,0.3995167315006256,3.4985671043395996,1.4253425598144531
A,1f899649bb9f4e51a031668b0a97d438,5,0.010847111232578754,0.3995162546634674,3.4985647201538086,1.8482216596603394
A,202304220aef4cac84572ec4a072bf68,1,0.014861485920846462,0.3418327569961548,12.04255485534668,0.8208949565887451
A,202304220aef4cac84572ec4a072bf68,2,0.014898253604769707,0.3590194880962372,12.087557792663574,1.1663625240325928
A,202304220aef4cac84572ec4a072bf68,3,0.014901140704751015,0.362814724445343,12.101557731628418,1.4267674684524536
A,202304220aef4cac84572ec4a072bf68,5,0.014899807050824165,0.363334059715271,12.115285873413086,1.847362756729126
A,210f600a968c47e4abeed9c8d25f36bd,1,0.0001476063480367884,0.3266911208629608,9.217475891113281,0.8224994540214539
A,210f600a968c47e4abeed9c8d25f36bd,2,0.00014760630438104272,0.3266901969909668,9.217491149902344,1.1655958890914917
A,210f600a968c47e4abeed9c8d25f36bd,3,0.00014760630438104272,0.3266904354095459,9.217483520507812,1.4265691041946411
A,210f600a968c47e4abeed9c8d25f36bd,5,0.00014760633348487318,0.3266909718513489,9.217535972595215,1.846368670463562
A,21228b0cf30745efbf0842c86f34e584,1,0.014096642844378948,0.29811573028564453,4.111104965209961,0.81992506980896
A,21228b0cf30745efbf0842c86f34e584,2,0.014096716418862343,0.29811549186706543,4.111110210418701,1.1664495468139648
A,21228b0cf30745efbf0842c86f34e584,3,0.014096556231379509,0.2981147766113281,4.111102104187012,1.4259597063064575
A,21228b0cf30745efbf0842c86f34e584,5,0.014096650294959545,0.29811587929725647,4.111116409301758,1.8474071025848389
A,2242ba8057ed45c998208ca71cd13b3e,1,0.04081929475069046,0.3411664664745331,2.816361665725708,0.8215503692626953
A,2242ba8057ed45c998208ca71cd13b3e,2,0.04081929102540016,0.3411672115325928,2.816357135772705,1.1658999919891357
A,2242ba8057ed45c998208ca71cd13b3e,3,0.04081930220127106,0.3411664068698883,2.8163504600524902,1.4262546300888062
A,2242ba8057ed45c998208ca71cd13b3e,5,0.04081929847598076,0.34116584062576294,2.8163599967956543,1.8466520309448242
A,229df31da28c4d3390d6ae1fef2867e0,1,0.021123146638274193,0.27535608410835266,6.072765350341797,0.8208163380622864
A,229df31da28c4d3390d6ae1fef2867e0,2,0.021123358979821205,0.27535536885261536,6.072704315185547,1.1661447286605835
A,229df31da28c4d3390d6ae1fef2867e0,3,0.021123243495821953,0.27535632252693176,6.072724342346191,1.4261300563812256
A,229df31da28c4d3390d6ae1fef2867e0,5,0.021123044192790985,0.27535635232925415,6.072699546813965,1.8469971418380737
A,22a62914e48948cbb93a08364e3d650c,1,0.08629552274942398,0.18893161416053772,4.663753986358643,0.8221609592437744
A,22a62914e48948cbb93a08364e3d650c,2,0.08629608154296875,0.1894277185201645,4.665029048919678,1.165671467781067
A,22a62914e48948cbb93a08364e3d650c,3,0.08630109578371048,0.18974848091602325,4.665778636932373,1.426455020904541
A,22a62914e48948cbb93a08364e3d650c,5,0.08630064129829407,0.18968121707439423,4.666215419769287,1.8464527130126953
A,2408f7b6d1d64b9ca70b14a84dee8d84,1,0.13007356226444244,0.25572752952575684,7.086835861206055,0.8215577602386475
A,2408f7b6d1d64b9ca70b14a84dee8d84,2,0.13007371127605438,0.2557268440723419,7.0867791175842285,1.165897011756897
A,2408f7b6d1d64b9ca70b14a84dee8d84,3,0.13007362186908722,0.25572702288627625,7.086815357208252,1.4262713193893433
A,2408f7b6d1d64b9ca70b14a84dee8d84,5,0.13007351756095886,0.25572720170021057,7.086787223815918,1.8466614484786987
A,24a0d4520d444db7980f3737950f2a5c,1,0.012866264209151268,0.23714782297611237,11.03514575958252,0.8217219710350037
A,24a0d4520d444db7980f3737950f2a5c,2,0.012866239994764328,0.23714986443519592,11.035162925720215,1.1658434867858887
A,24a0d4520d444db7980f3737950f2a5c,3,0.012866164557635784,0.23714642226696014,11.035202980041504,1.4263415336608887
A,24a0d4520d444db7980f3737950f2a5c,5,0.01286637969315052,0.23714689910411835,11.035237312316895,1.8466302156448364
A,2570d5ef94e740e9bd85d42e6b8c59f6,1,0.026452677324414253,0.2589254081249237,8.496393203735352,0.822285532951355
A,2570d5ef94e740e9bd85d42e6b8c59f6,2,0.026452556252479553,0.2589256167411804,8.496366500854492,1.1656635999679565
A,2570d5ef94e740e9bd85d42e6b8c59f6,3,0.026452621445059776,0.2589258551597595,8.49639892578125,1.4264978170394897
A,2570d5ef94e740e9bd85d42e6b8c59f6,5,0.026452623307704926,0.2589268684387207,8.496414184570312,1.8464313745498657
A,25b1735633484414aef07006a0099c26,1,0.02643340639770031,0.3198287785053253,68.29154968261719,0.8220590353012085
A,25b1735633484414aef07006a0099c26,2,0.02643323317170143,0.3198283314704895,68.29154205322266,1.1657373905181885
A,25b1735633484414aef07006a0099c26,3,0.02643323875963688,0.31982964277267456,68.29161071777344,1.426417589187622
A,25b1735633484414aef07006a0099c26,5,0.02643340639770031,0.3198296129703522,68.2916259765625,1.8464964628219604
A,25b74c8c02ef41f6bdb3dc2b097c6eee,1,0.07860736548900604,0.23908519744873047,21.706899642944336,0.8218463659286499
A,25b74c8c02ef41f6bdb3dc2b097c6eee,2,0.0785970538854599,0.23907943069934845,21.70758628845215,1.1658012866973877
A,25b74c8c02ef41f6bdb3dc2b097c6eee,3,0.07860622555017471,0.23910415172576904,21.707307815551758,1.4263577461242676
A,25b74c8c02ef41f6bdb3dc2b097c6eee,5,0.07859881967306137,0.23909512162208557,21.707721710205078,1.8465663194656372
A,260151f2360c484e8c0a5034ff391021,1,0.03596679866313934,0.33008071780204773,4.379380226135254,0.8213534355163574
A,260151f2360c484e8c0a5034ff391021,2,0.035978686064481735,0.33012425899505615,4.379535675048828,1.1659568548202515
A,260151f2360c484e8c0a5034ff391021,3,0.03598080202937126,0.3301389217376709,4.379595756530762,1.4261960983276367
A,260151f2360c484e8c0a5034ff391021,5,0.03598197549581528,0.33015093207359314,4.379628658294678,1.8467135429382324
A,273a3aa035784eacb89db08c1a0710bf,1,0.09837185591459274,0.16537868976593018,6.146386623382568,0.8212181925773621
A,273a3aa035784eacb89db08c1a0710bf,2,0.09837181866168976,0.16538013517856598,6.1464457511901855,1.1660046577453613
A,273a3aa035784eacb89db08c1a0710bf,3,0.09837182611227036,0.16537973284721375,6.146442890167236,1.4261674880981445
A,273a3aa035784eacb89db08c1a0710bf,5,0.09837177395820618,0.1653803586959839,6.146425247192383,1.846769094467163
A,276f390b0cfc475898b445466d387cf6,1,0.07498360425233841,0.24395880103111267,7.9672627449035645,0.8222631812095642
A,276f390b0cfc475898b445466d387cf6,2,0.07498370110988617,0.2439565360546112,7.967242240905762,1.1656709909439087
A,276f390b0cfc475898b445466d387cf6,3,0.07498352229595184,0.2439567893743515,7.967223644256592,1.4264904260635376
A,276f390b0cfc475898b445466d387cf6,5,0.0749836340546608,0.24395620822906494,7.96720552444458,1.8464382886886597
A,27b4f79643cb40ae8cdde5d5a9adebf1,1,0.07679026573896408,0.18842804431915283,8.761284828186035,0.8222824335098267
A,27b4f79643cb40ae8cdde5d5a9adebf1,2,0.07679019123315811,0.18842872977256775,8.761314392089844,1.1656649112701416
A,27b4f79643cb40ae8cdde5d5a9adebf1,3,0.0767902359366417,0.18842796981334686,8.761303901672363,1.4264957904815674
A,27b4f79643cb40ae8cdde5d5a9adebf1,5,0.07679015398025513,0.18842867016792297,8.761287689208984,1.8464317321777344
A,285fbc3ac47c47dead4bae4f21dbf966,1,0.009694083593785763,0.2867532968521118,3.848435878753662,0.8199108242988586
A,285fbc3ac47c47dead4bae4f21dbf966,2,0.009694196283817291,0.28675392270088196,3.8484456539154053,1.1664388179779053
A,285fbc3ac47c47dead4bae4f21dbf966,3,0.00969412550330162,0.2867542505264282,3.8484442234039307,1.4258849620819092
A,285fbc3ac47c47dead4bae4f21dbf966,5,0.009694143198430538,0.28675469756126404,3.8484668731689453,1.8473260402679443
A,28e9c03735124472877f9f4741a74d78,1,0.04901847988367081,0.2866053879261017,4.813019275665283,0.8213329315185547
A,28e9c03735124472877f9f4741a74d78,2,0.04901847988367081,0.28660550713539124,4.813021659851074,1.1659690141677856
A,28e9c03735124472877f9f4741a74d78,3,0.049018483608961105,0.2866055965423584,4.813016891479492,1.4261915683746338
A,28e9c03735124472877f9f4741a74d78,5,0.04901847988367081,0.28660616278648376,4.8130316734313965,1.8467230796813965
A,28f3639867884b1ab9357e990899d9d6,1,0.008448238484561443,0.1572711318731308,5.644725322723389,0.8214834928512573
A,28f3639867884b1ab9357e990899d9d6,2,0.008448238484561443,0.1572711318731308,5.644725322723389,1.1659226417541504
A,28f3639867884b1ab9357e990899d9d6,3,0.008447998203337193,0.15727104246616364,5.644720077514648,1.4262710809707642
A,28f3639867884b1ab9357e990899d9d6,5,0.008448218926787376,0.15727004408836365,5.644711017608643,1.8467106819152832
A,2989fed94cf84cc8bddefad13d208932,1,0.04552284628152847,0.30629071593284607,4.551544666290283,0.8212071061134338
A,2989fed94cf84cc8bddefad13d208932,2,0.04552293196320534,0.30629175901412964,4.551549911499023,1.1660088300704956
A,2989fed94cf84cc8bddefad13d208932,3,0.04552284628152847,0.30629202723503113,4.551537990570068,1.4261597394943237
A,2989fed94cf84cc8bddefad13d208932,5,0.04552288353443146,0.3062933683395386,4.551543235778809,1.8467684984207153
A,29bc29d28a574da5a81e51a7bdccc563,1,0.013823180459439754,0.47555264830589294,15.374320030212402,0.8223839998245239
A,29bc29d28a574da5a81e51a7bdccc563,2,0.013820365071296692,0.47554776072502136,15.37627124786377,1.165658712387085
A,29bc29d28a574da5a81e51a7bdccc563,3,0.013819856569170952,0.47536662220954895,15.377649307250977,1.4265592098236084
A,29bc29d28a574da5a81e51a7bdccc563,5,0.013819574378430843,0.47532492876052856,15.377668380737305,1.8464285135269165
A,29dd1b62f2a74a1f85cad5fede2fc423,1,0.042215533554553986,0.451220840215683,6.081517219543457,0.8209577202796936
A,29dd1b62f2a74a1f85cad5fede2fc423,2,0.04221545159816742,0.451221227645874,6.081518173217773,1.1660948991775513
A,29dd1b62f2a74a1f85cad5fede2fc423,3,0.042215485125780106,0.4512217938899994,6.081534385681152,1.4261127710342407
A,29dd1b62f2a74a1f85cad5fede2fc423,5,0.042215391993522644,0.4512234330177307,6.081539630889893,1.8468852043151855
A,29dfbc6436484061ba94690407c5f8fd,1,0.004661558661609888,0.3112734258174896,4.421939373016357,0.8201097249984741
A,29dfbc6436484061ba94690407c5f8fd,2,0.004661623854190111,0.31127363443374634,4.421957015991211,1.1663625240325928
A,29dfbc6436484061ba94690407c5f8fd,3,0.004661506973206997,0.31127461791038513,4.421945095062256,1.4258836507797241
A,29dfbc6436484061ba94690407c5f8fd,5,0.0046615577302873135,0.31127437949180603,4.421947002410889,1.84717857837677
A,2a37df8f84254af1aa4fca1efdbc4fe7,1,0.006247710436582565,0.34448114037513733,5.844070911407471,0.8212867379188538
A,2a37df8f84254af1aa4fca1efdbc4fe7,2,0.006247769109904766,0.3444807827472687,5.844048976898193,1.1659830808639526
A,2a37df8f84254af1aa4fca1efdbc4fe7,3,0.006247644778341055,0.3444809913635254,5.8440775871276855,1.4261894226074219
A,2a37df8f84254af1aa4fca1efdbc4fe7,5,0.006247584242373705,0.3444806635379791,5.844088554382324,1.84674870967865
A,2b59a3b183004c3c860337ceb41750c8,1,0.09109529107809067,0.600274920463562,15.939475059509277,0.8215453624725342
A,2b59a3b183004c3c860337ceb41750c8,2,0.09109532088041306,0.6002748012542725,15.939481735229492,1.1659168004989624
A,2b59a3b183004c3c860337ceb41750c8,3,0.09109528362751007,0.6002757549285889,15.939492225646973,1.4262592792510986
A,2b59a3b183004c3c860337ceb41750c8,5,0.09109518676996231,0.6002752780914307,15.939505577087402,1.8466752767562866
A,2be296fc2d684166b4e0dcbe84d92337,1,0.0001471958967158571,0.2981625497341156,7.553373336791992,0.8213616609573364
A,2be296fc2d684166b4e0dcbe84d92337,2,0.00014719596947543323,0.2981623411178589,7.553334712982178,1.1659592390060425
A,2be296fc2d684166b4e0dcbe84d92337,3,0.00014719592581968755,0.29816150665283203,7.5533223152160645,1.4262160062789917
A,2be296fc2d684166b4e0dcbe84d92337,5,0.00014719592581968755,0.29816150665283203,7.553337097167969,1.8467282056808472
A,2c0aa3bfb16540fba4ba538a8c67f3b3,1,0.00014658438158221543,0.21204958856105804,16.306324005126953,0.8224725723266602
A,2c0aa3bfb16540fba4ba538a8c67f3b3,2,0.00014658438158221543,0.21204958856105804,16.306324005126953,1.1656041145324707
A,2c0aa3bfb16540fba4ba538a8c67f3b3,3,0.00014658438158221543,0.21204958856105804,16.306324005126953,1.4265599250793457
A,2c0aa3bfb16540fba4ba538a8c67f3b3,5,0.00014658439613413066,0.2120492309331894,16.306318283081055,1.8463760614395142
A,2c3da301c24245ce9b25ce41e44a5b35,1,0.16030968725681305,0.35450437664985657,5.384892463684082,0.8217001557350159
A,2c3da301c24245ce9b25ce41e44a5b35,2,0.16030511260032654,0.3546435534954071,5.385974407196045,1.1658765077590942
A,2c3da301c24245ce9b25ce41e44a5b35,3,0.16030362248420715,0.354679137468338,5.386096000671387,1.4263142347335815
A,2c3da301c24245ce9b25ce41e44a5b35,5,0.16030338406562805,0.35468828678131104,5.386093616485596,1.8466264009475708
A,2c60afeb98c3492f8007ac509de7698b,1,0.021907906979322433,0.15473665297031403,6.987728118896484,0.8223886489868164
A,2c60afeb98c3492f8007ac509de7698b,2,0.021907908841967583,0.1547393649816513,6.987689018249512,1.1656310558319092
A,2c60afeb98c3492f8007ac509de7698b,3,0.021907903254032135,0.15473692119121552,6.9876933097839355,1.4265308380126953
A,2c60afeb98c3492f8007ac509de7698b,5,0.021907903254032135,0.1547374725341797,6.987721920013428,1.8464003801345825
A,2c6ce38f887f4373ae8f065210b7e9ee,1,0.027036869898438454,0.4525170624256134,5.759575843811035,0.8220303654670715
A,2c6ce38f887f4373ae8f065210b7e9ee,2,0.027036868035793304,0.45251721143722534,5.759584903717041,1.1657466888427734
A,2c6ce38f887f4373ae8f065210b7e9ee,3,0.02703683264553547,0.4525167942047119,5.759566783905029,1.4264088869094849
A,2c6ce38f887f4373ae8f065210b7e9ee,5,0.02703685685992241,0.45251819491386414,5.75960636138916,1.8465090990066528
A,2c886582d8a94d5d9994de58b51911eb,1,0.18519718945026398,0.2531149685382843,5.797190189361572,0.8202366828918457
A,2c886582d8a94d5d9994de58b51911eb,2,0.18519718945026398,0.25311410427093506,5.797195911407471,1.1663285493850708
A,2c886582d8a94d5d9994de58b51911eb,3,0.18519720435142517,0.2531147599220276,5.7972002029418945,1.4259759187698364
A,2c886582d8a94d5d9994de58b51911eb,5,0.18519723415374756,0.25311434268951416,5.797182559967041,1.8472025394439697
A,2cdb6470844d4daba89365be8ad30f14,1,0.00014669467054773122,0.22828766703605652,19.310382843017578,0.8223908543586731
A,2cdb6470844d4daba89365be8ad30f14,2,0.00014669467054773122,0.22831517457962036,19.31049156188965,1.1656334400177002
A,2cdb6470844d4daba89365be8ad30f14,3,0.0001466947142034769,0.22831210494041443,19.310583114624023,1.4265339374542236
A,2cdb6470844d4daba89365be8ad30f14,5,0.00014669467054773122,0.22831974923610687,19.310468673706055,1.8464019298553467
A,2cf849fec80647928b7638ef08e602f4,1,0.010505735874176025,0.21418017148971558,9.363492965698242,0.8204639554023743
A,2cf849fec80647928b7638ef08e602f4,2,0.010505749844014645,0.21418003737926483,9.363495826721191,1.1662476062774658
A,2cf849fec80647928b7638ef08e602f4,3,0.010505607351660728,0.21417956054210663,9.36350154876709,1.4259860515594482
A,2cf849fec80647928b7638ef08e602f4,5,0.01050578337162733,0.21417970955371857,9.363524436950684,1.8470616340637207
A,2d0280394a11463a9bf5b6ef8a1659a1,1,0.12446942180395126,0.3523094356060028,7.637630462646484,0.8204872608184814
A,2d0280394a11463a9bf5b6ef8a1659a1,2,0.12446935474872589,0.35230886936187744,7.637631416320801,1.1662400960922241
A,2d0280394a11463a9bf5b6ef8a1659a1,3,0.1244693249464035,0.3523101210594177,7.637661457061768,1.425981879234314
A,2d0280394a11463a9bf5b6ef8a1659a1,5,0.1244693323969841,0.3523096740245819,7.6376543045043945,1.8470420837402344
A,2d514ed8cabb4519b0e376bd0950115e,1,0.0728675052523613,0.48603174090385437,14.845208168029785,0.8212928175926208
A,2d514ed8cabb4519b0e376bd0950115e,2,0.07286076247692108,0.4860198497772217,14.845330238342285,1.1659884452819824
A,2d514ed8cabb4519b0e376bd0950115e,3,0.07283781468868256,0.486057311296463,14.845479011535645,1.426194667816162
A,2d514ed8cabb4519b0e376bd0950115e,5,0.07284072786569595,0.48604536056518555,14.845532417297363,1.8467576503753662
A,2d6cf5ded8634930b65314a62150bc6f,1,0.004577986430376768,0.2635146677494049,7.466144561767578,0.8222479820251465
A,2d6cf5ded8634930b65314a62150bc6f,2,0.0045779854990541935,0.26351580023765564,7.4661641120910645,1.1656750440597534
A,2d6cf5ded8634930b65314a62150bc6f,3,0.004577996674925089,0.2635153830051422,7.4661784172058105,1.426485538482666
A,2d6cf5ded8634930b65314a62150bc6f,5,0.004578005522489548,0.2635141611099243,7.46613073348999,1.8464431762695312
A,2d8059066be34f61af4776f23f00640c,1,0.08612031489610672,0.26374828815460205,4.738673210144043,0.8208633661270142
A,2d8059066be34f61af4776f23f00640c,2,0.08612029999494553,0.2637476325035095,4.738673210144043,1.166118860244751
A,2d8059066be34f61af4776f23f00640c,3,0.08612027019262314,0.2637479305267334,4.738667964935303,1.4260520935058594
A,2d8059066be34f61af4776f23f00640c,5,0.08612023293972015,0.26374751329421997,4.7386627197265625,1.8468763828277588
A,2d82e08ea31549a99aa03ac6511613c6,1,0.16432693600654602,0.21025237441062927,8.409406661987305,0.8217710852622986
A,2d82e08ea31549a99aa03ac6511613c6,2,0.16432668268680573,0.2102559506893158,8.40941047668457,1.165827751159668
A,2d82e08ea31549a99aa03ac6511613c6,3,0.16432783007621765,0.2102508693933487,8.409371376037598,1.4263379573822021
A,2d82e08ea31549a99aa03ac6511613c6,5,0.1643286794424057,0.21024318039417267,8.409405708312988,1.846593976020813
A,2dfa3a4d58a442bb9abbf1f7beb2e5e6,1,0.05231248959898949,0.31711912155151367,5.353646755218506,0.8197948336601257
A,2dfa3a4d58a442bb9abbf1f7beb2e5e6,2,0.052312515676021576,0.3171192705631256,5.353643417358398,1.1665077209472656
A,2dfa3a4d58a442bb9abbf1f7beb2e5e6,3,0.05231247842311859,0.3171192705631256,5.353647708892822,1.4258613586425781
A,2dfa3a4d58a442bb9abbf1f7beb2e5e6,5,0.052312541753053665,0.31711938977241516,5.3536458015441895,1.8473904132843018
A,2f761f9165384a0e8f51abafd1247e35,1,0.05511249229311943,0.32728663086891174,4.9319233894348145,0.8212220072746277
A,2f761f9165384a0e8f51abafd1247e35,2,0.05511244013905525,0.32728585600852966,4.931905269622803,1.1660192012786865
A,2f761f9165384a0e8f51abafd1247e35,3,0.05511245131492615,0.327285498380661,4.931901454925537,1.4261507987976074
A,2f761f9165384a0e8f51abafd1247e35,5,0.055112455040216446,0.3272850513458252,4.93189001083374,1.8467624187469482
A,2fd7a41706254e6cb2c24467a5ca0370,1,0.022191671654582024,0.103337861597538,6.282409191131592,0.8223648071289062
A,2fd7a41706254e6cb2c24467a5ca0370,2,0.02219197526574135,0.1033274233341217,6.282464027404785,1.1656380891799927
A,2fd7a41706254e6cb2c24467a5ca0370,3,0.022192327305674553,0.10331735759973526,6.282471656799316,1.426522970199585
A,2fd7a41706254e6cb2c24467a5ca0370,5,0.022192323580384254,0.10331598669290543,6.2824320793151855,1.8464069366455078
A,3050967715914e7791ae4a1d47551822,1,0.10571324825286865,0.2584434747695923,13.9617919921875,0.8211380243301392
A,3050967715914e7791ae4a1d47551822,2,0.10571319609880447,0.2584427297115326,13.961783409118652,1.1660327911376953
A,3050967715914e7791ae4a1d47551822,3,0.10571308434009552,0.2584420144557953,13.961817741394043,1.426174283027649
A,3050967715914e7791ae4a1d47551822,5,0.10571291297674179,0.25844115018844604,13.961820602416992,1.8468291759490967
A,308472c7daa94a4fbb44be3a345a879a,1,0.042673952877521515,0.22260141372680664,5.730469703674316,0.8213881254196167
A,308472c7daa94a4fbb44be3a345a879a,2,0.04267410561442375,0.2226010411977768,5.730469226837158,1.1659505367279053
A,308472c7daa94a4fbb44be3a345a879a,3,0.042674098163843155,0.22260138392448425,5.730476379394531,1.4262287616729736
A,308472c7daa94a4fbb44be3a345a879a,5,0.04267413914203644,0.22259996831417084,5.730477809906006,1.8467252254486084
A,3098fe550c534448adf2e2844e06950d,1,0.10665922611951828,0.3844606578350067,6.283775806427002,0.8220948576927185
A,3098fe550c534448adf2e2844e06950d,2,0.10665921866893768,0.38446044921875,6.283770561218262,1.1657252311706543
A,3098fe550c534448adf2e2844e06950d,3,0.10665921866893768,0.3844602406024933,6.283773899078369,1.426432728767395
A,3098fe550c534448adf2e2844e06950d,5,0.10665919631719589,0.38445955514907837,6.283786773681641,1.8464871644973755
A,31260ec93c914a0ea7835850db66e445,1,0.1259869933128357,0.3352826237678528,3.9882516860961914,0.8202778100967407
A,31260ec93c914a0ea7835850db66e445,2,0.1259869635105133,0.3352818787097931,3.9882678985595703,1.1663163900375366
A,31260ec93c914a0ea7835850db66e445,3,0.1259869784116745,0.3352818489074707,3.9882586002349854,1.4259189367294312
A,31260ec93c914a0ea7835850db66e445,5,0.12598702311515808,0.33528193831443787,3.988269329071045,1.847123384475708
A,319376f14ac644759cc5f8fae239d6be,1,0.09834650903940201,0.24910011887550354,8.643326759338379,0.8216372728347778
A,319376f14ac644759cc5f8fae239d6be,2,0.09834663569927216,0.24910005927085876,8.643311500549316,1.165871024131775
A,319376f14ac644759cc5f8fae239d6be,3,0.09834654629230499,0.24909980595111847,8.643291473388672,1.4263020753860474
A,319376f14ac644759cc5f8fae239d6be,5,0.09834661334753036,0.2490987330675125,8.643310546875,1.8466423749923706
A,31aa0fb227cb47b1897084a9d23aa10f,1,0.010670223273336887,0.09977944195270538,16.830812454223633,0.8224544525146484
A,31aa0fb227cb47b1897084a9d23aa10f,2,0.01067024189978838,0.09977996349334717,16.830801010131836,1.1656100749969482
A,31aa0fb227cb47b1897084a9d23aa10f,3,0.010670226067304611,0.09977957606315613,16.830869674682617,1.426553726196289
A,31aa0fb227cb47b1897084a9d23aa10f,5,0.010670245625078678,0.09977945685386658,16.830976486206055,1.8463813066482544
A,322dc0a758414cd2932ad3bd3d78c678,1,0.08988828212022781,0.3904169499874115,2.780902862548828,0.8211403489112854
A,322dc0a758414cd2932ad3bd3d78c678,2,0.08988826721906662,0.39041778445243835,2.7809019088745117,1.1660306453704834
A,322dc0a758414cd2932ad3bd3d78c678,3,0.08988825231790543,0.3904167115688324,2.7808940410614014,1.4261455535888672
A,322dc0a758414cd2932ad3bd3d78c678,5,0.0898883119225502,0.3904162049293518,2.780916929244995,1.8467974662780762
A,3338cda4fe694bc8869b7c587c078246,1,0.2822023928165436,0.18510320782661438,5.582991123199463,0.8217672109603882
A,3338cda4fe694bc8869b7c587c078246,2,0.282194048166275,0.18522638082504272,5.586446285247803,1.1658285856246948
A,3338cda4fe694bc8869b7c587c078246,3,0.2822725772857666,0.18556873500347137,5.593132019042969,1.4263458251953125
A,3338cda4fe694bc8869b7c587c078246,5,0.28225040435791016,0.18550121784210205,5.592862129211426,1.8466053009033203
A,3354476a318444a88d29eb0105f69289,1,0.04074526205658913,0.34213027358055115,3.990147352218628,0.8218116760253906
A,3354476a318444a88d29eb0105f69289,2,0.040745269507169724,0.3421310484409332,3.9901463985443115,1.165815830230713
A,3354476a318444a88d29eb0105f69289,3,0.04074526205658913,0.34212929010391235,3.9901485443115234,1.4263449907302856
A,3354476a318444a88d29eb0105f69289,5,0.04074529930949211,0.3421296179294586,3.990147352218628,1.8465765714645386
B,00f7c6d95b7d4c359681cc3b93f8a077,1,0.0020099033135920763,0.11507748812437057,5.123536586761475,0.8247562646865845
B,00f7c6d95b7d4c359681cc3b93f8a077,2,0.002009920310229063,0.11507823318243027,5.12354040145874,1.169114589691162
B,00f7c6d95b7d4c359681cc3b93f8a077,3,0.0020098949316889048,0.11507876962423325,5.123515605926514,1.4265233278274536
B,00f7c6d95b7d4c359681cc3b93f8a077,5,0.0020099165849387646,0.11507699638605118,5.123569965362549,1.8444286584854126
B,00ff6c772dce4e84bf66544ada6093a0,1,0.017450904473662376,0.45986536145210266,23.379432678222656,0.82435142993927
B,00ff6c772dce4e84bf66544ada6093a0,2,0.017451023682951927,0.4598618447780609,23.379453659057617,1.1692076921463013
B,00ff6c772dce4e84bf66544ada6093a0,3,0.01745077222585678,0.45986369252204895,23.379440307617188,1.4263383150100708
B,00ff6c772dce4e84bf66544ada6093a0,5,0.017451001331210136,0.45986407995224,23.37944793701172,1.8445396423339844
B,0104f4b9bd3c476d949785e03f2ff7c6,1,0.00014741322956979275,0.3386356830596924,10.495437622070312,0.82503342628479
B,0104f4b9bd3c476d949785e03f2ff7c6,2,0.0001474132004659623,0.3386358320713043,10.49543285369873,1.1690590381622314
B,0104f4b9bd3c476d949785e03f2ff7c6,3,0.00014741322956979275,0.33863696455955505,10.495431900024414,1.4266470670700073
B,0104f4b9bd3c476d949785e03f2ff7c6,5,0.00014741317136213183,0.33863693475723267,10.495403289794922,1.844364881515503
B,0109cde49c664b408e6a95a82d235070,1,0.20014134049415588,0.13294032216072083,3.942856550216675,0.8230355381965637
B,0109cde49c664b408e6a95a82d235070,2,0.2001413255929947,0.13294187188148499,3.942842721939087,1.1694550514221191
B,0109cde49c664b408e6a95a82d235070,3,0.20014144480228424,0.13294127583503723,3.9428539276123047,1.425777792930603
B,0109cde49c664b408e6a95a82d235070,5,0.20014135539531708,0.13294275104999542,3.9428744316101074,1.8448443412780762
B,01f2d9c189f5404c97f696d022b0ad81,1,0.0008753535221330822,0.34751373529434204,4.365169048309326,0.8249549865722656
B,01f2d9c189f5404c97f696d022b0ad81,2,0.0008753535221330822,0.34751373529434204,4.365169048309326,1.1690746545791626
B,01f2d9c189f5404c97f696d022b0ad81,3,0.0008753535221330822,0.34751373529434204,4.365169048309326,1.426612138748169
B,01f2d9c189f5404c97f696d022b0ad81,5,0.0008753539295867085,0.34751418232917786,4.365173816680908,1.8443827629089355
B,024bfdbc8f1c4a75bdbaaecb905e04e8,1,0.06590600311756134,0.24874591827392578,8.199283599853516,0.8245894908905029
B,024bfdbc8f1c4a75bdbaaecb905e04e8,2,0.06590601056814194,0.2487459033727646,8.1992769241333,1.1691454648971558
B,024bfdbc8f1c4a75bdbaaecb905e04e8,3,0.06590600311756134,0.24874569475650787,8.199292182922363,1.4264508485794067
B,024bfdbc8f1c4a75bdbaaecb905e04e8,5,0.06590602546930313,0.24874499440193176,8.199270248413086,1.8444645404815674
B,027e8e8787bf40689bdd8e795636a106,1,0.028635971248149872,0.29612022638320923,5.274097442626953,0.8234567046165466
B,027e8e8787bf40689bdd8e795636a106,2,0.028635872527956963,0.29612037539482117,5.274087905883789,1.1693742275238037
B,027e8e8787bf40689bdd8e795636a106,3,0.02863602712750435,0.29612013697624207,5.274073123931885,1.4259557723999023
B,027e8e8787bf40689bdd8e795636a106,5,0.028635917231440544,0.296120822429657,5.274067401885986,1.8447422981262207
B,02c1619333c74000886bee7b9667e1d6,1,0.00014787999680265784,0.4041277766227722,7.124547958374023,0.8239942789077759
B,02c1619333c74000886bee7b9667e1d6,2,0.0001478800259064883,0.4041265547275543,7.124534606933594,1.1692755222320557
B,02c1619333c74000886bee7b9667e1d6,3,0.00014787998225074261,0.4041265547275543,7.124563217163086,1.4261842966079712
B,02c1619333c74000886bee7b9667e1d6,5,0.00014787999680265784,0.4041276276111603,7.1245646476745605,1.8446214199066162
B,02fc000a981e416386d8cc51c858de5b,1,0.18143796920776367,0.38223797082901,14.709696769714355,0.8245261907577515
B,02fc000a981e416386d8cc51c858de5b,2,0.18143810331821442,0.3822377026081085,14.709688186645508,1.1691635847091675
B,02fc000a981e416386d8cc51c858de5b,3,0.18143807351589203,0.3822377026081085,14.70973014831543,1.426419734954834
B,02fc000a981e416386d8cc51c858de5b,5,0.18143810331821442,0.38223910331726074,14.709722518920898,1.8444863557815552
B,03ba54375bcb45d1a92a5dcb9e8e3a59,1,0.0515056774020195,0.25756964087486267,3.0619399547576904,0.8228065967559814
B,03ba54375bcb45d1a92a5dcb9e8e3a59,2,0.051505666226148605,0.25756996870040894,3.0619516372680664,1.1695133447647095
B,03ba54375bcb45d1a92a5dcb9e8e3a59,3,0.05150575190782547,0.25756943225860596,3.061957597732544,1.4256759881973267
B,03ba54375bcb45d1a92a5dcb9e8e3a59,5,0.05150565132498741,0.25756970047950745,3.0619611740112305,1.8449249267578125
B,0437089225fb4b8496c6c4a824d370e6,1,0.08087316155433655,0.5180995464324951,26.295164108276367,0.8252388834953308
B,0437089225fb4b8496c6c4a824d370e6,2,0.08087325096130371,0.5181007981300354,26.295106887817383,1.1690189838409424
B,0437089225fb4b8496c6c4a824d370e6,3,0.08087321370840073,0.5181066989898682,26.29520606994629,1.4267386198043823
B,0437089225fb4b8496c6c4a824d370e6,5,0.08087322860956192,0.5181044936180115,26.295072555541992,1.8443197011947632
B,048002dcad254cf8b57d51d84ad84435,1,0.07422250509262085,0.3243967592716217,10.02173137664795,0.8250599503517151
B,048002dcad254cf8b57d51d84ad84435,2,0.07422250509262085,0.3243967592716217,10.02173137664795,1.1690560579299927
B,048002dcad254cf8b57d51d84ad84435,3,0.07422249019145966,0.3243963420391083,10.021740913391113,1.4266576766967773
B,048002dcad254cf8b57d51d84ad84435,5,0.07422244548797607,0.3243955373764038,10.021734237670898,1.844361424446106
B,04dbe2471a134bd68f5b8d8d4af95aae,1,0.042601704597473145,0.3348289728164673,5.0612568855285645,0.8235843181610107
B,04dbe2471a134bd68f5b8d8d4af95aae,2,0.042601846158504486,0.33483022451400757,5.061265468597412,1.1693657636642456
B,04dbe2471a134bd68f5b8d8d4af95aae,3,0.042601753026247025,0.33482956886291504,5.061248779296875,1.4260022640228271
B,04dbe2471a134bd68f5b8d8d4af95aae,5,0.04260179400444031,0.334829181432724,5.061248302459717,1.8447344303131104
B,04e43ff1195e45029a03b6cdc53f9aa8,1,0.00014698821178171784,0.3619687259197235,15.098730087280273,0.8248065114021301
B,04e43ff1195e45029a03b6cdc53f9aa8,2,0.00014698821178171784,0.3619697093963623,15.09873104095459,1.1691094636917114
B,04e43ff1195e45029a03b6cdc53f9aa8,3,0.0001469881972298026,0.3619689643383026,15.098733901977539,1.4265429973602295
B,04e43ff1195e45029a03b6cdc53f9aa8,5,0.00014698825543746352,0.3619684875011444,15.098702430725098,1.8444229364395142
B,04e5ee9a0baa446e9ab973cce0153bc8,1,0.00014720353647135198,0.3688562512397766,5.697508811950684,0.8236150145530701
B,04e5ee9a0baa446e9ab973cce0153bc8,2,0.00014720353647135198,0.3688558340072632,5.697513580322266,1.1693460941314697
B,04e5ee9a0baa446e9ab973cce0153bc8,3,0.00014720352191943675,0.3688557744026184,5.697506904602051,1.4260224103927612
B,04e5ee9a0baa446e9ab973cce0153bc8,5,0.00014720353647135198,0.36885321140289307,5.697500705718994,1.844708800315857
B,05703932eb2c45c0918d4f91c875d064,1,0.019789954647421837,0.2556016743183136,17.060110092163086,0.8252819776535034
B,05703932eb2c45c0918d4f91c875d064,2,0.019790012389421463,0.25560346245765686,17.060054779052734,1.1690104007720947
B,05703932eb2c45c0918d4f91c875d064,3,0.01978990249335766,0.2556025981903076,17.060012817382812,1.426758050918579
B,05703932eb2c45c0918d4f91c875d064,5,0.019789837300777435,0.2556011974811554,17.060087203979492,1.8443101644515991
B,060c9e87a01b4fd08f87578d63e4961e,1,0.03471055626869202,0.4718189239501953,7.49879264831543,0.8232390880584717
B,060c9e87a01b4fd08f87578d63e4961e,2,0.03471038118004799,0.47181832790374756,7.498799800872803,1.1694610118865967
B,060c9e87a01b4fd08f87578d63e4961e,3,0.03471045941114426,0.47181740403175354,7.498798370361328,1.4258424043655396
B,060c9e87a01b4fd08f87578d63e4961e,5,0.034710127860307693,0.47181886434555054,7.498806953430176,1.8448580503463745
B,062ad5b97bf34d75b7c7003b9b6f2cb0,1,0.004302187357097864,0.2194819152355194,4.703403949737549,0.8227967023849487
B,062ad5b97bf34d75b7c7003b9b6f2cb0,2,0.0043020835146307945,0.21948102116584778,4.7033891677856445,1.1695027351379395
B,062ad5b97bf34d75b7c7003b9b6f2cb0,3,0.004302112851291895,0.21948106586933136,4.703397274017334,1.4256775379180908
B,062ad5b97bf34d75b7c7003b9b6f2cb0,5,0.004302115645259619,0.2194807529449463,4.7034010887146,1.8449100255966187
B,069044476a7f49b9b83f6364654c85c3,1,0.12031519412994385,0.4325758218765259,5.113566875457764,0.8249366283416748
B,069044476a7f49b9b83f6364654c85c3,2,0.12031517177820206,0.4325762689113617,5.113593101501465,1.1690791845321655
B,069044476a7f49b9b83f6364654c85c3,3,0.12031515687704086,0.4325788617134094,5.113583564758301,1.4266034364700317
B,069044476a7f49b9b83f6364654c85c3,5,0.12031521648168564,0.43257787823677063,5.113552093505859,1.8443880081176758
B,0692e0ff0ef34b21b1f3659270d2e558,1,0.037732403725385666,0.24498717486858368,11.425491333007812,0.8252456784248352
B,0692e0ff0ef34b21b1f3659270d2e558,2,0.03773242235183716,0.2449883222579956,11.425518035888672,1.1690177917480469
B,0692e0ff0ef34b21b1f3659270d2e558,3,0.037732355296611786,0.2449893355369568,11.425437927246094,1.4267417192459106
B,0692e0ff0ef34b21b1f3659270d2e558,5,0.03773235157132149,0.24498963356018066,11.42554759979248,1.8443183898925781
B,06dd0877eb584e569d1bc9070e42baa2,1,0.08151785284280777,0.31575217843055725,5.34495735168457,0.8235337138175964
B,06dd0877eb584e569d1bc9070e42baa2,2,0.08151780813932419,0.31575143337249756,5.344962120056152,1.169355869293213
B,06dd0877eb584e569d1bc9070e42baa2,3,0.08151775598526001,0.31575077772140503,5.34495735168457,1.425990343093872
B,06dd0877eb584e569d1bc9070e42baa2,5,0.08151781558990479,0.3157506287097931,5.3449506759643555,1.8447202444076538
B,07a81928f67f4aa2ad0d59a057ae374e,1,0.10495409369468689,0.8300251960754395,15.707649230957031,0.8251098394393921
B,07a81928f67f4aa2ad0d59a057ae374e,2,0.10495401173830032,0.8300243616104126,15.70766544342041,1.1690459251403809
B,07a81928f67f4aa2ad0d59a057ae374e,3,0.10495389997959137,0.8300263285636902,15.70753288269043,1.4266799688339233
B,07a81928f67f4aa2ad0d59a057ae374e,5,0.10495413094758987,0.8300229907035828,15.707545280456543,1.8443502187728882
B,07c2642631f947a5ac799dddeea39eb9,1,0.046993039548397064,0.2331768423318863,7.278290271759033,0.8247553706169128
B,07c2642631f947a5ac799dddeea39eb9,2,0.04699316620826721,0.23317663371562958,7.27822732925415,1.169121265411377
B,07c2642631f947a5ac799dddeea39eb9,3,0.04699314385652542,0.2331761121749878,7.278281211853027,1.4265191555023193
B,07c2642631f947a5ac799dddeea39eb9,5,0.046993158757686615,0.23317649960517883,7.278285503387451,1.8444371223449707
B,086be698bca14d7791d9032884909954,1,0.07617200911045074,0.3103450536727905,4.316152572631836,0.8242586851119995
B,086be698bca14d7791d9032884909954,2,0.07617198675870895,0.31034430861473083,4.316150188446045,1.1692146062850952
B,086be698bca14d7791d9032884909954,3,0.07617193460464478,0.310343861579895,4.316168308258057,1.426303505897522
B,086be698bca14d7791d9032884909954,5,0.0761718824505806,0.31034472584724426,4.316188812255859,1.844546914100647
B,087ca366dee64594bba4189b31dd7a45,1,0.02720683254301548,0.10226164013147354,9.892578125,0.8251696228981018
B,087ca366dee64594bba4189b31dd7a45,2,0.02720675617456436,0.10226086527109146,9.89257526397705,1.1690346002578735
B,087ca366dee64594bba4189b31dd7a45,3,0.027206899598240852,0.10226438194513321,9.892637252807617,1.4267065525054932
B,087ca366dee64594bba4189b31dd7a45,5,0.02720676176249981,0.1022639125585556,9.892601013183594,1.8443373441696167
B,08aab5b01d384e0082c56c17fc9f2245,1,0.0001469171984354034,0.2959623634815216,6.371659755706787,0.8229913711547852
B,08aab5b01d384e0082c56c17fc9f2245,2,0.0001469171984354034,0.29596200585365295,6.371655464172363,1.1694804430007935
B,08aab5b01d384e0082c56c17fc9f2245,3,0.00014691721298731863,0.2959623336791992,6.371645927429199,1.42575204372406
B,08aab5b01d384e0082c56c17fc9f2245,5,0.00014691722753923386,0.2959636151790619,6.371610164642334,1.8448818922042847
B,08bc3a0eec7042389949e2c5ad9bf700,1,0.02538166381418705,0.3979642689228058,4.4980692863464355,0.8229250907897949
B,08bc3a0eec7042389949e2c5ad9bf700,2,0.025381704792380333,0.3979632258415222,4.498088359832764,1.169478178024292
B,08bc3a0eec7042389949e2c5ad9bf700,3,0.025381751358509064,0.39796409010887146,4.49807071685791,1.4257309436798096
B,08bc3a0eec7042389949e2c5ad9bf700,5,0.02538171596825123,0.3979635536670685,4.498050212860107,1.8448777198791504
B,099450527f614a3e81baf1fe4fe087ab,1,0.05986106023192406,0.3265957236289978,8.166861534118652,0.8245552182197571
B,099450527f614a3e81baf1fe4fe087ab,2,0.05986097827553749,0.3265957534313202,8.16684627532959,1.1691607236862183
B,099450527f614a3e81baf1fe4fe087ab,3,0.05986092984676361,0.3265959918498993,8.166913986206055,1.4264309406280518
B,099450527f614a3e81baf1fe4fe087ab,5,0.05986042693257332,0.3265966773033142,8.166905403137207,1.844483494758606
B,09fb340c826c402683eca48320936aec,1,0.0001479342026868835,0.3904365003108978,10.09057903289795,0.8249032497406006
B,09fb340c826c402683eca48320936aec,2,0.00014793421723879874,0.3904377818107605,10.090548515319824,1.1690864562988281
B,09fb340c826c402683eca48320936aec,3,0.0001479342463426292,0.3904391825199127,10.090494155883789,1.4265880584716797
B,09fb340c826c402683eca48320936aec,5,0.00014793418813496828,0.3904358446598053,10.090566635131836,1.8443964719772339
B,0a354259149c4930bac9bab65ce89cdd,1,0.018991490826010704,0.3202243447303772,3.835172414779663,0.8243643045425415
B,0a354259149c4930bac9bab65ce89cdd,2,0.018991494551301003,0.3202246427536011,3.835162878036499,1.169189214706421
B,0a354259149c4930bac9bab65ce89cdd,3,0.01899149641394615,0.32022443413734436,3.8351690769195557,1.4263519048690796
B,0a354259149c4930bac9bab65ce89cdd,5,0.018991513177752495,0.3202247619628906,3.8351728916168213,1.8445162773132324
B,0a39c8c2a2df48b6a072da1d9306cf36,1,0.10704038292169571,0.43132176995277405,3.7345592975616455,0.8246615529060364
B,0a39c8c2a2df48b6a072da1d9306cf36,2,0.10704037547111511,0.43132051825523376,3.7345457077026367,1.1691340208053589
B,0a39c8c2a2df48b6a072da1d9306cf36,3,0.1070404052734375,0.43132078647613525,3.734569787979126,1.4264805316925049
B,0a39c8c2a2df48b6a072da1d9306cf36,5,0.1070404127240181,0.4313235282897949,3.734589099884033,1.8444523811340332
B,0ae2a05bf20c4b028b86c33e26aa9e0c,1,0.08648747205734253,0.17046868801116943,7.660174369812012,0.824972927570343
B,0ae2a05bf20c4b028b86c33e26aa9e0c,2,0.0864875540137291,0.1704706847667694,7.660152435302734,1.1690726280212402
B,0ae2a05bf20c4b028b86c33e26aa9e0c,3,0.08648751676082611,0.17046864330768585,7.660153388977051,1.426619291305542
B,0ae2a05bf20c4b028b86c33e26aa9e0c,5,0.08648750185966492,0.17047087848186493,7.660126209259033,1.8443803787231445
B,0af17e65f26647cc99709f7d15944994,1,0.07292583584785461,0.30974066257476807,6.9109601974487305,0.8241690397262573
B,0af17e65f26647cc99709f7d15944994,2,0.07292583584785461,0.3097396492958069,6.910965442657471,1.1692341566085815
B,0af17e65f26647cc99709f7d15944994,3,0.07292596995830536,0.3097383677959442,6.910955905914307,1.4262632131576538
B,0af17e65f26647cc99709f7d15944994,5,0.07292583584785461,0.30973899364471436,6.910971164703369,1.8445707559585571
B,0b1cc5fa9d8744ddabb84d3ec55b9a97,1,0.07136499881744385,0.3501158654689789,31.748838424682617,0.8251938223838806
B,0b1cc5fa9d8744ddabb84d3ec55b9a97,2,0.07136498391628265,0.35011371970176697,31.74887466430664,1.1690278053283691
B,0b1cc5fa9d8744ddabb84d3ec55b9a97,3,0.07136504352092743,0.3501129746437073,31.748882293701172,1.4267184734344482
B,0b1cc5fa9d8744ddabb84d3ec55b9a97,5,0.07136491686105728,0.3501138985157013,31.74885368347168,1.844329595565796
B,0b6168841a3f46bdaa56947d469c79da,1,0.00014689122326672077,0.4217565357685089,12.550924301147461,0.8242784142494202
B,0b6168841a3f46bdaa56947d469c79da,2,0.00014689116505905986,0.4217571020126343,12.55090618133545,1.1692301034927368
B,0b6168841a3f46bdaa56947d469c79da,3,0.00014689119416289032,0.42175719141960144,12.550912857055664,1.4263005256652832
B,0b6168841a3f46bdaa56947d469c79da,5,0.00014689116505905986,0.4217568039894104,12.550914764404297,1.8445608615875244
B,0bba5774d2bd40e48a2d246fdd0b92f5,1,0.05377902090549469,0.2256162315607071,4.152360916137695,0.8223521113395691
B,0bba5774d2bd40e48a2d246fdd0b92f5,2,0.05377902835607529,0.2256157547235489,4.152364730834961,1.1696062088012695
B,0bba5774d2bd40e48a2d246fdd0b92f5,3,0.0537789985537529,0.2256157398223877,4.152373313903809,1.425485372543335
B,0bba5774d2bd40e48a2d246fdd0b92f5,5,0.05377902835607529,0.2256166636943817,4.152360916137695,1.8450497388839722
B,0c5eb9cedea94e2180187a07cb661ceb,1,0.013515193946659565,0.20857566595077515,11.0396089553833,0.8228540420532227
B,0c5eb9cedea94e2180187a07cb661ceb,2,0.01351536437869072,0.208576038479805,11.039597511291504,1.1695202589035034
B,0c5eb9cedea94e2180187a07cb661ceb,3,0.013515373691916466,0.20857585966587067,11.039607048034668,1.4256882667541504
B,0c5eb9cedea94e2180187a07cb661ceb,5,0.013515284284949303,0.20857667922973633,11.039612770080566,1.8449352979660034
B,0c87b9d50c7f4a2292e337ceb54ec36a,1,0.04467655345797539,0.4600889980792999,10.523120880126953,0.8249910473823547
B,0c87b9d50c7f4a2292e337ceb54ec36a,2,0.04467642307281494,0.4600902199745178,10.523117065429688,1.1690723896026611
B,0c87b9d50c7f4a2292e337ceb54ec36a,3,0.044676609337329865,0.46009084582328796,10.523168563842773,1.426625370979309
B,0c87b9d50c7f4a2292e337ceb54ec36a,5,0.044676367193460464,0.46009036898612976,10.523125648498535,1.8443806171417236
B,0cc862bb5d9f41269631ff62504cfdf9,1,0.016924802213907242,0.2817399501800537,19.11689567565918,0.8252800107002258
B,0cc862bb5d9f41269631ff62504cfdf9,2,0.01692480407655239,0.28173917531967163,19.11685562133789,1.1690106391906738
B,0cc862bb5d9f41269631ff62504cfdf9,3,0.016924794763326645,0.2817383408546448,19.116859436035156,1.4267574548721313
B,0cc862bb5d9f41269631ff62504cfdf9,5,0.016924800351262093,0.2817407250404358,19.11682891845703,1.8443104028701782
B,0e63e1ef419b49278ddc45ec63f69979,1,0.010192133486270905,0.32754936814308167,7.999660015106201,0.8249461054801941
B,0e63e1ef419b49278ddc45ec63f69979,2,0.010192151181399822,0.32755136489868164,7.999666690826416,1.1690785884857178
B,0e63e1ef419b49278ddc45ec63f69979,3,0.01019211858510971,0.3275505304336548,7.999605178833008,1.4266067743301392
B,0e63e1ef419b49278ddc45ec63f69979,5,0.010192133486270905,0.32755032181739807,7.999725341796875,1.8443872928619385
B,0e92245b9cac4423810aece64743decd,1,0.05452616512775421,0.2531234323978424,24.599048614501953,0.8250545859336853
B,0e92245b9cac4423810aece64743decd,2,0.05452610179781914,0.25312474370002747,24.599056243896484,1.1690571308135986
B,0e92245b9cac4423810aece64743decd,3,0.05452624708414078,0.25312530994415283,24.599027633666992,1.4266552925109863
B,0e92245b9cac4423810aece64743decd,5,0.05452659726142883,0.25312545895576477,24.599023818969727,1.8443629741668701
B,0f3d54f4b2b74580a2c1891c1116dc5f,1,0.07162664830684662,0.9745248556137085,5.882286071777344,0.8243979215621948
B,0f3d54f4b2b74580a2c1891c1116dc5f,2,0.0716266930103302,0.9745228886604309,5.882327556610107,1.1692180633544922
B,0f3d54f4b2b74580a2c1891c1116dc5f,3,0.07162674516439438,0.9745223522186279,5.882302761077881,1.4263449907302856
B,0f3d54f4b2b74580a2c1891c1116dc5f,5,0.07162674516439438,0.9745245575904846,5.882308483123779,1.8445359468460083
B,0f48025ff969419582312f9a02fd7af0,1,0.08487022668123245,0.23862306773662567,7.041833877563477,0.8249551653862
B,0f48025ff969419582312f9a02fd7af0,2,0.08486838638782501,0.23864544928073883,7.042163848876953,1.1690690517425537
B,0f48025ff969419582312f9a02fd7af0,3,0.0848679468035698,0.23866339027881622,7.042318344116211,1.4266104698181152
B,0f48025ff969419582312f9a02fd7af0,5,0.08486800640821457,0.23866340517997742,7.042299270629883,1.8443785905838013
B,10edcd93ffa94c2a8cc0bc2e9bcf7eae,1,0.00014733111311215907,0.20539125800132751,4.2428460121154785,0.8247702717781067
B,10edcd93ffa94c2a8cc0bc2e9bcf7eae,2,0.00014733109856024384,0.20539306104183197,4.242864608764648,1.169110655784607
B,10edcd93ffa94c2a8cc0bc2e9bcf7eae,3,0.00014733109856024384,0.20539261400699615,4.242862701416016,1.4265300035476685
B,10edcd93ffa94c2a8cc0bc2e9bcf7eae,5,0.00014733109856024384,0.20539413392543793,4.242844104766846,1.8444241285324097
B,1175f68a974a45f5b9b6e51c08f1a432,1,0.03653765842318535,0.31358739733695984,6.589955806732178,0.8244202136993408
B,1175f68a974a45f5b9b6e51c08f1a432,2,0.03653763234615326,0.3135864734649658,6.58998441696167,1.1691808700561523
B,1175f68a974a45f5b9b6e51c08f1a432,3,0.03653769567608833,0.31358766555786133,6.589913845062256,1.4263750314712524
B,1175f68a974a45f5b9b6e51c08f1a432,5,0.03653767704963684,0.31358784437179565,6.589946269989014,1.8445062637329102
B,11940acb7fe34046ae965ed2fc1a3359,1,0.00028939166804775596,0.19414237141609192,5.588890075683594,0.8253722786903381
B,11940acb7fe34046ae965ed2fc1a3359,2,0.00028939172625541687,0.1941419392824173,5.588885307312012,1.1689926385879517
B,11940acb7fe34046ae965ed2fc1a3359,3,0.00028939160984009504,0.19414032995700836,5.588895320892334,1.426798701286316
B,11940acb7fe34046ae965ed2fc1a3359,5,0.0002893916389439255,0.19414052367210388,5.588942050933838,1.8442903757095337
B,1199736697cb491a899f77c0b75112dd,1,0.0001473955053370446,0.22172723710536957,2.4875900745391846,0.8230048418045044
B,1199736697cb491a899f77c0b75112dd,2,0.00014739551988895983,0.22172708809375763,2.48758864402771,1.1694480180740356
B,1199736697cb491a899f77c0b75112dd,3,0.00014739551988895983,0.22172705829143524,2.4875786304473877,1.4257713556289673
B,1199736697cb491a899f77c0b75112dd,5,0.00014739551988895983,0.22172591090202332,2.4875855445861816,1.8448374271392822
B,11b4c003677148478409d6a66a65eb0e,1,0.009406587108969688,0.29262781143188477,11.336522102355957,0.8245856761932373
B,11b4c003677148478409d6a66a65eb0e,2,0.009406587108969688,0.29262861609458923,11.336589813232422,1.1691577434539795
B,11b4c003677148478409d6a66a65eb0e,3,0.00940666813403368,0.29262790083885193,11.336539268493652,1.4264429807662964
B,11b4c003677148478409d6a66a65eb0e,5,0.00940651074051857,0.29262813925743103,11.33655071258545,1.8444796800613403
B,12aef634af8944ff86f9a967ccb1608b,1,0.06236046925187111,0.20794633030891418,12.910385131835938,0.824424147605896
B,12aef634af8944ff86f9a967ccb1608b,2,0.06236046925187111,0.20794633030891418,12.910385131835938,1.1692063808441162
B,12aef634af8944ff86f9a967ccb1608b,3,0.06236046925187111,0.20794633030891418,12.910385131835938,1.4263626337051392
B,12aef634af8944ff86f9a967ccb1608b,5,0.06236042454838753,0.2079499512910843,12.910456657409668,1.8445388078689575
B,1397ff3d60e04d9aa7b0524d022cf5cf,1,0.00014783137885387987,0.2986117899417877,7.987668991088867,0.8245007991790771
B,1397ff3d60e04d9aa7b0524d022cf5cf,2,0.00014783117512706667,0.29879477620124817,7.98360013961792,1.169263243675232
B,1397ff3d60e04d9aa7b0524d022cf5cf,3,0.00014783104415982962,0.2985612154006958,7.9807658195495605,1.4263194799423218
B,1397ff3d60e04d9aa7b0524d022cf5cf,5,0.00014783107326366007,0.29876890778541565,7.9809889793396,1.8445194959640503
B,13c868d7ccfa48288730c0e6334a288c,1,0.10516037046909332,0.34393659234046936,5.739692211151123,0.8243149518966675
B,13c868d7ccfa48288730c0e6334a288c,2,0.10515975952148438,0.34393957257270813,5.739665508270264,1.1692044734954834
B,13c868d7ccfa48288730c0e6334a288c,3,0.10515981912612915,0.34393855929374695,5.7397050857543945,1.4263277053833008
B,13c868d7ccfa48288730c0e6334a288c,5,0.10515985637903214,0.3439367711544037,5.739697456359863,1.8445347547531128
B,13d4e5021ab84f30afd31f35c213cccb,1,0.008400931023061275,0.15103474259376526,7.719303131103516,0.8240926861763
B,13d4e5021ab84f30afd31f35c213cccb,2,0.008400878868997097,0.15103639662265778,7.719318866729736,1.1692694425582886
B,13d4e5021ab84f30afd31f35c213cccb,3,0.008400749415159225,0.15103545784950256,7.719272613525391,1.4262193441390991
B,13d4e5021ab84f30afd31f35c213cccb,5,0.008400429971516132,0.15103374421596527,7.719363689422607,1.84461510181427
B,1420fb72273245db90f1e90ab0bc1724,1,0.0819816067814827,0.4574262201786041,18.477237701416016,0.8250722289085388
B,1420fb72273245db90f1e90ab0bc1724,2,0.08198166638612747,0.457426518201828,18.47722625732422,1.1690541505813599
B,1420fb72273245db90f1e90ab0bc1724,3,0.08198156952857971,0.45742690563201904,18.477174758911133,1.426662802696228
B,1420fb72273245db90f1e90ab0bc1724,5,0.08198145776987076,0.45742830634117126,18.477203369140625,1.8443593978881836
B,15db5f6f195c4995898af1b0ce431f80,1,0.015179716981947422,0.38995665311813354,4.038974761962891,0.8240466713905334
B,15db5f6f195c4995898af1b0ce431f80,2,0.015179640613496304,0.38995641469955444,4.038952350616455,1.1692628860473633
B,15db5f6f195c4995898af1b0ce431f80,3,0.015179634094238281,0.389957994222641,4.038959980010986,1.4262073040008545
B,15db5f6f195c4995898af1b0ce431f80,5,0.015179703012108803,0.38995903730392456,4.038971900939941,1.8446050882339478
B,1603ccd8b72e49c1a7074f124b212f0e,1,0.00014745969383511692,0.2941908538341522,8.681278228759766,0.8253419995307922
B,1603ccd8b72e49c1a7074f124b212f0e,2,0.00014745969383511692,0.29419055581092834,8.681259155273438,1.1689985990524292
B,1603ccd8b72e49c1a7074f124b212f0e,3,0.00014745969383511692,0.29419201612472534,8.681330680847168,1.4267853498458862
B,1603ccd8b72e49c1a7074f124b212f0e,5,0.00014745969383511692,0.29419824481010437,8.681260108947754,1.8442968130111694
B,16ffa17d84c8467f89403df9ad894301,1,0.008910063654184341,0.35544353723526,8.693671226501465,0.8230186700820923
B,16ffa17d84c8467f89403df9ad894301,2,0.008910035714507103,0.3554427921772003,8.69367504119873,1.169493317604065
B,16ffa17d84c8467f89403df9ad894301,3,0.00890987366437912,0.3554432988166809,8.693659782409668,1.4257558584213257
B,16ffa17d84c8467f89403df9ad894301,5,0.008909969590604305,0.3554422855377197,8.693635940551758,1.8448996543884277
B,17092add79b24457ba29f0b35d660072,1,0.06784230470657349,0.15644389390945435,6.821498870849609,0.8245497941970825
B,17092add79b24457ba29f0b35d660072,2,0.06784234941005707,0.1564445048570633,6.821549415588379,1.1691584587097168
B,17092add79b24457ba29f0b35d660072,3,0.06784231215715408,0.15644420683383942,6.821544647216797,1.4264304637908936
B,17092add79b24457ba29f0b35d660072,5,0.06784231215715408,0.1564440280199051,6.821510314941406,1.8444801568984985
B,179832b0585c415d979f90dced97ae71,1,0.08920697867870331,0.323564738035202,9.096172332763672,0.8250470161437988
B,179832b0585c415d979f90dced97ae71,2,0.08920711278915405,0.32356342673301697,9.096136093139648,1.169059157371521
B,179832b0585c415d979f90dced97ae71,3,0.08920718729496002,0.3235648274421692,9.096139907836914,1.4266517162322998
B,179832b0585c415d979f90dced97ae71,5,0.08920719474554062,0.3235646188259125,9.096186637878418,1.844365119934082
B,17bc5de2691b43cfb873091778a8de52,1,0.00014618589193560183,0.4173870384693146,22.952342987060547,0.8251808881759644
B,17bc5de2691b43cfb873091778a8de52,2,0.00014618589193560183,0.4173899292945862,22.95233154296875,1.1690313816070557
B,17bc5de2691b43cfb873091778a8de52,3,0.0001461858191760257,0.4173917770385742,22.95227813720703,1.426712155342102
B,17bc5de2691b43cfb873091778a8de52,5,0.00014618584827985615,0.4173939824104309,22.952247619628906,1.8443337678909302
B,18b0f54db566476fb861c8fa187cd8d8,1,0.21521781384944916,0.2343245893716812,17.399028778076172,0.8251011371612549
B,18b0f54db566476fb861c8fa187cd8d8,2,0.21521781384944916,0.23432372510433197,17.39894676208496,1.1690489053726196
B,18b0f54db566476fb861c8fa187cd8d8,3,0.21521781384944916,0.23432429134845734,17.399011611938477,1.42667555809021
B,18b0f54db566476fb861c8fa187cd8d8,5,0.21521779894828796,0.23432421684265137,17.398942947387695,1.8443536758422852
B,1907da7461054e5ba6885302c08c2677,1,0.08301001042127609,1.5598602294921875,9.951212882995605,0.8247212171554565
B,1907da7461054e5ba6885302c08c2677,2,0.08299671858549118,1.5597007274627686,9.951882362365723,1.1691502332687378
B,1907da7461054e5ba6885302c08c2677,3,0.08299261331558228,1.5596593618392944,9.951981544494629,1.426487922668457
B,1907da7461054e5ba6885302c08c2677,5,0.08298946917057037,1.5596323013305664,9.952043533325195,1.844457983970642
B,191df4fa5f48453d81ede86ed863a3c2,1,0.08735476434230804,0.2694161534309387,4.391491413116455,0.8240111470222473
B,191df4fa5f48453d81ede86ed863a3c2,2,0.08736918866634369,0.26946282386779785,4.391757488250732,1.169216513633728
B,191df4fa5f48453d81ede86ed863a3c2,3,0.0873720720410347,0.26947808265686035,4.3917975425720215,1.426185965538025
B,191df4fa5f48453d81ede86ed863a3c2,5,0.08737391233444214,0.2694869041442871,4.391816139221191,1.8445712327957153
B,193c0e81efc74ed0bd5834586cf3fe8f,1,0.1151186004281044,0.16635939478874207,5.753220081329346,0.8249412775039673
B,193c0e81efc74ed0bd5834586cf3fe8f,2,0.1151185855269432,0.16636031866073608,5.753230094909668,1.1690796613693237
B,193c0e81efc74ed0bd5834586cf3fe8f,3,0.11511863768100739,0.16635969281196594,5.753233909606934,1.4266045093536377
B,193c0e81efc74ed0bd5834586cf3fe8f,5,0.11511850357055664,0.16635963320732117,5.753180027008057,1.8443886041641235
B,195a37929e644c3dbfbe25de252b0969,1,0.18071214854717255,0.36339259147644043,18.193029403686523,0.8251035809516907
B,195a37929e644c3dbfbe25de252b0969,2,0.18071207404136658,0.3633933663368225,18.19303321838379,1.1690469980239868
B,195a37929e644c3dbfbe25de252b0969,3,0.18071210384368896,0.3633916974067688,18.19297981262207,1.4266774654388428
B,195a37929e644c3dbfbe25de252b0969,5,0.18071214854717255,0.3633938729763031,18.19304084777832,1.8443514108657837
B,1ada36a1a86a4bdaaa106bee7d9ac67d,1,0.12165355682373047,0.2681943476200104,5.516970634460449,0.824052095413208
B,1ada36a1a86a4bdaaa106bee7d9ac67d,2,0.12165360897779465,0.2681926190853119,5.516986846923828,1.1692579984664917
B,1ada36a1a86a4bdaaa106bee7d9ac67d,3,0.12165363132953644,0.26819393038749695,5.516984939575195,1.426212191581726
B,1ada36a1a86a4bdaaa106bee7d9ac67d,5,0.12165357917547226,0.26819267868995667,5.516974449157715,1.8445994853973389
B,1b98302c1ed9406a8343b3d39d6c5095,1,0.0001474486052757129,0.5163213610649109,5.4166388511657715,0.8241391777992249
B,1b98302c1ed9406a8343b3d39d6c5095,2,0.00014744861982762814,0.5163204669952393,5.416632175445557,1.1692399978637695
B,1b98302c1ed9406a8343b3d39d6c5095,3,0.0001474486489314586,0.5163218379020691,5.416626453399658,1.4262501001358032
B,1b98302c1ed9406a8343b3d39d6c5095,5,0.00014744859072379768,0.5163207650184631,5.416640281677246,1.8445777893066406
B,1bbd90606751424ca876f2c94e183784,1,0.02211620844900608,0.1386902779340744,40.738487243652344,0.825198769569397
B,1bbd90606751424ca876f2c94e183784,2,0.022116022184491158,0.1386929750442505,40.738487243652344,1.1690267324447632
B,1bbd90606751424ca876f2c94e183784,3,0.022116057574748993,0.13869228959083557,40.73846435546875,1.4267206192016602
B,1bbd90606751424ca876f2c94e183784,5,0.02211611531674862,0.13869008421897888,40.73858642578125,1.8443282842636108
B,1bc61e7f64a54ccc9f3942b874779522,1,0.11423647403717041,0.22229290008544922,2.783167600631714,0.8235161304473877
B,1bc61e7f64a54ccc9f3942b874779522,2,0.11423647403717041,0.22229309380054474,2.7831809520721436,1.1693614721298218
B,1bc61e7f64a54ccc9f3942b874779522,3,0.1142364963889122,0.2222932130098343,2.7831859588623047,1.4259825944900513
B,1bc61e7f64a54ccc9f3942b874779522,5,0.1142365112900734,0.2222937047481537,2.783189058303833,1.8447275161743164
B,1d29f591697e493387d51a116b895934,1,0.07382278889417648,0.28169021010398865,6.035923957824707,0.8239869475364685
B,1d29f591697e493387d51a116b895934,2,0.07382284104824066,0.2816908359527588,6.035920143127441,1.1692765951156616
B,1d29f591697e493387d51a116b895934,3,0.07382284849882126,0.2816897928714752,6.035909652709961,1.4261807203292847
B,1d29f591697e493387d51a116b895934,5,0.07382291555404663,0.28169092535972595,6.035860538482666,1.8446227312088013
B,1dbcb5f847804c75822615e161505d83,1,0.0001470968418288976,0.18309074640274048,8.42177677154541,0.8252474665641785
B,1dbcb5f847804c75822615e161505d83,2,0.0001470968418288976,0.1830918788909912,8.42177677154541,1.1690173149108887
B,1dbcb5f847804c75822615e161505d83,3,0.00014709685638081282,0.18309099972248077,8.421795845031738,1.4267425537109375
B,1dbcb5f847804c75822615e161505d83,5,0.0001470967981731519,0.1830921471118927,8.421780586242676,1.84431791305542
B,1e5929958e9d4fd5b0b8cdeaf2752d01,1,0.03263911232352257,0.26348957419395447,14.564138412475586,0.8252586722373962
B,1e5929958e9d4fd5b0b8cdeaf2752d01,2,0.03263911232352257,0.2634897828102112,14.564128875732422,1.169014811515808
B,1e5929958e9d4fd5b0b8cdeaf2752d01,3,0.032639097422361374,0.2634900212287903,14.564115524291992,1.4267479181289673
B,1e5929958e9d4fd5b0b8cdeaf2752d01,5,0.032639119774103165,0.26348909735679626,14.56409740447998,1.8443150520324707
B,1ea9f54daa68475d867243576d94e9b5,1,0.11475455015897751,0.31270405650138855,8.122695922851562,0.8227729201316833
B,1ea9f54daa68475d867243576d94e9b5,2,0.11475466191768646,0.31268417835235596,8.122648239135742,1.1695252656936646
B,1ea9f54daa68475d867243576d94e9b5,3,0.114754818379879,0.3126775920391083,8.122635841369629,1.4256583452224731
B,1ea9f54daa68475d867243576d94e9b5,5,0.11475486308336258,0.3126761317253113,8.122637748718262,1.8449422121047974
B,1eeefd2d22dd4b6c8ec6fbfa1f885d01,1,0.09418092668056488,1.1225028038024902,10.684394836425781,0.8248515725135803
B,1eeefd2d22dd4b6c8ec6fbfa1f885d01,2,0.09418126195669174,1.12249755859375,10.68442153930664,1.1691237688064575
B,1eeefd2d22dd4b6c8ec6fbfa1f885d01,3,0.09418026357889175,1.1224983930587769,10.68443489074707,1.4265481233596802
B,1eeefd2d22dd4b6c8ec6fbfa1f885d01,5,0.09418058395385742,1.1225006580352783,10.684407234191895,1.8444305658340454
B,1f6c403e514e4d259ecb329543003c3d,1,0.018734809011220932,0.13919076323509216,4.513208389282227,0.8233402967453003
B,1f6c403e514e4d259ecb329543003c3d,2,0.018734829500317574,0.13919059932231903,4.513210296630859,1.1694210767745972
B,1f6c403e514e4d259ecb329543003c3d,3,0.018734827637672424,0.13918937742710114,4.513188362121582,1.4258946180343628
B,1f6c403e514e4d259ecb329543003c3d,5,0.0187347624450922,0.1391899436712265,4.513156890869141,1.8448054790496826
B,1f899649bb9f4e51a031668b0a97d438,1,0.008153161965310574,0.3364003002643585,3.4867072105407715,0.8186397552490234
B,1f899649bb9f4e51a031668b0a97d438,2,0.008153224363923073,0.33640092611312866,3.486708641052246,1.1702944040298462
B,1f899649bb9f4e51a031668b0a97d438,3,0.008153131231665611,0.33640047907829285,3.4867074489593506,1.4240435361862183
B,1f899649bb9f4e51a031668b0a97d438,5,0.008153349161148071,0.3364013731479645,3.4867002964019775,1.8460866212844849
B,202304220aef4cac84572ec4a072bf68,1,0.01488122995942831,0.31457144021987915,11.971420288085938,0.8232876062393188
B,202304220aef4cac84572ec4a072bf68,2,0.014908931218087673,0.3310890793800354,12.044760704040527,1.1697231531143188
B,202304220aef4cac84572ec4a072bf68,3,0.014909058809280396,0.33280298113822937,12.058853149414062,1.4267778396606445
B,202304220aef4cac84572ec4a072bf68,5,0.014908000826835632,0.3329195976257324,12.064067840576172,1.845404028892517
B,210f600a968c47e4abeed9c8d25f36bd,1,0.00014760630438104272,0.3292277157306671,9.218034744262695,0.825356125831604
B,210f600a968c47e4abeed9c8d25f36bd,2,0.00014760630438104272,0.3292282521724701,9.218001365661621,1.16899573802948
B,210f600a968c47e4abeed9c8d25f36bd,3,0.00014760630438104272,0.32922857999801636,9.21802043914795,1.426791787147522
B,210f600a968c47e4abeed9c8d25f36bd,5,0.0001476063916925341,0.329223096370697,9.218116760253906,1.8442938327789307
B,21228b0cf30745efbf0842c86f34e584,1,0.008861142210662365,0.264297753572464,4.138912200927734,0.8217394351959229
B,21228b0cf30745efbf0842c86f34e584,2,0.008861261419951916,0.2642970085144043,4.1388959884643555,1.1697874069213867
B,21228b0cf30745efbf0842c86f34e584,3,0.008861029520630836,0.26429757475852966,4.138894557952881,1.4252095222473145
B,21228b0cf30745efbf0842c86f34e584,5,0.008861004374921322,0.2642969787120819,4.138907432556152,1.8453067541122437
B,2242ba8057ed45c998208ca71cd13b3e,1,0.04081089422106743,0.2266094833612442,2.817152500152588,0.8241878151893616
B,2242ba8057ed45c998208ca71cd13b3e,2,0.04081088677048683,0.22660969197750092,2.817150831222534,1.1692237854003906
B,2242ba8057ed45c998208ca71cd13b3e,3,0.04081088304519653,0.22660985589027405,2.817150831222534,1.4262752532958984
B,2242ba8057ed45c998208ca71cd13b3e,5,0.04081093519926071,0.22660894691944122,2.817145586013794,1.844557523727417
B,229df31da28c4d3390d6ae1fef2867e0,1,0.021297208964824677,0.3383825719356537,6.085655212402344,0.8230863809585571
B,229df31da28c4d3390d6ae1fef2867e0,2,0.021296989172697067,0.3383830785751343,6.085653305053711,1.1694972515106201
B,229df31da28c4d3390d6ae1fef2867e0,3,0.021297164261341095,0.33838409185409546,6.085672378540039,1.4257752895355225
B,229df31da28c4d3390d6ae1fef2867e0,5,0.0212967861443758,0.33838510513305664,6.085680961608887,1.8449060916900635
B,22a62914e48948cbb93a08364e3d650c,1,0.08628984540700912,0.19733478128910065,4.664334297180176,0.8249408006668091
B,22a62914e48948cbb93a08364e3d650c,2,0.0862908661365509,0.19800767302513123,4.665979385375977,1.1690442562103271
B,22a62914e48948cbb93a08364e3d650c,3,0.08629437536001205,0.19837746024131775,4.667476654052734,1.4266057014465332
B,22a62914e48948cbb93a08364e3d650c,5,0.08629465103149414,0.19828340411186218,4.667683124542236,1.844363808631897
B,2408f7b6d1d64b9ca70b14a84dee8d84,1,0.13036243617534637,0.3378407061100006,7.090468883514404,0.8241832852363586
B,2408f7b6d1d64b9ca70b14a84dee8d84,2,0.13036243617534637,0.33784183859825134,7.090370178222656,1.1692345142364502
B,2408f7b6d1d64b9ca70b14a84dee8d84,3,0.13036249577999115,0.33784446120262146,7.090398788452148,1.4262678623199463
B,2408f7b6d1d64b9ca70b14a84dee8d84,5,0.13036246597766876,0.33784395456314087,7.09039306640625,1.8445709943771362
B,24a0d4520d444db7980f3737950f2a5c,1,0.012771528214216232,0.35400137305259705,10.980549812316895,0.8243635892868042
B,24a0d4520d444db7980f3737950f2a5c,2,0.012771638110280037,0.3540027439594269,10.980602264404297,1.1692123413085938
B,24a0d4520d444db7980f3737950f2a5c,3,0.012771673500537872,0.3540003001689911,10.980528831481934,1.4263405799865723
B,24a0d4520d444db7980f3737950f2a5c,5,0.0127714853733778,0.3540022373199463,10.980545997619629,1.844544768333435
B,2570d5ef94e740e9bd85d42e6b8c59f6,1,0.026384247466921806,0.16698625683784485,8.500396728515625,0.8250965476036072
B,2570d5ef94e740e9bd85d42e6b8c59f6,2,0.026384249329566956,0.16698800027370453,8.500406265258789,1.1690479516983032
B,2570d5ef94e740e9bd85d42e6b8c59f6,3,0.0263843797147274,0.1669854372739792,8.500351905822754,1.4266743659973145
B,2570d5ef94e740e9bd85d42e6b8c59f6,5,0.026384273543953896,0.16698607802391052,8.500414848327637,1.8443524837493896
B,25b1735633484414aef07006a0099c26,1,0.02643825113773346,0.34858736395835876,68.2927017211914,0.8248232007026672
B,25b1735633484414aef07006a0099c26,2,0.026438310742378235,0.34858769178390503,68.29261016845703,1.1690986156463623
B,25b1735633484414aef07006a0099c26,3,0.026438336819410324,0.3485884666442871,68.29265594482422,1.426554799079895
B,25b1735633484414aef07006a0099c26,5,0.026438336819410324,0.34858837723731995,68.29265594482422,1.8444104194641113
B,25b74c8c02ef41f6bdb3dc2b097c6eee,1,0.07896656543016434,0.3127932548522949,21.69861602783203,0.8245535492897034
B,25b74c8c02ef41f6bdb3dc2b097c6eee,2,0.078956238925457,0.312717080116272,21.699609756469727,1.1691575050354004
B,25b74c8c02ef41f6bdb3dc2b097c6eee,3,0.07896075397729874,0.31275108456611633,21.699316024780273,1.4264297485351562
B,25b74c8c02ef41f6bdb3dc2b097c6eee,5,0.07895617187023163,0.3127158284187317,21.69972038269043,1.8444783687591553
B,260151f2360c484e8c0a5034ff391021,1,0.03633812814950943,0.2597227096557617,4.405953407287598,0.8239333629608154
B,260151f2360c484e8c0a5034ff391021,2,0.03634648397564888,0.25974756479263306,4.406106948852539,1.1692698001861572
B,260151f2360c484e8c0a5034ff391021,3,0.036348167806863785,0.25975850224494934,4.4061479568481445,1.4261589050292969
B,260151f2360c484e8c0a5034ff391021,5,0.0363486148416996,0.25976991653442383,4.40615701675415,1.8446167707443237
B,273a3aa035784eacb89db08c1a0710bf,1,0.09857896715402603,0.17836403846740723,6.150036811828613,0.8237537145614624
B,273a3aa035784eacb89db08c1a0710bf,2,0.09857897460460663,0.1783635914325714,6.150017261505127,1.1693179607391357
B,273a3aa035784eacb89db08c1a0710bf,3,0.09857896715402603,0.1783633828163147,6.150002479553223,1.4260824918746948
B,273a3aa035784eacb89db08c1a0710bf,5,0.09857896715402603,0.1783631145954132,6.149987697601318,1.84467351436615
B,276f390b0cfc475898b445466d387cf6,1,0.07497187703847885,0.22295695543289185,7.961925029754639,0.825069010257721
B,276f390b0cfc475898b445466d387cf6,2,0.07497189193964005,0.2229573279619217,7.961928367614746,1.169053554534912
B,276f390b0cfc475898b445466d387cf6,3,0.07497192174196243,0.22295677661895752,7.9619221687316895,1.4266618490219116
B,276f390b0cfc475898b445466d387cf6,5,0.0749719887971878,0.22295519709587097,7.961947441101074,1.8443588018417358
B,27b4f79643cb40ae8cdde5d5a9adebf1,1,0.07681345194578171,0.17449335753917694,8.750971794128418,0.8250934481620789
B,27b4f79643cb40ae8cdde5d5a9adebf1,2,0.07681356370449066,0.1744927018880844,8.750943183898926,1.1690479516983032
B,27b4f79643cb40ae8cdde5d5a9adebf1,3,0.07681354135274887,0.17449352145195007,8.750946998596191,1.4266732931137085
B,27b4f79643cb40ae8cdde5d5a9adebf1,5,0.07681362330913544,0.1744900345802307,8.750921249389648,1.8443523645401
B,285fbc3ac47c47dead4bae4f21dbf966,1,0.007730328012257814,0.22342613339424133,3.8066017627716064,0.8218816518783569
B,285fbc3ac47c47dead4bae4f21dbf966,2,0.007730335928499699,0.22342613339424133,3.8066153526306152,1.1697349548339844
B,285fbc3ac47c47dead4bae4f21dbf966,3,0.0077302525751292706,0.2234264463186264,3.806614398956299,1.425275206565857
B,285fbc3ac47c47dead4bae4f21dbf966,5,0.007730274926871061,0.22342698276042938,3.806600332260132,1.84522545337677
B,28e9c03735124472877f9f4741a74d78,1,0.04897337406873703,0.3586497902870178,4.813959121704102,0.8239100575447083
B,28e9c03735124472877f9f4741a74d78,2,0.048973359167575836,0.3586524724960327,4.813952922821045,1.1692806482315063
B,28e9c03735124472877f9f4741a74d78,3,0.04897335171699524,0.35865089297294617,4.81395149230957,1.4261530637741089
B,28e9c03735124472877f9f4741a74d78,5,0.04897339269518852,0.35864925384521484,4.813966751098633,1.8446269035339355
B,28f3639867884b1ab9357e990899d9d6,1,0.0072202375158667564,0.26386240124702454,5.65338659286499,0.8240469098091125
B,28f3639867884b1ab9357e990899d9d6,2,0.0072202375158667564,0.26386240124702454,5.65338659286499,1.1692759990692139
B,28f3639867884b1ab9357e990899d9d6,3,0.007220372557640076,0.2638630270957947,5.653398513793945,1.4262007474899292
B,28f3639867884b1ab9357e990899d9d6,5,0.007220496889203787,0.2638654410839081,5.653447151184082,1.844623327255249
B,2989fed94cf84cc8bddefad13d208932,1,0.04552179574966431,0.38097116351127625,4.557580947875977,0.8237448334693909
B,2989fed94cf84cc8bddefad13d208932,2,0.04552178084850311,0.38097333908081055,4.557577610015869,1.1693167686462402
B,2989fed94cf84cc8bddefad13d208932,3,0.04552178829908371,0.38097238540649414,4.55759334564209,1.4260797500610352
B,2989fed94cf84cc8bddefad13d208932,5,0.04552183300256729,0.3809735178947449,4.557591438293457,1.8446718454360962
B,29bc29d28a574da5a81e51a7bdccc563,1,0.013826168142259121,0.5586674809455872,15.350640296936035,0.8252221941947937
B,29bc29d28a574da5a81e51a7bdccc563,2,0.013823834247887135,0.5581737756729126,15.35486888885498,1.1690490245819092
B,29bc29d28a574da5a81e51a7bdccc563,3,0.013823328539729118,0.557633638381958,15.355965614318848,1.4267637729644775
B,29bc29d28a574da5a81e51a7bdccc563,5,0.013823206536471844,0.5575869679450989,15.356109619140625,1.8443506956100464
B,29dd1b62f2a74a1f85cad5fede2fc423,1,0.04175266623497009,0.36458319425582886,6.07958459854126,0.8233721852302551
B,29dd1b62f2a74a1f85cad5fede2fc423,2,0.04175277054309845,0.3645830452442169,6.079580307006836,1.1694109439849854
B,29dd1b62f2a74a1f85cad5fede2fc423,3,0.04175292328000069,0.3645826280117035,6.079585552215576,1.4259098768234253
B,29dd1b62f2a74a1f85cad5fede2fc423,5,0.04175309091806412,0.36458295583724976,6.079610824584961,1.8447881937026978
B,29dfbc6436484061ba94690407c5f8fd,1,0.004453007131814957,0.3449825942516327,4.419149875640869,0.822266697883606
B,29dfbc6436484061ba94690407c5f8fd,2,0.004452924244105816,0.34498390555381775,4.419161319732666,1.169623851776123
B,29dfbc6436484061ba94690407c5f8fd,3,0.004453085828572512,0.344981849193573,4.419159412384033,1.4254494905471802
B,29dfbc6436484061ba94690407c5f8fd,5,0.004453103523701429,0.344983845949173,4.419147968292236,1.8450740575790405
B,2a37df8f84254af1aa4fca1efdbc4fe7,1,0.006299249827861786,0.3472498953342438,5.845160961151123,0.8238372206687927
B,2a37df8f84254af1aa4fca1efdbc4fe7,2,0.006299350876361132,0.34724974632263184,5.845170974731445,1.1693024635314941
B,2a37df8f84254af1aa4fca1efdbc4fe7,3,0.006299243308603764,0.3472497761249542,5.845159530639648,1.4261178970336914
B,2a37df8f84254af1aa4fca1efdbc4fe7,5,0.006299186032265425,0.34724998474121094,5.845134735107422,1.8446545600891113
B,2b59a3b183004c3c860337ceb41750c8,1,0.09111537784337997,0.7204164862632751,15.802347183227539,0.8241705298423767
B,2b59a3b183004c3c860337ceb41750c8,2,0.09111516922712326,0.7204173803329468,15.802324295043945,1.1692519187927246
B,2b59a3b183004c3c860337ceb41750c8,3,0.0911153107881546,0.7204171419143677,15.802326202392578,1.426252841949463
B,2b59a3b183004c3c860337ceb41750c8,5,0.09111526608467102,0.7204181551933289,15.802319526672363,1.8445827960968018
B,2be296fc2d684166b4e0dcbe84d92337,1,0.0001471937430324033,0.40963152050971985,7.5521321296691895,0.8239296674728394
B,2be296fc2d684166b4e0dcbe84d92337,2,0.00014719375758431852,0.4096323251724243,7.552163600921631,1.169287085533142
B,2be296fc2d684166b4e0dcbe84d92337,3,0.00014719371392857283,0.40963247418403625,7.5521039962768555,1.4261565208435059
B,2be296fc2d684166b4e0dcbe84d92337,5,0.00014719375758431852,0.40963274240493774,7.552120685577393,1.8446354866027832
B,2c0aa3bfb16540fba4ba538a8c67f3b3,1,0.00014658411964774132,0.24537692964076996,16.306583404541016,0.8253244757652283
B,2c0aa3bfb16540fba4ba538a8c67f3b3,2,0.00014658411964774132,0.24537692964076996,16.306583404541016,1.1690020561218262
B,2c0aa3bfb16540fba4ba538a8c67f3b3,3,0.00014658411964774132,0.24537692964076996,16.306583404541016,1.4267771244049072
B,2c0aa3bfb16540fba4ba538a8c67f3b3,5,0.00014658409054391086,0.24537761509418488,16.306631088256836,1.8443007469177246
B,2c3da301c24245ce9b25ce41e44a5b35,1,0.16037273406982422,0.3895508050918579,5.366397857666016,0.8243761658668518
B,2c3da301c24245ce9b25ce41e44a5b35,2,0.16037389636039734,0.3895512521266937,5.367284297943115,1.1692171096801758
B,2c3da301c24245ce9b25ce41e44a5b35,3,0.1603718101978302,0.389631062746048,5.367396831512451,1.4263616800308228
B,2c3da301c24245ce9b25ce41e44a5b35,5,0.16037076711654663,0.3896743059158325,5.367442607879639,1.8445358276367188
B,2c60afeb98c3492f8007ac509de7698b,1,0.02190767414867878,0.27215576171875,6.986363887786865,0.8252265453338623
B,2c60afeb98c3492f8007ac509de7698b,2,0.021907666698098183,0.2721538841724396,6.98637056350708,1.1690211296081543
B,2c60afeb98c3492f8007ac509de7698b,3,0.02190767601132393,0.2721567749977112,6.986281394958496,1.426733374595642
B,2c60afeb98c3492f8007ac509de7698b,5,0.021907664835453033,0.2721548080444336,6.986344337463379,1.8443222045898438
B,2c6ce38f887f4373ae8f065210b7e9ee,1,0.02702297270298004,0.4521012306213379,5.700647354125977,0.8247816562652588
B,2c6ce38f887f4373ae8f065210b7e9ee,2,0.027022968977689743,0.4521005153656006,5.700659275054932,1.1691064834594727
B,2c6ce38f887f4373ae8f065210b7e9ee,3,0.02702297270298004,0.4521012604236603,5.700649738311768,1.426532506942749
B,2c6ce38f887f4373ae8f065210b7e9ee,5,0.027023043483495712,0.4521009027957916,5.700640678405762,1.8444243669509888
B,2c886582d8a94d5d9994de58b51911eb,1,0.18619404733181,0.2491629272699356,5.801373481750488,0.822348415851593
B,2c886582d8a94d5d9994de58b51911eb,2,0.18619400262832642,0.24916204810142517,5.801385879516602,1.1696370840072632
B,2c886582d8a94d5d9994de58b51911eb,3,0.18619404733181,0.24916234612464905,5.801387310028076,1.4254719018936157
B,2c886582d8a94d5d9994de58b51911eb,5,0.18619413673877716,0.24916192889213562,5.80136775970459,1.845097541809082
B,2cdb6470844d4daba89365be8ad30f14,1,0.00014669401571154594,0.3451020419597626,19.294986724853516,0.8252339363098145
B,2cdb6470844d4daba89365be8ad30f14,2,0.00014669410302303731,0.34512925148010254,19.295137405395508,1.1690226793289185
B,2cdb6470844d4daba89365be8ad30f14,3,0.00014669408847112209,0.34512779116630554,19.29512596130371,1.426738977432251
B,2cdb6470844d4daba89365be8ad30f14,5,0.00014669408847112209,0.34513214230537415,19.29498863220215,1.844322681427002
B,2cf849fec80647928b7638ef08e602f4,1,0.008872433565557003,0.14718066155910492,9.386499404907227,0.8227224349975586
B,2cf849fec80647928b7638ef08e602f4,2,0.008872422389686108,0.1471804678440094,9.386514663696289,1.1695384979248047
B,2cf849fec80647928b7638ef08e602f4,3,0.008872351609170437,0.14718076586723328,9.386513710021973,1.425637125968933
B,2cf849fec80647928b7638ef08e602f4,5,0.008872498758137226,0.14718137681484222,9.386515617370605,1.8449584245681763
B,2d0280394a11463a9bf5b6ef8a1659a1,1,0.1251431405544281,0.37295061349868774,7.619261264801025,0.8227707743644714
B,2d0280394a11463a9bf5b6ef8a1659a1,2,0.12514343857765198,0.3729495704174042,7.6193037033081055,1.1695245504379272
B,2d0280394a11463a9bf5b6ef8a1659a1,3,0.12514320015907288,0.3729484975337982,7.619298934936523,1.4256587028503418
B,2d0280394a11463a9bf5b6ef8a1659a1,5,0.12514324486255646,0.37294942140579224,7.61931037902832,1.8449393510818481
B,2d514ed8cabb4519b0e376bd0950115e,1,0.07311401516199112,0.4944225251674652,14.808598518371582,0.8238437175750732
B,2d514ed8cabb4519b0e376bd0950115e,2,0.0731096863746643,0.4944365322589874,14.808728218078613,1.1693135499954224
B,2d514ed8cabb4519b0e376bd0950115e,3,0.07309350371360779,0.4946066439151764,14.809253692626953,1.4261138439178467
B,2d514ed8cabb4519b0e376bd0950115e,5,0.07309558242559433,0.4945758283138275,14.809203147888184,1.8446621894836426
B,2d6cf5ded8634930b65314a62150bc6f,1,0.004594378173351288,0.21583841741085052,7.463929176330566,0.8250522613525391
B,2d6cf5ded8634930b65314a62150bc6f,2,0.004594369325786829,0.21583786606788635,7.463947296142578,1.16905677318573
B,2d6cf5ded8634930b65314a62150bc6f,3,0.004594365134835243,0.21583649516105652,7.463918685913086,1.4266548156738281
B,2d6cf5ded8634930b65314a62150bc6f,5,0.0045943777076900005,0.21583934128284454,7.4639153480529785,1.8443626165390015
B,2d8059066be34f61af4776f23f00640c,1,0.08619740605354309,0.33813929557800293,4.744552135467529,0.8233111500740051
B,2d8059066be34f61af4776f23f00640c,2,0.08619740605354309,0.33813899755477905,4.744562149047852,1.169397234916687
B,2d8059066be34f61af4776f23f00640c,3,0.0861973688006401,0.33813923597335815,4.744561195373535,1.4258960485458374
B,2d8059066be34f61af4776f23f00640c,5,0.08619743585586548,0.3381405770778656,4.744570255279541,1.8447730541229248
B,2d82e08ea31549a99aa03ac6511613c6,1,0.16478069126605988,0.3306509554386139,8.397909164428711,0.8244546055793762
B,2d82e08ea31549a99aa03ac6511613c6,2,0.16478073596954346,0.33065202832221985,8.397911071777344,1.1691807508468628
B,2d82e08ea31549a99aa03ac6511613c6,3,0.16478104889392853,0.33064693212509155,8.397928237915039,1.4263871908187866
B,2d82e08ea31549a99aa03ac6511613c6,5,0.1647818237543106,0.33064523339271545,8.397918701171875,1.8445066213607788
B,2dfa3a4d58a442bb9abbf1f7beb2e5e6,1,0.05218391865491867,0.4242255985736847,5.339822292327881,0.8217065334320068
B,2dfa3a4d58a442bb9abbf1f7beb2e5e6,2,0.05218395218253136,0.4242258667945862,5.339822292327881,1.1697998046875
B,2dfa3a4d58a442bb9abbf1f7beb2e5e6,3,0.05218403786420822,0.4242255687713623,5.339815139770508,1.4251861572265625
B,2dfa3a4d58a442bb9abbf1f7beb2e5e6,5,0.05218372121453285,0.4242258071899414,5.339818954467773,1.8452861309051514
B,2f761f9165384a0e8f51abafd1247e35,1,0.05514705553650856,0.4310339689254761,4.875328063964844,0.8237699866294861
B,2f761f9165384a0e8f51abafd1247e35,2,0.05514702945947647,0.4310343265533447,4.875303745269775,1.1693205833435059
B,2f761f9165384a0e8f51abafd1247e35,3,0.055147044360637665,0.4310339093208313,4.875296592712402,1.4260845184326172
B,2f761f9165384a0e8f51abafd1247e35,5,0.05514708161354065,0.4310328960418701,4.875300884246826,1.8446630239486694
B,2fd7a41706254e6cb2c24467a5ca0370,1,0.022187460213899612,0.15955278277397156,6.2831130027771,0.8251933455467224
B,2fd7a41706254e6cb2c24467a5ca0370,2,0.02218775264918804,0.1595298945903778,6.283165454864502,1.1690269708633423
B,2fd7a41706254e6cb2c24467a5ca0370,3,0.022187966853380203,0.15951228141784668,6.283203125,1.4267185926437378
B,2fd7a41706254e6cb2c24467a5ca0370,5,0.02218794636428356,0.15951266884803772,6.28324031829834,1.8443291187286377
B,3050967715914e7791ae4a1d47551822,1,0.1065528392791748,0.23157364130020142,13.982975006103516,0.8236027359962463
B,3050967715914e7791ae4a1d47551822,2,0.10655287653207779,0.2315738946199417,13.982970237731934,1.1693670749664307
B,3050967715914e7791ae4a1d47551822,3,0.1065528467297554,0.23157349228858948,13.982989311218262,1.4260081052780151
B,3050967715914e7791ae4a1d47551822,5,0.10655297338962555,0.2315741926431656,13.982943534851074,1.8447364568710327
B,308472c7daa94a4fbb44be3a345a879a,1,0.04288671538233757,0.2288391888141632,5.73183536529541,0.82395339012146
B,308472c7daa94a4fbb44be3a345a879a,2,0.0428866408765316,0.22883814573287964,5.7318501472473145,1.1692852973937988
B,308472c7daa94a4fbb44be3a345a879a,3,0.04288649559020996,0.22883817553520203,5.731851100921631,1.426165223121643
B,308472c7daa94a4fbb44be3a345a879a,5,0.04288680478930473,0.2288389652967453,5.731875419616699,1.844633936882019
B,3098fe550c534448adf2e2844e06950d,1,0.10669553279876709,0.28099751472473145,6.285686016082764,0.8248629570007324
B,3098fe550c534448adf2e2844e06950d,2,0.10669553279876709,0.2809979021549225,6.285656929016113,1.1690930128097534
B,3098fe550c534448adf2e2844e06950d,3,0.10669552534818649,0.2809973359107971,6.285671710968018,1.4265708923339844
B,3098fe550c534448adf2e2844e06950d,5,0.10669560730457306,0.28099656105041504,6.285667419433594,1.844403862953186
B,31260ec93c914a0ea7835850db66e445,1,0.1267310231924057,0.43818947672843933,3.9658050537109375,0.8224918842315674
B,31260ec93c914a0ea7835850db66e445,2,0.1267310082912445,0.43818891048431396,3.9658043384552,1.169580340385437
B,31260ec93c914a0ea7835850db66e445,3,0.1267310231924057,0.4381891191005707,3.9658029079437256,1.4255422353744507
B,31260ec93c914a0ea7835850db66e445,5,0.12673094868659973,0.4381897747516632,3.965806007385254,1.8450156450271606
B,319376f14ac644759cc5f8fae239d6be,1,0.0985075831413269,0.3694068491458893,8.629968643188477,0.8242759704589844
B,319376f14ac644759cc5f8fae239d6be,2,0.09850755333900452,0.36940670013427734,8.629949569702148,1.1692200899124146
B,319376f14ac644759cc5f8fae239d6be,3,0.09850770235061646,0.3694077134132385,8.629958152770996,1.4263063669204712
B,319376f14ac644759cc5f8fae239d6be,5,0.09850741177797318,0.3694069981575012,8.629980087280273,1.84455406665802
B,31aa0fb227cb47b1897084a9d23aa10f,1,0.010661229491233826,0.17017963528633118,16.82660675048828,0.8253023028373718
B,31aa0fb227cb47b1897084a9d23aa10f,2,0.010661219246685505,0.17017751932144165,16.826623916625977,1.1690064668655396
B,31aa0fb227cb47b1897084a9d23aa10f,3,0.010661217384040356,0.17017662525177002,16.826616287231445,1.426767110824585
B,31aa0fb227cb47b1897084a9d23aa10f,5,0.010661225765943527,0.17017650604248047,16.826663970947266,1.8443057537078857
B,322dc0a758414cd2932ad3bd3d78c678,1,0.09005279093980789,0.27248069643974304,2.7806196212768555,0.8236472606658936
B,322dc0a758414cd2932ad3bd3d78c678,2,0.09005279839038849,0.27248111367225647,2.780620813369751,1.1693395376205444
B,322dc0a758414cd2932ad3bd3d78c678,3,0.09005275368690491,0.2724817097187042,2.780640125274658,1.4260363578796387
B,322dc0a758414cd2932ad3bd3d78c678,5,0.09005279839038849,0.2724820673465729,2.7806203365325928,1.8447006940841675
B,3338cda4fe694bc8869b7c587c078246,1,0.2834358811378479,0.15292330086231232,5.580288887023926,0.8244289755821228
B,3338cda4fe694bc8869b7c587c078246,2,0.283460408449173,0.1532575488090515,5.581943035125732,1.1691893339157104
B,3338cda4fe694bc8869b7c587c078246,3,0.2835429906845093,0.15381182730197906,5.59014892578125,1.4263737201690674
B,3338cda4fe694bc8869b7c587c078246,5,0.28352129459381104,0.15366247296333313,5.5899224281311035,1.844520092010498
B,3354476a318444a88d29eb0105f69289,1,0.040829528123140335,0.2887509763240814,3.9929864406585693,0.8245070576667786
B,3354476a318444a88d29eb0105f69289,2,0.040829554200172424,0.28874775767326355,3.9929890632629395,1.1691662073135376
B,3354476a318444a88d29eb0105f69289,3,0.04082953929901123,0.288749635219574,3.992983341217041,1.4264119863510132
B,3354476a318444a88d29eb0105f69289,5,0.04082952067255974,0.2887495756149292,3.9929871559143066,1.8444894552230835
C,00f7c6d95b7d4c359681cc3b93f8a077,1,0.0020253616385161877,0.10165613889694214,5.147119998931885,0.8220608234405518
C,00f7c6d95b7d4c359681cc3b93f8a077,2,0.0020253616385161877,0.10165613889694214,5.147119998931885,1.1660734415054321
C,00f7c6d95b7d4c359681cc3b93f8a077,3,0.0020253616385161877,0.10165613889694214,5.147119998931885,1.4271650314331055
C,00f7c6d95b7d4c359681cc3b93f8a077,5,0.0020253616385161877,0.10165613889694214,5.147119998931885,1.8441482782363892
C,00ff6c772dce4e84bf66544ada6093a0,1,0.017983928322792053,0.3056381046772003,23.430294036865234,0.8190211057662964
C,00ff6c772dce4e84bf66544ada6093a0,2,0.017983928322792053,0.3056381046772003,23.430294036865234,1.1657756567001343
C,00ff6c772dce4e84bf66544ada6093a0,3,0.017983928322792053,0.3056381046772003,23.430294036865234,1.428062081336975
C,00ff6c772dce4e84bf66544ada6093a0,5,0.017984045669436455,0.30564671754837036,23.430294036865234,1.8464922904968262
C,0104f4b9bd3c476d949785e03f2ff7c6,1,0.00014741280756425112,0.2999981641769409,10.50588321685791,0.8203467726707458
C,0104f4b9bd3c476d949785e03f2ff7c6,2,0.00014741280756425112,0.2999981641769409,10.50588321685791,1.1655333042144775
C,0104f4b9bd3c476d949785e03f2ff7c6,3,0.00014741280756425112,0.2999981641769409,10.50588321685791,1.426297903060913
C,0104f4b9bd3c476d949785e03f2ff7c6,5,0.00014741280756425112,0.2999981641769409,10.50588321685791,1.8434008359909058
C,0109cde49c664b408e6a95a82d235070,1,0.19993409514427185,0.13030655682086945,3.8954756259918213,0.8232027888298035
C,0109cde49c664b408e6a95a82d235070,2,0.19993409514427185,0.13030655682086945,3.8954756259918213,1.1661632061004639
C,0109cde49c664b408e6a95a82d235070,3,0.19993409514427185,0.13030655682086945,3.8954756259918213,1.4324252605438232
C,0109cde49c664b408e6a95a82d235070,5,0.19993409514427185,0.13030655682086945,3.8954756259918213,1.8495887517929077
C,01f2d9c189f5404c97f696d022b0ad81,1,0.0008761967183090746,0.3033435344696045,4.370077133178711,0.820813000202179
C,01f2d9c189f5404c97f696d022b0ad81,2,0.0008761967183090746,0.3033435344696045,4.370077133178711,1.1657304763793945
C,01f2d9c189f5404c97f696d022b0ad81,3,0.0008761967183090746,0.3033435344696045,4.370077133178711,1.4265098571777344
C,01f2d9c189f5404c97f696d022b0ad81,5,0.0008761967183090746,0.3033435344696045,4.370077133178711,1.8436191082000732
C,024bfdbc8f1c4a75bdbaaecb905e04e8,1,0.06597893685102463,0.21842309832572937,8.204516410827637,0.8233254551887512
C,024bfdbc8f1c4a75bdbaaecb905e04e8,2,0.06597893685102463,0.21842309832572937,8.204516410827637,1.1669484376907349
C,024bfdbc8f1c4a75bdbaaecb905e04e8,3,0.06597893685102463,0.21842309832572937,8.204516410827637,1.427680492401123
C,024bfdbc8f1c4a75bdbaaecb905e04e8,5,0.06597893685102463,0.21842309832572937,8.204516410827637,1.8443894386291504
C,027e8e8787bf40689bdd8e795636a106,1,0.028744004666805267,0.25058257579803467,5.238898754119873,0.8245777487754822
C,027e8e8787bf40689bdd8e795636a106,2,0.028744004666805267,0.25058257579803467,5.238898754119873,1.1670492887496948
C,027e8e8787bf40689bdd8e795636a106,3,0.028744004666805267,0.25058257579803467,5.238898754119873,1.43147873878479
C,027e8e8787bf40689bdd8e795636a106,5,0.028744004666805267,0.25058257579803467,5.238898754119873,1.8485908508300781
C,02c1619333c74000886bee7b9667e1d6,1,0.0001478836638852954,0.28595471382141113,7.167141437530518,0.8209065794944763
C,02c1619333c74000886bee7b9667e1d6,2,0.0001478836638852954,0.28595471382141113,7.167141437530518,1.1662795543670654
C,02c1619333c74000886bee7b9667e1d6,3,0.0001478836638852954,0.28595471382141113,7.167141437530518,1.4292775392532349
C,02c1619333c74000886bee7b9667e1d6,5,0.0001478836638852954,0.28595471382141113,7.167141437530518,1.8473650217056274
C,02fc000a981e416386d8cc51c858de5b,1,0.18200884759426117,0.26026177406311035,14.72387409210205,0.8213033676147461
C,02fc000a981e416386d8cc51c858de5b,2,0.18200884759426117,0.26028162240982056,14.72387409210205,1.16606867313385
C,02fc000a981e416386d8cc51c858de5b,3,0.18200884759426117,0.2603481709957123,14.72387409210205,1.4277015924453735
C,02fc000a981e416386d8cc51c858de5b,5,0.18200884759426117,0.26028186082839966,14.72387409210205,1.84519362449646
C,03ba54375bcb45d1a92a5dcb9e8e3a59,1,0.05204939842224121,0.2741106152534485,3.1105546951293945,0.8237850069999695
C,03ba54375bcb45d1a92a5dcb9e8e3a59,2,0.05204940214753151,0.27412012219429016,3.1105546951293945,1.1685198545455933
C,03ba54375bcb45d1a92a5dcb9e8e3a59,3,0.05204940214753151,0.27412012219429016,3.1105546951293945,1.4332267045974731
C,03ba54375bcb45d1a92a5dcb9e8e3a59,5,0.05204940214753151,0.27412012219429016,3.1105546951293945,1.8506039381027222
C,0437089225fb4b8496c6c4a824d370e6,1,0.08102045208215714,0.38906270265579224,26.30929183959961,0.818618893623352
C,0437089225fb4b8496c6c4a824d370e6,2,0.08102045208215714,0.38906270265579224,26.30929183959961,1.1648485660552979
C,0437089225fb4b8496c6c4a824d370e6,3,0.08102045208215714,0.38906270265579224,26.30929183959961,1.425666093826294
C,0437089225fb4b8496c6c4a824d370e6,5,0.08102045208215714,0.38906270265579224,26.30929183959961,1.843135118484497
C,048002dcad254cf8b57d51d84ad84435,1,0.07449626177549362,0.16122010350227356,10.106416702270508,0.8192346096038818
C,048002dcad254cf8b57d51d84ad84435,2,0.07449626177549362,0.16122010350227356,10.106416702270508,1.1649816036224365
C,048002dcad254cf8b57d51d84ad84435,3,0.07449626177549362,0.16121961176395416,10.106416702270508,1.4260190725326538
C,048002dcad254cf8b57d51d84ad84435,5,0.07449626177549362,0.16122010350227356,10.106416702270508,1.8435670137405396
C,04dbe2471a134bd68f5b8d8d4af95aae,1,0.043150294572114944,0.3117454946041107,5.086276531219482,0.8209092020988464
C,04dbe2471a134bd68f5b8d8d4af95aae,2,0.043150294572114944,0.3117454946041107,5.086276531219482,1.1674524545669556
C,04dbe2471a134bd68f5b8d8d4af95aae,3,0.043150294572114944,0.3117454946041107,5.086276531219482,1.430673599243164
C,04dbe2471a134bd68f5b8d8d4af95aae,5,0.043150294572114944,0.3117454946041107,5.086276531219482,1.8489902019500732
C,04e43ff1195e45029a03b6cdc53f9aa8,1,0.00014698812447022647,0.2620733082294464,15.168402671813965,0.8189736604690552
C,04e43ff1195e45029a03b6cdc53f9aa8,2,0.00014698812447022647,0.2620733082294464,15.168402671813965,1.164865493774414
C,04e43ff1195e45029a03b6cdc53f9aa8,3,0.00014698812447022647,0.26207777857780457,15.168402671813965,1.4265601634979248
C,04e43ff1195e45029a03b6cdc53f9aa8,5,0.00014698812447022647,0.26207777857780457,15.168402671813965,1.8444894552230835
C,04e5ee9a0baa446e9ab973cce0153bc8,1,0.00014720788749400526,0.2939840257167816,5.713397979736328,0.8220922946929932
C,04e5ee9a0baa446e9ab973cce0153bc8,2,0.00014720788749400526,0.2939840257167816,5.713397979736328,1.1663228273391724
C,04e5ee9a0baa446e9ab973cce0153bc8,3,0.00014720788749400526,0.2939840257167816,5.713397979736328,1.4304507970809937
C,04e5ee9a0baa446e9ab973cce0153bc8,5,0.00014720788749400526,0.2939840257167816,5.713397979736328,1.848171591758728
C,05703932eb2c45c0918d4f91c875d064,1,0.019814396277070045,0.1200951635837555,17.07678985595703,0.8182887434959412
C,05703932eb2c45c0918d4f91c875d064,2,0.019814396277070045,0.1200951635837555,17.07678985595703,1.164723515510559
C,05703932eb2c45c0918d4f91c875d064,3,0.019814396277070045,0.1200951635837555,17.07678985595703,1.4255660772323608
C,05703932eb2c45c0918d4f91c875d064,5,0.019814396277070045,0.1200951635837555,17.07678985595703,1.8430837392807007
C,060c9e87a01b4fd08f87578d63e4961e,1,0.03413046523928642,0.4240992069244385,7.5294294357299805,0.8255512714385986
C,060c9e87a01b4fd08f87578d63e4961e,2,0.03413047641515732,0.42409947514533997,7.529438495635986,1.1704342365264893
C,060c9e87a01b4fd08f87578d63e4961e,3,0.03413047641515732,0.42409947514533997,7.529438495635986,1.4331796169281006
C,060c9e87a01b4fd08f87578d63e4961e,5,0.03413047641515732,0.42409947514533997,7.529438495635986,1.8505686521530151
C,062ad5b97bf34d75b7c7003b9b6f2cb0,1,0.003983053378760815,0.22477111220359802,4.736392021179199,0.8234813213348389
C,062ad5b97bf34d75b7c7003b9b6f2cb0,2,0.003983053378760815,0.22477111220359802,4.736392021179199,1.1666953563690186
C,062ad5b97bf34d75b7c7003b9b6f2cb0,3,0.003983053378760815,0.22477111220359802,4.736392021179199,1.433181881904602
C,062ad5b97bf34d75b7c7003b9b6f2cb0,5,0.003983053378760815,0.22477111220359802,4.736392021179199,1.8502824306488037
C,069044476a7f49b9b83f6364654c85c3,1,0.12053284794092178,0.3133186101913452,5.099061012268066,0.8202688097953796
C,069044476a7f49b9b83f6364654c85c3,2,0.12053284794092178,0.3133186101913452,5.099061012268066,1.165417194366455
C,069044476a7f49b9b83f6364654c85c3,3,0.12053284794092178,0.3133186101913452,5.099061012268066,1.42644464969635
C,069044476a7f49b9b83f6364654c85c3,5,0.12053284794092178,0.3133186101913452,5.099061012268066,1.8437256813049316
C,0692e0ff0ef34b21b1f3659270d2e558,1,0.03780495375394821,0.35991421341896057,11.44483470916748,0.8184304237365723
C,0692e0ff0ef34b21b1f3659270d2e558,2,0.03780495375394821,0.35991421341896057,11.44483470916748,1.1647562980651855
C,0692e0ff0ef34b21b1f3659270d2e558,3,0.03780495375394821,0.3599161207675934,11.44483470916748,1.4256205558776855
C,0692e0ff0ef34b21b1f3659270d2e558,5,0.03780495375394821,0.3599161207675934,11.44483470916748,1.8431452512741089
C,06dd0877eb584e569d1bc9070e42baa2,1,0.08151751011610031,0.2855258584022522,5.324994087219238,0.8258160948753357
C,06dd0877eb584e569d1bc9070e42baa2,2,0.08151751011610031,0.2855413258075714,5.3249921798706055,1.1668167114257812
C,06dd0877eb584e569d1bc9070e42baa2,3,0.08151751011610031,0.2855413258075714,5.3249921798706055,1.4315361976623535
C,06dd0877eb584e569d1bc9070e42baa2,5,0.08151751011610031,0.2855217158794403,5.324995517730713,1.8482398986816406
C,07a81928f67f4aa2ad0d59a057ae374e,1,0.1052936390042305,0.7230349779129028,15.72912883758545,0.8186447024345398
C,07a81928f67f4aa2ad0d59a057ae374e,2,0.1052936390042305,0.7230349779129028,15.72912883758545,1.1647738218307495
C,07a81928f67f4aa2ad0d59a057ae374e,3,0.1052936390042305,0.7230349779129028,15.72912883758545,1.4257906675338745
C,07a81928f67f4aa2ad0d59a057ae374e,5,0.1052936390042305,0.7230349779129028,15.72912883758545,1.8435114622116089
C,07c2642631f947a5ac799dddeea39eb9,1,0.04785192385315895,0.1588219553232193,7.34619665145874,0.8184531927108765
C,07c2642631f947a5ac799dddeea39eb9,2,0.04785192385315895,0.1588219553232193,7.34619665145874,1.1648924350738525
C,07c2642631f947a5ac799dddeea39eb9,3,0.04785192385315895,0.1588219553232193,7.34619665145874,1.4266982078552246
C,07c2642631f947a5ac799dddeea39eb9,5,0.04785192385315895,0.1588219553232193,7.34619665145874,1.8448195457458496
C,086be698bca14d7791d9032884909954,1,0.07611130177974701,0.30420228838920593,4.345309257507324,0.8228929042816162
C,086be698bca14d7791d9032884909954,2,0.0761113166809082,0.3042033016681671,4.345309257507324,1.1667271852493286
C,086be698bca14d7791d9032884909954,3,0.0761113166809082,0.3042033016681671,4.345309257507324,1.4286504983901978
C,086be698bca14d7791d9032884909954,5,0.0761113166809082,0.3042033016681671,4.345309257507324,1.8458092212677002
C,087ca366dee64594bba4189b31dd7a45,1,0.027338923886418343,0.1833358258008957,9.973001480102539,0.8182067275047302
C,087ca366dee64594bba4189b31dd7a45,2,0.027338914573192596,0.18333700299263,9.973001480102539,1.1646513938903809
C,087ca366dee64594bba4189b31dd7a45,3,0.027338914573192596,0.18333700299263,9.973001480102539,1.4257211685180664
C,087ca366dee64594bba4189b31dd7a45,5,0.027338914573192596,0.18333700299263,9.973001480102539,1.8434288501739502
C,08aab5b01d384e0082c56c17fc9f2245,1,0.00014691823162138462,0.2536005973815918,6.368950843811035,0.8221091628074646
C,08aab5b01d384e0082c56c17fc9f2245,2,0.00014691823162138462,0.2536005973815918,6.368950843811035,1.1681123971939087
C,08aab5b01d384e0082c56c17fc9f2245,3,0.00014691823162138462,0.2536005973815918,6.368950843811035,1.4322065114974976
C,08aab5b01d384e0082c56c17fc9f2245,5,0.00014691823162138462,0.2536005973815918,6.368950843811035,1.8501873016357422
C,08bc3a0eec7042389949e2c5ad9bf700,1,0.025225531309843063,0.37752199172973633,4.509092330932617,0.821802020072937
C,08bc3a0eec7042389949e2c5ad9bf700,2,0.025225531309843063,0.37752199172973633,4.509092330932617,1.1661080121994019
C,08bc3a0eec7042389949e2c5ad9bf700,3,0.025225553661584854,0.37753593921661377,4.509092330932617,1.432072639465332
C,08bc3a0eec7042389949e2c5ad9bf700,5,0.025225553661584854,0.37753593921661377,4.509092330932617,1.8496291637420654
C,099450527f614a3e81baf1fe4fe087ab,1,0.059936776757240295,0.22423812747001648,8.226090431213379,0.8195860981941223
C,099450527f614a3e81baf1fe4fe087ab,2,0.059936776757240295,0.22423812747001648,8.226090431213379,1.1652343273162842
C,099450527f614a3e81baf1fe4fe087ab,3,0.059936776757240295,0.22423812747001648,8.226090431213379,1.4273574352264404
C,099450527f614a3e81baf1fe4fe087ab,5,0.059936776757240295,0.22423812747001648,8.226090431213379,1.845373511314392
C,09fb340c826c402683eca48320936aec,1,0.00014793006994295865,0.33274105191230774,10.093422889709473,0.8206518888473511
C,09fb340c826c402683eca48320936aec,2,0.00014793006994295865,0.33274105191230774,10.093422889709473,1.165472388267517
C,09fb340c826c402683eca48320936aec,3,0.00014793006994295865,0.33274105191230774,10.093422889709473,1.4265718460083008
C,09fb340c826c402683eca48320936aec,5,0.00014793006994295865,0.33274105191230774,10.093422889709473,1.8439154624938965
C,0a354259149c4930bac9bab65ce89cdd,1,0.019732628017663956,0.2826901376247406,3.7861998081207275,0.8265921473503113
C,0a354259149c4930bac9bab65ce89cdd,2,0.019732633605599403,0.28269022703170776,3.786198616027832,1.1682922840118408
C,0a354259149c4930bac9bab65ce89cdd,3,0.019732633605599403,0.28269022703170776,3.786198616027832,1.4291375875473022
C,0a354259149c4930bac9bab65ce89cdd,5,0.019732633605599403,0.28269022703170776,3.786198616027832,1.8451565504074097
C,0a39c8c2a2df48b6a072da1d9306cf36,1,0.10715868324041367,0.3091929256916046,3.722517728805542,0.8207531571388245
C,0a39c8c2a2df48b6a072da1d9306cf36,2,0.10715869069099426,0.30919149518013,3.7225148677825928,1.1656956672668457
C,0a39c8c2a2df48b6a072da1d9306cf36,3,0.10715869069099426,0.30919149518013,3.7225148677825928,1.4270821809768677
C,0a39c8c2a2df48b6a072da1d9306cf36,5,0.10715868324041367,0.3091929256916046,3.722517728805542,1.8445100784301758
C,0ae2a05bf20c4b028b86c33e26aa9e0c,1,0.08681648224592209,0.2392774224281311,7.695321083068848,0.8199169039726257
C,0ae2a05bf20c4b028b86c33e26aa9e0c,2,0.08681648224592209,0.2392771691083908,7.695321083068848,1.1652967929840088
C,0ae2a05bf20c4b028b86c33e26aa9e0c,3,0.08681648224592209,0.2392771691083908,7.695321083068848,1.426304578781128
C,0ae2a05bf20c4b028b86c33e26aa9e0c,5,0.08681648224592209,0.2392771691083908,7.695321083068848,1.8436920642852783
C,0af17e65f26647cc99709f7d15944994,1,0.07310754805803299,0.29697439074516296,6.922014236450195,0.8229631185531616
C,0af17e65f26647cc99709f7d15944994,2,0.07310754805803299,0.29697439074516296,6.922014236450195,1.1663264036178589
C,0af17e65f26647cc99709f7d15944994,3,0.07310754805803299,0.296974241733551,6.922014236450195,1.429050087928772
C,0af17e65f26647cc99709f7d15944994,5,0.07310754805803299,0.29697439074516296,6.922014236450195,1.8464123010635376
C,0b1cc5fa9d8744ddabb84d3ec55b9a97,1,0.07209813594818115,0.3176075518131256,31.753629684448242,0.8189435601234436
C,0b1cc5fa9d8744ddabb84d3ec55b9a97,2,0.07209813594818115,0.3176075518131256,31.753629684448242,1.164973497390747
C,0b1cc5fa9d8744ddabb84d3ec55b9a97,3,0.07209813594818115,0.3176075518131256,31.753629684448242,1.4257746934890747
C,0b1cc5fa9d8744ddabb84d3ec55b9a97,5,0.07209813594818115,0.3176075518131256,31.753629684448242,1.8431915044784546
C,0b6168841a3f46bdaa56947d469c79da,1,0.00014687140355817974,0.34414756298065186,12.485868453979492,0.8184998035430908
C,0b6168841a3f46bdaa56947d469c79da,2,0.00014687140355817974,0.34414756298065186,12.485868453979492,1.1657532453536987
C,0b6168841a3f46bdaa56947d469c79da,3,0.00014687140355817974,0.34414756298065186,12.485868453979492,1.4281758069992065
C,0b6168841a3f46bdaa56947d469c79da,5,0.00014687140355817974,0.34414756298065186,12.485868453979492,1.8468483686447144
C,0bba5774d2bd40e48a2d246fdd0b92f5,1,0.05405554175376892,0.2261534333229065,4.190268516540527,0.8256415724754333
C,0bba5774d2bd40e48a2d246fdd0b92f5,2,0.05405554175376892,0.22615152597427368,4.190268516540527,1.169251561164856
C,0bba5774d2bd40e48a2d246fdd0b92f5,3,0.05405554175376892,0.22615152597427368,4.190268516540527,1.4351152181625366
C,0bba5774d2bd40e48a2d246fdd0b92f5,5,0.05405554175376892,0.22615168988704681,4.190268516540527,1.851701021194458
C,0c5eb9cedea94e2180187a07cb661ceb,1,0.015607372857630253,0.23452310264110565,11.075312614440918,0.8254519104957581
C,0c5eb9cedea94e2180187a07cb661ceb,2,0.01560748927295208,0.23452331125736237,11.075312614440918,1.1700799465179443
C,0c5eb9cedea94e2180187a07cb661ceb,3,0.01560748927295208,0.23452331125736237,11.075312614440918,1.4336926937103271
C,0c5eb9cedea94e2180187a07cb661ceb,5,0.01560748927295208,0.23452331125736237,11.075312614440918,1.8509204387664795
C,0c87b9d50c7f4a2292e337ceb54ec36a,1,0.045411866158246994,0.3608306050300598,10.687003135681152,0.8177996277809143
C,0c87b9d50c7f4a2292e337ceb54ec36a,2,0.045411866158246994,0.3608306050300598,10.687003135681152,1.1646076440811157
C,0c87b9d50c7f4a2292e337ceb54ec36a,3,0.0454118549823761,0.36081722378730774,10.687003135681152,1.4259225130081177
C,0c87b9d50c7f4a2292e337ceb54ec36a,5,0.045411866158246994,0.3608306050300598,10.687003135681152,1.8440542221069336
C,0cc862bb5d9f41269631ff62504cfdf9,1,0.01692119613289833,0.1700836420059204,19.124584197998047,0.8182291984558105
C,0cc862bb5d9f41269631ff62504cfdf9,2,0.01692119613289833,0.1700836420059204,19.124584197998047,1.1647214889526367
C,0cc862bb5d9f41269631ff62504cfdf9,3,0.01692119613289833,0.1700836420059204,19.124584197998047,1.4255502223968506
C,0cc862bb5d9f41269631ff62504cfdf9,5,0.01692119613289833,0.1700836420059204,19.124584197998047,1.8430805206298828
C,0e63e1ef419b49278ddc45ec63f69979,1,0.010236384347081184,0.17247921228408813,8.042529106140137,0.8200416564941406
C,0e63e1ef419b49278ddc45ec63f69979,2,0.010236384347081184,0.17247921228408813,8.042529106140137,1.1652231216430664
C,0e63e1ef419b49278ddc45ec63f69979,3,0.010236384347081184,0.17247921228408813,8.042529106140137,1.4264049530029297
C,0e63e1ef419b49278ddc45ec63f69979,5,0.010236404836177826,0.17247644066810608,8.042529106140137,1.8438234329223633
C,0e92245b9cac4423810aece64743decd,1,0.05456617847084999,0.16635286808013916,24.667558670043945,0.8185665011405945
C,0e92245b9cac4423810aece64743decd,2,0.05456617847084999,0.16635286808013916,24.667558670043945,1.1648324728012085
C,0e92245b9cac4423810aece64743decd,3,0.05456617847084999,0.16635286808013916,24.667558670043945,1.4257687330245972
C,0e92245b9cac4423810aece64743decd,5,0.05456617847084999,0.16635286808013916,24.667558670043945,1.843614935874939
C,0f3d54f4b2b74580a2c1891c1116dc5f,1,0.07266876101493835,0.793785810470581,5.656304836273193,0.8201267719268799
C,0f3d54f4b2b74580a2c1891c1116dc5f,2,0.07266876101493835,0.793785810470581,5.656304836273193,1.1656067371368408
C,0f3d54f4b2b74580a2c1891c1116dc5f,3,0.07266876101493835,0.793785810470581,5.656304836273193,1.4281593561172485
C,0f3d54f4b2b74580a2c1891c1116dc5f,5,0.07266876101493835,0.793785810470581,5.656304836273193,1.8462028503417969
C,0f48025ff969419582312f9a02fd7af0,1,0.08488623052835464,0.27638426423072815,7.0547404289245605,0.8213284611701965
C,0f48025ff969419582312f9a02fd7af0,2,0.08488623797893524,0.2766628861427307,7.0547404289245605,1.1658931970596313
C,0f48025ff969419582312f9a02fd7af0,3,0.08488623797893524,0.27664655447006226,7.054741382598877,1.4266884326934814
C,0f48025ff969419582312f9a02fd7af0,5,0.08488623052835464,0.27664536237716675,7.0547404289245605,1.8435791730880737
C,10edcd93ffa94c2a8cc0bc2e9bcf7eae,1,0.00014732919225934893,0.11821524053812027,4.2516069412231445,0.8224409222602844
C,10edcd93ffa94c2a8cc0bc2e9bcf7eae,2,0.00014732919225934893,0.11821524053812027,4.2516069412231445,1.166411280632019
C,10edcd93ffa94c2a8cc0bc2e9bcf7eae,3,0.00014732919225934893,0.11821524053812027,4.2516069412231445,1.4271900653839111
C,10edcd93ffa94c2a8cc0bc2e9bcf7eae,5,0.00014732919225934893,0.11821524053812027,4.2516069412231445,1.8439610004425049
C,1175f68a974a45f5b9b6e51c08f1a432,1,0.036580100655555725,0.2416383922100067,6.609073638916016,0.8243575692176819
C,1175f68a974a45f5b9b6e51c08f1a432,2,0.036580100655555725,0.2416383922100067,6.609073638916016,1.1670211553573608
C,1175f68a974a45f5b9b6e51c08f1a432,3,0.036580100655555725,0.2416383922100067,6.609073638916016,1.4284493923187256
C,1175f68a974a45f5b9b6e51c08f1a432,5,0.036580100655555725,0.2416383922100067,6.609073638916016,1.8452690839767456
C,11940acb7fe34046ae965ed2fc1a3359,1,0.00028939160984009504,0.19857782125473022,5.5895819664001465,0.8176804780960083
C,11940acb7fe34046ae965ed2fc1a3359,2,0.00028939160984009504,0.19857782125473022,5.5895819664001465,1.164467692375183
C,11940acb7fe34046ae965ed2fc1a3359,3,0.00028939160984009504,0.19857782125473022,5.5895819664001465,1.4253636598587036
C,11940acb7fe34046ae965ed2fc1a3359,5,0.00028939160984009504,0.19857782125473022,5.5895819664001465,1.8430113792419434
C,1199736697cb491a899f77c0b75112dd,1,0.00014739642210770398,0.17243358492851257,2.486518383026123,0.8288878202438354
C,1199736697cb491a899f77c0b75112dd,2,0.00014739642210770398,0.17243358492851257,2.486518383026123,1.1679933071136475
C,1199736697cb491a899f77c0b75112dd,3,0.00014739642210770398,0.17243358492851257,2.486518383026123,1.4339885711669922
C,1199736697cb491a899f77c0b75112dd,5,0.00014739642210770398,0.17243358492851257,2.486518383026123,1.8501367568969727
C,11b4c003677148478409d6a66a65eb0e,1,0.009855953976511955,0.12484484910964966,11.494924545288086,0.8189677596092224
C,11b4c003677148478409d6a66a65eb0e,2,0.009855953976511955,0.12484484910964966,11.494924545288086,1.1654051542282104
C,11b4c003677148478409d6a66a65eb0e,3,0.009855953976511955,0.12484484910964966,11.494924545288086,1.4272818565368652
C,11b4c003677148478409d6a66a65eb0e,5,0.009855953976511955,0.12484484910964966,11.494924545288086,1.8454645872116089
C,12aef634af8944ff86f9a967ccb1608b,1,0.06556587666273117,0.3514847159385681,12.998620986938477,0.8189496397972107
C,12aef634af8944ff86f9a967ccb1608b,2,0.06556587666273117,0.3514847159385681,12.998620986938477,1.1664899587631226
C,12aef634af8944ff86f9a967ccb1608b,3,0.06556587666273117,0.3514847159385681,12.998620986938477,1.4284902811050415
C,12aef634af8944ff86f9a967ccb1608b,5,0.06556587666273117,0.3514847159385681,12.998620986938477,1.8469128608703613
C,1397ff3d60e04d9aa7b0524d022cf5cf,1,0.0001479185011703521,0.22570204734802246,7.660906791687012,0.8189713954925537
C,1397ff3d60e04d9aa7b0524d022cf5cf,2,0.00014793957234360278,0.22500775754451752,7.658586502075195,1.1654826402664185
C,1397ff3d60e04d9aa7b0524d022cf5cf,3,0.00014795927563682199,0.22412317991256714,7.65524959564209,1.4283778667449951
C,1397ff3d60e04d9aa7b0524d022cf5cf,5,0.00014795755851082504,0.22425855696201324,7.655969142913818,1.8466025590896606
C,13c868d7ccfa48288730c0e6334a288c,1,0.1049714908003807,0.2366102635860443,5.779501438140869,0.8232355117797852
C,13c868d7ccfa48288730c0e6334a288c,2,0.10497146844863892,0.23665006458759308,5.779501438140869,1.1662489175796509
C,13c868d7ccfa48288730c0e6334a288c,3,0.10497146844863892,0.23665159940719604,5.779501438140869,1.428680658340454
C,13c868d7ccfa48288730c0e6334a288c,5,0.1049714908003807,0.23658236861228943,5.779501438140869,1.8458369970321655
C,13d4e5021ab84f30afd31f35c213cccb,1,0.00849437341094017,0.0919642373919487,7.847725868225098,0.8198080658912659
C,13d4e5021ab84f30afd31f35c213cccb,2,0.00849437341094017,0.0919642373919487,7.847725868225098,1.1669025421142578
C,13d4e5021ab84f30afd31f35c213cccb,3,0.00849437341094017,0.0919642373919487,7.847725868225098,1.4293444156646729
C,13d4e5021ab84f30afd31f35c213cccb,5,0.00849437341094017,0.0919642373919487,7.847725868225098,1.8478055000305176
C,1420fb72273245db90f1e90ab0bc1724,1,0.08289346843957901,0.28706783056259155,18.559480667114258,0.8186497688293457
C,1420fb72273245db90f1e90ab0bc1724,2,0.08289346843957901,0.28706783056259155,18.559480667114258,1.1648049354553223
C,1420fb72273245db90f1e90ab0bc1724,3,0.08289346843957901,0.28706783056259155,18.559480667114258,1.4259124994277954
C,1420fb72273245db90f1e90ab0bc1724,5,0.08289346843957901,0.28706783056259155,18.559480667114258,1.843612551689148
C,15db5f6f195c4995898af1b0ce431f80,1,0.013135896064341068,0.4883996248245239,3.9891457557678223,0.8229368329048157
C,15db5f6f195c4995898af1b0ce431f80,2,0.013135905377566814,0.48839953541755676,3.989142656326294,1.1670186519622803
C,15db5f6f195c4995898af1b0ce431f80,3,0.01313590444624424,0.48839953541755676,3.989143133163452,1.4296525716781616
C,15db5f6f195c4995898af1b0ce431f80,5,0.01313590444624424,0.48839953541755676,3.989143133163452,1.8470650911331177
C,1603ccd8b72e49c1a7074f124b212f0e,1,0.0001474591117585078,0.19464540481567383,8.683228492736816,0.8178271055221558
C,1603ccd8b72e49c1a7074f124b212f0e,2,0.0001474591117585078,0.19464540481567383,8.683228492736816,1.1645420789718628
C,1603ccd8b72e49c1a7074f124b212f0e,3,0.0001474591117585078,0.19464540481567383,8.683228492736816,1.4254063367843628
C,1603ccd8b72e49c1a7074f124b212f0e,5,0.0001474591117585078,0.19464540481567383,8.683228492736816,1.8430345058441162
C,16ffa17d84c8467f89403df9ad894301,1,0.008838187903165817,0.3588038682937622,8.80319595336914,0.8247777223587036
C,16ffa17d84c8467f89403df9ad894301,2,0.008838187903165817,0.3588038682937622,8.80319595336914,1.1698886156082153
C,16ffa17d84c8467f89403df9ad894301,3,0.008838187903165817,0.3588038682937622,8.80319595336914,1.433254599571228
C,16ffa17d84c8467f89403df9ad894301,5,0.008838187903165817,0.3588038682937622,8.80319595336914,1.8506672382354736
C,17092add79b24457ba29f0b35d660072,1,0.06798475980758667,0.21387186646461487,6.8384623527526855,0.8218539953231812
C,17092add79b24457ba29f0b35d660072,2,0.06798475980758667,0.21389363706111908,6.838461875915527,1.1660208702087402
C,17092add79b24457ba29f0b35d660072,3,0.06798475980758667,0.21389363706111908,6.838461875915527,1.427730917930603
C,17092add79b24457ba29f0b35d660072,5,0.06798475980758667,0.21389055252075195,6.838461875915527,1.845072865486145
C,179832b0585c415d979f90dced97ae71,1,0.08913879096508026,0.2460203766822815,9.148313522338867,0.8188818693161011
C,179832b0585c415d979f90dced97ae71,2,0.08913879096508026,0.2460203766822815,9.148313522338867,1.164896011352539
C,179832b0585c415d979f90dced97ae71,3,0.08913879096508026,0.24602006375789642,9.148313522338867,1.4259965419769287
C,179832b0585c415d979f90dced97ae71,5,0.08913879096508026,0.24602006375789642,9.148313522338867,1.8436591625213623
C,17bc5de2691b43cfb873091778a8de52,1,0.00014618255954701453,0.3507770597934723,23.02467918395996,0.8181955218315125
C,17bc5de2691b43cfb873091778a8de52,2,0.00014618255954701453,0.3507801592350006,23.02467918395996,1.1647028923034668
C,17bc5de2691b43cfb873091778a8de52,3,0.00014618255954701453,0.3507801592350006,23.02467918395996,1.4255528450012207
C,17bc5de2691b43cfb873091778a8de52,5,0.00014618255954701453,0.3507770597934723,23.02467918395996,1.8433444499969482
C,18b0f54db566476fb861c8fa187cd8d8,1,0.2154306322336197,0.20800219476222992,17.442167282104492,0.8183202743530273
C,18b0f54db566476fb861c8fa187cd8d8,2,0.2154306322336197,0.20800219476222992,17.442167282104492,1.1648393869400024
C,18b0f54db566476fb861c8fa187cd8d8,3,0.2154306322336197,0.20800219476222992,17.442167282104492,1.4258248805999756
C,18b0f54db566476fb861c8fa187cd8d8,5,0.2154306322336197,0.20799395442008972,17.442167282104492,1.8435899019241333
C,1907da7461054e5ba6885302c08c2677,1,0.08065566420555115,1.3303101062774658,9.692924499511719,0.8180170655250549
C,1907da7461054e5ba6885302c08c2677,2,0.08069586753845215,1.3303155899047852,9.693072319030762,1.1651633977890015
C,1907da7461054e5ba6885302c08c2677,3,0.08070798218250275,1.3304164409637451,9.693221092224121,1.427119493484497
C,1907da7461054e5ba6885302c08c2677,5,0.08072151988744736,1.3303675651550293,9.693694114685059,1.8455326557159424
C,191df4fa5f48453d81ede86ed863a3c2,1,0.08782164752483368,0.2934344410896301,4.353057384490967,0.8265833854675293
C,191df4fa5f48453d81ede86ed863a3c2,2,0.0878291130065918,0.2940588891506195,4.353253364562988,1.1678624153137207
C,191df4fa5f48453d81ede86ed863a3c2,3,0.08783193677663803,0.29412537813186646,4.353248119354248,1.4300764799118042
C,191df4fa5f48453d81ede86ed863a3c2,5,0.08783438801765442,0.29430055618286133,4.353307723999023,1.8465895652770996
C,193c0e81efc74ed0bd5834586cf3fe8f,1,0.11544938385486603,0.2991715967655182,5.789458751678467,0.8198391795158386
C,193c0e81efc74ed0bd5834586cf3fe8f,2,0.11544938385486603,0.2991715967655182,5.789458751678467,1.1651899814605713
C,193c0e81efc74ed0bd5834586cf3fe8f,3,0.11544938385486603,0.2991715967655182,5.789458751678467,1.4263508319854736
C,193c0e81efc74ed0bd5834586cf3fe8f,5,0.11544938385486603,0.2991715967655182,5.789458751678467,1.843862771987915
C,195a37929e644c3dbfbe25de252b0969,1,0.18098734319210052,0.24496209621429443,18.220502853393555,0.8183978796005249
C,195a37929e644c3dbfbe25de252b0969,2,0.18098734319210052,0.24496209621429443,18.220502853393555,1.1648406982421875
C,195a37929e644c3dbfbe25de252b0969,3,0.18098734319210052,0.24496209621429443,18.220502853393555,1.425714135169983
C,195a37929e644c3dbfbe25de252b0969,5,0.18098734319210052,0.24496209621429443,18.220502853393555,1.843505620956421
C,1ada36a1a86a4bdaaa106bee7d9ac67d,1,0.12213588505983353,0.21784305572509766,5.528650283813477,0.8229964971542358
C,1ada36a1a86a4bdaaa106bee7d9ac67d,2,0.12213588505983353,0.21784305572509766,5.528650283813477,1.1669352054595947
C,1ada36a1a86a4bdaaa106bee7d9ac67d,3,0.12213588505983353,0.2178431749343872,5.528650283813477,1.429358959197998
C,1ada36a1a86a4bdaaa106bee7d9ac67d,5,0.12213588505983353,0.21784305572509766,5.528650283813477,1.8468090295791626
C,1b98302c1ed9406a8343b3d39d6c5095,1,0.00014744937652722,0.40080589056015015,5.400535583496094,0.8230410218238831
C,1b98302c1ed9406a8343b3d39d6c5095,2,0.00014744937652722,0.40080589056015015,5.400535583496094,1.166066288948059
C,1b98302c1ed9406a8343b3d39d6c5095,3,0.00014744937652722,0.40080589056015015,5.400535583496094,1.4291728734970093
C,1b98302c1ed9406a8343b3d39d6c5095,5,0.00014744937652722,0.40080589056015015,5.400535583496094,1.8464444875717163
C,1bbd90606751424ca876f2c94e183784,1,0.022158900275826454,0.2758307158946991,40.74043655395508,0.8189749717712402
C,1bbd90606751424ca876f2c94e183784,2,0.022158900275826454,0.2758307158946991,40.74043655395508,1.1649832725524902
C,1bbd90606751424ca876f2c94e183784,3,0.022158900275826454,0.2758307158946991,40.74043655395508,1.4257956743240356
C,1bbd90606751424ca876f2c94e183784,5,0.022158900275826454,0.2758307158946991,40.74043655395508,1.8431754112243652
C,1bc61e7f64a54ccc9f3942b874779522,1,0.11454514414072037,0.2807590961456299,2.810621738433838,0.8237740397453308
C,1bc61e7f64a54ccc9f3942b874779522,2,0.11454514414072037,0.2807590961456299,2.810621738433838,1.16690194606781
C,1bc61e7f64a54ccc9f3942b874779522,3,0.11454514414072037,0.2807590961456299,2.810621738433838,1.4310098886489868
C,1bc61e7f64a54ccc9f3942b874779522,5,0.11454514414072037,0.2807590961456299,2.810621738433838,1.8483096361160278
C,1d29f591697e493387d51a116b895934,1,0.07575385272502899,0.24566645920276642,6.053155422210693,0.8219243884086609
C,1d29f591697e493387d51a116b895934,2,0.07575385272502899,0.24566645920276642,6.053155422210693,1.1668431758880615
C,1d29f591697e493387d51a116b895934,3,0.07575385272502899,0.24566645920276642,6.053155422210693,1.4296692609786987
C,1d29f591697e493387d51a116b895934,5,0.07575385272502899,0.24566645920276642,6.053155422210693,1.8474546670913696
C,1dbcb5f847804c75822615e161505d83,1,0.00014709372771903872,0.12469083070755005,8.428635597229004,0.8184922337532043
C,1dbcb5f847804c75822615e161505d83,2,0.00014709372771903872,0.12469083070755005,8.428635597229004,1.1648051738739014
C,1dbcb5f847804c75822615e161505d83,3,0.00014709372771903872,0.12469083070755005,8.428635597229004,1.425615668296814
C,1dbcb5f847804c75822615e161505d83,5,0.00014709372771903872,0.12469083070755005,8.428635597229004,1.8431276082992554
C,1e5929958e9d4fd5b0b8cdeaf2752d01,1,0.034642159938812256,0.21236838400363922,14.593573570251465,0.8183479309082031
C,1e5929958e9d4fd5b0b8cdeaf2752d01,2,0.034642159938812256,0.21236838400363922,14.593573570251465,1.1647895574569702
C,1e5929958e9d4fd5b0b8cdeaf2752d01,3,0.034642159938812256,0.21236838400363922,14.593573570251465,1.425603985786438
C,1e5929958e9d4fd5b0b8cdeaf2752d01,5,0.034642159938812256,0.21236838400363922,14.593573570251465,1.8430919647216797
C,1ea9f54daa68475d867243576d94e9b5,1,0.11485263705253601,0.30527931451797485,8.075942039489746,0.8230667114257812
C,1ea9f54daa68475d867243576d94e9b5,2,0.11485254764556885,0.3052719831466675,8.075953483581543,1.1679506301879883
C,1ea9f54daa68475d867243576d94e9b5,3,0.1148524135351181,0.3052733540534973,8.075949668884277,1.4331392049789429
C,1ea9f54daa68475d867243576d94e9b5,5,0.1148526594042778,0.3052566945552826,8.075979232788086,1.8505542278289795
C,1eeefd2d22dd4b6c8ec6fbfa1f885d01,1,0.09989481419324875,0.8877869844436646,10.534703254699707,0.8178691267967224
C,1eeefd2d22dd4b6c8ec6fbfa1f885d01,2,0.09989481419324875,0.8877869844436646,10.534703254699707,1.1649174690246582
C,1eeefd2d22dd4b6c8ec6fbfa1f885d01,3,0.09989481419324875,0.8877869844436646,10.534703254699707,1.4266724586486816
C,1eeefd2d22dd4b6c8ec6fbfa1f885d01,5,0.09989481419324875,0.8877869844436646,10.534703254699707,1.8450169563293457
C,1f6c403e514e4d259ecb329543003c3d,1,0.019367454573512077,0.14975464344024658,4.572742938995361,0.8233815431594849
C,1f6c403e514e4d259ecb329543003c3d,2,0.019367454573512077,0.14975464344024658,4.572742938995361,1.16886568069458
C,1f6c403e514e4d259ecb329543003c3d,3,0.019367454573512077,0.14975464344024658,4.572742938995361,1.4321520328521729
C,1f6c403e514e4d259ecb329543003c3d,5,0.019367454573512077,0.14975464344024658,4.572742938995361,1.849886417388916
C,1f899649bb9f4e51a031668b0a97d438,1,0.0066075995564460754,0.28405827283859253,3.3731210231781006,0.7540743350982666
C,1f899649bb9f4e51a031668b0a97d438,2,0.0066075995564460754,0.28405827283859253,3.3731210231781006,1.1508725881576538
C,1f899649bb9f4e51a031668b0a97d438,3,0.0066075995564460754,0.28405827283859253,3.3731210231781006,1.4760782718658447
C,1f899649bb9f4e51a031668b0a97d438,5,0.0066075995564460754,0.28405827283859253,3.3731210231781006,1.9104549884796143
C,202304220aef4cac84572ec4a072bf68,1,0.014939448796212673,0.3365214765071869,11.78668212890625,0.8225282430648804
C,202304220aef4cac84572ec4a072bf68,2,0.014940239489078522,0.3325287401676178,11.775792121887207,1.1679723262786865
C,202304220aef4cac84572ec4a072bf68,3,0.014936979860067368,0.344471275806427,11.806739807128906,1.431609869003296
C,202304220aef4cac84572ec4a072bf68,5,0.014937560074031353,0.343106746673584,11.803485870361328,1.8496519327163696
C,210f600a968c47e4abeed9c8d25f36bd,1,0.00014760640624444932,0.3399953544139862,9.2181978225708,0.8177315592765808
C,210f600a968c47e4abeed9c8d25f36bd,2,0.00014760640624444932,0.3399953544139862,9.2181978225708,1.1645095348358154
C,210f600a968c47e4abeed9c8d25f36bd,3,0.00014760640624444932,0.3399953544139862,9.2181978225708,1.4253846406936646
C,210f600a968c47e4abeed9c8d25f36bd,5,0.00014760640624444932,0.3399953544139862,9.2181978225708,1.8430203199386597
C,21228b0cf30745efbf0842c86f34e584,1,0.0060104490257799625,0.2665576934814453,4.2470011711120605,0.8371661305427551
C,21228b0cf30745efbf0842c86f34e584,2,0.0060104490257799625,0.2665576934814453,4.2470011711120605,1.1746058464050293
C,21228b0cf30745efbf0842c86f34e584,3,0.0060104490257799625,0.2665576934814453,4.2470011711120605,1.4389017820358276
C,21228b0cf30745efbf0842c86f34e584,5,0.0060104490257799625,0.2665576934814453,4.2470011711120605,1.852468729019165
C,2242ba8057ed45c998208ca71cd13b3e,1,0.04078923538327217,0.30553722381591797,2.826606512069702,0.8261467814445496
C,2242ba8057ed45c998208ca71cd13b3e,2,0.04078923538327217,0.3055339753627777,2.826606512069702,1.1680666208267212
C,2242ba8057ed45c998208ca71cd13b3e,3,0.04078923538327217,0.3055339753627777,2.826606512069702,1.429430365562439
C,2242ba8057ed45c998208ca71cd13b3e,5,0.04078923538327217,0.3055339753627777,2.826606512069702,1.8457778692245483
C,229df31da28c4d3390d6ae1fef2867e0,1,0.021628743037581444,0.29512032866477966,6.097596168518066,0.828019917011261
C,229df31da28c4d3390d6ae1fef2867e0,2,0.021628715097904205,0.2951226830482483,6.097596168518066,1.1716963052749634
C,229df31da28c4d3390d6ae1fef2867e0,3,0.021628715097904205,0.2951226830482483,6.097596168518066,1.4341892004013062
C,229df31da28c4d3390d6ae1fef2867e0,5,0.021628715097904205,0.2951226830482483,6.097596168518066,1.85098397731781
C,22a62914e48948cbb93a08364e3d650c,1,0.08627855032682419,0.19317235052585602,4.680480480194092,0.8189632892608643
C,22a62914e48948cbb93a08364e3d650c,2,0.08627855032682419,0.19336020946502686,4.680480003356934,1.165176510810852
C,22a62914e48948cbb93a08364e3d650c,3,0.08627854287624359,0.19341906905174255,4.680479526519775,1.426138997077942
C,22a62914e48948cbb93a08364e3d650c,5,0.08627855032682419,0.19346584379673004,4.680479526519775,1.8437851667404175
C,2408f7b6d1d64b9ca70b14a84dee8d84,1,0.13083608448505402,0.24872419238090515,7.112167835235596,0.8217307329177856
C,2408f7b6d1d64b9ca70b14a84dee8d84,2,0.1308361142873764,0.24872393906116486,7.112167835235596,1.1659982204437256
C,2408f7b6d1d64b9ca70b14a84dee8d84,3,0.1308361142873764,0.2487228363752365,7.112167835235596,1.4288662672042847
C,2408f7b6d1d64b9ca70b14a84dee8d84,5,0.13083606958389282,0.24872300028800964,7.112167835235596,1.8465170860290527
C,24a0d4520d444db7980f3737950f2a5c,1,0.013498960062861443,0.1833159625530243,11.167729377746582,0.8189014792442322
C,24a0d4520d444db7980f3737950f2a5c,2,0.013498960062861443,0.1833159625530243,11.167729377746582,1.166104793548584
C,24a0d4520d444db7980f3737950f2a5c,3,0.013498960062861443,0.1833159625530243,11.167729377746582,1.4282509088516235
C,24a0d4520d444db7980f3737950f2a5c,5,0.013498960062861443,0.1833159625530243,11.167729377746582,1.8467540740966797
C,2570d5ef94e740e9bd85d42e6b8c59f6,1,0.02625681646168232,0.2960670292377472,8.522238731384277,0.8191595673561096
C,2570d5ef94e740e9bd85d42e6b8c59f6,2,0.02625681646168232,0.29605379700660706,8.522238731384277,1.1649916172027588
C,2570d5ef94e740e9bd85d42e6b8c59f6,3,0.02625681646168232,0.29605379700660706,8.522238731384277,1.4259389638900757
C,2570d5ef94e740e9bd85d42e6b8c59f6,5,0.02625681646168232,0.29605379700660706,8.522238731384277,1.8434486389160156
C,25b1735633484414aef07006a0099c26,1,0.02644048072397709,0.31771835684776306,68.28881072998047,0.8218396306037903
C,25b1735633484414aef07006a0099c26,2,0.02644048072397709,0.3177187144756317,68.28881072998047,1.1663172245025635
C,25b1735633484414aef07006a0099c26,3,0.02644047699868679,0.31771934032440186,68.28881072998047,1.4269545078277588
C,25b1735633484414aef07006a0099c26,5,0.026440484449267387,0.31771939992904663,68.28881072998047,1.8436639308929443
C,25b74c8c02ef41f6bdb3dc2b097c6eee,1,0.07961836457252502,0.23079878091812134,21.785741806030273,0.8199019432067871
C,25b74c8c02ef41f6bdb3dc2b097c6eee,2,0.07961835712194443,0.23086872696876526,21.78573989868164,1.1655462980270386
C,25b74c8c02ef41f6bdb3dc2b097c6eee,3,0.07961835712194443,0.23081836104393005,21.78573989868164,1.427119493484497
C,25b74c8c02ef41f6bdb3dc2b097c6eee,5,0.07961835712194443,0.23086699843406677,21.785741806030273,1.8451306819915771
C,260151f2360c484e8c0a5034ff391021,1,0.0370294526219368,0.3058147728443146,4.389902591705322,0.8252954483032227
C,260151f2360c484e8c0a5034ff391021,2,0.03703155368566513,0.30571094155311584,4.389838218688965,1.1672550439834595
C,260151f2360c484e8c0a5034ff391021,3,0.037031348794698715,0.305686354637146,4.38979959487915,1.4301475286483765
C,260151f2360c484e8c0a5034ff391021,5,0.037031155079603195,0.30564337968826294,4.389708518981934,1.8469164371490479
C,273a3aa035784eacb89db08c1a0710bf,1,0.09899287670850754,0.1609024852514267,6.208618640899658,0.8228195309638977
C,273a3aa035784eacb89db08c1a0710bf,2,0.09899287670850754,0.1609024852514267,6.208618640899658,1.1665574312210083
C,273a3aa035784eacb89db08c1a0710bf,3,0.09899287670850754,0.1609024852514267,6.208618640899658,1.4302500486373901
C,273a3aa035784eacb89db08c1a0710bf,5,0.09899287670850754,0.1609024852514267,6.208618640899658,1.8478091955184937
C,276f390b0cfc475898b445466d387cf6,1,0.07496017217636108,0.2644732892513275,8.003896713256836,0.8195284008979797
C,276f390b0cfc475898b445466d387cf6,2,0.07496017217636108,0.2644732892513275,8.003896713256836,1.165020227432251
C,276f390b0cfc475898b445466d387cf6,3,0.07496017217636108,0.2644732892513275,8.003896713256836,1.4261057376861572
C,276f390b0cfc475898b445466d387cf6,5,0.07496017217636108,0.2644732892513275,8.003896713256836,1.8435248136520386
C,27b4f79643cb40ae8cdde5d5a9adebf1,1,0.07686366885900497,0.21012048423290253,8.79724407196045,0.8197160363197327
C,27b4f79643cb40ae8cdde5d5a9adebf1,2,0.07686366140842438,0.2101203054189682,8.79724407196045,1.1652050018310547
C,27b4f79643cb40ae8cdde5d5a9adebf1,3,0.07686366140842438,0.2101203054189682,8.79724407196045,1.4260637760162354
C,27b4f79643cb40ae8cdde5d5a9adebf1,5,0.07686366885900497,0.21012048423290253,8.79724407196045,1.8433847427368164
C,285fbc3ac47c47dead4bae4f21dbf966,1,0.006791346240788698,0.23320835828781128,3.741720676422119,0.8306419253349304
C,285fbc3ac47c47dead4bae4f21dbf966,2,0.006791346240788698,0.23320835828781128,3.741720676422119,1.1718297004699707
C,285fbc3ac47c47dead4bae4f21dbf966,3,0.006791346240788698,0.23320835828781128,3.741720676422119,1.4366568326950073
C,285fbc3ac47c47dead4bae4f21dbf966,5,0.006791346240788698,0.23320835828781128,3.741720676422119,1.8520551919937134
C,28e9c03735124472877f9f4741a74d78,1,0.04889838397502899,0.3159029185771942,4.8239874839782715,0.8265018463134766
C,28e9c03735124472877f9f4741a74d78,2,0.04889838397502899,0.3159029185771942,4.8239874839782715,1.1678351163864136
C,28e9c03735124472877f9f4741a74d78,3,0.04889838397502899,0.3159029185771942,4.8239874839782715,1.4304970502853394
C,28e9c03735124472877f9f4741a74d78,5,0.04889838397502899,0.3159029185771942,4.8239874839782715,1.8471565246582031
C,28f3639867884b1ab9357e990899d9d6,1,0.00774436304345727,0.1587727963924408,5.808216094970703,0.8204352855682373
C,28f3639867884b1ab9357e990899d9d6,2,0.00774436304345727,0.1587727963924408,5.808216094970703,1.1668974161148071
C,28f3639867884b1ab9357e990899d9d6,3,0.00774436304345727,0.1587727963924408,5.808216094970703,1.4295737743377686
C,28f3639867884b1ab9357e990899d9d6,5,0.00774436304345727,0.1587727963924408,5.808216094970703,1.8478212356567383
C,2989fed94cf84cc8bddefad13d208932,1,0.04552307352423668,0.3266242444515228,4.576117992401123,0.8242437839508057
C,2989fed94cf84cc8bddefad13d208932,2,0.04552306607365608,0.3266138434410095,4.576117992401123,1.1662362813949585
C,2989fed94cf84cc8bddefad13d208932,3,0.04552306979894638,0.32663244009017944,4.576117992401123,1.4306082725524902
C,2989fed94cf84cc8bddefad13d208932,5,0.04552306979894638,0.32663244009017944,4.576117992401123,1.8476053476333618
C,29bc29d28a574da5a81e51a7bdccc563,1,0.013065527193248272,0.43630242347717285,15.276151657104492,0.8185141086578369
C,29bc29d28a574da5a81e51a7bdccc563,2,0.01307717990130186,0.43706217408180237,15.275848388671875,1.1648406982421875
C,29bc29d28a574da5a81e51a7bdccc563,3,0.013051075860857964,0.4363815188407898,15.276226997375488,1.4256192445755005
C,29bc29d28a574da5a81e51a7bdccc563,5,0.013051005080342293,0.4364567697048187,15.276178359985352,1.843231201171875
C,29dd1b62f2a74a1f85cad5fede2fc423,1,0.04064248502254486,0.41554203629493713,6.039214134216309,0.823494553565979
C,29dd1b62f2a74a1f85cad5fede2fc423,2,0.040642522275447845,0.41554272174835205,6.039219379425049,1.1680268049240112
C,29dd1b62f2a74a1f85cad5fede2fc423,3,0.040642522275447845,0.41554272174835205,6.039219379425049,1.4320142269134521
C,29dd1b62f2a74a1f85cad5fede2fc423,5,0.04064251482486725,0.4155421555042267,6.039216995239258,1.8495405912399292
C,29dfbc6436484061ba94690407c5f8fd,1,0.0038738891016691923,0.33356717228889465,4.378340244293213,0.8225480914115906
C,29dfbc6436484061ba94690407c5f8fd,2,0.0038738891016691923,0.33356717228889465,4.378340244293213,1.168494701385498
C,29dfbc6436484061ba94690407c5f8fd,3,0.0038738891016691923,0.33356717228889465,4.378340244293213,1.4335389137268066
C,29dfbc6436484061ba94690407c5f8fd,5,0.0038738891016691923,0.33356717228889465,4.378340244293213,1.8511147499084473
C,2a37df8f84254af1aa4fca1efdbc4fe7,1,0.006709921173751354,0.34444570541381836,5.885956764221191,0.822194516658783
C,2a37df8f84254af1aa4fca1efdbc4fe7,2,0.00670988904312253,0.34444713592529297,5.885957717895508,1.1664434671401978
C,2a37df8f84254af1aa4fca1efdbc4fe7,3,0.006709921173751354,0.34444570541381836,5.885955333709717,1.4298760890960693
C,2a37df8f84254af1aa4fca1efdbc4fe7,5,0.00670988904312253,0.34444713592529297,5.885957717895508,1.8475714921951294
C,2b59a3b183004c3c860337ceb41750c8,1,0.09009982645511627,0.5823767185211182,15.538153648376465,0.8235650658607483
C,2b59a3b183004c3c860337ceb41750c8,2,0.09009982645511627,0.5826177597045898,15.537840843200684,1.166460394859314
C,2b59a3b183004c3c860337ceb41750c8,3,0.09009982645511627,0.5826177597045898,15.537840843200684,1.429261326789856
C,2b59a3b183004c3c860337ceb41750c8,5,0.09009987860918045,0.5826174020767212,15.537875175476074,1.846494436264038
C,2be296fc2d684166b4e0dcbe84d92337,1,0.00014718891179654747,0.2940981388092041,7.579154014587402,0.821014940738678
C,2be296fc2d684166b4e0dcbe84d92337,2,0.00014718891179654747,0.2940981388092041,7.579154014587402,1.1661810874938965
C,2be296fc2d684166b4e0dcbe84d92337,3,0.00014718891179654747,0.2940981388092041,7.579154014587402,1.4294650554656982
C,2be296fc2d684166b4e0dcbe84d92337,5,0.00014718891179654747,0.2940981388092041,7.579154014587402,1.8474608659744263
C,2c0aa3bfb16540fba4ba538a8c67f3b3,1,0.00014658397412858903,0.21719369292259216,16.31917953491211,0.8179818391799927
C,2c0aa3bfb16540fba4ba538a8c67f3b3,2,0.00014658397412858903,0.21719369292259216,16.31917953491211,1.164603352546692
C,2c0aa3bfb16540fba4ba538a8c67f3b3,3,0.00014658397412858903,0.21719369292259216,16.31917953491211,1.4254697561264038
C,2c0aa3bfb16540fba4ba538a8c67f3b3,5,0.00014658397412858903,0.21719390153884888,16.31917953491211,1.8430440425872803
C,2c3da301c24245ce9b25ce41e44a5b35,1,0.16039472818374634,0.35321736335754395,5.294034481048584,0.8235313296318054
C,2c3da301c24245ce9b25ce41e44a5b35,2,0.16040749847888947,0.35347527265548706,5.293828964233398,1.1666395664215088
C,2c3da301c24245ce9b25ce41e44a5b35,3,0.1604093611240387,0.35351476073265076,5.293793678283691,1.428463339805603
C,2c3da301c24245ce9b25ce41e44a5b35,5,0.1604093313217163,0.35354411602020264,5.2938127517700195,1.8454139232635498
C,2c60afeb98c3492f8007ac509de7698b,1,0.021906524896621704,0.11110784113407135,6.995849609375,0.8186715245246887
C,2c60afeb98c3492f8007ac509de7698b,2,0.021906524896621704,0.11110784113407135,6.995849609375,1.1649117469787598
C,2c60afeb98c3492f8007ac509de7698b,3,0.021906524896621704,0.11110784113407135,6.995849609375,1.4256975650787354
C,2c60afeb98c3492f8007ac509de7698b,5,0.021906524896621704,0.11110784113407135,6.995849609375,1.8431470394134521
C,2c6ce38f887f4373ae8f065210b7e9ee,1,0.03277068957686424,0.45579084753990173,5.4137043952941895,0.8225478529930115
C,2c6ce38f887f4373ae8f065210b7e9ee,2,0.03277108073234558,0.455790638923645,5.413722515106201,1.166496753692627
C,2c6ce38f887f4373ae8f065210b7e9ee,3,0.03277108073234558,0.455790638923645,5.413722515106201,1.4271903038024902
C,2c6ce38f887f4373ae8f065210b7e9ee,5,0.03277108073234558,0.455790638923645,5.413722515106201,1.8439182043075562
C,2c886582d8a94d5d9994de58b51911eb,1,0.18768519163131714,0.2485690861940384,5.822941780090332,0.8298107385635376
C,2c886582d8a94d5d9994de58b51911eb,2,0.18768519163131714,0.2485690861940384,5.822941780090332,1.172179937362671
C,2c886582d8a94d5d9994de58b51911eb,3,0.18768519163131714,0.24856911599636078,5.822944164276123,1.4357891082763672
C,2c886582d8a94d5d9994de58b51911eb,5,0.18768519163131714,0.24856911599636078,5.822944164276123,1.8518600463867188
C,2cdb6470844d4daba89365be8ad30f14,1,0.0001466934772906825,0.17756718397140503,19.307125091552734,0.8186826705932617
C,2cdb6470844d4daba89365be8ad30f14,2,0.0001466934772906825,0.17801141738891602,19.307125091552734,1.1649253368377686
C,2cdb6470844d4daba89365be8ad30f14,3,0.0001466934772906825,0.17769768834114075,19.307125091552734,1.4256938695907593
C,2cdb6470844d4daba89365be8ad30f14,5,0.00014669350639451295,0.17795300483703613,19.307125091552734,1.8431552648544312
C,2cf849fec80647928b7638ef08e602f4,1,0.0075643593445420265,0.16724693775177002,9.469115257263184,0.8240227699279785
C,2cf849fec80647928b7638ef08e602f4,2,0.0075643593445420265,0.16724693775177002,9.469115257263184,1.1687822341918945
C,2cf849fec80647928b7638ef08e602f4,3,0.0075643593445420265,0.16724693775177002,9.469115257263184,1.433584451675415
C,2cf849fec80647928b7638ef08e602f4,5,0.0075643593445420265,0.16724693775177002,9.469115257263184,1.8508849143981934
C,2d0280394a11463a9bf5b6ef8a1659a1,1,0.12544269859790802,0.35873496532440186,7.571332931518555,0.8237083554267883
C,2d0280394a11463a9bf5b6ef8a1659a1,2,0.12544269859790802,0.35873496532440186,7.571332931518555,1.1684811115264893
C,2d0280394a11463a9bf5b6ef8a1659a1,3,0.12544269859790802,0.35873496532440186,7.571332931518555,1.4333796501159668
C,2d0280394a11463a9bf5b6ef8a1659a1,5,0.12544269859790802,0.35873496532440186,7.571332931518555,1.8507795333862305
C,2d514ed8cabb4519b0e376bd0950115e,1,0.07210296392440796,0.47658467292785645,14.668463706970215,0.8207507133483887
C,2d514ed8cabb4519b0e376bd0950115e,2,0.07210050523281097,0.4765802025794983,14.668498039245605,1.166412353515625
C,2d514ed8cabb4519b0e376bd0950115e,3,0.07210242003202438,0.47660326957702637,14.668546676635742,1.4295552968978882
C,2d514ed8cabb4519b0e376bd0950115e,5,0.07210102677345276,0.4765940308570862,14.668438911437988,1.8478193283081055
C,2d6cf5ded8634930b65314a62150bc6f,1,0.004626011475920677,0.2865733504295349,7.475954532623291,0.8188389539718628
C,2d6cf5ded8634930b65314a62150bc6f,2,0.004626011475920677,0.2865733504295349,7.475954532623291,1.1650581359863281
C,2d6cf5ded8634930b65314a62150bc6f,3,0.004626011475920677,0.2865733504295349,7.475954532623291,1.4259076118469238
C,2d6cf5ded8634930b65314a62150bc6f,5,0.004626011475920677,0.2865733504295349,7.475954532623291,1.8435519933700562
C,2d8059066be34f61af4776f23f00640c,1,0.08633029460906982,0.32568809390068054,4.760657787322998,0.8261379599571228
C,2d8059066be34f61af4776f23f00640c,2,0.08633030205965042,0.32569167017936707,4.760657787322998,1.1667054891586304
C,2d8059066be34f61af4776f23f00640c,3,0.08633026480674744,0.32569053769111633,4.760657787322998,1.4323039054870605
C,2d8059066be34f61af4776f23f00640c,5,0.08633026480674744,0.32569053769111633,4.760657787322998,1.8489044904708862
C,2d82e08ea31549a99aa03ac6511613c6,1,0.16569572687149048,0.18497852981090546,8.426063537597656,0.82035893201828
C,2d82e08ea31549a99aa03ac6511613c6,2,0.16569574177265167,0.1849919855594635,8.426063537597656,1.1655782461166382
C,2d82e08ea31549a99aa03ac6511613c6,3,0.16569572687149048,0.18501566350460052,8.426063537597656,1.4277832508087158
C,2d82e08ea31549a99aa03ac6511613c6,5,0.16569571197032928,0.1850695013999939,8.426063537597656,1.8456283807754517
C,2dfa3a4d58a442bb9abbf1f7beb2e5e6,1,0.05110514163970947,0.3626140356063843,4.937727451324463,0.8323066830635071
C,2dfa3a4d58a442bb9abbf1f7beb2e5e6,2,0.05110514163970947,0.3626140356063843,4.937727451324463,1.1727195978164673
C,2dfa3a4d58a442bb9abbf1f7beb2e5e6,3,0.05110514163970947,0.3626140356063843,4.937727451324463,1.4371942281723022
C,2dfa3a4d58a442bb9abbf1f7beb2e5e6,5,0.05110514163970947,0.3626140356063843,4.937727451324463,1.852284550666809
C,2f761f9165384a0e8f51abafd1247e35,1,0.055245235562324524,0.38624969124794006,4.711163520812988,0.8278166651725769
C,2f761f9165384a0e8f51abafd1247e35,2,0.055244773626327515,0.38629594445228577,4.711368083953857,1.168712854385376
C,2f761f9165384a0e8f51abafd1247e35,3,0.05524524301290512,0.3862530291080475,4.711390972137451,1.4312688112258911
C,2f761f9165384a0e8f51abafd1247e35,5,0.055244799703359604,0.38629722595214844,4.711414813995361,1.8477802276611328
C,2fd7a41706254e6cb2c24467a5ca0370,1,0.022171156480908394,0.10759252309799194,6.299515724182129,0.8190104961395264
C,2fd7a41706254e6cb2c24467a5ca0370,2,0.022171156480908394,0.10760101675987244,6.299515724182129,1.165001630783081
C,2fd7a41706254e6cb2c24467a5ca0370,3,0.022171156480908394,0.10761253535747528,6.299515724182129,1.42582368850708
C,2fd7a41706254e6cb2c24467a5ca0370,5,0.022171156480908394,0.10761253535747528,6.299515724182129,1.8431726694107056
C,3050967715914e7791ae4a1d47551822,1,0.10757575929164886,0.25713470578193665,14.011446952819824,0.8216793537139893
C,3050967715914e7791ae4a1d47551822,2,0.10757575929164886,0.25713470578193665,14.011446952819824,1.167946696281433
C,3050967715914e7791ae4a1d47551822,3,0.10757575929164886,0.25713470578193665,14.011446952819824,1.4310418367385864
C,3050967715914e7791ae4a1d47551822,5,0.10757575929164886,0.25713470578193665,14.011446952819824,1.8491777181625366
C,308472c7daa94a4fbb44be3a345a879a,1,0.04327792301774025,0.224318265914917,5.79836368560791,0.8212059736251831
C,308472c7daa94a4fbb44be3a345a879a,2,0.04327792301774025,0.224318265914917,5.79836368560791,1.166583776473999
C,308472c7daa94a4fbb44be3a345a879a,3,0.04327792301774025,0.224318265914917,5.79836368560791,1.4295952320098877
C,308472c7daa94a4fbb44be3a345a879a,5,0.04327792301774025,0.224318265914917,5.79836368560791,1.8476170301437378
C,3098fe550c534448adf2e2844e06950d,1,0.10677698999643326,0.40655720233917236,6.28662633895874,0.8214553594589233
C,3098fe550c534448adf2e2844e06950d,2,0.10677698999643326,0.40655720233917236,6.28662633895874,1.1658697128295898
C,3098fe550c534448adf2e2844e06950d,3,0.10677698999643326,0.40655720233917236,6.28662633895874,1.426830530166626
C,3098fe550c534448adf2e2844e06950d,5,0.10677698999643326,0.40655720233917236,6.28662633895874,1.8438286781311035
C,31260ec93c914a0ea7835850db66e445,1,0.12885531783103943,0.43940258026123047,3.8712947368621826,0.8239912390708923
C,31260ec93c914a0ea7835850db66e445,2,0.12885531783103943,0.43940258026123047,3.8712940216064453,1.1684819459915161
C,31260ec93c914a0ea7835850db66e445,3,0.12885531783103943,0.43940258026123047,3.8712940216064453,1.4342193603515625
C,31260ec93c914a0ea7835850db66e445,5,0.12885531783103943,0.43940258026123047,3.8712940216064453,1.8513206243515015
C,319376f14ac644759cc5f8fae239d6be,1,0.09886723011732101,0.21691866219043732,8.651930809020996,0.8197907209396362
C,319376f14ac644759cc5f8fae239d6be,2,0.09886723011732101,0.21691866219043732,8.651930809020996,1.1658315658569336
C,319376f14ac644759cc5f8fae239d6be,3,0.09886723011732101,0.21691866219043732,8.651930809020996,1.428314208984375
C,319376f14ac644759cc5f8fae239d6be,5,0.09886723011732101,0.21691866219043732,8.651930809020996,1.8465379476547241
C,31aa0fb227cb47b1897084a9d23aa10f,1,0.01064220629632473,0.11070151627063751,16.852388381958008,0.8181326985359192
C,31aa0fb227cb47b1897084a9d23aa10f,2,0.01064220629632473,0.11070151627063751,16.852388381958008,1.1646621227264404
C,31aa0fb227cb47b1897084a9d23aa10f,3,0.01064220629632473,0.11070151627063751,16.852388381958008,1.425515055656433
C,31aa0fb227cb47b1897084a9d23aa10f,5,0.01064220629632473,0.11070151627063751,16.852388381958008,1.8430639505386353
C,322dc0a758414cd2932ad3bd3d78c678,1,0.0903322771191597,0.3526482880115509,2.7828497886657715,0.8237830996513367
C,322dc0a758414cd2932ad3bd3d78c678,2,0.0903322771191597,0.3526482880115509,2.7828497886657715,1.1672780513763428
C,322dc0a758414cd2932ad3bd3d78c678,3,0.0903322771191597,0.3526482880115509,2.7828497886657715,1.430932641029358
C,322dc0a758414cd2932ad3bd3d78c678,5,0.0903322771191597,0.3526482880115509,2.7828497886657715,1.848286747932434
C,3338cda4fe694bc8869b7c587c078246,1,0.2857038676738739,0.21120727062225342,5.628482818603516,0.8190813064575195
C,3338cda4fe694bc8869b7c587c078246,2,0.2857033908367157,0.21129600703716278,5.628485202789307,1.1657938957214355
C,3338cda4fe694bc8869b7c587c078246,3,0.28570306301116943,0.21120835840702057,5.628445148468018,1.4278372526168823
C,3338cda4fe694bc8869b7c587c078246,5,0.28570297360420227,0.21118655800819397,5.628442287445068,1.8461408615112305
C,3354476a318444a88d29eb0105f69289,1,0.041013576090335846,0.34374257922172546,4.017380714416504,0.822074294090271
C,3354476a318444a88d29eb0105f69289,2,0.041013576090335846,0.34374257922172546,4.017380714416504,1.1658413410186768
C,3354476a318444a88d29eb0105f69289,3,0.041013576090335846,0.34374234080314636,4.017380714416504,1.4278641939163208
C,3354476a318444a88d29eb0105f69289,5,0.04101357236504555,0.3437766134738922,4.017380714416504,1.8451472520828247
