domain,model,scene,si_mae_A,kappa_lighting,N,angular_spread_deg,cov_eig_min,cov_eig_max,cov_eig_ratio
analytic15_sh,sh,00f7c6d95b7d4c359681cc3b93f8a077,0.007140833418816328,757918.3338196862,1,0.0,-7.878790776790847e-17,1.0000000000000002,1000000000.0000001
analytic15_sh,sh,00f7c6d95b7d4c359681cc3b93f8a077,0.008700122125446796,757918.3338196862,2,91.93636879435786,-6.965982580043237e-17,0.5168947889474056,516894788.9474056
analytic15_sh,sh,00f7c6d95b7d4c359681cc3b93f8a077,0.0020764172077178955,757918.3338196861,3,77.09205727460716,0.14688118189864752,0.5137753327176795,3.4978975936631564
analytic15_sh,sh,00f7c6d95b7d4c359681cc3b93f8a077,0.0019067947287112474,757918.3338196862,5,61.81534383266445,0.17493355350172302,0.5705465989928648,3.2615046546073
analytic15_sh,sh,00f7c6d95b7d4c359681cc3b93f8a077,0.002108524087816477,757918.3338196863,7,59.88206349279662,0.1519172004235042,0.6309873649805381,4.15349521464005
analytic15_sh,sh,00f7c6d95b7d4c359681cc3b93f8a077,0.0019278395920991898,757918.3338196862,10,63.575598474905874,0.20893337081535576,0.5102518458695189,2.4421749569170186
analytic15_sh,sh,00f7c6d95b7d4c359681cc3b93f8a077,0.0019439568277448416,757918.3338196861,15,61.71839991424037,0.22533685390353586,0.5010169173313568,2.223413119745767
analytic15_sh,sh,00ff6c772dce4e84bf66544ada6093a0,0.04738304764032364,11067.022357349839,1,0.0,-7.878790776790847e-17,1.0000000000000002,1000000000.0000001
analytic15_sh,sh,00ff6c772dce4e84bf66544ada6093a0,0.026833942160010338,11067.022357349839,2,91.93636879435786,-6.965982580043237e-17,0.5168947889474056,516894788.9474056
analytic15_sh,sh,00ff6c772dce4e84bf66544ada6093a0,0.01641872525215149,11067.022357349839,3,77.09205727460716,0.14688118189864752,0.5137753327176795,3.4978975936631564
analytic15_sh,sh,00ff6c772dce4e84bf66544ada6093a0,0.016820766031742096,11067.022357349839,5,61.81534383266445,0.17493355350172302,0.5705465989928648,3.2615046546073
analytic15_sh,sh,00ff6c772dce4e84bf66544ada6093a0,0.016199609264731407,11067.022357349839,7,59.88206349279662,0.1519172004235042,0.6309873649805381,4.15349521464005
analytic15_sh,sh,00ff6c772dce4e84bf66544ada6093a0,0.016852976754307747,11067.022357349839,10,63.575598474905874,0.20893337081535576,0.5102518458695189,2.4421749569170186
analytic15_sh,sh,00ff6c772dce4e84bf66544ada6093a0,0.01676071621477604,11067.022357349839,15,61.71839991424037,0.22533685390353586,0.5010169173313568,2.223413119745767
analytic15_sh,sh,0104f4b9bd3c476d949785e03f2ff7c6,0.00014741226914338768,23356.745664565973,1,0.0,-7.878790776790847e-17,1.0000000000000002,1000000000.0000001
analytic15_sh,sh,0104f4b9bd3c476d949785e03f2ff7c6,0.00014741328777745366,23356.745664565973,2,91.93636879435786,-6.965982580043237e-17,0.5168947889474056,516894788.9474056
analytic15_sh,sh,0104f4b9bd3c476d949785e03f2ff7c6,0.00014741241466253996,23356.745664565973,3,77.09205727460716,0.14688118189864752,0.5137753327176795,3.4978975936631564
analytic15_sh,sh,0104f4b9bd3c476d949785e03f2ff7c6,0.00014741292397957295,23356.745664565973,5,61.81534383266445,0.17493355350172302,0.5705465989928648,3.2615046546073
analytic15_sh,sh,0104f4b9bd3c476d949785e03f2ff7c6,0.00014741263294126838,23356.745664565973,7,59.88206349279662,0.1519172004235042,0.6309873649805381,4.15349521464005
analytic15_sh,sh,0104f4b9bd3c476d949785e03f2ff7c6,0.00014741317136213183,23356.745664565973,10,63.575598474905874,0.20893337081535576,0.5102518458695189,2.4421749569170186
analytic15_sh,sh,0104f4b9bd3c476d949785e03f2ff7c6,0.0001474128948757425,23356.74566456598,15,61.71839991424037,0.22533685390353586,0.5010169173313568,2.223413119745767
analytic15_sh,sh,0109cde49c664b408e6a95a82d235070,0.21647615730762482,208440.82755338735,1,0.0,-7.878790776790847e-17,1.0000000000000002,1000000000.0000001
analytic15_sh,sh,0109cde49c664b408e6a95a82d235070,0.222211092710495,208440.82755338735,2,91.93636879435786,-6.965982580043237e-17,0.5168947889474056,516894788.9474056
analytic15_sh,sh,0109cde49c664b408e6a95a82d235070,0.08024631440639496,208440.82755338735,3,77.09205727460716,0.14688118189864752,0.5137753327176795,3.4978975936631564
analytic15_sh,sh,0109cde49c664b408e6a95a82d235070,0.056164100766181946,208440.82755338735,5,61.81534383266445,0.17493355350172302,0.5705465989928648,3.2615046546073
analytic15_sh,sh,0109cde49c664b408e6a95a82d235070,0.09182427823543549,208440.82755338732,7,59.88206349279662,0.1519172004235042,0.6309873649805381,4.15349521464005
analytic15_sh,sh,0109cde49c664b408e6a95a82d235070,0.0642184242606163,208440.82755338732,10,63.575598474905874,0.20893337081535576,0.5102518458695189,2.4421749569170186
analytic15_sh,sh,0109cde49c664b408e6a95a82d235070,0.06561948359012604,208440.82755338732,15,61.71839991424037,0.22533685390353586,0.5010169173313568,2.223413119745767
analytic15_sh,sh,01f2d9c189f5404c97f696d022b0ad81,0.0008761948556639254,319127633.24324745,1,0.0,-7.878790776790847e-17,1.0000000000000002,1000000000.0000001
analytic15_sh,sh,01f2d9c189f5404c97f696d022b0ad81,0.0008761853096075356,319127633.24324745,2,91.93636879435786,-6.965982580043237e-17,0.5168947889474056,516894788.9474056
analytic15_sh,sh,01f2d9c189f5404c97f696d022b0ad81,0.0008758819312788546,319127633.24324745,3,77.09205727460716,0.14688118189864752,0.5137753327176795,3.4978975936631564
analytic15_sh,sh,01f2d9c189f5404c97f696d022b0ad81,0.0008751358254812658,319127633.24324745,5,61.81534383266445,0.17493355350172302,0.5705465989928648,3.2615046546073
analytic15_sh,sh,01f2d9c189f5404c97f696d022b0ad81,0.0008760079508647323,319127633.24324745,7,59.88206349279662,0.1519172004235042,0.6309873649805381,4.15349521464005
analytic15_sh,sh,01f2d9c189f5404c97f696d022b0ad81,0.0008755453745834529,319127633.24324745,10,63.575598474905874,0.20893337081535576,0.5102518458695189,2.4421749569170186
analytic15_sh,sh,01f2d9c189f5404c97f696d022b0ad81,0.0008756141178309917,319127633.2432474,15,61.71839991424037,0.22533685390353586,0.5010169173313568,2.223413119745767
analytic15_sh,sh,024bfdbc8f1c4a75bdbaaecb905e04e8,0.06353157758712769,44917.21190341703,1,0.0,-7.878790776790847e-17,1.0000000000000002,1000000000.0000001
analytic15_sh,sh,024bfdbc8f1c4a75bdbaaecb905e04e8,0.06194555014371872,44917.21190341703,2,91.93636879435786,-6.965982580043237e-17,0.5168947889474056,516894788.9474056
analytic15_sh,sh,024bfdbc8f1c4a75bdbaaecb905e04e8,0.03774107247591019,44917.21190341704,3,77.09205727460716,0.14688118189864752,0.5137753327176795,3.4978975936631564
analytic15_sh,sh,024bfdbc8f1c4a75bdbaaecb905e04e8,0.0298269372433424,44917.21190341703,5,61.81534383266445,0.17493355350172302,0.5705465989928648,3.2615046546073
analytic15_sh,sh,024bfdbc8f1c4a75bdbaaecb905e04e8,0.04161205142736435,44917.211903417025,7,59.88206349279662,0.1519172004235042,0.6309873649805381,4.15349521464005
analytic15_sh,sh,024bfdbc8f1c4a75bdbaaecb905e04e8,0.0328298956155777,44917.21190341703,10,63.575598474905874,0.20893337081535576,0.5102518458695189,2.4421749569170186
analytic15_sh,sh,024bfdbc8f1c4a75bdbaaecb905e04e8,0.03319485858082771,44917.211903417025,15,61.71839991424037,0.22533685390353586,0.5010169173313568,2.223413119745767
analytic15_sh,sh,027e8e8787bf40689bdd8e795636a106,0.06370608508586884,85930.72933661984,1,0.0,-7.878790776790847e-17,1.0000000000000002,1000000000.0000001
analytic15_sh,sh,027e8e8787bf40689bdd8e795636a106,0.07739464938640594,85930.72933661984,2,91.93636879435786,-6.965982580043237e-17,0.5168947889474056,516894788.9474056
analytic15_sh,sh,027e8e8787bf40689bdd8e795636a106,0.02478695474565029,85930.72933661984,3,77.09205727460716,0.14688118189864752,0.5137753327176795,3.4978975936631564
analytic15_sh,sh,027e8e8787bf40689bdd8e795636a106,0.02315300703048706,85930.72933661984,5,61.81534383266445,0.17493355350172302,0.5705465989928648,3.2615046546073
analytic15_sh,sh,027e8e8787bf40689bdd8e795636a106,0.02527298592031002,85930.72933661984,7,59.88206349279662,0.1519172004235042,0.6309873649805381,4.15349521464005
analytic15_sh,sh,027e8e8787bf40689bdd8e795636a106,0.023828785866498947,85930.72933661984,10,63.575598474905874,0.20893337081535576,0.5102518458695189,2.4421749569170186
analytic15_sh,sh,027e8e8787bf40689bdd8e795636a106,0.023915356025099754,85930.72933661984,15,61.71839991424037,0.22533685390353586,0.5010169173313568,2.223413119745767
analytic15_sh,sh,02c1619333c74000886bee7b9667e1d6,0.00014788379485253245,140129.3688780028,1,0.0,-7.878790776790847e-17,1.0000000000000002,1000000000.0000001
analytic15_sh,sh,02c1619333c74000886bee7b9667e1d6,0.00014788370754104108,140129.3688780028,2,91.93636879435786,-6.965982580043237e-17,0.5168947889474056,516894788.9474056
analytic15_sh,sh,02c1619333c74000886bee7b9667e1d6,0.00014788420230615884,140129.3688780028,3,77.09205727460716,0.14688118189864752,0.5137753327176795,3.4978975936631564
analytic15_sh,sh,02c1619333c74000886bee7b9667e1d6,0.0001478829508414492,140129.3688780028,5,61.81534383266445,0.17493355350172302,0.5705465989928648,3.2615046546073
analytic15_sh,sh,02c1619333c74000886bee7b9667e1d6,0.0001478841295465827,140129.36887800277,7,59.88206349279662,0.1519172004235042,0.6309873649805381,4.15349521464005
analytic15_sh,sh,02c1619333c74000886bee7b9667e1d6,0.00014788364933338016,140129.3688780028,10,63.575598474905874,0.20893337081535576,0.5102518458695189,2.4421749569170186
analytic15_sh,sh,02c1619333c74000886bee7b9667e1d6,0.00014788303815294057,140129.36887800277,15,61.71839991424037,0.22533685390353586,0.5010169173313568,2.223413119745767
analytic15_sh,sh,02fc000a981e416386d8cc51c858de5b,0.17389315366744995,178754.4982033845,1,0.0,-7.878790776790847e-17,1.0000000000000002,1000000000.0000001
analytic15_sh,sh,02fc000a981e416386d8cc51c858de5b,0.16557322442531586,178754.4982033845,2,91.93636879435786,-6.965982580043237e-17,0.5168947889474056,516894788.9474056
analytic15_sh,sh,02fc000a981e416386d8cc51c858de5b,0.06031815707683563,178754.4982033845,3,77.09205727460716,0.14688118189864752,0.5137753327176795,3.4978975936631564
analytic15_sh,sh,02fc000a981e416386d8cc51c858de5b,0.04619825631380081,178754.4982033845,5,61.81534383266445,0.17493355350172302,0.5705465989928648,3.2615046546073
analytic15_sh,sh,02fc000a981e416386d8cc51c858de5b,0.06960655003786087,178754.4982033845,7,59.88206349279662,0.1519172004235042,0.6309873649805381,4.15349521464005
analytic15_sh,sh,02fc000a981e416386d8cc51c858de5b,0.05178886651992798,178754.4982033845,10,63.575598474905874,0.20893337081535576,0.5102518458695189,2.4421749569170186
analytic15_sh,sh,02fc000a981e416386d8cc51c858de5b,0.052663180977106094,178754.49820338454,15,61.71839991424037,0.22533685390353586,0.5010169173313568,2.223413119745767
analytic15_sh,sh,03ba54375bcb45d1a92a5dcb9e8e3a59,0.09088937938213348,30976164.70585803,1,0.0,-7.878790776790847e-17,1.0000000000000002,1000000000.0000001
analytic15_sh,sh,03ba54375bcb45d1a92a5dcb9e8e3a59,0.11322876811027527,30976164.70585803,2,91.93636879435786,-6.965982580043237e-17,0.5168947889474056,516894788.9474056
analytic15_sh,sh,03ba54375bcb45d1a92a5dcb9e8e3a59,0.03336428850889206,30976164.705858033,3,77.09205727460716,0.14688118189864752,0.5137753327176795,3.4978975936631564
analytic15_sh,sh,03ba54375bcb45d1a92a5dcb9e8e3a59,0.027918903157114983,30976164.70585803,5,61.81534383266445,0.17493355350172302,0.5705465989928648,3.2615046546073
analytic15_sh,sh,03ba54375bcb45d1a92a5dcb9e8e3a59,0.03563455492258072,30976164.705858026,7,59.88206349279662,0.1519172004235042,0.6309873649805381,4.15349521464005
analytic15_sh,sh,03ba54375bcb45d1a92a5dcb9e8e3a59,0.029708633199334145,30976164.705858033,10,63.575598474905874,0.20893337081535576,0.5102518458695189,2.4421749569170186
analytic15_sh,sh,03ba54375bcb45d1a92a5dcb9e8e3a59,0.03002602979540825,30976164.70585804,15,61.71839991424037,0.22533685390353586,0.5010169173313568,2.223413119745767
analytic15_sh,sh,0437089225fb4b8496c6c4a824d370e6,0.06267587840557098,54680.00779793223,1,0.0,-7.878790776790847e-17,1.0000000000000002,1000000000.0000001
analytic15_sh,sh,0437089225fb4b8496c6c4a824d370e6,0.05744253844022751,54680.00779793223,2,91.93636879435786,-6.965982580043237e-17,0.5168947889474056,516894788.9474056
analytic15_sh,sh,0437089225fb4b8496c6c4a824d370e6,0.040591251105070114,54680.00779793223,3,77.09205727460716,0.14688118189864752,0.5137753327176795,3.4978975936631564
analytic15_sh,sh,0437089225fb4b8496c6c4a824d370e6,0.03583560883998871,54680.00779793223,5,61.81534383266445,0.17493355350172302,0.5705465989928648,3.2615046546073
analytic15_sh,sh,0437089225fb4b8496c6c4a824d370e6,0.04257487878203392,54680.00779793224,7,59.88206349279662,0.1519172004235042,0.6309873649805381,4.15349521464005
analytic15_sh,sh,0437089225fb4b8496c6c4a824d370e6,0.038223616778850555,54680.00779793223,10,63.575598474905874,0.20893337081535576,0.5102518458695189,2.4421749569170186
analytic15_sh,sh,0437089225fb4b8496c6c4a824d370e6,0.03865618258714676,54680.00779793224,15,61.71839991424037,0.22533685390353586,0.5010169173313568,2.223413119745767
analytic15_sh,sh,048002dcad254cf8b57d51d84ad84435,0.08283501118421555,2157026.190438856,1,0.0,-7.878790776790847e-17,1.0000000000000002,1000000000.0000001
analytic15_sh,sh,048002dcad254cf8b57d51d84ad84435,0.07426705956459045,2157026.190438856,2,91.93636879435786,-6.965982580043237e-17,0.5168947889474056,516894788.9474056
analytic15_sh,sh,048002dcad254cf8b57d51d84ad84435,0.027506642043590546,2157026.190438856,3,77.09205727460716,0.14688118189864752,0.5137753327176795,3.4978975936631564
analytic15_sh,sh,048002dcad254cf8b57d51d84ad84435,0.023038238286972046,2157026.190438856,5,61.81534383266445,0.17493355350172302,0.5705465989928648,3.2615046546073
analytic15_sh,sh,048002dcad254cf8b57d51d84ad84435,0.02902732789516449,2157026.190438856,7,59.88206349279662,0.1519172004235042,0.6309873649805381,4.15349521464005
analytic15_sh,sh,048002dcad254cf8b57d51d84ad84435,0.02465669810771942,2157026.190438856,10,63.575598474905874,0.20893337081535576,0.5102518458695189,2.4421749569170186
analytic15_sh,sh,048002dcad254cf8b57d51d84ad84435,0.0249126348644495,2157026.190438856,15,61.71839991424037,0.22533685390353586,0.5010169173313568,2.223413119745767
analytic15_sh,sh,04dbe2471a134bd68f5b8d8d4af95aae,0.07363193482160568,1994837747.3384676,1,0.0,-7.878790776790847e-17,1.0000000000000002,1000000000.0000001
analytic15_sh,sh,04dbe2471a134bd68f5b8d8d4af95aae,0.08688216656446457,1994837747.3384676,2,91.93636879435786,-6.965982580043237e-17,0.5168947889474056,516894788.9474056
analytic15_sh,sh,04dbe2471a134bd68f5b8d8d4af95aae,0.024234669283032417,1994837747.3384676,3,77.09205727460716,0.14688118189864752,0.5137753327176795,3.4978975936631564
analytic15_sh,sh,04dbe2471a134bd68f5b8d8d4af95aae,0.02043883129954338,1994837747.3384674,5,61.81534383266445,0.17493355350172302,0.5705465989928648,3.2615046546073
analytic15_sh,sh,04dbe2471a134bd68f5b8d8d4af95aae,0.025936229154467583,1994837747.3384671,7,59.88206349279662,0.1519172004235042,0.6309873649805381,4.15349521464005
analytic15_sh,sh,04dbe2471a134bd68f5b8d8d4af95aae,0.022068137302994728,1994837747.3384674,10,63.575598474905874,0.20893337081535576,0.5102518458695189,2.4421749569170186
analytic15_sh,sh,04dbe2471a134bd68f5b8d8d4af95aae,0.022225743159651756,1994837747.3384671,15,61.71839991424037,0.22533685390353586,0.5010169173313568,2.223413119745767
analytic15_sh,sh,04e43ff1195e45029a03b6cdc53f9aa8,0.00014698969607707113,211717.92315640938,1,0.0,-7.878790776790847e-17,1.0000000000000002,1000000000.0000001
analytic15_sh,sh,04e43ff1195e45029a03b6cdc53f9aa8,0.00014698719314765185,211717.92315640938,2,91.93636879435786,-6.965982580043237e-17,0.5168947889474056,516894788.9474056
analytic15_sh,sh,04e43ff1195e45029a03b6cdc53f9aa8,0.00014698668383061886,211717.92315640938,3,77.09205727460716,0.14688118189864752,0.5137753327176795,3.4978975936631564
analytic15_sh,sh,04e43ff1195e45029a03b6cdc53f9aa8,0.00014698800805490464,211717.92315640938,5,61.81534383266445,0.17493355350172302,0.5705465989928648,3.2615046546073
analytic15_sh,sh,04e43ff1195e45029a03b6cdc53f9aa8,0.0001469895796617493,211717.92315640935,7,59.88206349279662,0.1519172004235042,0.6309873649805381,4.15349521464005
analytic15_sh,sh,04e43ff1195e45029a03b6cdc53f9aa8,0.00014698808081448078,211717.92315640938,10,63.575598474905874,0.20893337081535576,0.5102518458695189,2.4421749569170186
analytic15_sh,sh,04e43ff1195e45029a03b6cdc53f9aa8,0.00014698866289108992,211717.92315640944,15,61.71839991424037,0.22533685390353586,0.5010169173313568,2.223413119745767
analytic15_sh,sh,04e5ee9a0baa446e9ab973cce0153bc8,0.00014720814942847937,56642.23055697041,1,0.0,-7.878790776790847e-17,1.0000000000000002,1000000000.0000001
analytic15_sh,sh,04e5ee9a0baa446e9ab973cce0153bc8,0.00014720727631356567,56642.23055697041,2,91.93636879435786,-6.965982580043237e-17,0.5168947889474056,516894788.9474056
analytic15_sh,sh,04e5ee9a0baa446e9ab973cce0153bc8,0.0001472079020459205,56642.23055697041,3,77.09205727460716,0.14688118189864752,0.5137753327176795,3.4978975936631564
analytic15_sh,sh,04e5ee9a0baa446e9ab973cce0153bc8,0.00014720830949954689,56642.23055697042,5,61.81534383266445,0.17493355350172302,0.5705465989928648,3.2615046546073
analytic15_sh,sh,04e5ee9a0baa446e9ab973cce0153bc8,0.00014720814942847937,56642.23055697041,7,59.88206349279662,0.1519172004235042,0.6309873649805381,4.15349521464005
analytic15_sh,sh,04e5ee9a0baa446e9ab973cce0153bc8,0.00014720761100761592,56642.23055697042,10,63.575598474905874,0.20893337081535576,0.5102518458695189,2.4421749569170186
analytic15_sh,sh,04e5ee9a0baa446e9ab973cce0153bc8,0.00014720819308422506,56642.23055697043,15,61.71839991424037,0.22533685390353586,0.5010169173313568,2.223413119745767
analytic15_sh,sh,05703932eb2c45c0918d4f91c875d064,0.01669267565011978,5468800995.654728,1,0.0,-7.878790776790847e-17,1.0000000000000002,1000000000.0000001
analytic15_sh,sh,05703932eb2c45c0918d4f91c875d064,0.016423674300312996,5468800995.654728,2,91.93636879435786,-6.965982580043237e-17,0.5168947889474056,516894788.9474056
analytic15_sh,sh,05703932eb2c45c0918d4f91c875d064,0.013368143700063229,5468800995.654728,3,77.09205727460716,0.14688118189864752,0.5137753327176795,3.4978975936631564
analytic15_sh,sh,05703932eb2c45c0918d4f91c875d064,0.012220815755426884,5468800995.654728,5,61.81534383266445,0.17493355350172302,0.5705465989928648,3.2615046546073
analytic15_sh,sh,05703932eb2c45c0918d4f91c875d064,0.013918173499405384,5468800995.654729,7,59.88206349279662,0.1519172004235042,0.6309873649805381,4.15349521464005
analytic15_sh,sh,05703932eb2c45c0918d4f91c875d064,0.012619894929230213,5468800995.654727,10,63.575598474905874,0.20893337081535576,0.5102518458695189,2.4421749569170186
analytic15_sh,sh,05703932eb2c45c0918d4f91c875d064,0.012695197016000748,5468800995.654726,15,61.71839991424037,0.22533685390353586,0.5010169173313568,2.223413119745767
analytic15_sh,sh,060c9e87a01b4fd08f87578d63e4961e,0.08788733929395676,1733448.6533368179,1,0.0,-7.878790776790847e-17,1.0000000000000002,1000000000.0000001
analytic15_sh,sh,060c9e87a01b4fd08f87578d63e4961e,0.10577989369630814,1733448.6533368179,2,91.93636879435786,-6.965982580043237e-17,0.5168947889474056,516894788.9474056
analytic15_sh,sh,060c9e87a01b4fd08f87578d63e4961e,0.010767024010419846,1733448.653336818,3,77.09205727460716,0.14688118189864752,0.5137753327176795,3.4978975936631564
analytic15_sh,sh,060c9e87a01b4fd08f87578d63e4961e,0.009853067807853222,1733448.6533368179,5,61.81534383266445,0.17493355350172302,0.5705465989928648,3.2615046546073
analytic15_sh,sh,060c9e87a01b4fd08f87578d63e4961e,0.01160502154380083,1733448.6533368176,7,59.88206349279662,0.1519172004235042,0.6309873649805381,4.15349521464005
analytic15_sh,sh,060c9e87a01b4fd08f87578d63e4961e,0.010436206124722958,1733448.6533368179,10,63.575598474905874,0.20893337081535576,0.5102518458695189,2.4421749569170186
analytic15_sh,sh,060c9e87a01b4fd08f87578d63e4961e,0.010407306253910065,1733448.6533368183,15,61.71839991424037,0.22533685390353586,0.5010169173313568,2.223413119745767
analytic15_sh,sh,062ad5b97bf34d75b7c7003b9b6f2cb0,0.09380311518907547,14269.162866771703,1,0.0,-7.878790776790847e-17,1.0000000000000002,1000000000.0000001
analytic15_sh,sh,062ad5b97bf34d75b7c7003b9b6f2cb0,0.11296705901622772,14269.162866771703,2,91.93636879435786,-6.965982580043237e-17,0.5168947889474056,516894788.9474056
analytic15_sh,sh,062ad5b97bf34d75b7c7003b9b6f2cb0,0.005422218237072229,14269.162866771703,3,77.09205727460716,0.14688118189864752,0.5137753327176795,3.4978975936631564
analytic15_sh,sh,062ad5b97bf34d75b7c7003b9b6f2cb0,0.0038076122291386127,14269.162866771705,5,61.81534383266445,0.17493355350172302,0.5705465989928648,3.2615046546073
analytic15_sh,sh,062ad5b97bf34d75b7c7003b9b6f2cb0,0.006631258875131607,14269.162866771703,7,59.88206349279662,0.1519172004235042,0.6309873649805381,4.15349521464005
analytic15_sh,sh,062ad5b97bf34d75b7c7003b9b6f2cb0,0.0039022997952997684,14269.162866771705,10,63.575598474905874,0.20893337081535576,0.5102518458695189,2.4421749569170186
analytic15_sh,sh,062ad5b97bf34d75b7c7003b9b6f2cb0,0.003988267388194799,14269.162866771709,15,61.71839991424037,0.22533685390353586,0.5010169173313568,2.223413119745767
analytic15_sh,sh,069044476a7f49b9b83f6364654c85c3,0.1211252212524414,1430673.105162187,1,0.0,-7.878790776790847e-17,1.0000000000000002,1000000000.0000001
analytic15_sh,sh,069044476a7f49b9b83f6364654c85c3,0.12161849439144135,1430673.105162187,2,91.93636879435786,-6.965982580043237e-17,0.5168947889474056,516894788.9474056
analytic15_sh,sh,069044476a7f49b9b83f6364654c85c3,0.04158668592572212,1430673.1051621872,3,77.09205727460716,0.14688118189864752,0.5137753327176795,3.4978975936631564
analytic15_sh,sh,069044476a7f49b9b83f6364654c85c3,0.03231211006641388,1430673.105162187,5,61.81534383266445,0.17493355350172302,0.5705465989928648,3.2615046546073
analytic15_sh,sh,069044476a7f49b9b83f6364654c85c3,0.04681658744812012,1430673.1051621868,7,59.88206349279662,0.1519172004235042,0.6309873649805381,4.15349521464005
analytic15_sh,sh,069044476a7f49b9b83f6364654c85c3,0.03559276461601257,1430673.105162187,10,63.575598474905874,0.20893337081535576,0.5102518458695189,2.4421749569170186
analytic15_sh,sh,069044476a7f49b9b83f6364654c85c3,0.03610917180776596,1430673.1051621872,15,61.71839991424037,0.22533685390353586,0.5010169173313568,2.223413119745767
analytic15_sh,sh,0692e0ff0ef34b21b1f3659270d2e558,0.037083759903907776,31783.672759513353,1,0.0,-7.878790776790847e-17,1.0000000000000002,1000000000.0000001
analytic15_sh,sh,0692e0ff0ef34b21b1f3659270d2e558,0.03656105697154999,31783.672759513353,2,91.93636879435786,-6.965982580043237e-17,0.5168947889474056,516894788.9474056
analytic15_sh,sh,0692e0ff0ef34b21b1f3659270d2e558,0.02981714904308319,31783.672759513353,3,77.09205727460716,0.14688118189864752,0.5137753327176795,3.4978975936631564
analytic15_sh,sh,0692e0ff0ef34b21b1f3659270d2e558,0.027018673717975616,31783.672759513353,5,61.81534383266445,0.17493355350172302,0.5705465989928648,3.2615046546073
analytic15_sh,sh,0692e0ff0ef34b21b1f3659270d2e558,0.030999111011624336,31783.67275951335,7,59.88206349279662,0.1519172004235042,0.6309873649805381,4.15349521464005
analytic15_sh,sh,0692e0ff0ef34b21b1f3659270d2e558,0.028233792632818222,31783.672759513353,10,63.575598474905874,0.20893337081535576,0.5102518458695189,2.4421749569170186
analytic15_sh,sh,0692e0ff0ef34b21b1f3659270d2e558,0.028361542150378227,31783.67275951336,15,61.71839991424037,0.22533685390353586,0.5010169173313568,2.223413119745767
analytic15_sh,sh,06dd0877eb584e569d1bc9070e42baa2,0.08326207846403122,16979.602289736988,1,0.0,-7.878790776790847e-17,1.0000000000000002,1000000000.0000001
analytic15_sh,sh,06dd0877eb584e569d1bc9070e42baa2,0.0851169228553772,16979.602289736988,2,91.93636879435786,-6.965982580043237e-17,0.5168947889474056,516894788.9474056
analytic15_sh,sh,06dd0877eb584e569d1bc9070e42baa2,0.0676867663860321,16979.602289736988,3,77.09205727460716,0.14688118189864752,0.5137753327176795,3.4978975936631564
analytic15_sh,sh,06dd0877eb584e569d1bc9070e42baa2,0.05510175973176956,16979.602289736988,5,61.81534383266445,0.17493355350172302,0.5705465989928648,3.2615046546073
analytic15_sh,sh,06dd0877eb584e569d1bc9070e42baa2,0.06966107338666916,16979.602289736988,7,59.88206349279662,0.1519172004235042,0.6309873649805381,4.15349521464005
analytic15_sh,sh,06dd0877eb584e569d1bc9070e42baa2,0.061040520668029785,16979.60228973699,10,63.575598474905874,0.20893337081535576,0.5102518458695189,2.4421749569170186
analytic15_sh,sh,06dd0877eb584e569d1bc9070e42baa2,0.06187509745359421,16979.60228973699,15,61.71839991424037,0.22533685390353586,0.5010169173313568,2.223413119745767
analytic15_sh,sh,07a81928f67f4aa2ad0d59a057ae374e,0.1001739427447319,1137253.9138465724,1,0.0,-7.878790776790847e-17,1.0000000000000002,1000000000.0000001
analytic15_sh,sh,07a81928f67f4aa2ad0d59a057ae374e,0.10436008125543594,1137253.9138465724,2,91.93636879435786,-6.965982580043237e-17,0.5168947889474056,516894788.9474056
analytic15_sh,sh,07a81928f67f4aa2ad0d59a057ae374e,0.044285427778959274,1137253.9138465724,3,77.09205727460716,0.14688118189864752,0.5137753327176795,3.4978975936631564
analytic15_sh,sh,07a81928f67f4aa2ad0d59a057ae374e,0.03519885241985321,1137253.9138465724,5,61.81534383266445,0.17493355350172302,0.5705465989928648,3.2615046546073
analytic15_sh,sh,07a81928f67f4aa2ad0d59a057ae374e,0.049334567040205,1137253.9138465726,7,59.88206349279662,0.1519172004235042,0.6309873649805381,4.15349521464005
analytic15_sh,sh,07a81928f67f4aa2ad0d59a057ae374e,0.03830626234412193,1137253.9138465724,10,63.575598474905874,0.20893337081535576,0.5102518458695189,2.4421749569170186
analytic15_sh,sh,07a81928f67f4aa2ad0d59a057ae374e,0.03875736892223358,1137253.9138465724,15,61.71839991424037,0.22533685390353586,0.5010169173313568,2.223413119745767
analytic15_sh,sh,07c2642631f947a5ac799dddeea39eb9,0.058421049267053604,14504078.60400226,1,0.0,-7.878790776790847e-17,1.0000000000000002,1000000000.0000001
analytic15_sh,sh,07c2642631f947a5ac799dddeea39eb9,0.0606134757399559,14504078.60400226,2,91.93636879435786,-6.965982580043237e-17,0.5168947889474056,516894788.9474056
analytic15_sh,sh,07c2642631f947a5ac799dddeea39eb9,0.021862125024199486,14504078.60400226,3,77.09205727460716,0.14688118189864752,0.5137753327176795,3.4978975936631564
analytic15_sh,sh,07c2642631f947a5ac799dddeea39eb9,0.01910797320306301,14504078.604002262,5,61.81534383266445,0.17493355350172302,0.5705465989928648,3.2615046546073
analytic15_sh,sh,07c2642631f947a5ac799dddeea39eb9,0.023581795394420624,14504078.604002263,7,59.88206349279662,0.1519172004235042,0.6309873649805381,4.15349521464005
analytic15_sh,sh,07c2642631f947a5ac799dddeea39eb9,0.020274247974157333,14504078.604002262,10,63.575598474905874,0.20893337081535576,0.5102518458695189,2.4421749569170186
analytic15_sh,sh,07c2642631f947a5ac799dddeea39eb9,0.020367812365293503,14504078.604002263,15,61.71839991424037,0.22533685390353586,0.5010169173313568,2.223413119745767
analytic15_sh,sh,086be698bca14d7791d9032884909954,0.09399830549955368,178007.78392446061,1,0.0,-7.878790776790847e-17,1.0000000000000002,1000000000.0000001
analytic15_sh,sh,086be698bca14d7791d9032884909954,0.09962780773639679,178007.78392446061,2,91.93636879435786,-6.965982580043237e-17,0.5168947889474056,516894788.9474056
analytic15_sh,sh,086be698bca14d7791d9032884909954,0.019345885142683983,178007.78392446061,3,77.09205727460716,0.14688118189864752,0.5137753327176795,3.4978975936631564
analytic15_sh,sh,086be698bca14d7791d9032884909954,0.011915634386241436,178007.78392446061,5,61.81534383266445,0.17493355350172302,0.5705465989928648,3.2615046546073
analytic15_sh,sh,086be698bca14d7791d9032884909954,0.023846473544836044,178007.78392446061,7,59.88206349279662,0.1519172004235042,0.6309873649805381,4.15349521464005
analytic15_sh,sh,086be698bca14d7791d9032884909954,0.014122436754405499,178007.78392446061,10,63.575598474905874,0.20893337081535576,0.5102518458695189,2.4421749569170186
analytic15_sh,sh,086be698bca14d7791d9032884909954,0.01453282218426466,178007.78392446056,15,61.71839991424037,0.22533685390353586,0.5010169173313568,2.223413119745767
analytic15_sh,sh,087ca366dee64594bba4189b31dd7a45,0.025682153180241585,681242.9716783264,1,0.0,-7.878790776790847e-17,1.0000000000000002,1000000000.0000001
analytic15_sh,sh,087ca366dee64594bba4189b31dd7a45,0.02800164371728897,681242.9716783264,2,91.93636879435786,-6.965982580043237e-17,0.5168947889474056,516894788.9474056
analytic15_sh,sh,087ca366dee64594bba4189b31dd7a45,0.01703067310154438,681242.9716783264,3,77.09205727460716,0.14688118189864752,0.5137753327176795,3.4978975936631564
analytic15_sh,sh,087ca366dee64594bba4189b31dd7a45,0.014012984000146389,681242.9716783264,5,61.81534383266445,0.17493355350172302,0.5705465989928648,3.2615046546073
analytic15_sh,sh,087ca366dee64594bba4189b31dd7a45,0.018665587529540062,681242.9716783265,7,59.88206349279662,0.1519172004235042,0.6309873649805381,4.15349521464005
analytic15_sh,sh,087ca366dee64594bba4189b31dd7a45,0.01515858806669712,681242.9716783263,10,63.575598474905874,0.20893337081535576,0.5102518458695189,2.4421749569170186
analytic15_sh,sh,087ca366dee64594bba4189b31dd7a45,0.015317576937377453,681242.9716783261,15,61.71839991424037,0.22533685390353586,0.5010169173313568,2.223413119745767
analytic15_sh,sh,08aab5b01d384e0082c56c17fc9f2245,0.00014691866817884147,533479.7998441892,1,0.0,-7.878790776790847e-17,1.0000000000000002,1000000000.0000001
analytic15_sh,sh,08aab5b01d384e0082c56c17fc9f2245,0.00014691856631543487,533479.7998441892,2,91.93636879435786,-6.965982580043237e-17,0.5168947889474056,516894788.9474056
analytic15_sh,sh,08aab5b01d384e0082c56c17fc9f2245,0.00014691843534819782,533479.7998441892,3,77.09205727460716,0.14688118189864752,0.5137753327176795,3.4978975936631564
analytic15_sh,sh,08aab5b01d384e0082c56c17fc9f2245,0.0001469182752771303,533479.7998441892,5,61.81534383266445,0.17493355350172302,0.5705465989928648,3.2615046546073
analytic15_sh,sh,08aab5b01d384e0082c56c17fc9f2245,0.0001469190901843831,533479.7998441892,7,59.88206349279662,0.1519172004235042,0.6309873649805381,4.15349521464005
analytic15_sh,sh,08aab5b01d384e0082c56c17fc9f2245,0.0001469188428018242,533479.7998441893,10,63.575598474905874,0.20893337081535576,0.5102518458695189,2.4421749569170186
analytic15_sh,sh,08aab5b01d384e0082c56c17fc9f2245,0.0001469181152060628,533479.7998441893,15,61.71839991424037,0.22533685390353586,0.5010169173313568,2.223413119745767
analytic15_sh,sh,08bc3a0eec7042389949e2c5ad9bf700,0.05881756916642189,20352.929366082444,1,0.0,-7.878790776790847e-17,1.0000000000000002,1000000000.0000001
analytic15_sh,sh,08bc3a0eec7042389949e2c5ad9bf700,0.06788624823093414,20352.929366082444,2,91.93636879435786,-6.965982580043237e-17,0.5168947889474056,516894788.9474056
analytic15_sh,sh,08bc3a0eec7042389949e2c5ad9bf700,0.010795118287205696,20352.929366082444,3,77.09205727460716,0.14688118189864752,0.5137753327176795,3.4978975936631564
analytic15_sh,sh,08bc3a0eec7042389949e2c5ad9bf700,0.008769720792770386,20352.929366082444,5,61.81534383266445,0.17493355350172302,0.5705465989928648,3.2615046546073
analytic15_sh,sh,08bc3a0eec7042389949e2c5ad9bf700,0.011790398508310318,20352.929366082444,7,59.88206349279662,0.1519172004235042,0.6309873649805381,4.15349521464005
analytic15_sh,sh,08bc3a0eec7042389949e2c5ad9bf700,0.00928569957613945,20352.929366082444,10,63.575598474905874,0.20893337081535576,0.5102518458695189,2.4421749569170186
analytic15_sh,sh,08bc3a0eec7042389949e2c5ad9bf700,0.009458618238568306,20352.92936608244,15,61.71839991424037,0.22533685390353586,0.5010169173313568,2.223413119745767
analytic15_sh,sh,099450527f614a3e81baf1fe4fe087ab,0.10274754464626312,35932.90527384175,1,0.0,-7.878790776790847e-17,1.0000000000000002,1000000000.0000001
analytic15_sh,sh,099450527f614a3e81baf1fe4fe087ab,0.12073834240436554,35932.90527384175,2,91.93636879435786,-6.965982580043237e-17,0.5168947889474056,516894788.9474056
analytic15_sh,sh,099450527f614a3e81baf1fe4fe087ab,0.02398754097521305,35932.90527384175,3,77.09205727460716,0.14688118189864752,0.5137753327176795,3.4978975936631564
analytic15_sh,sh,099450527f614a3e81baf1fe4fe087ab,0.02028467133641243,35932.90527384175,5,61.81534383266445,0.17493355350172302,0.5705465989928648,3.2615046546073
analytic15_sh,sh,099450527f614a3e81baf1fe4fe087ab,0.02552974224090576,35932.90527384175,7,59.88206349279662,0.1519172004235042,0.6309873649805381,4.15349521464005
analytic15_sh,sh,099450527f614a3e81baf1fe4fe087ab,0.021363908424973488,35932.90527384175,10,63.575598474905874,0.20893337081535576,0.5102518458695189,2.4421749569170186
analytic15_sh,sh,099450527f614a3e81baf1fe4fe087ab,0.02168925479054451,35932.90527384176,15,61.71839991424037,0.22533685390353586,0.5010169173313568,2.223413119745767
analytic15_sh,sh,09fb340c826c402683eca48320936aec,0.00014792977890465409,387406.164261745,1,0.0,-7.878790776790847e-17,1.0000000000000002,1000000000.0000001
analytic15_sh,sh,09fb340c826c402683eca48320936aec,0.00014793011359870434,387406.164261745,2,91.93636879435786,-6.965982580043237e-17,0.5168947889474056,516894788.9474056
analytic15_sh,sh,09fb340c826c402683eca48320936aec,0.00014793046284466982,387406.164261745,3,77.09205727460716,0.14688118189864752,0.5137753327176795,3.4978975936631564
analytic15_sh,sh,09fb340c826c402683eca48320936aec,0.00014792964793741703,387406.164261745,5,61.81534383266445,0.17493355350172302,0.5705465989928648,3.2615046546073
analytic15_sh,sh,09fb340c826c402683eca48320936aec,0.00014792931324336678,387406.16426174494,7,59.88206349279662,0.1519172004235042,0.6309873649805381,4.15349521464005
analytic15_sh,sh,09fb340c826c402683eca48320936aec,0.00014793021546211094,387406.16426174494,10,63.575598474905874,0.20893337081535576,0.5102518458695189,2.4421749569170186
analytic15_sh,sh,09fb340c826c402683eca48320936aec,0.0001479306083638221,387406.16426174506,15,61.71839991424037,0.22533685390353586,0.5010169173313568,2.223413119745767
analytic15_sh,sh,0a354259149c4930bac9bab65ce89cdd,0.021945927292108536,400948.19993503473,1,0.0,-7.878790776790847e-17,1.0000000000000002,1000000000.0000001
analytic15_sh,sh,0a354259149c4930bac9bab65ce89cdd,0.02385381981730461,400948.19993503473,2,91.93636879435786,-6.965982580043237e-17,0.5168947889474056,516894788.9474056
analytic15_sh,sh,0a354259149c4930bac9bab65ce89cdd,0.013907522894442081,400948.1999350347,3,77.09205727460716,0.14688118189864752,0.5137753327176795,3.4978975936631564
analytic15_sh,sh,0a354259149c4930bac9bab65ce89cdd,0.011841317638754845,400948.19993503473,5,61.81534383266445,0.17493355350172302,0.5705465989928648,3.2615046546073
analytic15_sh,sh,0a354259149c4930bac9bab65ce89cdd,0.015049274079501629,400948.1999350348,7,59.88206349279662,0.1519172004235042,0.6309873649805381,4.15349521464005
analytic15_sh,sh,0a354259149c4930bac9bab65ce89cdd,0.012750163674354553,400948.19993503473,10,63.575598474905874,0.20893337081535576,0.5102518458695189,2.4421749569170186
analytic15_sh,sh,0a354259149c4930bac9bab65ce89cdd,0.012809914536774158,400948.1999350348,15,61.71839991424037,0.22533685390353586,0.5010169173313568,2.223413119745767
analytic15_sh,sh,0a39c8c2a2df48b6a072da1d9306cf36,0.09283387660980225,175507.87772027878,1,0.0,-7.878790776790847e-17,1.0000000000000002,1000000000.0000001
analytic15_sh,sh,0a39c8c2a2df48b6a072da1d9306cf36,0.09070800989866257,175507.87772027878,2,91.93636879435786,-6.965982580043237e-17,0.5168947889474056,516894788.9474056
analytic15_sh,sh,0a39c8c2a2df48b6a072da1d9306cf36,0.02461565099656582,175507.87772027878,3,77.09205727460716,0.14688118189864752,0.5137753327176795,3.4978975936631564
analytic15_sh,sh,0a39c8c2a2df48b6a072da1d9306cf36,0.016189828515052795,175507.87772027878,5,61.81534383266445,0.17493355350172302,0.5705465989928648,3.2615046546073
analytic15_sh,sh,0a39c8c2a2df48b6a072da1d9306cf36,0.029536979272961617,175507.87772027875,7,59.88206349279662,0.1519172004235042,0.6309873649805381,4.15349521464005
analytic15_sh,sh,0a39c8c2a2df48b6a072da1d9306cf36,0.019132500514388084,175507.87772027875,10,63.575598474905874,0.20893337081535576,0.5102518458695189,2.4421749569170186
analytic15_sh,sh,0a39c8c2a2df48b6a072da1d9306cf36,0.019591331481933594,175507.87772027875,15,61.71839991424037,0.22533685390353586,0.5010169173313568,2.223413119745767
analytic15_sh,sh,0ae2a05bf20c4b028b86c33e26aa9e0c,0.08502047508955002,167229.69187260594,1,0.0,-7.878790776790847e-17,1.0000000000000002,1000000000.0000001
analytic15_sh,sh,0ae2a05bf20c4b028b86c33e26aa9e0c,0.08601422607898712,167229.69187260594,2,91.93636879435786,-6.965982580043237e-17,0.5168947889474056,516894788.9474056
analytic15_sh,sh,0ae2a05bf20c4b028b86c33e26aa9e0c,0.02863318659365177,167229.69187260594,3,77.09205727460716,0.14688118189864752,0.5137753327176795,3.4978975936631564
analytic15_sh,sh,0ae2a05bf20c4b028b86c33e26aa9e0c,0.023693496361374855,167229.69187260594,5,61.81534383266445,0.17493355350172302,0.5705465989928648,3.2615046546073
analytic15_sh,sh,0ae2a05bf20c4b028b86c33e26aa9e0c,0.030944477766752243,167229.6918726059,7,59.88206349279662,0.1519172004235042,0.6309873649805381,4.15349521464005
analytic15_sh,sh,0ae2a05bf20c4b028b86c33e26aa9e0c,0.025052916258573532,167229.69187260597,10,63.575598474905874,0.20893337081535576,0.5102518458695189,2.4421749569170186
analytic15_sh,sh,0ae2a05bf20c4b028b86c33e26aa9e0c,0.025527210906147957,167229.691872606,15,61.71839991424037,0.22533685390353586,0.5010169173313568,2.223413119745767
analytic15_sh,sh,0af17e65f26647cc99709f7d15944994,0.07309466600418091,460146.13215072115,1,0.0,-7.878790776790847e-17,1.0000000000000002,1000000000.0000001
analytic15_sh,sh,0af17e65f26647cc99709f7d15944994,0.06993691623210907,460146.13215072115,2,91.93636879435786,-6.965982580043237e-17,0.5168947889474056,516894788.9474056
analytic15_sh,sh,0af17e65f26647cc99709f7d15944994,0.044658441096544266,460146.1321507211,3,77.09205727460716,0.14688118189864752,0.5137753327176795,3.4978975936631564
analytic15_sh,sh,0af17e65f26647cc99709f7d15944994,0.0401771105825901,460146.13215072115,5,61.81534383266445,0.17493355350172302,0.5705465989928648,3.2615046546073
analytic15_sh,sh,0af17e65f26647cc99709f7d15944994,0.04730173200368881,460146.1321507212,7,59.88206349279662,0.1519172004235042,0.6309873649805381,4.15349521464005
analytic15_sh,sh,0af17e65f26647cc99709f7d15944994,0.041647687554359436,460146.13215072115,10,63.575598474905874,0.20893337081535576,0.5102518458695189,2.4421749569170186
analytic15_sh,sh,0af17e65f26647cc99709f7d15944994,0.041810043156147,460146.13215072104,15,61.71839991424037,0.22533685390353586,0.5010169173313568,2.223413119745767
analytic15_sh,sh,0b1cc5fa9d8744ddabb84d3ec55b9a97,0.025965901091694832,883559.1373873235,1,0.0,-7.878790776790847e-17,1.0000000000000002,1000000000.0000001
analytic15_sh,sh,0b1cc5fa9d8744ddabb84d3ec55b9a97,0.029820600524544716,883559.1373873235,2,91.93636879435786,-6.965982580043237e-17,0.5168947889474056,516894788.9474056
analytic15_sh,sh,0b1cc5fa9d8744ddabb84d3ec55b9a97,0.028566056862473488,883559.1373873235,3,77.09205727460716,0.14688118189864752,0.5137753327176795,3.4978975936631564
analytic15_sh,sh,0b1cc5fa9d8744ddabb84d3ec55b9a97,0.02703157253563404,883559.1373873235,5,61.81534383266445,0.17493355350172302,0.5705465989928648,3.2615046546073
analytic15_sh,sh,0b1cc5fa9d8744ddabb84d3ec55b9a97,0.028521284461021423,883559.1373873234,7,59.88206349279662,0.1519172004235042,0.6309873649805381,4.15349521464005
analytic15_sh,sh,0b1cc5fa9d8744ddabb84d3ec55b9a97,0.028010033071041107,883559.1373873235,10,63.575598474905874,0.20893337081535576,0.5102518458695189,2.4421749569170186
analytic15_sh,sh,0b1cc5fa9d8744ddabb84d3ec55b9a97,0.028490372002124786,883559.1373873238,15,61.71839991424037,0.22533685390353586,0.5010169173313568,2.223413119745767
analytic15_sh,sh,0b6168841a3f46bdaa56947d469c79da,0.00014688365627080202,3706.184029407976,1,0.0,-7.878790776790847e-17,1.0000000000000002,1000000000.0000001
analytic15_sh,sh,0b6168841a3f46bdaa56947d469c79da,0.0001468838454457,3706.184029407976,2,91.93636879435786,-6.965982580043237e-17,0.5168947889474056,516894788.9474056
analytic15_sh,sh,0b6168841a3f46bdaa56947d469c79da,0.00014688639203086495,3706.184029407976,3,77.09205727460716,0.14688118189864752,0.5137753327176795,3.4978975936631564
analytic15_sh,sh,0b6168841a3f46bdaa56947d469c79da,0.0001468843111069873,3706.184029407976,5,61.81534383266445,0.17493355350172302,0.5705465989928648,3.2615046546073
analytic15_sh,sh,0b6168841a3f46bdaa56947d469c79da,0.00014688455848954618,3706.1840294079766,7,59.88206349279662,0.1519172004235042,0.6309873649805381,4.15349521464005
analytic15_sh,sh,0b6168841a3f46bdaa56947d469c79da,0.00014688454393763095,3706.184029407976,10,63.575598474905874,0.20893337081535576,0.5102518458695189,2.4421749569170186
analytic15_sh,sh,0b6168841a3f46bdaa56947d469c79da,0.00014688432565890253,3706.1840294079752,15,61.71839991424037,0.22533685390353586,0.5010169173313568,2.223413119745767
analytic15_sh,sh,0bba5774d2bd40e48a2d246fdd0b92f5,0.10225256532430649,140137.09778135375,1,0.0,-7.878790776790847e-17,1.0000000000000002,1000000000.0000001
analytic15_sh,sh,0bba5774d2bd40e48a2d246fdd0b92f5,0.13282085955142975,140137.09778135375,2,91.93636879435786,-6.965982580043237e-17,0.5168947889474056,516894788.9474056
analytic15_sh,sh,0bba5774d2bd40e48a2d246fdd0b92f5,0.030997715890407562,140137.09778135375,3,77.09205727460716,0.14688118189864752,0.5137753327176795,3.4978975936631564
analytic15_sh,sh,0bba5774d2bd40e48a2d246fdd0b92f5,0.02568943239748478,140137.09778135375,5,61.81534383266445,0.17493355350172302,0.5705465989928648,3.2615046546073
analytic15_sh,sh,0bba5774d2bd40e48a2d246fdd0b92f5,0.03350489214062691,140137.09778135375,7,59.88206349279662,0.1519172004235042,0.6309873649805381,4.15349521464005
analytic15_sh,sh,0bba5774d2bd40e48a2d246fdd0b92f5,0.027345925569534302,140137.09778135372,10,63.575598474905874,0.20893337081535576,0.5102518458695189,2.4421749569170186
analytic15_sh,sh,0bba5774d2bd40e48a2d246fdd0b92f5,0.02766204997897148,140137.0977813537,15,61.71839991424037,0.22533685390353586,0.5010169173313568,2.223413119745767
analytic15_sh,sh,0c5eb9cedea94e2180187a07cb661ceb,0.20216681063175201,73285.15128352614,1,0.0,-7.878790776790847e-17,1.0000000000000002,1000000000.0000001
analytic15_sh,sh,0c5eb9cedea94e2180187a07cb661ceb,0.20693917572498322,73285.15128352614,2,91.93636879435786,-6.965982580043237e-17,0.5168947889474056,516894788.9474056
analytic15_sh,sh,0c5eb9cedea94e2180187a07cb661ceb,0.01274328213185072,73285.15128352614,3,77.09205727460716,0.14688118189864752,0.5137753327176795,3.4978975936631564
analytic15_sh,sh,0c5eb9cedea94e2180187a07cb661ceb,0.009547625668346882,73285.15128352614,5,61.81534383266445,0.17493355350172302,0.5705465989928648,3.2615046546073
analytic15_sh,sh,0c5eb9cedea94e2180187a07cb661ceb,0.01604822278022766,73285.15128352614,7,59.88206349279662,0.1519172004235042,0.6309873649805381,4.15349521464005
analytic15_sh,sh,0c5eb9cedea94e2180187a07cb661ceb,0.010718016885221004,73285.15128352612,10,63.575598474905874,0.20893337081535576,0.5102518458695189,2.4421749569170186
analytic15_sh,sh,0c5eb9cedea94e2180187a07cb661ceb,0.010617031715810299,73285.15128352612,15,61.71839991424037,0.22533685390353586,0.5010169173313568,2.223413119745767
analytic15_sh,sh,0c87b9d50c7f4a2292e337ceb54ec36a,0.05104033276438713,4005424.216316384,1,0.0,-7.878790776790847e-17,1.0000000000000002,1000000000.0000001
analytic15_sh,sh,0c87b9d50c7f4a2292e337ceb54ec36a,0.06185203790664673,4005424.216316384,2,91.93636879435786,-6.965982580043237e-17,0.5168947889474056,516894788.9474056
analytic15_sh,sh,0c87b9d50c7f4a2292e337ceb54ec36a,0.034949641674757004,4005424.216316384,3,77.09205727460716,0.14688118189864752,0.5137753327176795,3.4978975936631564
analytic15_sh,sh,0c87b9d50c7f4a2292e337ceb54ec36a,0.03105173259973526,4005424.2163163843,5,61.81534383266445,0.17493355350172302,0.5705465989928648,3.2615046546073
analytic15_sh,sh,0c87b9d50c7f4a2292e337ceb54ec36a,0.03695479780435562,4005424.216316384,7,59.88206349279662,0.1519172004235042,0.6309873649805381,4.15349521464005
analytic15_sh,sh,0c87b9d50c7f4a2292e337ceb54ec36a,0.03261138126254082,4005424.2163163843,10,63.575598474905874,0.20893337081535576,0.5102518458695189,2.4421749569170186
analytic15_sh,sh,0c87b9d50c7f4a2292e337ceb54ec36a,0.03283357247710228,4005424.216316385,15,61.71839991424037,0.22533685390353586,0.5010169173313568,2.223413119745767
analytic15_sh,sh,0cc862bb5d9f41269631ff62504cfdf9,0.016459766775369644,8921.521363718246,1,0.0,-7.878790776790847e-17,1.0000000000000002,1000000000.0000001
analytic15_sh,sh,0cc862bb5d9f41269631ff62504cfdf9,0.015665145590901375,8921.521363718246,2,91.93636879435786,-6.965982580043237e-17,0.5168947889474056,516894788.9474056
analytic15_sh,sh,0cc862bb5d9f41269631ff62504cfdf9,0.014065184630453587,8921.521363718246,3,77.09205727460716,0.14688118189864752,0.5137753327176795,3.4978975936631564
analytic15_sh,sh,0cc862bb5d9f41269631ff62504cfdf9,0.01201661117374897,8921.521363718246,5,61.81534383266445,0.17493355350172302,0.5705465989928648,3.2615046546073
analytic15_sh,sh,0cc862bb5d9f41269631ff62504cfdf9,0.015300137922167778,8921.521363718246,7,59.88206349279662,0.1519172004235042,0.6309873649805381,4.15349521464005
analytic15_sh,sh,0cc862bb5d9f41269631ff62504cfdf9,0.013038929551839828,8921.521363718246,10,63.575598474905874,0.20893337081535576,0.5102518458695189,2.4421749569170186
analytic15_sh,sh,0cc862bb5d9f41269631ff62504cfdf9,0.012980622239410877,8921.521363718244,15,61.71839991424037,0.22533685390353586,0.5010169173313568,2.223413119745767
analytic15_sh,sh,0e63e1ef419b49278ddc45ec63f69979,0.015475310385227203,915265.2929793674,1,0.0,-7.878790776790847e-17,1.0000000000000002,1000000000.0000001
analytic15_sh,sh,0e63e1ef419b49278ddc45ec63f69979,0.014975599013268948,915265.2929793674,2,91.93636879435786,-6.965982580043237e-17,0.5168947889474056,516894788.9474056
analytic15_sh,sh,0e63e1ef419b49278ddc45ec63f69979,0.008096984587609768,915265.2929793674,3,77.09205727460716,0.14688118189864752,0.5137753327176795,3.4978975936631564
analytic15_sh,sh,0e63e1ef419b49278ddc45ec63f69979,0.007139342837035656,915265.2929793674,5,61.81534383266445,0.17493355350172302,0.5705465989928648,3.2615046546073
analytic15_sh,sh,0e63e1ef419b49278ddc45ec63f69979,0.008466550149023533,915265.2929793673,7,59.88206349279662,0.1519172004235042,0.6309873649805381,4.15349521464005
analytic15_sh,sh,0e63e1ef419b49278ddc45ec63f69979,0.0075247762724757195,915265.2929793674,10,63.575598474905874,0.20893337081535576,0.5102518458695189,2.4421749569170186
analytic15_sh,sh,0e63e1ef419b49278ddc45ec63f69979,0.007569149136543274,915265.2929793673,15,61.71839991424037,0.22533685390353586,0.5010169173313568,2.223413119745767
analytic15_sh,sh,0e92245b9cac4423810aece64743decd,0.06096421182155609,2251731801.1871815,1,0.0,-7.878790776790847e-17,1.0000000000000002,1000000000.0000001
analytic15_sh,sh,0e92245b9cac4423810aece64743decd,0.053896214812994,2251731801.1871815,2,91.93636879435786,-6.965982580043237e-17,0.5168947889474056,516894788.9474056
analytic15_sh,sh,0e92245b9cac4423810aece64743decd,0.05439705029129982,2251731801.1871815,3,77.09205727460716,0.14688118189864752,0.5137753327176795,3.4978975936631564
analytic15_sh,sh,0e92245b9cac4423810aece64743decd,0.05450466647744179,2251731801.1871815,5,61.81534383266445,0.17493355350172302,0.5705465989928648,3.2615046546073
analytic15_sh,sh,0e92245b9cac4423810aece64743decd,0.05430743843317032,2251731801.1871815,7,59.88206349279662,0.1519172004235042,0.6309873649805381,4.15349521464005
analytic15_sh,sh,0e92245b9cac4423810aece64743decd,0.05449749529361725,2251731801.187181,10,63.575598474905874,0.20893337081535576,0.5102518458695189,2.4421749569170186
analytic15_sh,sh,0e92245b9cac4423810aece64743decd,0.05449753627181053,2251731801.1871805,15,61.71839991424037,0.22533685390353586,0.5010169173313568,2.223413119745767
analytic15_sh,sh,0f3d54f4b2b74580a2c1891c1116dc5f,0.14910496771335602,61829.96863665813,1,0.0,-7.878790776790847e-17,1.0000000000000002,1000000000.0000001
analytic15_sh,sh,0f3d54f4b2b74580a2c1891c1116dc5f,0.16236621141433716,61829.96863665813,2,91.93636879435786,-6.965982580043237e-17,0.5168947889474056,516894788.9474056
analytic15_sh,sh,0f3d54f4b2b74580a2c1891c1116dc5f,0.030041778460144997,61829.96863665813,3,77.09205727460716,0.14688118189864752,0.5137753327176795,3.4978975936631564
analytic15_sh,sh,0f3d54f4b2b74580a2c1891c1116dc5f,0.02690797485411167,61829.96863665814,5,61.81534383266445,0.17493355350172302,0.5705465989928648,3.2615046546073
analytic15_sh,sh,0f3d54f4b2b74580a2c1891c1116dc5f,0.030995482578873634,61829.968636658145,7,59.88206349279662,0.1519172004235042,0.6309873649805381,4.15349521464005
analytic15_sh,sh,0f3d54f4b2b74580a2c1891c1116dc5f,0.027802791446447372,61829.96863665814,10,63.575598474905874,0.20893337081535576,0.5102518458695189,2.4421749569170186
analytic15_sh,sh,0f3d54f4b2b74580a2c1891c1116dc5f,0.02807694301009178,61829.968636658145,15,61.71839991424037,0.22533685390353586,0.5010169173313568,2.223413119745767
analytic15_sh,sh,0f48025ff969419582312f9a02fd7af0,0.0868341252207756,155481.06519202734,1,0.0,-7.878790776790847e-17,1.0000000000000002,1000000000.0000001
analytic15_sh,sh,0f48025ff969419582312f9a02fd7af0,0.08637996762990952,155481.06519202734,2,91.93636879435786,-6.965982580043237e-17,0.5168947889474056,516894788.9474056
analytic15_sh,sh,0f48025ff969419582312f9a02fd7af0,0.045146163552999496,155481.06519202734,3,77.09205727460716,0.14688118189864752,0.5137753327176795,3.4978975936631564
analytic15_sh,sh,0f48025ff969419582312f9a02fd7af0,0.04087989032268524,155481.06519202734,5,61.81534383266445,0.17493355350172302,0.5705465989928648,3.2615046546073
analytic15_sh,sh,0f48025ff969419582312f9a02fd7af0,0.04737408459186554,155481.06519202734,7,59.88206349279662,0.1519172004235042,0.6309873649805381,4.15349521464005
analytic15_sh,sh,0f48025ff969419582312f9a02fd7af0,0.04224837198853493,155481.0651920273,10,63.575598474905874,0.20893337081535576,0.5102518458695189,2.4421749569170186
analytic15_sh,sh,0f48025ff969419582312f9a02fd7af0,0.04257836565375328,155481.06519202734,15,61.71839991424037,0.22533685390353586,0.5010169173313568,2.223413119745767
analytic15_sh,sh,10edcd93ffa94c2a8cc0bc2e9bcf7eae,0.00014732961426489055,469282006.2403634,1,0.0,-7.878790776790847e-17,1.0000000000000002,1000000000.0000001
analytic15_sh,sh,10edcd93ffa94c2a8cc0bc2e9bcf7eae,0.00014732961426489055,469282006.2403634,2,91.93636879435786,-6.965982580043237e-17,0.5168947889474056,516894788.9474056
analytic15_sh,sh,10edcd93ffa94c2a8cc0bc2e9bcf7eae,0.00014732986164744943,469282006.2403634,3,77.09205727460716,0.14688118189864752,0.5137753327176795,3.4978975936631564
analytic15_sh,sh,10edcd93ffa94c2a8cc0bc2e9bcf7eae,0.00014732996351085603,469282006.2403634,5,61.81534383266445,0.17493355350172302,0.5705465989928648,3.2615046546073
analytic15_sh,sh,10edcd93ffa94c2a8cc0bc2e9bcf7eae,0.0001473294832976535,469282006.2403635,7,59.88206349279662,0.1519172004235042,0.6309873649805381,4.15349521464005
analytic15_sh,sh,10edcd93ffa94c2a8cc0bc2e9bcf7eae,0.0001473295851610601,469282006.2403634,10,63.575598474905874,0.20893337081535576,0.5102518458695189,2.4421749569170186
analytic15_sh,sh,10edcd93ffa94c2a8cc0bc2e9bcf7eae,0.00014732973068021238,469282006.2403633,15,61.71839991424037,0.22533685390353586,0.5010169173313568,2.223413119745767
analytic15_sh,sh,1175f68a974a45f5b9b6e51c08f1a432,0.037193238735198975,12017.762310525906,1,0.0,-7.878790776790847e-17,1.0000000000000002,1000000000.0000001
analytic15_sh,sh,1175f68a974a45f5b9b6e51c08f1a432,0.037882979959249496,12017.762310525906,2,91.93636879435786,-6.965982580043237e-17,0.5168947889474056,516894788.9474056
analytic15_sh,sh,1175f68a974a45f5b9b6e51c08f1a432,0.022821644321084023,12017.762310525906,3,77.09205727460716,0.14688118189864752,0.5137753327176795,3.4978975936631564
analytic15_sh,sh,1175f68a974a45f5b9b6e51c08f1a432,0.019146764650940895,12017.762310525906,5,61.81534383266445,0.17493355350172302,0.5705465989928648,3.2615046546073
analytic15_sh,sh,1175f68a974a45f5b9b6e51c08f1a432,0.024744736030697823,12017.762310525908,7,59.88206349279662,0.1519172004235042,0.6309873649805381,4.15349521464005
analytic15_sh,sh,1175f68a974a45f5b9b6e51c08f1a432,0.020574836060404778,12017.762310525908,10,63.575598474905874,0.20893337081535576,0.5102518458695189,2.4421749569170186
analytic15_sh,sh,1175f68a974a45f5b9b6e51c08f1a432,0.02070731483399868,12017.762310525904,15,61.71839991424037,0.22533685390353586,0.5010169173313568,2.223413119745767
analytic15_sh,sh,11940acb7fe34046ae965ed2fc1a3359,0.00028939053299836814,8330327.592144992,1,0.0,-7.878790776790847e-17,1.0000000000000002,1000000000.0000001
analytic15_sh,sh,11940acb7fe34046ae965ed2fc1a3359,0.0002893931232392788,8330327.592144992,2,91.93636879435786,-6.965982580043237e-17,0.5168947889474056,516894788.9474056
analytic15_sh,sh,11940acb7fe34046ae965ed2fc1a3359,0.0002893925120588392,8330327.592144992,3,77.09205727460716,0.14688118189864752,0.5137753327176795,3.4978975936631564
analytic15_sh,sh,11940acb7fe34046ae965ed2fc1a3359,0.00028939449111931026,8330327.592144993,5,61.81534383266445,0.17493355350172302,0.5705465989928648,3.2615046546073
analytic15_sh,sh,11940acb7fe34046ae965ed2fc1a3359,0.0002893927157856524,8330327.592144994,7,59.88206349279662,0.1519172004235042,0.6309873649805381,4.15349521464005
analytic15_sh,sh,11940acb7fe34046ae965ed2fc1a3359,0.0002893929777201265,8330327.592144993,10,63.575598474905874,0.20893337081535576,0.5102518458695189,2.4421749569170186
analytic15_sh,sh,11940acb7fe34046ae965ed2fc1a3359,0.0002893926575779915,8330327.592144994,15,61.71839991424037,0.22533685390353586,0.5010169173313568,2.223413119745767
analytic15_sh,sh,1199736697cb491a899f77c0b75112dd,0.00014739710604771972,19310520.949751336,1,0.0,-7.878790776790847e-17,1.0000000000000002,1000000000.0000001
analytic15_sh,sh,1199736697cb491a899f77c0b75112dd,0.00014739703328814358,19310520.949751336,2,91.93636879435786,-6.965982580043237e-17,0.5168947889474056,516894788.9474056
analytic15_sh,sh,1199736697cb491a899f77c0b75112dd,0.0001473971497034654,19310520.949751336,3,77.09205727460716,0.14688118189864752,0.5137753327176795,3.4978975936631564
analytic15_sh,sh,1199736697cb491a899f77c0b75112dd,0.000147397251566872,19310520.949751336,5,61.81534383266445,0.17493355350172302,0.5705465989928648,3.2615046546073
analytic15_sh,sh,1199736697cb491a899f77c0b75112dd,0.00014739729522261769,19310520.949751336,7,59.88206349279662,0.1519172004235042,0.6309873649805381,4.15349521464005
analytic15_sh,sh,1199736697cb491a899f77c0b75112dd,0.00014739713515155017,19310520.94975134,10,63.575598474905874,0.20893337081535576,0.5102518458695189,2.4421749569170186
analytic15_sh,sh,1199736697cb491a899f77c0b75112dd,0.00014739713515155017,19310520.949751336,15,61.71839991424037,0.22533685390353586,0.5010169173313568,2.223413119745767
analytic15_sh,sh,11b4c003677148478409d6a66a65eb0e,0.08597929030656815,1671847.092152508,1,0.0,-7.878790776790847e-17,1.0000000000000002,1000000000.0000001
analytic15_sh,sh,11b4c003677148478409d6a66a65eb0e,0.08977212011814117,1671847.092152508,2,91.93636879435786,-6.965982580043237e-17,0.5168947889474056,516894788.9474056
analytic15_sh,sh,11b4c003677148478409d6a66a65eb0e,0.010051190853118896,1671847.092152508,3,77.09205727460716,0.14688118189864752,0.5137753327176795,3.4978975936631564
analytic15_sh,sh,11b4c003677148478409d6a66a65eb0e,0.009800294414162636,1671847.092152508,5,61.81534383266445,0.17493355350172302,0.5705465989928648,3.2615046546073
analytic15_sh,sh,11b4c003677148478409d6a66a65eb0e,0.00978637021034956,1671847.092152508,7,59.88206349279662,0.1519172004235042,0.6309873649805381,4.15349521464005
analytic15_sh,sh,11b4c003677148478409d6a66a65eb0e,0.009797546081244946,1671847.092152508,10,63.575598474905874,0.20893337081535576,0.5102518458695189,2.4421749569170186
analytic15_sh,sh,11b4c003677148478409d6a66a65eb0e,0.009832953102886677,1671847.0921525075,15,61.71839991424037,0.22533685390353586,0.5010169173313568,2.223413119745767
analytic15_sh,sh,12aef634af8944ff86f9a967ccb1608b,0.15299805998802185,32936.0966590306,1,0.0,-7.878790776790847e-17,1.0000000000000002,1000000000.0000001
analytic15_sh,sh,12aef634af8944ff86f9a967ccb1608b,0.11911990493535995,32936.0966590306,2,91.93636879435786,-6.965982580043237e-17,0.5168947889474056,516894788.9474056
analytic15_sh,sh,12aef634af8944ff86f9a967ccb1608b,0.014093548990786076,32936.0966590306,3,77.09205727460716,0.14688118189864752,0.5137753327176795,3.4978975936631564
analytic15_sh,sh,12aef634af8944ff86f9a967ccb1608b,0.013558582402765751,32936.0966590306,5,61.81534383266445,0.17493355350172302,0.5705465989928648,3.2615046546073
analytic15_sh,sh,12aef634af8944ff86f9a967ccb1608b,0.014797057956457138,32936.0966590306,7,59.88206349279662,0.1519172004235042,0.6309873649805381,4.15349521464005
analytic15_sh,sh,12aef634af8944ff86f9a967ccb1608b,0.01384233683347702,32936.0966590306,10,63.575598474905874,0.20893337081535576,0.5102518458695189,2.4421749569170186
analytic15_sh,sh,12aef634af8944ff86f9a967ccb1608b,0.013816997408866882,32936.0966590306,15,61.71839991424037,0.22533685390353586,0.5010169173313568,2.223413119745767
analytic15_sh,sh,1397ff3d60e04d9aa7b0524d022cf5cf,0.00014802912482991815,299570.90641785396,1,0.0,-7.878790776790847e-17,1.0000000000000002,1000000000.0000001
analytic15_sh,sh,1397ff3d60e04d9aa7b0524d022cf5cf,0.0001480290957260877,299570.90641785396,2,91.93636879435786,-6.965982580043237e-17,0.5168947889474056,516894788.9474056
analytic15_sh,sh,1397ff3d60e04d9aa7b0524d022cf5cf,0.00014802880468778312,299570.90641785396,3,77.09205727460716,0.14688118189864752,0.5137753327176795,3.4978975936631564
analytic15_sh,sh,1397ff3d60e04d9aa7b0524d022cf5cf,0.0001480287901358679,299570.90641785396,5,61.81534383266445,0.17493355350172302,0.5705465989928648,3.2615046546073
analytic15_sh,sh,1397ff3d60e04d9aa7b0524d022cf5cf,0.0001480288919992745,299570.90641785396,7,59.88206349279662,0.1519172004235042,0.6309873649805381,4.15349521464005
analytic15_sh,sh,1397ff3d60e04d9aa7b0524d022cf5cf,0.00014802877558395267,299570.906417854,10,63.575598474905874,0.20893337081535576,0.5102518458695189,2.4421749569170186
analytic15_sh,sh,1397ff3d60e04d9aa7b0524d022cf5cf,0.000148028542753309,299570.906417854,15,61.71839991424037,0.22533685390353586,0.5010169173313568,2.223413119745767
analytic15_sh,sh,13c868d7ccfa48288730c0e6334a288c,0.12393046170473099,37122.4806429584,1,0.0,-7.878790776790847e-17,1.0000000000000002,1000000000.0000001
analytic15_sh,sh,13c868d7ccfa48288730c0e6334a288c,0.12054797261953354,37122.4806429584,2,91.93636879435786,-6.965982580043237e-17,0.5168947889474056,516894788.9474056
analytic15_sh,sh,13c868d7ccfa48288730c0e6334a288c,0.03140135481953621,37122.4806429584,3,77.09205727460716,0.14688118189864752,0.5137753327176795,3.4978975936631564
analytic15_sh,sh,13c868d7ccfa48288730c0e6334a288c,0.024410858750343323,37122.4806429584,5,61.81534383266445,0.17493355350172302,0.5705465989928648,3.2615046546073
analytic15_sh,sh,13c868d7ccfa48288730c0e6334a288c,0.03635026142001152,37122.4806429584,7,59.88206349279662,0.1519172004235042,0.6309873649805381,4.15349521464005
analytic15_sh,sh,13c868d7ccfa48288730c0e6334a288c,0.026763400062918663,37122.480642958406,10,63.575598474905874,0.20893337081535576,0.5102518458695189,2.4421749569170186
analytic15_sh,sh,13c868d7ccfa48288730c0e6334a288c,0.027234992012381554,37122.48064295841,15,61.71839991424037,0.22533685390353586,0.5010169173313568,2.223413119745767
analytic15_sh,sh,13d4e5021ab84f30afd31f35c213cccb,0.0940084159374237,76058.38374207569,1,0.0,-7.878790776790847e-17,1.0000000000000002,1000000000.0000001
analytic15_sh,sh,13d4e5021ab84f30afd31f35c213cccb,0.12695284187793732,76058.38374207569,2,91.93636879435786,-6.965982580043237e-17,0.5168947889474056,516894788.9474056
analytic15_sh,sh,13d4e5021ab84f30afd31f35c213cccb,0.009446032345294952,76058.38374207569,3,77.09205727460716,0.14688118189864752,0.5137753327176795,3.4978975936631564
analytic15_sh,sh,13d4e5021ab84f30afd31f35c213cccb,0.008568217977881432,76058.38374207569,5,61.81534383266445,0.17493355350172302,0.5705465989928648,3.2615046546073
analytic15_sh,sh,13d4e5021ab84f30afd31f35c213cccb,0.009522415697574615,76058.38374207569,7,59.88206349279662,0.1519172004235042,0.6309873649805381,4.15349521464005
analytic15_sh,sh,13d4e5021ab84f30afd31f35c213cccb,0.008647711016237736,76058.38374207568,10,63.575598474905874,0.20893337081535576,0.5102518458695189,2.4421749569170186
analytic15_sh,sh,13d4e5021ab84f30afd31f35c213cccb,0.00875761080533266,76058.38374207568,15,61.71839991424037,0.22533685390353586,0.5010169173313568,2.223413119745767
analytic15_sh,sh,1420fb72273245db90f1e90ab0bc1724,0.09107935428619385,138362.6371890382,1,0.0,-7.878790776790847e-17,1.0000000000000002,1000000000.0000001
analytic15_sh,sh,1420fb72273245db90f1e90ab0bc1724,0.07367310672998428,138362.6371890382,2,91.93636879435786,-6.965982580043237e-17,0.5168947889474056,516894788.9474056
analytic15_sh,sh,1420fb72273245db90f1e90ab0bc1724,0.021436957642436028,138362.6371890382,3,77.09205727460716,0.14688118189864752,0.5137753327176795,3.4978975936631564
analytic15_sh,sh,1420fb72273245db90f1e90ab0bc1724,0.016793929040431976,138362.6371890382,5,61.81534383266445,0.17493355350172302,0.5705465989928648,3.2615046546073
analytic15_sh,sh,1420fb72273245db90f1e90ab0bc1724,0.024037178605794907,138362.6371890382,7,59.88206349279662,0.1519172004235042,0.6309873649805381,4.15349521464005
analytic15_sh,sh,1420fb72273245db90f1e90ab0bc1724,0.01850294880568981,138362.63718903819,10,63.575598474905874,0.20893337081535576,0.5102518458695189,2.4421749569170186
analytic15_sh,sh,1420fb72273245db90f1e90ab0bc1724,0.018651405349373817,138362.63718903816,15,61.71839991424037,0.22533685390353586,0.5010169173313568,2.223413119745767
analytic15_sh,sh,15db5f6f195c4995898af1b0ce431f80,0.06261377036571503,111477261650436.06,1,0.0,-7.878790776790847e-17,1.0000000000000002,1000000000.0000001
analytic15_sh,sh,15db5f6f195c4995898af1b0ce431f80,0.09824824333190918,111477261650436.06,2,91.93636879435786,-6.965982580043237e-17,0.5168947889474056,516894788.9474056
analytic15_sh,sh,15db5f6f195c4995898af1b0ce431f80,0.012182425707578659,111477261650436.06,3,77.09205727460716,0.14688118189864752,0.5137753327176795,3.4978975936631564
analytic15_sh,sh,15db5f6f195c4995898af1b0ce431f80,0.007479425519704819,111477261650436.06,5,61.81534383266445,0.17493355350172302,0.5705465989928648,3.2615046546073
analytic15_sh,sh,15db5f6f195c4995898af1b0ce431f80,0.0133841373026371,111477261650436.08,7,59.88206349279662,0.1519172004235042,0.6309873649805381,4.15349521464005
analytic15_sh,sh,15db5f6f195c4995898af1b0ce431f80,0.007941409945487976,111477261650436.05,10,63.575598474905874,0.20893337081535576,0.5102518458695189,2.4421749569170186
analytic15_sh,sh,15db5f6f195c4995898af1b0ce431f80,0.00847945548593998,111477261650436.03,15,61.71839991424037,0.22533685390353586,0.5010169173313568,2.223413119745767
analytic15_sh,sh,1603ccd8b72e49c1a7074f124b212f0e,0.0001474580931244418,19236.038376305412,1,0.0,-7.878790776790847e-17,1.0000000000000002,1000000000.0000001
analytic15_sh,sh,1603ccd8b72e49c1a7074f124b212f0e,0.00014745909720659256,19236.038376305412,2,91.93636879435786,-6.965982580043237e-17,0.5168947889474056,516894788.9474056
analytic15_sh,sh,1603ccd8b72e49c1a7074f124b212f0e,0.00014745909720659256,19236.038376305412,3,77.09205727460716,0.14688118189864752,0.5137753327176795,3.4978975936631564
analytic15_sh,sh,1603ccd8b72e49c1a7074f124b212f0e,0.00014745867520105094,19236.038376305412,5,61.81534383266445,0.17493355350172302,0.5705465989928648,3.2615046546073
analytic15_sh,sh,1603ccd8b72e49c1a7074f124b212f0e,0.0001474591699661687,19236.03837630541,7,59.88206349279662,0.1519172004235042,0.6309873649805381,4.15349521464005
analytic15_sh,sh,1603ccd8b72e49c1a7074f124b212f0e,0.00014745893713552505,19236.038376305416,10,63.575598474905874,0.20893337081535576,0.5102518458695189,2.4421749569170186
analytic15_sh,sh,1603ccd8b72e49c1a7074f124b212f0e,0.00014745818043593317,19236.03837630542,15,61.71839991424037,0.22533685390353586,0.5010169173313568,2.223413119745767
analytic15_sh,sh,16ffa17d84c8467f89403df9ad894301,0.07344092428684235,883130.1856547977,1,0.0,-7.878790776790847e-17,1.0000000000000002,1000000000.0000001
analytic15_sh,sh,16ffa17d84c8467f89403df9ad894301,0.11032147705554962,883130.1856547977,2,91.93636879435786,-6.965982580043237e-17,0.5168947889474056,516894788.9474056
analytic15_sh,sh,16ffa17d84c8467f89403df9ad894301,0.011081427335739136,883130.1856547977,3,77.09205727460716,0.14688118189864752,0.5137753327176795,3.4978975936631564
analytic15_sh,sh,16ffa17d84c8467f89403df9ad894301,0.00893669668585062,883130.1856547978,5,61.81534383266445,0.17493355350172302,0.5705465989928648,3.2615046546073
analytic15_sh,sh,16ffa17d84c8467f89403df9ad894301,0.011967652477324009,883130.1856547977,7,59.88206349279662,0.1519172004235042,0.6309873649805381,4.15349521464005
analytic15_sh,sh,16ffa17d84c8467f89403df9ad894301,0.009020836092531681,883130.1856547978,10,63.575598474905874,0.20893337081535576,0.5102518458695189,2.4421749569170186
analytic15_sh,sh,16ffa17d84c8467f89403df9ad894301,0.009238827042281628,883130.185654798,15,61.71839991424037,0.22533685390353586,0.5010169173313568,2.223413119745767
analytic15_sh,sh,17092add79b24457ba29f0b35d660072,0.06242826208472252,75070.57997205533,1,0.0,-7.878790776790847e-17,1.0000000000000002,1000000000.0000001
analytic15_sh,sh,17092add79b24457ba29f0b35d660072,0.06110990419983864,75070.57997205533,2,91.93636879435786,-6.965982580043237e-17,0.5168947889474056,516894788.9474056
analytic15_sh,sh,17092add79b24457ba29f0b35d660072,0.02644915133714676,75070.57997205533,3,77.09205727460716,0.14688118189864752,0.5137753327176795,3.4978975936631564
analytic15_sh,sh,17092add79b24457ba29f0b35d660072,0.02189304307103157,75070.57997205533,5,61.81534383266445,0.17493355350172302,0.5705465989928648,3.2615046546073
analytic15_sh,sh,17092add79b24457ba29f0b35d660072,0.02943604625761509,75070.57997205535,7,59.88206349279662,0.1519172004235042,0.6309873649805381,4.15349521464005
analytic15_sh,sh,17092add79b24457ba29f0b35d660072,0.02361830323934555,75070.57997205532,10,63.575598474905874,0.20893337081535576,0.5102518458695189,2.4421749569170186
analytic15_sh,sh,17092add79b24457ba29f0b35d660072,0.023797983303666115,75070.5799720553,15,61.71839991424037,0.22533685390353586,0.5010169173313568,2.223413119745767
analytic15_sh,sh,179832b0585c415d979f90dced97ae71,0.09791619330644608,20355.636154019343,1,0.0,-7.878790776790847e-17,1.0000000000000002,1000000000.0000001
analytic15_sh,sh,179832b0585c415d979f90dced97ae71,0.1048889309167862,20355.636154019343,2,91.93636879435786,-6.965982580043237e-17,0.5168947889474056,516894788.9474056
analytic15_sh,sh,179832b0585c415d979f90dced97ae71,0.040162064135074615,20355.636154019343,3,77.09205727460716,0.14688118189864752,0.5137753327176795,3.4978975936631564
analytic15_sh,sh,179832b0585c415d979f90dced97ae71,0.02990821935236454,20355.636154019343,5,61.81534383266445,0.17493355350172302,0.5705465989928648,3.2615046546073
analytic15_sh,sh,179832b0585c415d979f90dced97ae71,0.04535064473748207,20355.636154019343,7,59.88206349279662,0.1519172004235042,0.6309873649805381,4.15349521464005
analytic15_sh,sh,179832b0585c415d979f90dced97ae71,0.03328497335314751,20355.63615401934,10,63.575598474905874,0.20893337081535576,0.5102518458695189,2.4421749569170186
analytic15_sh,sh,179832b0585c415d979f90dced97ae71,0.033909909427165985,20355.63615401934,15,61.71839991424037,0.22533685390353586,0.5010169173313568,2.223413119745767
analytic15_sh,sh,17bc5de2691b43cfb873091778a8de52,0.00014618081331718713,1741.347473742111,1,0.0,-7.878790776790847e-17,1.0000000000000002,1000000000.0000001
analytic15_sh,sh,17bc5de2691b43cfb873091778a8de52,0.00014618027489632368,1741.347473742111,2,91.93636879435786,-6.965982580043237e-17,0.5168947889474056,516894788.9474056
analytic15_sh,sh,17bc5de2691b43cfb873091778a8de52,0.00014618225395679474,1741.347473742111,3,77.09205727460716,0.14688118189864752,0.5137753327176795,3.4978975936631564
analytic15_sh,sh,17bc5de2691b43cfb873091778a8de52,0.00014618309796787798,1741.347473742111,5,61.81534383266445,0.17493355350172302,0.5705465989928648,3.2615046546073
analytic15_sh,sh,17bc5de2691b43cfb873091778a8de52,0.00014618253044318408,1741.347473742111,7,59.88206349279662,0.1519172004235042,0.6309873649805381,4.15349521464005
analytic15_sh,sh,17bc5de2691b43cfb873091778a8de52,0.00014618312707170844,1741.347473742111,10,63.575598474905874,0.20893337081535576,0.5102518458695189,2.4421749569170186
analytic15_sh,sh,17bc5de2691b43cfb873091778a8de52,0.00014618129353038967,1741.3474737421116,15,61.71839991424037,0.22533685390353586,0.5010169173313568,2.223413119745767
analytic15_sh,sh,18b0f54db566476fb861c8fa187cd8d8,0.18444238603115082,2152568.739267308,1,0.0,-7.878790776790847e-17,1.0000000000000002,1000000000.0000001
analytic15_sh,sh,18b0f54db566476fb861c8fa187cd8d8,0.17235232889652252,2152568.739267308,2,91.93636879435786,-6.965982580043237e-17,0.5168947889474056,516894788.9474056
analytic15_sh,sh,18b0f54db566476fb861c8fa187cd8d8,0.05864332243800163,2152568.739267308,3,77.09205727460716,0.14688118189864752,0.5137753327176795,3.4978975936631564
analytic15_sh,sh,18b0f54db566476fb861c8fa187cd8d8,0.05072839558124542,2152568.739267308,5,61.81534383266445,0.17493355350172302,0.5705465989928648,3.2615046546073
analytic15_sh,sh,18b0f54db566476fb861c8fa187cd8d8,0.06071953848004341,2152568.739267308,7,59.88206349279662,0.1519172004235042,0.6309873649805381,4.15349521464005
analytic15_sh,sh,18b0f54db566476fb861c8fa187cd8d8,0.05598093569278717,2152568.739267308,10,63.575598474905874,0.20893337081535576,0.5102518458695189,2.4421749569170186
analytic15_sh,sh,18b0f54db566476fb861c8fa187cd8d8,0.05659708008170128,2152568.739267308,15,61.71839991424037,0.22533685390353586,0.5010169173313568,2.223413119745767
analytic15_sh,sh,1907da7461054e5ba6885302c08c2677,0.1400214284658432,9696.361582615375,1,0.0,-7.878790776790847e-17,1.0000000000000002,1000000000.0000001
analytic15_sh,sh,1907da7461054e5ba6885302c08c2677,0.14769095182418823,9696.361582615375,2,91.93636879435786,-6.965982580043237e-17,0.5168947889474056,516894788.9474056
analytic15_sh,sh,1907da7461054e5ba6885302c08c2677,0.013346705585718155,9696.361582615375,3,77.09205727460716,0.14688118189864752,0.5137753327176795,3.4978975936631564
analytic15_sh,sh,1907da7461054e5ba6885302c08c2677,0.010396510362625122,9696.361582615375,5,61.81534383266445,0.17493355350172302,0.5705465989928648,3.2615046546073
analytic15_sh,sh,1907da7461054e5ba6885302c08c2677,0.01521333958953619,9696.361582615375,7,59.88206349279662,0.1519172004235042,0.6309873649805381,4.15349521464005
analytic15_sh,sh,1907da7461054e5ba6885302c08c2677,0.01116271037608385,9696.361582615373,10,63.575598474905874,0.20893337081535576,0.5102518458695189,2.4421749569170186
analytic15_sh,sh,1907da7461054e5ba6885302c08c2677,0.011358718387782574,9696.361582615375,15,61.71839991424037,0.22533685390353586,0.5010169173313568,2.223413119745767
analytic15_sh,sh,191df4fa5f48453d81ede86ed863a3c2,0.11102376878261566,1691330.7896656452,1,0.0,-7.878790776790847e-17,1.0000000000000002,1000000000.0000001
analytic15_sh,sh,191df4fa5f48453d81ede86ed863a3c2,0.11709742993116379,1691330.7896656452,2,91.93636879435786,-6.965982580043237e-17,0.5168947889474056,516894788.9474056
analytic15_sh,sh,191df4fa5f48453d81ede86ed863a3c2,0.05488644912838936,1691330.7896656452,3,77.09205727460716,0.14688118189864752,0.5137753327176795,3.4978975936631564
analytic15_sh,sh,191df4fa5f48453d81ede86ed863a3c2,0.048796527087688446,1691330.7896656455,5,61.81534383266445,0.17493355350172302,0.5705465989928648,3.2615046546073
analytic15_sh,sh,191df4fa5f48453d81ede86ed863a3c2,0.056781426072120667,1691330.7896656452,7,59.88206349279662,0.1519172004235042,0.6309873649805381,4.15349521464005
analytic15_sh,sh,191df4fa5f48453d81ede86ed863a3c2,0.0519322045147419,1691330.7896656455,10,63.575598474905874,0.20893337081535576,0.5102518458695189,2.4421749569170186
analytic15_sh,sh,191df4fa5f48453d81ede86ed863a3c2,0.05207185447216034,1691330.789665646,15,61.71839991424037,0.22533685390353586,0.5010169173313568,2.223413119745767
analytic15_sh,sh,193c0e81efc74ed0bd5834586cf3fe8f,0.11783585697412491,21289798.76776707,1,0.0,-7.878790776790847e-17,1.0000000000000002,1000000000.0000001
analytic15_sh,sh,193c0e81efc74ed0bd5834586cf3fe8f,0.12115982919931412,21289798.76776707,2,91.93636879435786,-6.965982580043237e-17,0.5168947889474056,516894788.9474056
analytic15_sh,sh,193c0e81efc74ed0bd5834586cf3fe8f,0.053450699895620346,21289798.76776707,3,77.09205727460716,0.14688118189864752,0.5137753327176795,3.4978975936631564
analytic15_sh,sh,193c0e81efc74ed0bd5834586cf3fe8f,0.0437500886619091,21289798.76776707,5,61.81534383266445,0.17493355350172302,0.5705465989928648,3.2615046546073
analytic15_sh,sh,193c0e81efc74ed0bd5834586cf3fe8f,0.05870072543621063,21289798.76776707,7,59.88206349279662,0.1519172004235042,0.6309873649805381,4.15349521464005
analytic15_sh,sh,193c0e81efc74ed0bd5834586cf3fe8f,0.047029249370098114,21289798.76776707,10,63.575598474905874,0.20893337081535576,0.5102518458695189,2.4421749569170186
analytic15_sh,sh,193c0e81efc74ed0bd5834586cf3fe8f,0.047483112663030624,21289798.76776707,15,61.71839991424037,0.22533685390353586,0.5010169173313568,2.223413119745767
analytic15_sh,sh,195a37929e644c3dbfbe25de252b0969,0.15394791960716248,14365.157659233573,1,0.0,-7.878790776790847e-17,1.0000000000000002,1000000000.0000001
analytic15_sh,sh,195a37929e644c3dbfbe25de252b0969,0.13938398659229279,14365.157659233573,2,91.93636879435786,-6.965982580043237e-17,0.5168947889474056,516894788.9474056
analytic15_sh,sh,195a37929e644c3dbfbe25de252b0969,0.05802178010344505,14365.157659233571,3,77.09205727460716,0.14688118189864752,0.5137753327176795,3.4978975936631564
analytic15_sh,sh,195a37929e644c3dbfbe25de252b0969,0.045726478099823,14365.157659233573,5,61.81534383266445,0.17493355350172302,0.5705465989928648,3.2615046546073
analytic15_sh,sh,195a37929e644c3dbfbe25de252b0969,0.062391240149736404,14365.157659233575,7,59.88206349279662,0.1519172004235042,0.6309873649805381,4.15349521464005
analytic15_sh,sh,195a37929e644c3dbfbe25de252b0969,0.04941174015402794,14365.157659233573,10,63.575598474905874,0.20893337081535576,0.5102518458695189,2.4421749569170186
analytic15_sh,sh,195a37929e644c3dbfbe25de252b0969,0.05016601085662842,14365.157659233575,15,61.71839991424037,0.22533685390353586,0.5010169173313568,2.223413119745767
analytic15_sh,sh,1ada36a1a86a4bdaaa106bee7d9ac67d,0.1267850250005722,191373.68317034477,1,0.0,-7.878790776790847e-17,1.0000000000000002,1000000000.0000001
analytic15_sh,sh,1ada36a1a86a4bdaaa106bee7d9ac67d,0.12750735878944397,191373.68317034477,2,91.93636879435786,-6.965982580043237e-17,0.5168947889474056,516894788.9474056
analytic15_sh,sh,1ada36a1a86a4bdaaa106bee7d9ac67d,0.047422874718904495,191373.68317034477,3,77.09205727460716,0.14688118189864752,0.5137753327176795,3.4978975936631564
analytic15_sh,sh,1ada36a1a86a4bdaaa106bee7d9ac67d,0.03767724335193634,191373.68317034477,5,61.81534383266445,0.17493355350172302,0.5705465989928648,3.2615046546073
analytic15_sh,sh,1ada36a1a86a4bdaaa106bee7d9ac67d,0.05327901989221573,191373.68317034474,7,59.88206349279662,0.1519172004235042,0.6309873649805381,4.15349521464005
analytic15_sh,sh,1ada36a1a86a4bdaaa106bee7d9ac67d,0.04159006476402283,191373.68317034474,10,63.575598474905874,0.20893337081535576,0.5102518458695189,2.4421749569170186
analytic15_sh,sh,1ada36a1a86a4bdaaa106bee7d9ac67d,0.042078468948602676,191373.68317034474,15,61.71839991424037,0.22533685390353586,0.5010169173313568,2.223413119745767
analytic15_sh,sh,1b98302c1ed9406a8343b3d39d6c5095,0.00014744939107913524,3278972.035491228,1,0.0,-7.878790776790847e-17,1.0000000000000002,1000000000.0000001
analytic15_sh,sh,1b98302c1ed9406a8343b3d39d6c5095,0.00014744920190423727,3278972.035491228,2,91.93636879435786,-6.965982580043237e-17,0.5168947889474056,516894788.9474056
analytic15_sh,sh,1b98302c1ed9406a8343b3d39d6c5095,0.00014744943473488092,3278972.035491228,3,77.09205727460716,0.14688118189864752,0.5137753327176795,3.4978975936631564
analytic15_sh,sh,1b98302c1ed9406a8343b3d39d6c5095,0.00014744907093700022,3278972.035491228,5,61.81534383266445,0.17493355350172302,0.5705465989928648,3.2615046546073
analytic15_sh,sh,1b98302c1ed9406a8343b3d39d6c5095,0.0001474496821174398,3278972.035491228,7,59.88206349279662,0.1519172004235042,0.6309873649805381,4.15349521464005
analytic15_sh,sh,1b98302c1ed9406a8343b3d39d6c5095,0.00014744946383871138,3278972.035491228,10,63.575598474905874,0.20893337081535576,0.5102518458695189,2.4421749569170186
analytic15_sh,sh,1b98302c1ed9406a8343b3d39d6c5095,0.00014744917280040681,3278972.035491228,15,61.71839991424037,0.22533685390353586,0.5010169173313568,2.223413119745767
analytic15_sh,sh,1bbd90606751424ca876f2c94e183784,0.019556570798158646,52139.599298560446,1,0.0,-7.878790776790847e-17,1.0000000000000002,1000000000.0000001
analytic15_sh,sh,1bbd90606751424ca876f2c94e183784,0.016933467239141464,52139.599298560446,2,91.93636879435786,-6.965982580043237e-17,0.5168947889474056,516894788.9474056
analytic15_sh,sh,1bbd90606751424ca876f2c94e183784,0.017074190080165863,52139.599298560446,3,77.09205727460716,0.14688118189864752,0.5137753327176795,3.4978975936631564
analytic15_sh,sh,1bbd90606751424ca876f2c94e183784,0.01747489534318447,52139.599298560446,5,61.81534383266445,0.17493355350172302,0.5705465989928648,3.2615046546073
analytic15_sh,sh,1bbd90606751424ca876f2c94e183784,0.017184624448418617,52139.59929856045,7,59.88206349279662,0.1519172004235042,0.6309873649805381,4.15349521464005
analytic15_sh,sh,1bbd90606751424ca876f2c94e183784,0.01734251342713833,52139.59929856045,10,63.575598474905874,0.20893337081535576,0.5102518458695189,2.4421749569170186
analytic15_sh,sh,1bbd90606751424ca876f2c94e183784,0.01730925589799881,52139.59929856044,15,61.71839991424037,0.22533685390353586,0.5010169173313568,2.223413119745767
analytic15_sh,sh,1bc61e7f64a54ccc9f3942b874779522,0.11889977008104324,34266639.526142225,1,0.0,-7.878790776790847e-17,1.0000000000000002,1000000000.0000001
analytic15_sh,sh,1bc61e7f64a54ccc9f3942b874779522,0.12037079781293869,34266639.526142225,2,91.93636879435786,-6.965982580043237e-17,0.5168947889474056,516894788.9474056
analytic15_sh,sh,1bc61e7f64a54ccc9f3942b874779522,0.03917848691344261,34266639.526142225,3,77.09205727460716,0.14688118189864752,0.5137753327176795,3.4978975936631564
analytic15_sh,sh,1bc61e7f64a54ccc9f3942b874779522,0.031653787940740585,34266639.526142225,5,61.81534383266445,0.17493355350172302,0.5705465989928648,3.2615046546073
analytic15_sh,sh,1bc61e7f64a54ccc9f3942b874779522,0.04372222721576691,34266639.52614223,7,59.88206349279662,0.1519172004235042,0.6309873649805381,4.15349521464005
analytic15_sh,sh,1bc61e7f64a54ccc9f3942b874779522,0.03407904505729675,34266639.526142225,10,63.575598474905874,0.20893337081535576,0.5102518458695189,2.4421749569170186
analytic15_sh,sh,1bc61e7f64a54ccc9f3942b874779522,0.03443362936377525,34266639.52614223,15,61.71839991424037,0.22533685390353586,0.5010169173313568,2.223413119745767
analytic15_sh,sh,1d29f591697e493387d51a116b895934,0.10716570168733597,135753.8959391416,1,0.0,-7.878790776790847e-17,1.0000000000000002,1000000000.0000001
analytic15_sh,sh,1d29f591697e493387d51a116b895934,0.10561583936214447,135753.8959391416,2,91.93636879435786,-6.965982580043237e-17,0.5168947889474056,516894788.9474056
analytic15_sh,sh,1d29f591697e493387d51a116b895934,0.018884213641285896,135753.8959391416,3,77.09205727460716,0.14688118189864752,0.5137753327176795,3.4978975936631564
analytic15_sh,sh,1d29f591697e493387d51a116b895934,0.017909731715917587,135753.8959391416,5,61.81534383266445,0.17493355350172302,0.5705465989928648,3.2615046546073
analytic15_sh,sh,1d29f591697e493387d51a116b895934,0.01966954953968525,135753.8959391416,7,59.88206349279662,0.1519172004235042,0.6309873649805381,4.15349521464005
analytic15_sh,sh,1d29f591697e493387d51a116b895934,0.018521830439567566,135753.89593914157,10,63.575598474905874,0.20893337081535576,0.5102518458695189,2.4421749569170186
analytic15_sh,sh,1d29f591697e493387d51a116b895934,0.018641140311956406,135753.89593914157,15,61.71839991424037,0.22533685390353586,0.5010169173313568,2.223413119745767
analytic15_sh,sh,1dbcb5f847804c75822615e161505d83,0.00014709278184454888,31195.440357193056,1,0.0,-7.878790776790847e-17,1.0000000000000002,1000000000.0000001
analytic15_sh,sh,1dbcb5f847804c75822615e161505d83,0.0001470933493692428,31195.440357193056,2,91.93636879435786,-6.965982580043237e-17,0.5168947889474056,516894788.9474056
analytic15_sh,sh,1dbcb5f847804c75822615e161505d83,0.0001470942224841565,31195.440357193056,3,77.09205727460716,0.14688118189864752,0.5137753327176795,3.4978975936631564
analytic15_sh,sh,1dbcb5f847804c75822615e161505d83,0.00014709307288285345,31195.440357193052,5,61.81534383266445,0.17493355350172302,0.5705465989928648,3.2615046546073
analytic15_sh,sh,1dbcb5f847804c75822615e161505d83,0.0001470941206207499,31195.440357193056,7,59.88206349279662,0.1519172004235042,0.6309873649805381,4.15349521464005
analytic15_sh,sh,1dbcb5f847804c75822615e161505d83,0.00014709267998114228,31195.440357193052,10,63.575598474905874,0.20893337081535576,0.5102518458695189,2.4421749569170186
analytic15_sh,sh,1dbcb5f847804c75822615e161505d83,0.00014709368406329304,31195.440357193056,15,61.71839991424037,0.22533685390353586,0.5010169173313568,2.223413119745767
analytic15_sh,sh,1e5929958e9d4fd5b0b8cdeaf2752d01,0.030122850090265274,147638.45796454424,1,0.0,-7.878790776790847e-17,1.0000000000000002,1000000000.0000001
analytic15_sh,sh,1e5929958e9d4fd5b0b8cdeaf2752d01,0.02913828380405903,147638.45796454424,2,91.93636879435786,-6.965982580043237e-17,0.5168947889474056,516894788.9474056
analytic15_sh,sh,1e5929958e9d4fd5b0b8cdeaf2752d01,0.019706599414348602,147638.45796454424,3,77.09205727460716,0.14688118189864752,0.5137753327176795,3.4978975936631564
analytic15_sh,sh,1e5929958e9d4fd5b0b8cdeaf2752d01,0.015761125832796097,147638.45796454424,5,61.81534383266445,0.17493355350172302,0.5705465989928648,3.2615046546073
analytic15_sh,sh,1e5929958e9d4fd5b0b8cdeaf2752d01,0.02125963754951954,147638.4579645442,7,59.88206349279662,0.1519172004235042,0.6309873649805381,4.15349521464005
analytic15_sh,sh,1e5929958e9d4fd5b0b8cdeaf2752d01,0.01728460006415844,147638.45796454424,10,63.575598474905874,0.20893337081535576,0.5102518458695189,2.4421749569170186
analytic15_sh,sh,1e5929958e9d4fd5b0b8cdeaf2752d01,0.017563968896865845,147638.4579645442,15,61.71839991424037,0.22533685390353586,0.5010169173313568,2.223413119745767
analytic15_sh,sh,1ea9f54daa68475d867243576d94e9b5,0.12423089146614075,389698.04711573356,1,0.0,-7.878790776790847e-17,1.0000000000000002,1000000000.0000001
analytic15_sh,sh,1ea9f54daa68475d867243576d94e9b5,0.1265990436077118,389698.04711573356,2,91.93636879435786,-6.965982580043237e-17,0.5168947889474056,516894788.9474056
analytic15_sh,sh,1ea9f54daa68475d867243576d94e9b5,0.03700803965330124,389698.04711573356,3,77.09205727460716,0.14688118189864752,0.5137753327176795,3.4978975936631564
analytic15_sh,sh,1ea9f54daa68475d867243576d94e9b5,0.028586145490407944,389698.04711573356,5,61.81534383266445,0.17493355350172302,0.5705465989928648,3.2615046546073
analytic15_sh,sh,1ea9f54daa68475d867243576d94e9b5,0.04217642545700073,389698.0471157335,7,59.88206349279662,0.1519172004235042,0.6309873649805381,4.15349521464005
analytic15_sh,sh,1ea9f54daa68475d867243576d94e9b5,0.03156684711575508,389698.0471157335,10,63.575598474905874,0.20893337081535576,0.5102518458695189,2.4421749569170186
analytic15_sh,sh,1ea9f54daa68475d867243576d94e9b5,0.032064616680145264,389698.0471157336,15,61.71839991424037,0.22533685390353586,0.5010169173313568,2.223413119745767
analytic15_sh,sh,1eeefd2d22dd4b6c8ec6fbfa1f885d01,0.13193577527999878,15685.570998264448,1,0.0,-7.878790776790847e-17,1.0000000000000002,1000000000.0000001
analytic15_sh,sh,1eeefd2d22dd4b6c8ec6fbfa1f885d01,0.1644367128610611,15685.570998264448,2,91.93636879435786,-6.965982580043237e-17,0.5168947889474056,516894788.9474056
analytic15_sh,sh,1eeefd2d22dd4b6c8ec6fbfa1f885d01,0.023333115503191948,15685.570998264448,3,77.09205727460716,0.14688118189864752,0.5137753327176795,3.4978975936631564
analytic15_sh,sh,1eeefd2d22dd4b6c8ec6fbfa1f885d01,0.016566867008805275,15685.570998264448,5,61.81534383266445,0.17493355350172302,0.5705465989928648,3.2615046546073
analytic15_sh,sh,1eeefd2d22dd4b6c8ec6fbfa1f885d01,0.02655712515115738,15685.570998264448,7,59.88206349279662,0.1519172004235042,0.6309873649805381,4.15349521464005
analytic15_sh,sh,1eeefd2d22dd4b6c8ec6fbfa1f885d01,0.018796728923916817,15685.570998264448,10,63.575598474905874,0.20893337081535576,0.5102518458695189,2.4421749569170186
analytic15_sh,sh,1eeefd2d22dd4b6c8ec6fbfa1f885d01,0.019308537244796753,15685.570998264448,15,61.71839991424037,0.22533685390353586,0.5010169173313568,2.223413119745767
analytic15_sh,sh,1f6c403e514e4d259ecb329543003c3d,0.10082090646028519,400021.1154778755,1,0.0,-7.878790776790847e-17,1.0000000000000002,1000000000.0000001
analytic15_sh,sh,1f6c403e514e4d259ecb329543003c3d,0.14103688299655914,400021.1154778755,2,91.93636879435786,-6.965982580043237e-17,0.5168947889474056,516894788.9474056
analytic15_sh,sh,1f6c403e514e4d259ecb329543003c3d,0.01723995804786682,400021.1154778755,3,77.09205727460716,0.14688118189864752,0.5137753327176795,3.4978975936631564
analytic15_sh,sh,1f6c403e514e4d259ecb329543003c3d,0.014951263554394245,400021.1154778755,5,61.81534383266445,0.17493355350172302,0.5705465989928648,3.2615046546073
analytic15_sh,sh,1f6c403e514e4d259ecb329543003c3d,0.01801886223256588,400021.11547787546,7,59.88206349279662,0.1519172004235042,0.6309873649805381,4.15349521464005
analytic15_sh,sh,1f6c403e514e4d259ecb329543003c3d,0.01545123104006052,400021.11547787546,10,63.575598474905874,0.20893337081535576,0.5102518458695189,2.4421749569170186
analytic15_sh,sh,1f6c403e514e4d259ecb329543003c3d,0.015612323768436909,400021.1154778756,15,61.71839991424037,0.22533685390353586,0.5010169173313568,2.223413119745767
analytic15_sh,sh,1f899649bb9f4e51a031668b0a97d438,0.18838141858577728,94943.54803544456,1,0.0,-7.878790776790847e-17,1.0000000000000002,1000000000.0000001
analytic15_sh,sh,1f899649bb9f4e51a031668b0a97d438,0.22061771154403687,94943.54803544456,2,91.93636879435786,-6.965982580043237e-17,0.5168947889474056,516894788.9474056
analytic15_sh,sh,1f899649bb9f4e51a031668b0a97d438,0.007389184087514877,94943.54803544456,3,77.09205727460716,0.14688118189864752,0.5137753327176795,3.4978975936631564
analytic15_sh,sh,1f899649bb9f4e51a031668b0a97d438,0.005415772087872028,94943.54803544456,5,61.81534383266445,0.17493355350172302,0.5705465989928648,3.2615046546073
analytic15_sh,sh,1f899649bb9f4e51a031668b0a97d438,0.009110410697758198,94943.54803544456,7,59.88206349279662,0.1519172004235042,0.6309873649805381,4.15349521464005
analytic15_sh,sh,1f899649bb9f4e51a031668b0a97d438,0.0054871514439582825,94943.54803544456,10,63.575598474905874,0.20893337081535576,0.5102518458695189,2.4421749569170186
analytic15_sh,sh,1f899649bb9f4e51a031668b0a97d438,0.0055602299980819225,94943.54803544453,15,61.71839991424037,0.22533685390353586,0.5010169173313568,2.223413119745767
analytic15_sh,sh,202304220aef4cac84572ec4a072bf68,0.015042771585285664,100181.18990547562,1,0.0,-7.878790776790847e-17,1.0000000000000002,1000000000.0000001
analytic15_sh,sh,202304220aef4cac84572ec4a072bf68,0.015511206351220608,100181.18990547562,2,91.93636879435786,-6.965982580043237e-17,0.5168947889474056,516894788.9474056
analytic15_sh,sh,202304220aef4cac84572ec4a072bf68,0.017367029562592506,100181.18990547564,3,77.09205727460716,0.14688118189864752,0.5137753327176795,3.4978975936631564
analytic15_sh,sh,202304220aef4cac84572ec4a072bf68,0.015469735488295555,100181.18990547562,5,61.81534383266445,0.17493355350172302,0.5705465989928648,3.2615046546073
analytic15_sh,sh,202304220aef4cac84572ec4a072bf68,0.016809064894914627,100181.1899054756,7,59.88206349279662,0.1519172004235042,0.6309873649805381,4.15349521464005
analytic15_sh,sh,202304220aef4cac84572ec4a072bf68,0.016364287585020065,100181.18990547562,10,63.575598474905874,0.20893337081535576,0.5102518458695189,2.4421749569170186
analytic15_sh,sh,202304220aef4cac84572ec4a072bf68,0.016607491299510002,100181.1899054756,15,61.71839991424037,0.22533685390353586,0.5010169173313568,2.223413119745767
analytic15_sh,sh,210f600a968c47e4abeed9c8d25f36bd,0.00014760540216229856,89214.6467903215,1,0.0,-7.878790776790847e-17,1.0000000000000002,1000000000.0000001
analytic15_sh,sh,210f600a968c47e4abeed9c8d25f36bd,0.0001476070610806346,89214.6467903215,2,91.93636879435786,-6.965982580043237e-17,0.5168947889474056,516894788.9474056
analytic15_sh,sh,210f600a968c47e4abeed9c8d25f36bd,0.00014760660997126251,89214.6467903215,3,77.09205727460716,0.14688118189864752,0.5137753327176795,3.4978975936631564
analytic15_sh,sh,210f600a968c47e4abeed9c8d25f36bd,0.0001476065517636016,89214.6467903215,5,61.81534383266445,0.17493355350172302,0.5705465989928648,3.2615046546073
analytic15_sh,sh,210f600a968c47e4abeed9c8d25f36bd,0.00014760690100956708,89214.64679032148,7,59.88206349279662,0.1519172004235042,0.6309873649805381,4.15349521464005
analytic15_sh,sh,210f600a968c47e4abeed9c8d25f36bd,0.0001476063916925341,89214.64679032148,10,63.575598474905874,0.20893337081535576,0.5102518458695189,2.4421749569170186
analytic15_sh,sh,210f600a968c47e4abeed9c8d25f36bd,0.0001476063916925341,89214.64679032148,15,61.71839991424037,0.22533685390353586,0.5010169173313568,2.223413119745767
analytic15_sh,sh,21228b0cf30745efbf0842c86f34e584,0.18388189375400543,20522942.943150163,1,0.0,-7.878790776790847e-17,1.0000000000000002,1000000000.0000001
analytic15_sh,sh,21228b0cf30745efbf0842c86f34e584,0.21336907148361206,20522942.943150163,2,91.93636879435786,-6.965982580043237e-17,0.5168947889474056,516894788.9474056
analytic15_sh,sh,21228b0cf30745efbf0842c86f34e584,0.017709089443087578,20522942.943150163,3,77.09205727460716,0.14688118189864752,0.5137753327176795,3.4978975936631564
analytic15_sh,sh,21228b0cf30745efbf0842c86f34e584,0.00899476557970047,20522942.943150163,5,61.81534383266445,0.17493355350172302,0.5705465989928648,3.2615046546073
analytic15_sh,sh,21228b0cf30745efbf0842c86f34e584,0.02134604938328266,20522942.943150163,7,59.88206349279662,0.1519172004235042,0.6309873649805381,4.15349521464005
analytic15_sh,sh,21228b0cf30745efbf0842c86f34e584,0.009382655844092369,20522942.943150163,10,63.575598474905874,0.20893337081535576,0.5102518458695189,2.4421749569170186
analytic15_sh,sh,21228b0cf30745efbf0842c86f34e584,0.010602106340229511,20522942.943150163,15,61.71839991424037,0.22533685390353586,0.5010169173313568,2.223413119745767
analytic15_sh,sh,2242ba8057ed45c998208ca71cd13b3e,0.04178743064403534,17638027.01373259,1,0.0,-7.878790776790847e-17,1.0000000000000002,1000000000.0000001
analytic15_sh,sh,2242ba8057ed45c998208ca71cd13b3e,0.0457710325717926,17638027.01373259,2,91.93636879435786,-6.965982580043237e-17,0.5168947889474056,516894788.9474056
analytic15_sh,sh,2242ba8057ed45c998208ca71cd13b3e,0.018938755616545677,17638027.01373259,3,77.09205727460716,0.14688118189864752,0.5137753327176795,3.4978975936631564
analytic15_sh,sh,2242ba8057ed45c998208ca71cd13b3e,0.01482919231057167,17638027.01373259,5,61.81534383266445,0.17493355350172302,0.5705465989928648,3.2615046546073
analytic15_sh,sh,2242ba8057ed45c998208ca71cd13b3e,0.0214035976678133,17638027.013732586,7,59.88206349279662,0.1519172004235042,0.6309873649805381,4.15349521464005
analytic15_sh,sh,2242ba8057ed45c998208ca71cd13b3e,0.01618938148021698,17638027.01373259,10,63.575598474905874,0.20893337081535576,0.5102518458695189,2.4421749569170186
analytic15_sh,sh,2242ba8057ed45c998208ca71cd13b3e,0.01637631095945835,17638027.013732586,15,61.71839991424037,0.22533685390353586,0.5010169173313568,2.223413119745767
analytic15_sh,sh,229df31da28c4d3390d6ae1fef2867e0,0.12710456550121307,763913.5468635663,1,0.0,-7.878790776790847e-17,1.0000000000000002,1000000000.0000001
analytic15_sh,sh,229df31da28c4d3390d6ae1fef2867e0,0.15781167149543762,763913.5468635663,2,91.93636879435786,-6.965982580043237e-17,0.5168947889474056,516894788.9474056
analytic15_sh,sh,229df31da28c4d3390d6ae1fef2867e0,0.015223952941596508,763913.5468635663,3,77.09205727460716,0.14688118189864752,0.5137753327176795,3.4978975936631564
analytic15_sh,sh,229df31da28c4d3390d6ae1fef2867e0,0.013308248482644558,763913.5468635663,5,61.81534383266445,0.17493355350172302,0.5705465989928648,3.2615046546073
analytic15_sh,sh,229df31da28c4d3390d6ae1fef2867e0,0.016465896740555763,763913.5468635663,7,59.88206349279662,0.1519172004235042,0.6309873649805381,4.15349521464005
analytic15_sh,sh,229df31da28c4d3390d6ae1fef2867e0,0.014041261747479439,763913.5468635663,10,63.575598474905874,0.20893337081535576,0.5102518458695189,2.4421749569170186
analytic15_sh,sh,229df31da28c4d3390d6ae1fef2867e0,0.0141526460647583,763913.5468635665,15,61.71839991424037,0.22533685390353586,0.5010169173313568,2.223413119745767
analytic15_sh,sh,22a62914e48948cbb93a08364e3d650c,0.08498508483171463,1407022.2431824582,1,0.0,-7.878790776790847e-17,1.0000000000000002,1000000000.0000001
analytic15_sh,sh,22a62914e48948cbb93a08364e3d650c,0.08483163267374039,1407022.2431824582,2,91.93636879435786,-6.965982580043237e-17,0.5168947889474056,516894788.9474056
analytic15_sh,sh,22a62914e48948cbb93a08364e3d650c,0.03859582543373108,1407022.2431824582,3,77.09205727460716,0.14688118189864752,0.5137753327176795,3.4978975936631564
analytic15_sh,sh,22a62914e48948cbb93a08364e3d650c,0.030552411451935768,1407022.2431824582,5,61.81534383266445,0.17493355350172302,0.5705465989928648,3.2615046546073
analytic15_sh,sh,22a62914e48948cbb93a08364e3d650c,0.04249807074666023,1407022.2431824582,7,59.88206349279662,0.1519172004235042,0.6309873649805381,4.15349521464005
analytic15_sh,sh,22a62914e48948cbb93a08364e3d650c,0.03358837962150574,1407022.2431824582,10,63.575598474905874,0.20893337081535576,0.5102518458695189,2.4421749569170186
analytic15_sh,sh,22a62914e48948cbb93a08364e3d650c,0.03405993431806564,1407022.2431824582,15,61.71839991424037,0.22533685390353586,0.5010169173313568,2.223413119745767
analytic15_sh,sh,2408f7b6d1d64b9ca70b14a84dee8d84,0.13034175336360931,212281.3236711719,1,0.0,-7.878790776790847e-17,1.0000000000000002,1000000000.0000001
analytic15_sh,sh,2408f7b6d1d64b9ca70b14a84dee8d84,0.1306638866662979,212281.3236711719,2,91.93636879435786,-6.965982580043237e-17,0.5168947889474056,516894788.9474056
analytic15_sh,sh,2408f7b6d1d64b9ca70b14a84dee8d84,0.04945266246795654,212281.3236711719,3,77.09205727460716,0.14688118189864752,0.5137753327176795,3.4978975936631564
analytic15_sh,sh,2408f7b6d1d64b9ca70b14a84dee8d84,0.03908199071884155,212281.3236711719,5,61.81534383266445,0.17493355350172302,0.5705465989928648,3.2615046546073
analytic15_sh,sh,2408f7b6d1d64b9ca70b14a84dee8d84,0.05537160113453865,212281.3236711719,7,59.88206349279662,0.1519172004235042,0.6309873649805381,4.15349521464005
analytic15_sh,sh,2408f7b6d1d64b9ca70b14a84dee8d84,0.043183837085962296,212281.3236711719,10,63.575598474905874,0.20893337081535576,0.5102518458695189,2.4421749569170186
analytic15_sh,sh,2408f7b6d1d64b9ca70b14a84dee8d84,0.04370090365409851,212281.3236711719,15,61.71839991424037,0.22533685390353586,0.5010169173313568,2.223413119745767
analytic15_sh,sh,24a0d4520d444db7980f3737950f2a5c,0.13878698647022247,59128637.56177038,1,0.0,-7.878790776790847e-17,1.0000000000000002,1000000000.0000001
analytic15_sh,sh,24a0d4520d444db7980f3737950f2a5c,0.08865336328744888,59128637.56177038,2,91.93636879435786,-6.965982580043237e-17,0.5168947889474056,516894788.9474056
analytic15_sh,sh,24a0d4520d444db7980f3737950f2a5c,0.01387626864016056,59128637.56177038,3,77.09205727460716,0.14688118189864752,0.5137753327176795,3.4978975936631564
analytic15_sh,sh,24a0d4520d444db7980f3737950f2a5c,0.013482577167451382,59128637.56177038,5,61.81534383266445,0.17493355350172302,0.5705465989928648,3.2615046546073
analytic15_sh,sh,24a0d4520d444db7980f3737950f2a5c,0.01431831531226635,59128637.56177038,7,59.88206349279662,0.1519172004235042,0.6309873649805381,4.15349521464005
analytic15_sh,sh,24a0d4520d444db7980f3737950f2a5c,0.01349956076592207,59128637.56177038,10,63.575598474905874,0.20893337081535576,0.5102518458695189,2.4421749569170186
analytic15_sh,sh,24a0d4520d444db7980f3737950f2a5c,0.013546950183808804,59128637.561770394,15,61.71839991424037,0.22533685390353586,0.5010169173313568,2.223413119745767
analytic15_sh,sh,2570d5ef94e740e9bd85d42e6b8c59f6,0.027524448931217194,172467057.7960257,1,0.0,-7.878790776790847e-17,1.0000000000000002,1000000000.0000001
analytic15_sh,sh,2570d5ef94e740e9bd85d42e6b8c59f6,0.03284776583313942,172467057.7960257,2,91.93636879435786,-6.965982580043237e-17,0.5168947889474056,516894788.9474056
analytic15_sh,sh,2570d5ef94e740e9bd85d42e6b8c59f6,0.01665610261261463,172467057.7960257,3,77.09205727460716,0.14688118189864752,0.5137753327176795,3.4978975936631564
analytic15_sh,sh,2570d5ef94e740e9bd85d42e6b8c59f6,0.01416296511888504,172467057.7960257,5,61.81534383266445,0.17493355350172302,0.5705465989928648,3.2615046546073
analytic15_sh,sh,2570d5ef94e740e9bd85d42e6b8c59f6,0.0178853627294302,172467057.79602572,7,59.88206349279662,0.1519172004235042,0.6309873649805381,4.15349521464005
analytic15_sh,sh,2570d5ef94e740e9bd85d42e6b8c59f6,0.015017323195934296,172467057.7960257,10,63.575598474905874,0.20893337081535576,0.5102518458695189,2.4421749569170186
analytic15_sh,sh,2570d5ef94e740e9bd85d42e6b8c59f6,0.015165724791586399,172467057.79602572,15,61.71839991424037,0.22533685390353586,0.5010169173313568,2.223413119745767
analytic15_sh,sh,25b1735633484414aef07006a0099c26,0.024682439863681793,2507.5075452284627,1,0.0,-7.878790776790847e-17,1.0000000000000002,1000000000.0000001
analytic15_sh,sh,25b1735633484414aef07006a0099c26,0.02389291301369667,2507.5075452284627,2,91.93636879435786,-6.965982580043237e-17,0.5168947889474056,516894788.9474056
analytic15_sh,sh,25b1735633484414aef07006a0099c26,0.021656082943081856,2507.5075452284627,3,77.09205727460716,0.14688118189864752,0.5137753327176795,3.4978975936631564
analytic15_sh,sh,25b1735633484414aef07006a0099c26,0.020217031240463257,2507.5075452284627,5,61.81534383266445,0.17493355350172302,0.5705465989928648,3.2615046546073
analytic15_sh,sh,25b1735633484414aef07006a0099c26,0.022708740085363388,2507.5075452284623,7,59.88206349279662,0.1519172004235042,0.6309873649805381,4.15349521464005
analytic15_sh,sh,25b1735633484414aef07006a0099c26,0.0205299761146307,2507.5075452284627,10,63.575598474905874,0.20893337081535576,0.5102518458695189,2.4421749569170186
analytic15_sh,sh,25b1735633484414aef07006a0099c26,0.02067657746374607,2507.5075452284627,15,61.71839991424037,0.22533685390353586,0.5010169173313568,2.223413119745767
analytic15_sh,sh,25b74c8c02ef41f6bdb3dc2b097c6eee,0.06553005427122116,5864.39472981899,1,0.0,-7.878790776790847e-17,1.0000000000000002,1000000000.0000001
analytic15_sh,sh,25b74c8c02ef41f6bdb3dc2b097c6eee,0.05554686114192009,5864.39472981899,2,91.93636879435786,-6.965982580043237e-17,0.5168947889474056,516894788.9474056
analytic15_sh,sh,25b74c8c02ef41f6bdb3dc2b097c6eee,0.027718588709831238,5864.39472981899,3,77.09205727460716,0.14688118189864752,0.5137753327176795,3.4978975936631564
analytic15_sh,sh,25b74c8c02ef41f6bdb3dc2b097c6eee,0.023484976962208748,5864.39472981899,5,61.81534383266445,0.17493355350172302,0.5705465989928648,3.2615046546073
analytic15_sh,sh,25b74c8c02ef41f6bdb3dc2b097c6eee,0.029599083587527275,5864.39472981899,7,59.88206349279662,0.1519172004235042,0.6309873649805381,4.15349521464005
analytic15_sh,sh,25b74c8c02ef41f6bdb3dc2b097c6eee,0.025209302082657814,5864.39472981899,10,63.575598474905874,0.20893337081535576,0.5102518458695189,2.4421749569170186
analytic15_sh,sh,25b74c8c02ef41f6bdb3dc2b097c6eee,0.02544267475605011,5864.39472981899,15,61.71839991424037,0.22533685390353586,0.5010169173313568,2.223413119745767
analytic15_sh,sh,260151f2360c484e8c0a5034ff391021,0.0992002934217453,1457103.9073535434,1,0.0,-7.878790776790847e-17,1.0000000000000002,1000000000.0000001
analytic15_sh,sh,260151f2360c484e8c0a5034ff391021,0.12095619738101959,1457103.9073535434,2,91.93636879435786,-6.965982580043237e-17,0.5168947889474056,516894788.9474056
analytic15_sh,sh,260151f2360c484e8c0a5034ff391021,0.026803143322467804,1457103.9073535434,3,77.09205727460716,0.14688118189864752,0.5137753327176795,3.4978975936631564
analytic15_sh,sh,260151f2360c484e8c0a5034ff391021,0.021424615755677223,1457103.9073535434,5,61.81534383266445,0.17493355350172302,0.5705465989928648,3.2615046546073
analytic15_sh,sh,260151f2360c484e8c0a5034ff391021,0.02713863179087639,1457103.9073535432,7,59.88206349279662,0.1519172004235042,0.6309873649805381,4.15349521464005
analytic15_sh,sh,260151f2360c484e8c0a5034ff391021,0.022147903218865395,1457103.9073535432,10,63.575598474905874,0.20893337081535576,0.5102518458695189,2.4421749569170186
analytic15_sh,sh,260151f2360c484e8c0a5034ff391021,0.022561090067029,1457103.9073535432,15,61.71839991424037,0.22533685390353586,0.5010169173313568,2.223413119745767
analytic15_sh,sh,273a3aa035784eacb89db08c1a0710bf,0.10370529443025589,41864.73042365254,1,0.0,-7.878790776790847e-17,1.0000000000000002,1000000000.0000001
analytic15_sh,sh,273a3aa035784eacb89db08c1a0710bf,0.10400410741567612,41864.73042365254,2,91.93636879435786,-6.965982580043237e-17,0.5168947889474056,516894788.9474056
analytic15_sh,sh,273a3aa035784eacb89db08c1a0710bf,0.04111058637499809,41864.73042365254,3,77.09205727460716,0.14688118189864752,0.5137753327176795,3.4978975936631564
analytic15_sh,sh,273a3aa035784eacb89db08c1a0710bf,0.0323297455906868,41864.73042365254,5,61.81534383266445,0.17493355350172302,0.5705465989928648,3.2615046546073
analytic15_sh,sh,273a3aa035784eacb89db08c1a0710bf,0.04572337120771408,41864.73042365253,7,59.88206349279662,0.1519172004235042,0.6309873649805381,4.15349521464005
analytic15_sh,sh,273a3aa035784eacb89db08c1a0710bf,0.035568274557590485,41864.730423652545,10,63.575598474905874,0.20893337081535576,0.5102518458695189,2.4421749569170186
analytic15_sh,sh,273a3aa035784eacb89db08c1a0710bf,0.036040082573890686,41864.73042365255,15,61.71839991424037,0.22533685390353586,0.5010169173313568,2.223413119745767
analytic15_sh,sh,276f390b0cfc475898b445466d387cf6,0.07638207823038101,268695.39746699354,1,0.0,-7.878790776790847e-17,1.0000000000000002,1000000000.0000001
analytic15_sh,sh,276f390b0cfc475898b445466d387cf6,0.07826047390699387,268695.39746699354,2,91.93636879435786,-6.965982580043237e-17,0.5168947889474056,516894788.9474056
analytic15_sh,sh,276f390b0cfc475898b445466d387cf6,0.0610039047896862,268695.39746699354,3,77.09205727460716,0.14688118189864752,0.5137753327176795,3.4978975936631564
analytic15_sh,sh,276f390b0cfc475898b445466d387cf6,0.05006386712193489,268695.39746699354,5,61.81534383266445,0.17493355350172302,0.5705465989928648,3.2615046546073
analytic15_sh,sh,276f390b0cfc475898b445466d387cf6,0.06500698626041412,268695.3974669935,7,59.88206349279662,0.1519172004235042,0.6309873649805381,4.15349521464005
analytic15_sh,sh,276f390b0cfc475898b445466d387cf6,0.054786164313554764,268695.39746699354,10,63.575598474905874,0.20893337081535576,0.5102518458695189,2.4421749569170186
analytic15_sh,sh,276f390b0cfc475898b445466d387cf6,0.05530470609664917,268695.3974669935,15,61.71839991424037,0.22533685390353586,0.5010169173313568,2.223413119745767
analytic15_sh,sh,27b4f79643cb40ae8cdde5d5a9adebf1,0.07850182056427002,170365.7647277305,1,0.0,-7.878790776790847e-17,1.0000000000000002,1000000000.0000001
analytic15_sh,sh,27b4f79643cb40ae8cdde5d5a9adebf1,0.0803738459944725,170365.7647277305,2,91.93636879435786,-6.965982580043237e-17,0.5168947889474056,516894788.9474056
analytic15_sh,sh,27b4f79643cb40ae8cdde5d5a9adebf1,0.06200107932090759,170365.7647277305,3,77.09205727460716,0.14688118189864752,0.5137753327176795,3.4978975936631564
analytic15_sh,sh,27b4f79643cb40ae8cdde5d5a9adebf1,0.051537204533815384,170365.7647277305,5,61.81534383266445,0.17493355350172302,0.5705465989928648,3.2615046546073
analytic15_sh,sh,27b4f79643cb40ae8cdde5d5a9adebf1,0.06604303419589996,170365.7647277305,7,59.88206349279662,0.1519172004235042,0.6309873649805381,4.15349521464005
analytic15_sh,sh,27b4f79643cb40ae8cdde5d5a9adebf1,0.05597730726003647,170365.7647277305,10,63.575598474905874,0.20893337081535576,0.5102518458695189,2.4421749569170186
analytic15_sh,sh,27b4f79643cb40ae8cdde5d5a9adebf1,0.05655414238572121,170365.76472773048,15,61.71839991424037,0.22533685390353586,0.5010169173313568,2.223413119745767
analytic15_sh,sh,285fbc3ac47c47dead4bae4f21dbf966,0.1669759750366211,473574.17739684426,1,0.0,-7.878790776790847e-17,1.0000000000000002,1000000000.0000001
analytic15_sh,sh,285fbc3ac47c47dead4bae4f21dbf966,0.20136846601963043,473574.17739684426,2,91.93636879435786,-6.965982580043237e-17,0.5168947889474056,516894788.9474056
analytic15_sh,sh,285fbc3ac47c47dead4bae4f21dbf966,0.00834572035819292,473574.1773968443,3,77.09205727460716,0.14688118189864752,0.5137753327176795,3.4978975936631564
analytic15_sh,sh,285fbc3ac47c47dead4bae4f21dbf966,0.005229151342064142,473574.17739684426,5,61.81534383266445,0.17493355350172302,0.5705465989928648,3.2615046546073
analytic15_sh,sh,285fbc3ac47c47dead4bae4f21dbf966,0.0099500035867095,473574.1773968442,7,59.88206349279662,0.1519172004235042,0.6309873649805381,4.15349521464005
analytic15_sh,sh,285fbc3ac47c47dead4bae4f21dbf966,0.005354140419512987,473574.17739684426,10,63.575598474905874,0.20893337081535576,0.5102518458695189,2.4421749569170186
analytic15_sh,sh,285fbc3ac47c47dead4bae4f21dbf966,0.005534427240490913,473574.1773968442,15,61.71839991424037,0.22533685390353586,0.5010169173313568,2.223413119745767
analytic15_sh,sh,28e9c03735124472877f9f4741a74d78,0.040089286863803864,9142.501338765991,1,0.0,-7.878790776790847e-17,1.0000000000000002,1000000000.0000001
analytic15_sh,sh,28e9c03735124472877f9f4741a74d78,0.03761596977710724,9142.501338765991,2,91.93636879435786,-6.965982580043237e-17,0.5168947889474056,516894788.9474056
analytic15_sh,sh,28e9c03735124472877f9f4741a74d78,0.016221651807427406,9142.501338765991,3,77.09205727460716,0.14688118189864752,0.5137753327176795,3.4978975936631564
analytic15_sh,sh,28e9c03735124472877f9f4741a74d78,0.011760515160858631,9142.501338765991,5,61.81534383266445,0.17493355350172302,0.5705465989928648,3.2615046546073
analytic15_sh,sh,28e9c03735124472877f9f4741a74d78,0.019316861405968666,9142.501338765991,7,59.88206349279662,0.1519172004235042,0.6309873649805381,4.15349521464005
analytic15_sh,sh,28e9c03735124472877f9f4741a74d78,0.013420064933598042,9142.50133876599,10,63.575598474905874,0.20893337081535576,0.5102518458695189,2.4421749569170186
analytic15_sh,sh,28e9c03735124472877f9f4741a74d78,0.01362360455095768,9142.50133876599,15,61.71839991424037,0.22533685390353586,0.5010169173313568,2.223413119745767
analytic15_sh,sh,28f3639867884b1ab9357e990899d9d6,0.10466832667589188,11903615.310783159,1,0.0,-7.878790776790847e-17,1.0000000000000002,1000000000.0000001
analytic15_sh,sh,28f3639867884b1ab9357e990899d9d6,0.15165258944034576,11903615.310783159,2,91.93636879435786,-6.965982580043237e-17,0.5168947889474056,516894788.9474056
analytic15_sh,sh,28f3639867884b1ab9357e990899d9d6,0.009150629863142967,11903615.310783157,3,77.09205727460716,0.14688118189864752,0.5137753327176795,3.4978975936631564
analytic15_sh,sh,28f3639867884b1ab9357e990899d9d6,0.007706359960138798,11903615.310783159,5,61.81534383266445,0.17493355350172302,0.5705465989928648,3.2615046546073
analytic15_sh,sh,28f3639867884b1ab9357e990899d9d6,0.00964412558823824,11903615.31078316,7,59.88206349279662,0.1519172004235042,0.6309873649805381,4.15349521464005
analytic15_sh,sh,28f3639867884b1ab9357e990899d9d6,0.00777700450271368,11903615.310783159,10,63.575598474905874,0.20893337081535576,0.5102518458695189,2.4421749569170186
analytic15_sh,sh,28f3639867884b1ab9357e990899d9d6,0.007883920334279537,11903615.310783157,15,61.71839991424037,0.22533685390353586,0.5010169173313568,2.223413119745767
analytic15_sh,sh,2989fed94cf84cc8bddefad13d208932,0.05901887267827988,50213.501480515435,1,0.0,-7.878790776790847e-17,1.0000000000000002,1000000000.0000001
analytic15_sh,sh,2989fed94cf84cc8bddefad13d208932,0.060746707022190094,50213.501480515435,2,91.93636879435786,-6.965982580043237e-17,0.5168947889474056,516894788.9474056
analytic15_sh,sh,2989fed94cf84cc8bddefad13d208932,0.045001525431871414,50213.501480515435,3,77.09205727460716,0.14688118189864752,0.5137753327176795,3.4978975936631564
analytic15_sh,sh,2989fed94cf84cc8bddefad13d208932,0.04370037838816643,50213.501480515435,5,61.81534383266445,0.17493355350172302,0.5705465989928648,3.2615046546073
analytic15_sh,sh,2989fed94cf84cc8bddefad13d208932,0.045044951140880585,50213.50148051543,7,59.88206349279662,0.1519172004235042,0.6309873649805381,4.15349521464005
analytic15_sh,sh,2989fed94cf84cc8bddefad13d208932,0.044532373547554016,50213.50148051544,10,63.575598474905874,0.20893337081535576,0.5102518458695189,2.4421749569170186
analytic15_sh,sh,2989fed94cf84cc8bddefad13d208932,0.04459887370467186,50213.50148051545,15,61.71839991424037,0.22533685390353586,0.5010169173313568,2.223413119745767
analytic15_sh,sh,29bc29d28a574da5a81e51a7bdccc563,0.016402816399931908,11356459.750912387,1,0.0,-7.878790776790847e-17,1.0000000000000002,1000000000.0000001
analytic15_sh,sh,29bc29d28a574da5a81e51a7bdccc563,0.019855113700032234,11356459.750912387,2,91.93636879435786,-6.965982580043237e-17,0.5168947889474056,516894788.9474056
analytic15_sh,sh,29bc29d28a574da5a81e51a7bdccc563,0.020076284185051918,11356459.750912389,3,77.09205727460716,0.14688118189864752,0.5137753327176795,3.4978975936631564
analytic15_sh,sh,29bc29d28a574da5a81e51a7bdccc563,0.015638507902622223,11356459.750912387,5,61.81534383266445,0.17493355350172302,0.5705465989928648,3.2615046546073
analytic15_sh,sh,29bc29d28a574da5a81e51a7bdccc563,0.02428257092833519,11356459.750912385,7,59.88206349279662,0.1519172004235042,0.6309873649805381,4.15349521464005
analytic15_sh,sh,29bc29d28a574da5a81e51a7bdccc563,0.01714521273970604,11356459.750912387,10,63.575598474905874,0.20893337081535576,0.5102518458695189,2.4421749569170186
analytic15_sh,sh,29bc29d28a574da5a81e51a7bdccc563,0.017403723672032356,11356459.750912389,15,61.71839991424037,0.22533685390353586,0.5010169173313568,2.223413119745767
analytic15_sh,sh,29dd1b62f2a74a1f85cad5fede2fc423,0.12188516557216644,10087.271863328777,1,0.0,-7.878790776790847e-17,1.0000000000000002,1000000000.0000001
analytic15_sh,sh,29dd1b62f2a74a1f85cad5fede2fc423,0.15045008063316345,10087.271863328777,2,91.93636879435786,-6.965982580043237e-17,0.5168947889474056,516894788.9474056
analytic15_sh,sh,29dd1b62f2a74a1f85cad5fede2fc423,0.012634250335395336,10087.271863328777,3,77.09205727460716,0.14688118189864752,0.5137753327176795,3.4978975936631564
analytic15_sh,sh,29dd1b62f2a74a1f85cad5fede2fc423,0.009289473295211792,10087.271863328777,5,61.81534383266445,0.17493355350172302,0.5705465989928648,3.2615046546073
analytic15_sh,sh,29dd1b62f2a74a1f85cad5fede2fc423,0.015116426162421703,10087.271863328775,7,59.88206349279662,0.1519172004235042,0.6309873649805381,4.15349521464005
analytic15_sh,sh,29dd1b62f2a74a1f85cad5fede2fc423,0.009865684434771538,10087.271863328777,10,63.575598474905874,0.20893337081535576,0.5102518458695189,2.4421749569170186
analytic15_sh,sh,29dd1b62f2a74a1f85cad5fede2fc423,0.010114993900060654,10087.271863328779,15,61.71839991424037,0.22533685390353586,0.5010169173313568,2.223413119745767
analytic15_sh,sh,29dfbc6436484061ba94690407c5f8fd,0.07843225449323654,13533609.64134752,1,0.0,-7.878790776790847e-17,1.0000000000000002,1000000000.0000001
analytic15_sh,sh,29dfbc6436484061ba94690407c5f8fd,0.09553064405918121,13533609.64134752,2,91.93636879435786,-6.965982580043237e-17,0.5168947889474056,516894788.9474056
analytic15_sh,sh,29dfbc6436484061ba94690407c5f8fd,0.00460398755967617,13533609.64134752,3,77.09205727460716,0.14688118189864752,0.5137753327176795,3.4978975936631564
analytic15_sh,sh,29dfbc6436484061ba94690407c5f8fd,0.0038359269965440035,13533609.641347522,5,61.81534383266445,0.17493355350172302,0.5705465989928648,3.2615046546073
analytic15_sh,sh,29dfbc6436484061ba94690407c5f8fd,0.004924055188894272,13533609.641347524,7,59.88206349279662,0.1519172004235042,0.6309873649805381,4.15349521464005
analytic15_sh,sh,29dfbc6436484061ba94690407c5f8fd,0.0038471706211566925,13533609.641347522,10,63.575598474905874,0.20893337081535576,0.5102518458695189,2.4421749569170186
analytic15_sh,sh,29dfbc6436484061ba94690407c5f8fd,0.003898759139701724,13533609.641347524,15,61.71839991424037,0.22533685390353586,0.5010169173313568,2.223413119745767
analytic15_sh,sh,2a37df8f84254af1aa4fca1efdbc4fe7,0.0500585213303566,25104.814281815274,1,0.0,-7.878790776790847e-17,1.0000000000000002,1000000000.0000001
analytic15_sh,sh,2a37df8f84254af1aa4fca1efdbc4fe7,0.07046565413475037,25104.814281815274,2,91.93636879435786,-6.965982580043237e-17,0.5168947889474056,516894788.9474056
analytic15_sh,sh,2a37df8f84254af1aa4fca1efdbc4fe7,0.007082636468112469,25104.814281815274,3,77.09205727460716,0.14688118189864752,0.5137753327176795,3.4978975936631564
analytic15_sh,sh,2a37df8f84254af1aa4fca1efdbc4fe7,0.005660481750965118,25104.814281815274,5,61.81534383266445,0.17493355350172302,0.5705465989928648,3.2615046546073
analytic15_sh,sh,2a37df8f84254af1aa4fca1efdbc4fe7,0.008182046934962273,25104.814281815277,7,59.88206349279662,0.1519172004235042,0.6309873649805381,4.15349521464005
analytic15_sh,sh,2a37df8f84254af1aa4fca1efdbc4fe7,0.005745094269514084,25104.814281815277,10,63.575598474905874,0.20893337081535576,0.5102518458695189,2.4421749569170186
analytic15_sh,sh,2a37df8f84254af1aa4fca1efdbc4fe7,0.005844248458743095,25104.81428181527,15,61.71839991424037,0.22533685390353586,0.5010169173313568,2.223413119745767
analytic15_sh,sh,2b59a3b183004c3c860337ceb41750c8,0.05415426194667816,108865.18252596869,1,0.0,-7.878790776790847e-17,1.0000000000000002,1000000000.0000001
analytic15_sh,sh,2b59a3b183004c3c860337ceb41750c8,0.05104445293545723,108865.18252596869,2,91.93636879435786,-6.965982580043237e-17,0.5168947889474056,516894788.9474056
analytic15_sh,sh,2b59a3b183004c3c860337ceb41750c8,0.023380205035209656,108865.18252596869,3,77.09205727460716,0.14688118189864752,0.5137753327176795,3.4978975936631564
analytic15_sh,sh,2b59a3b183004c3c860337ceb41750c8,0.0175975002348423,108865.18252596869,5,61.81534383266445,0.17493355350172302,0.5705465989928648,3.2615046546073
analytic15_sh,sh,2b59a3b183004c3c860337ceb41750c8,0.026981566101312637,108865.18252596867,7,59.88206349279662,0.1519172004235042,0.6309873649805381,4.15349521464005
analytic15_sh,sh,2b59a3b183004c3c860337ceb41750c8,0.019327541813254356,108865.18252596869,10,63.575598474905874,0.20893337081535576,0.5102518458695189,2.4421749569170186
analytic15_sh,sh,2b59a3b183004c3c860337ceb41750c8,0.019695498049259186,108865.18252596867,15,61.71839991424037,0.22533685390353586,0.5010169173313568,2.223413119745767
analytic15_sh,sh,2be296fc2d684166b4e0dcbe84d92337,0.00014718946476932615,129872.47353922144,1,0.0,-7.878790776790847e-17,1.0000000000000002,1000000000.0000001
analytic15_sh,sh,2be296fc2d684166b4e0dcbe84d92337,0.00014718860620632768,129872.47353922144,2,91.93636879435786,-6.965982580043237e-17,0.5168947889474056,516894788.9474056
analytic15_sh,sh,2be296fc2d684166b4e0dcbe84d92337,0.00014718888269271702,129872.47353922144,3,77.09205727460716,0.14688118189864752,0.5137753327176795,3.4978975936631564
analytic15_sh,sh,2be296fc2d684166b4e0dcbe84d92337,0.0001471886644139886,129872.47353922142,5,61.81534383266445,0.17493355350172302,0.5705465989928648,3.2615046546073
analytic15_sh,sh,2be296fc2d684166b4e0dcbe84d92337,0.00014718927559442818,129872.47353922144,7,59.88206349279662,0.1519172004235042,0.6309873649805381,4.15349521464005
analytic15_sh,sh,2be296fc2d684166b4e0dcbe84d92337,0.00014718946476932615,129872.47353922142,10,63.575598474905874,0.20893337081535576,0.5102518458695189,2.4421749569170186
analytic15_sh,sh,2be296fc2d684166b4e0dcbe84d92337,0.00014718854799866676,129872.47353922139,15,61.71839991424037,0.22533685390353586,0.5010169173313568,2.223413119745767
analytic15_sh,sh,2c0aa3bfb16540fba4ba538a8c67f3b3,0.0001465875538997352,10231107.551667918,1,0.0,-7.878790776790847e-17,1.0000000000000002,1000000000.0000001
analytic15_sh,sh,2c0aa3bfb16540fba4ba538a8c67f3b3,0.0001465832319809124,10231107.551667918,2,91.93636879435786,-6.965982580043237e-17,0.5168947889474056,516894788.9474056
analytic15_sh,sh,2c0aa3bfb16540fba4ba538a8c67f3b3,0.00014658266445621848,10231107.551667918,3,77.09205727460716,0.14688118189864752,0.5137753327176795,3.4978975936631564
analytic15_sh,sh,2c0aa3bfb16540fba4ba538a8c67f3b3,0.0001465843088226393,10231107.551667918,5,61.81534383266445,0.17493355350172302,0.5705465989928648,3.2615046546073
analytic15_sh,sh,2c0aa3bfb16540fba4ba538a8c67f3b3,0.00014658283907920122,10231107.551667916,7,59.88206349279662,0.1519172004235042,0.6309873649805381,4.15349521464005
analytic15_sh,sh,2c0aa3bfb16540fba4ba538a8c67f3b3,0.00014658216969110072,10231107.551667918,10,63.575598474905874,0.20893337081535576,0.5102518458695189,2.4421749569170186
analytic15_sh,sh,2c0aa3bfb16540fba4ba538a8c67f3b3,0.00014658237341791391,10231107.551667918,15,61.71839991424037,0.22533685390353586,0.5010169173313568,2.223413119745767
analytic15_sh,sh,2c3da301c24245ce9b25ce41e44a5b35,0.1494569629430771,62172.94189349389,1,0.0,-7.878790776790847e-17,1.0000000000000002,1000000000.0000001
analytic15_sh,sh,2c3da301c24245ce9b25ce41e44a5b35,0.1428765058517456,62172.94189349389,2,91.93636879435786,-6.965982580043237e-17,0.5168947889474056,516894788.9474056
analytic15_sh,sh,2c3da301c24245ce9b25ce41e44a5b35,0.04950109124183655,62172.941893493895,3,77.09205727460716,0.14688118189864752,0.5137753327176795,3.4978975936631564
analytic15_sh,sh,2c3da301c24245ce9b25ce41e44a5b35,0.037685513496398926,62172.94189349389,5,61.81534383266445,0.17493355350172302,0.5705465989928648,3.2615046546073
analytic15_sh,sh,2c3da301c24245ce9b25ce41e44a5b35,0.05708569660782814,62172.94189349388,7,59.88206349279662,0.1519172004235042,0.6309873649805381,4.15349521464005
analytic15_sh,sh,2c3da301c24245ce9b25ce41e44a5b35,0.04224797338247299,62172.94189349389,10,63.575598474905874,0.20893337081535576,0.5102518458695189,2.4421749569170186
analytic15_sh,sh,2c3da301c24245ce9b25ce41e44a5b35,0.04278787225484848,62172.94189349388,15,61.71839991424037,0.22533685390353586,0.5010169173313568,2.223413119745767
analytic15_sh,sh,2c60afeb98c3492f8007ac509de7698b,0.02162693440914154,316298.3208359074,1,0.0,-7.878790776790847e-17,1.0000000000000002,1000000000.0000001
analytic15_sh,sh,2c60afeb98c3492f8007ac509de7698b,0.021503031253814697,316298.3208359074,2,91.93636879435786,-6.965982580043237e-17,0.5168947889474056,516894788.9474056
analytic15_sh,sh,2c60afeb98c3492f8007ac509de7698b,0.022298868745565414,316298.3208359074,3,77.09205727460716,0.14688118189864752,0.5137753327176795,3.4978975936631564
analytic15_sh,sh,2c60afeb98c3492f8007ac509de7698b,0.01807844080030918,316298.3208359074,5,61.81534383266445,0.17493355350172302,0.5705465989928648,3.2615046546073
analytic15_sh,sh,2c60afeb98c3492f8007ac509de7698b,0.022643817588686943,316298.3208359074,7,59.88206349279662,0.1519172004235042,0.6309873649805381,4.15349521464005
analytic15_sh,sh,2c60afeb98c3492f8007ac509de7698b,0.01984880119562149,316298.3208359074,10,63.575598474905874,0.20893337081535576,0.5102518458695189,2.4421749569170186
analytic15_sh,sh,2c60afeb98c3492f8007ac509de7698b,0.020155981183052063,316298.32083590736,15,61.71839991424037,0.22533685390353586,0.5010169173313568,2.223413119745767
analytic15_sh,sh,2c6ce38f887f4373ae8f065210b7e9ee,0.028782054781913757,105742.63440797052,1,0.0,-7.878790776790847e-17,1.0000000000000002,1000000000.0000001
analytic15_sh,sh,2c6ce38f887f4373ae8f065210b7e9ee,0.030189864337444305,105742.63440797052,2,91.93636879435786,-6.965982580043237e-17,0.5168947889474056,516894788.9474056
analytic15_sh,sh,2c6ce38f887f4373ae8f065210b7e9ee,0.026198646053671837,105742.63440797052,3,77.09205727460716,0.14688118189864752,0.5137753327176795,3.4978975936631564
analytic15_sh,sh,2c6ce38f887f4373ae8f065210b7e9ee,0.02519967406988144,105742.63440797052,5,61.81534383266445,0.17493355350172302,0.5705465989928648,3.2615046546073
analytic15_sh,sh,2c6ce38f887f4373ae8f065210b7e9ee,0.026424165815114975,105742.6344079705,7,59.88206349279662,0.1519172004235042,0.6309873649805381,4.15349521464005
analytic15_sh,sh,2c6ce38f887f4373ae8f065210b7e9ee,0.025700753554701805,105742.63440797052,10,63.575598474905874,0.20893337081535576,0.5102518458695189,2.4421749569170186
analytic15_sh,sh,2c6ce38f887f4373ae8f065210b7e9ee,0.025746796280145645,105742.63440797054,15,61.71839991424037,0.22533685390353586,0.5010169173313568,2.223413119745767
analytic15_sh,sh,2c886582d8a94d5d9994de58b51911eb,0.22821944952011108,1055580.3020250124,1,0.0,-7.878790776790847e-17,1.0000000000000002,1000000000.0000001
analytic15_sh,sh,2c886582d8a94d5d9994de58b51911eb,0.23279690742492676,1055580.3020250124,2,91.93636879435786,-6.965982580043237e-17,0.5168947889474056,516894788.9474056
analytic15_sh,sh,2c886582d8a94d5d9994de58b51911eb,0.06711079925298691,1055580.3020250124,3,77.09205727460716,0.14688118189864752,0.5137753327176795,3.4978975936631564
analytic15_sh,sh,2c886582d8a94d5d9994de58b51911eb,0.049553465098142624,1055580.3020250124,5,61.81534383266445,0.17493355350172302,0.5705465989928648,3.2615046546073
analytic15_sh,sh,2c886582d8a94d5d9994de58b51911eb,0.07791001349687576,1055580.3020250124,7,59.88206349279662,0.1519172004235042,0.6309873649805381,4.15349521464005
analytic15_sh,sh,2c886582d8a94d5d9994de58b51911eb,0.05650594085454941,1055580.3020250124,10,63.575598474905874,0.20893337081535576,0.5102518458695189,2.4421749569170186
analytic15_sh,sh,2c886582d8a94d5d9994de58b51911eb,0.05739399790763855,1055580.3020250124,15,61.71839991424037,0.22533685390353586,0.5010169173313568,2.223413119745767
analytic15_sh,sh,2cdb6470844d4daba89365be8ad30f14,0.00014669397205580026,170550527.49849838,1,0.0,-7.878790776790847e-17,1.0000000000000002,1000000000.0000001
analytic15_sh,sh,2cdb6470844d4daba89365be8ad30f14,0.00014669371012132615,170550527.49849838,2,91.93636879435786,-6.965982580043237e-17,0.5168947889474056,516894788.9474056
analytic15_sh,sh,2cdb6470844d4daba89365be8ad30f14,0.00014669356460217386,170550527.49849838,3,77.09205727460716,0.14688118189864752,0.5137753327176795,3.4978975936631564
analytic15_sh,sh,2cdb6470844d4daba89365be8ad30f14,0.00014669366646558046,170550527.49849838,5,61.81534383266445,0.17493355350172302,0.5705465989928648,3.2615046546073
analytic15_sh,sh,2cdb6470844d4daba89365be8ad30f14,0.00014669407391920686,170550527.4984984,7,59.88206349279662,0.1519172004235042,0.6309873649805381,4.15349521464005
analytic15_sh,sh,2cdb6470844d4daba89365be8ad30f14,0.00014669407391920686,170550527.49849838,10,63.575598474905874,0.20893337081535576,0.5102518458695189,2.4421749569170186
analytic15_sh,sh,2cdb6470844d4daba89365be8ad30f14,0.00014669318625237793,170550527.4984984,15,61.71839991424037,0.22533685390353586,0.5010169173313568,2.223413119745767
analytic15_sh,sh,2cf849fec80647928b7638ef08e602f4,0.10661758482456207,20931.037772501328,1,0.0,-7.878790776790847e-17,1.0000000000000002,1000000000.0000001
analytic15_sh,sh,2cf849fec80647928b7638ef08e602f4,0.1391911804676056,20931.037772501328,2,91.93636879435786,-6.965982580043237e-17,0.5168947889474056,516894788.9474056
analytic15_sh,sh,2cf849fec80647928b7638ef08e602f4,0.008399291895329952,20931.037772501328,3,77.09205727460716,0.14688118189864752,0.5137753327176795,3.4978975936631564
analytic15_sh,sh,2cf849fec80647928b7638ef08e602f4,0.007310762535780668,20931.037772501328,5,61.81534383266445,0.17493355350172302,0.5705465989928648,3.2615046546073
analytic15_sh,sh,2cf849fec80647928b7638ef08e602f4,0.00937617663294077,20931.037772501328,7,59.88206349279662,0.1519172004235042,0.6309873649805381,4.15349521464005
analytic15_sh,sh,2cf849fec80647928b7638ef08e602f4,0.007466332986950874,20931.037772501328,10,63.575598474905874,0.20893337081535576,0.5102518458695189,2.4421749569170186
analytic15_sh,sh,2cf849fec80647928b7638ef08e602f4,0.007563513237982988,20931.03777250133,15,61.71839991424037,0.22533685390353586,0.5010169173313568,2.223413119745767
analytic15_sh,sh,2d0280394a11463a9bf5b6ef8a1659a1,0.1618937999010086,41155.43579079153,1,0.0,-7.878790776790847e-17,1.0000000000000002,1000000000.0000001
analytic15_sh,sh,2d0280394a11463a9bf5b6ef8a1659a1,0.16804289817810059,41155.43579079153,2,91.93636879435786,-6.965982580043237e-17,0.5168947889474056,516894788.9474056
analytic15_sh,sh,2d0280394a11463a9bf5b6ef8a1659a1,0.04019211232662201,41155.43579079153,3,77.09205727460716,0.14688118189864752,0.5137753327176795,3.4978975936631564
analytic15_sh,sh,2d0280394a11463a9bf5b6ef8a1659a1,0.032090846449136734,41155.43579079153,5,61.81534383266445,0.17493355350172302,0.5705465989928648,3.2615046546073
analytic15_sh,sh,2d0280394a11463a9bf5b6ef8a1659a1,0.04514853656291962,41155.43579079153,7,59.88206349279662,0.1519172004235042,0.6309873649805381,4.15349521464005
analytic15_sh,sh,2d0280394a11463a9bf5b6ef8a1659a1,0.03513958305120468,41155.43579079153,10,63.575598474905874,0.20893337081535576,0.5102518458695189,2.4421749569170186
analytic15_sh,sh,2d0280394a11463a9bf5b6ef8a1659a1,0.03551776707172394,41155.43579079153,15,61.71839991424037,0.22533685390353586,0.5010169173313568,2.223413119745767
analytic15_sh,sh,2d514ed8cabb4519b0e376bd0950115e,0.10600196570158005,2935.9954988636387,1,0.0,-7.878790776790847e-17,1.0000000000000002,1000000000.0000001
analytic15_sh,sh,2d514ed8cabb4519b0e376bd0950115e,0.105565644800663,2935.9954988636387,2,91.93636879435786,-6.965982580043237e-17,0.5168947889474056,516894788.9474056
analytic15_sh,sh,2d514ed8cabb4519b0e376bd0950115e,0.0370863601565361,2935.9954988636387,3,77.09205727460716,0.14688118189864752,0.5137753327176795,3.4978975936631564
analytic15_sh,sh,2d514ed8cabb4519b0e376bd0950115e,0.03278667479753494,2935.9954988636387,5,61.81534383266445,0.17493355350172302,0.5705465989928648,3.2615046546073
analytic15_sh,sh,2d514ed8cabb4519b0e376bd0950115e,0.03934500738978386,2935.9954988636387,7,59.88206349279662,0.1519172004235042,0.6309873649805381,4.15349521464005
analytic15_sh,sh,2d514ed8cabb4519b0e376bd0950115e,0.0344882570207119,2935.9954988636387,10,63.575598474905874,0.20893337081535576,0.5102518458695189,2.4421749569170186
analytic15_sh,sh,2d514ed8cabb4519b0e376bd0950115e,0.034740153700113297,2935.9954988636387,15,61.71839991424037,0.22533685390353586,0.5010169173313568,2.223413119745767
analytic15_sh,sh,2d6cf5ded8634930b65314a62150bc6f,0.004782226402312517,470358.70899733854,1,0.0,-7.878790776790847e-17,1.0000000000000002,1000000000.0000001
analytic15_sh,sh,2d6cf5ded8634930b65314a62150bc6f,0.004613650497049093,470358.70899733854,2,91.93636879435786,-6.965982580043237e-17,0.5168947889474056,516894788.9474056
analytic15_sh,sh,2d6cf5ded8634930b65314a62150bc6f,0.00431031733751297,470358.70899733854,3,77.09205727460716,0.14688118189864752,0.5137753327176795,3.4978975936631564
analytic15_sh,sh,2d6cf5ded8634930b65314a62150bc6f,0.004309528972953558,470358.70899733854,5,61.81534383266445,0.17493355350172302,0.5705465989928648,3.2615046546073
analytic15_sh,sh,2d6cf5ded8634930b65314a62150bc6f,0.004315588157624006,470358.70899733854,7,59.88206349279662,0.1519172004235042,0.6309873649805381,4.15349521464005
analytic15_sh,sh,2d6cf5ded8634930b65314a62150bc6f,0.004318683873862028,470358.70899733866,10,63.575598474905874,0.20893337081535576,0.5102518458695189,2.4421749569170186
analytic15_sh,sh,2d6cf5ded8634930b65314a62150bc6f,0.004316946025937796,470358.7089973388,15,61.71839991424037,0.22533685390353586,0.5010169173313568,2.223413119745767
analytic15_sh,sh,2d8059066be34f61af4776f23f00640c,0.07996290922164917,10185.141906162618,1,0.0,-7.878790776790847e-17,1.0000000000000002,1000000000.0000001
analytic15_sh,sh,2d8059066be34f61af4776f23f00640c,0.08168759196996689,10185.141906162618,2,91.93636879435786,-6.965982580043237e-17,0.5168947889474056,516894788.9474056
analytic15_sh,sh,2d8059066be34f61af4776f23f00640c,0.03081965260207653,10185.141906162618,3,77.09205727460716,0.14688118189864752,0.5137753327176795,3.4978975936631564
analytic15_sh,sh,2d8059066be34f61af4776f23f00640c,0.026377195492386818,10185.141906162618,5,61.81534383266445,0.17493355350172302,0.5705465989928648,3.2615046546073
analytic15_sh,sh,2d8059066be34f61af4776f23f00640c,0.033507004380226135,10185.14190616262,7,59.88206349279662,0.1519172004235042,0.6309873649805381,4.15349521464005
analytic15_sh,sh,2d8059066be34f61af4776f23f00640c,0.027530882507562637,10185.141906162618,10,63.575598474905874,0.20893337081535576,0.5102518458695189,2.4421749569170186
analytic15_sh,sh,2d8059066be34f61af4776f23f00640c,0.02778904139995575,10185.141906162617,15,61.71839991424037,0.22533685390353586,0.5010169173313568,2.223413119745767
analytic15_sh,sh,2d82e08ea31549a99aa03ac6511613c6,0.16461119055747986,301187.13864679623,1,0.0,-7.878790776790847e-17,1.0000000000000002,1000000000.0000001
analytic15_sh,sh,2d82e08ea31549a99aa03ac6511613c6,0.14713776111602783,301187.13864679623,2,91.93636879435786,-6.965982580043237e-17,0.5168947889474056,516894788.9474056
analytic15_sh,sh,2d82e08ea31549a99aa03ac6511613c6,0.02551146037876606,301187.13864679623,3,77.09205727460716,0.14688118189864752,0.5137753327176795,3.4978975936631564
analytic15_sh,sh,2d82e08ea31549a99aa03ac6511613c6,0.019205940887331963,301187.13864679623,5,61.81534383266445,0.17493355350172302,0.5705465989928648,3.2615046546073
analytic15_sh,sh,2d82e08ea31549a99aa03ac6511613c6,0.029806120321154594,301187.1386467963,7,59.88206349279662,0.1519172004235042,0.6309873649805381,4.15349521464005
analytic15_sh,sh,2d82e08ea31549a99aa03ac6511613c6,0.021295908838510513,301187.13864679623,10,63.575598474905874,0.20893337081535576,0.5102518458695189,2.4421749569170186
analytic15_sh,sh,2d82e08ea31549a99aa03ac6511613c6,0.021687092259526253,301187.1386467963,15,61.71839991424037,0.22533685390353586,0.5010169173313568,2.223413119745767
analytic15_sh,sh,2dfa3a4d58a442bb9abbf1f7beb2e5e6,0.16623443365097046,18134.274387734837,1,0.0,-7.878790776790847e-17,1.0000000000000002,1000000000.0000001
analytic15_sh,sh,2dfa3a4d58a442bb9abbf1f7beb2e5e6,0.19452627003192902,18134.274387734837,2,91.93636879435786,-6.965982580043237e-17,0.5168947889474056,516894788.9474056
analytic15_sh,sh,2dfa3a4d58a442bb9abbf1f7beb2e5e6,0.051047880202531815,18134.274387734837,3,77.09205727460716,0.14688118189864752,0.5137753327176795,3.4978975936631564
analytic15_sh,sh,2dfa3a4d58a442bb9abbf1f7beb2e5e6,0.05042921006679535,18134.274387734837,5,61.81534383266445,0.17493355350172302,0.5705465989928648,3.2615046546073
analytic15_sh,sh,2dfa3a4d58a442bb9abbf1f7beb2e5e6,0.05128740891814232,18134.274387734837,7,59.88206349279662,0.1519172004235042,0.6309873649805381,4.15349521464005
analytic15_sh,sh,2dfa3a4d58a442bb9abbf1f7beb2e5e6,0.05058079585433006,18134.274387734833,10,63.575598474905874,0.20893337081535576,0.5102518458695189,2.4421749569170186
analytic15_sh,sh,2dfa3a4d58a442bb9abbf1f7beb2e5e6,0.05061357468366623,18134.274387734833,15,61.71839991424037,0.22533685390353586,0.5010169173313568,2.223413119745767
analytic15_sh,sh,2f761f9165384a0e8f51abafd1247e35,0.05741872638463974,16077.7930490868,1,0.0,-7.878790776790847e-17,1.0000000000000002,1000000000.0000001
analytic15_sh,sh,2f761f9165384a0e8f51abafd1247e35,0.06556548178195953,16077.7930490868,2,91.93636879435786,-6.965982580043237e-17,0.5168947889474056,516894788.9474056
analytic15_sh,sh,2f761f9165384a0e8f51abafd1247e35,0.030908502638339996,16077.7930490868,3,77.09205727460716,0.14688118189864752,0.5137753327176795,3.4978975936631564
analytic15_sh,sh,2f761f9165384a0e8f51abafd1247e35,0.02682081051170826,16077.793049086798,5,61.81534383266445,0.17493355350172302,0.5705465989928648,3.2615046546073
analytic15_sh,sh,2f761f9165384a0e8f51abafd1247e35,0.0328560471534729,16077.7930490868,7,59.88206349279662,0.1519172004235042,0.6309873649805381,4.15349521464005
analytic15_sh,sh,2f761f9165384a0e8f51abafd1247e35,0.028254151344299316,16077.793049086798,10,63.575598474905874,0.20893337081535576,0.5102518458695189,2.4421749569170186
analytic15_sh,sh,2f761f9165384a0e8f51abafd1247e35,0.02850680612027645,16077.793049086795,15,61.71839991424037,0.22533685390353586,0.5010169173313568,2.223413119745767
analytic15_sh,sh,2fd7a41706254e6cb2c24467a5ca0370,0.022742755711078644,311588.70089335483,1,0.0,-7.878790776790847e-17,1.0000000000000002,1000000000.0000001
analytic15_sh,sh,2fd7a41706254e6cb2c24467a5ca0370,0.023295322433114052,311588.70089335483,2,91.93636879435786,-6.965982580043237e-17,0.5168947889474056,516894788.9474056
analytic15_sh,sh,2fd7a41706254e6cb2c24467a5ca0370,0.01688331551849842,311588.70089335483,3,77.09205727460716,0.14688118189864752,0.5137753327176795,3.4978975936631564
analytic15_sh,sh,2fd7a41706254e6cb2c24467a5ca0370,0.013542911037802696,311588.70089335483,5,61.81534383266445,0.17493355350172302,0.5705465989928648,3.2615046546073
analytic15_sh,sh,2fd7a41706254e6cb2c24467a5ca0370,0.018347566947340965,311588.7008933549,7,59.88206349279662,0.1519172004235042,0.6309873649805381,4.15349521464005
analytic15_sh,sh,2fd7a41706254e6cb2c24467a5ca0370,0.01472301222383976,311588.7008933548,10,63.575598474905874,0.20893337081535576,0.5102518458695189,2.4421749569170186
analytic15_sh,sh,2fd7a41706254e6cb2c24467a5ca0370,0.014901424758136272,311588.7008933547,15,61.71839991424037,0.22533685390353586,0.5010169173313568,2.223413119745767
analytic15_sh,sh,3050967715914e7791ae4a1d47551822,0.14196601510047913,7572.976357728862,1,0.0,-7.878790776790847e-17,1.0000000000000002,1000000000.0000001
analytic15_sh,sh,3050967715914e7791ae4a1d47551822,0.14081735908985138,7572.976357728862,2,91.93636879435786,-6.965982580043237e-17,0.5168947889474056,516894788.9474056
analytic15_sh,sh,3050967715914e7791ae4a1d47551822,0.04848456382751465,7572.976357728862,3,77.09205727460716,0.14688118189864752,0.5137753327176795,3.4978975936631564
analytic15_sh,sh,3050967715914e7791ae4a1d47551822,0.04041052982211113,7572.976357728863,5,61.81534383266445,0.17493355350172302,0.5705465989928648,3.2615046546073
analytic15_sh,sh,3050967715914e7791ae4a1d47551822,0.05431920662522316,7572.976357728862,7,59.88206349279662,0.1519172004235042,0.6309873649805381,4.15349521464005
analytic15_sh,sh,3050967715914e7791ae4a1d47551822,0.04364638030529022,7572.976357728863,10,63.575598474905874,0.20893337081535576,0.5102518458695189,2.4421749569170186
analytic15_sh,sh,3050967715914e7791ae4a1d47551822,0.04385599493980408,7572.976357728865,15,61.71839991424037,0.22533685390353586,0.5010169173313568,2.223413119745767
analytic15_sh,sh,308472c7daa94a4fbb44be3a345a879a,0.09060472249984741,25559.62168712158,1,0.0,-7.878790776790847e-17,1.0000000000000002,1000000000.0000001
analytic15_sh,sh,308472c7daa94a4fbb44be3a345a879a,0.10821741819381714,25559.62168712158,2,91.93636879435786,-6.965982580043237e-17,0.5168947889474056,516894788.9474056
analytic15_sh,sh,308472c7daa94a4fbb44be3a345a879a,0.026444362476468086,25559.621687121584,3,77.09205727460716,0.14688118189864752,0.5137753327176795,3.4978975936631564
analytic15_sh,sh,308472c7daa94a4fbb44be3a345a879a,0.021853972226381302,25559.62168712158,5,61.81534383266445,0.17493355350172302,0.5705465989928648,3.2615046546073
analytic15_sh,sh,308472c7daa94a4fbb44be3a345a879a,0.028669806197285652,25559.621687121577,7,59.88206349279662,0.1519172004235042,0.6309873649805381,4.15349521464005
analytic15_sh,sh,308472c7daa94a4fbb44be3a345a879a,0.023225003853440285,25559.62168712158,10,63.575598474905874,0.20893337081535576,0.5102518458695189,2.4421749569170186
analytic15_sh,sh,308472c7daa94a4fbb44be3a345a879a,0.02360178343951702,25559.621687121577,15,61.71839991424037,0.22533685390353586,0.5010169173313568,2.223413119745767
analytic15_sh,sh,3098fe550c534448adf2e2844e06950d,0.1083366721868515,14911.192796419522,1,0.0,-7.878790776790847e-17,1.0000000000000002,1000000000.0000001
analytic15_sh,sh,3098fe550c534448adf2e2844e06950d,0.10878517478704453,14911.192796419522,2,91.93636879435786,-6.965982580043237e-17,0.5168947889474056,516894788.9474056
analytic15_sh,sh,3098fe550c534448adf2e2844e06950d,0.04436022415757179,14911.192796419522,3,77.09205727460716,0.14688118189864752,0.5137753327176795,3.4978975936631564
analytic15_sh,sh,3098fe550c534448adf2e2844e06950d,0.03372112661600113,14911.192796419524,5,61.81534383266445,0.17493355350172302,0.5705465989928648,3.2615046546073
analytic15_sh,sh,3098fe550c534448adf2e2844e06950d,0.04920946806669235,14911.192796419522,7,59.88206349279662,0.1519172004235042,0.6309873649805381,4.15349521464005
analytic15_sh,sh,3098fe550c534448adf2e2844e06950d,0.037187494337558746,14911.192796419524,10,63.575598474905874,0.20893337081535576,0.5102518458695189,2.4421749569170186
analytic15_sh,sh,3098fe550c534448adf2e2844e06950d,0.037847429513931274,14911.192796419522,15,61.71839991424037,0.22533685390353586,0.5010169173313568,2.223413119745767
analytic15_sh,sh,31260ec93c914a0ea7835850db66e445,0.15025953948497772,288729.76045156794,1,0.0,-7.878790776790847e-17,1.0000000000000002,1000000000.0000001
analytic15_sh,sh,31260ec93c914a0ea7835850db66e445,0.18627150356769562,288729.76045156794,2,91.93636879435786,-6.965982580043237e-17,0.5168947889474056,516894788.9474056
analytic15_sh,sh,31260ec93c914a0ea7835850db66e445,0.023769870400428772,288729.76045156794,3,77.09205727460716,0.14688118189864752,0.5137753327176795,3.4978975936631564
analytic15_sh,sh,31260ec93c914a0ea7835850db66e445,0.01619909144937992,288729.76045156794,5,61.81534383266445,0.17493355350172302,0.5705465989928648,3.2615046546073
analytic15_sh,sh,31260ec93c914a0ea7835850db66e445,0.0282729584723711,288729.7604515679,7,59.88206349279662,0.1519172004235042,0.6309873649805381,4.15349521464005
analytic15_sh,sh,31260ec93c914a0ea7835850db66e445,0.018650759011507034,288729.76045156794,10,63.575598474905874,0.20893337081535576,0.5102518458695189,2.4421749569170186
analytic15_sh,sh,31260ec93c914a0ea7835850db66e445,0.019105199724435806,288729.76045156794,15,61.71839991424037,0.22533685390353586,0.5010169173313568,2.223413119745767
analytic15_sh,sh,319376f14ac644759cc5f8fae239d6be,0.14046058058738708,7504344.547333597,1,0.0,-7.878790776790847e-17,1.0000000000000002,1000000000.0000001
analytic15_sh,sh,319376f14ac644759cc5f8fae239d6be,0.13904421031475067,7504344.547333597,2,91.93636879435786,-6.965982580043237e-17,0.5168947889474056,516894788.9474056
analytic15_sh,sh,319376f14ac644759cc5f8fae239d6be,0.08142074942588806,7504344.547333597,3,77.09205727460716,0.14688118189864752,0.5137753327176795,3.4978975936631564
analytic15_sh,sh,319376f14ac644759cc5f8fae239d6be,0.07061599940061569,7504344.547333596,5,61.81534383266445,0.17493355350172302,0.5705465989928648,3.2615046546073
analytic15_sh,sh,319376f14ac644759cc5f8fae239d6be,0.08302290737628937,7504344.547333597,7,59.88206349279662,0.1519172004235042,0.6309873649805381,4.15349521464005
analytic15_sh,sh,319376f14ac644759cc5f8fae239d6be,0.07687976956367493,7504344.547333596,10,63.575598474905874,0.20893337081535576,0.5102518458695189,2.4421749569170186
analytic15_sh,sh,319376f14ac644759cc5f8fae239d6be,0.07751233130693436,7504344.547333597,15,61.71839991424037,0.22533685390353586,0.5010169173313568,2.223413119745767
analytic15_sh,sh,31aa0fb227cb47b1897084a9d23aa10f,0.008955158293247223,39028.81320333181,1,0.0,-7.878790776790847e-17,1.0000000000000002,1000000000.0000001
analytic15_sh,sh,31aa0fb227cb47b1897084a9d23aa10f,0.009013899601995945,39028.81320333181,2,91.93636879435786,-6.965982580043237e-17,0.5168947889474056,516894788.9474056
analytic15_sh,sh,31aa0fb227cb47b1897084a9d23aa10f,0.00807991623878479,39028.81320333181,3,77.09205727460716,0.14688118189864752,0.5137753327176795,3.4978975936631564
analytic15_sh,sh,31aa0fb227cb47b1897084a9d23aa10f,0.00682173203676939,39028.81320333181,5,61.81534383266445,0.17493355350172302,0.5705465989928648,3.2615046546073
analytic15_sh,sh,31aa0fb227cb47b1897084a9d23aa10f,0.008478615432977676,39028.81320333182,7,59.88206349279662,0.1519172004235042,0.6309873649805381,4.15349521464005
analytic15_sh,sh,31aa0fb227cb47b1897084a9d23aa10f,0.007332749664783478,39028.8132033318,10,63.575598474905874,0.20893337081535576,0.5102518458695189,2.4421749569170186
analytic15_sh,sh,31aa0fb227cb47b1897084a9d23aa10f,0.007403302937746048,39028.813203331796,15,61.71839991424037,0.22533685390353586,0.5010169173313568,2.223413119745767
analytic15_sh,sh,322dc0a758414cd2932ad3bd3d78c678,0.09380659461021423,157800834.9108711,1,0.0,-7.878790776790847e-17,1.0000000000000002,1000000000.0000001
analytic15_sh,sh,322dc0a758414cd2932ad3bd3d78c678,0.09720423817634583,157800834.9108711,2,91.93636879435786,-6.965982580043237e-17,0.5168947889474056,516894788.9474056
analytic15_sh,sh,322dc0a758414cd2932ad3bd3d78c678,0.029447007924318314,157800834.9108711,3,77.09205727460716,0.14688118189864752,0.5137753327176795,3.4978975936631564
analytic15_sh,sh,322dc0a758414cd2932ad3bd3d78c678,0.02295001596212387,157800834.9108711,5,61.81534383266445,0.17493355350172302,0.5705465989928648,3.2615046546073
analytic15_sh,sh,322dc0a758414cd2932ad3bd3d78c678,0.0331168994307518,157800834.91087106,7,59.88206349279662,0.1519172004235042,0.6309873649805381,4.15349521464005
analytic15_sh,sh,322dc0a758414cd2932ad3bd3d78c678,0.0252231452614069,157800834.9108711,10,63.575598474905874,0.20893337081535576,0.5102518458695189,2.4421749569170186
analytic15_sh,sh,322dc0a758414cd2932ad3bd3d78c678,0.025557108223438263,157800834.91087106,15,61.71839991424037,0.22533685390353586,0.5010169173313568,2.223413119745767
analytic15_sh,sh,3338cda4fe694bc8869b7c587c078246,0.2888953983783722,1168816.001405749,1,0.0,-7.878790776790847e-17,1.0000000000000002,1000000000.0000001
analytic15_sh,sh,3338cda4fe694bc8869b7c587c078246,0.2980464696884155,1168816.001405749,2,91.93636879435786,-6.965982580043237e-17,0.5168947889474056,516894788.9474056
analytic15_sh,sh,3338cda4fe694bc8869b7c587c078246,0.05506233125925064,1168816.001405749,3,77.09205727460716,0.14688118189864752,0.5137753327176795,3.4978975936631564
analytic15_sh,sh,3338cda4fe694bc8869b7c587c078246,0.04407331719994545,1168816.001405749,5,61.81534383266445,0.17493355350172302,0.5705465989928648,3.2615046546073
analytic15_sh,sh,3338cda4fe694bc8869b7c587c078246,0.060847487300634384,1168816.0014057492,7,59.88206349279662,0.1519172004235042,0.6309873649805381,4.15349521464005
analytic15_sh,sh,3338cda4fe694bc8869b7c587c078246,0.047937534749507904,1168816.001405749,10,63.575598474905874,0.20893337081535576,0.5102518458695189,2.4421749569170186
analytic15_sh,sh,3338cda4fe694bc8869b7c587c078246,0.04873557388782501,1168816.0014057492,15,61.71839991424037,0.22533685390353586,0.5010169173313568,2.223413119745767
analytic15_sh,sh,3354476a318444a88d29eb0105f69289,0.04245690256357193,42410990.34495407,1,0.0,-7.878790776790847e-17,1.0000000000000002,1000000000.0000001
analytic15_sh,sh,3354476a318444a88d29eb0105f69289,0.043121907860040665,42410990.34495407,2,91.93636879435786,-6.965982580043237e-17,0.5168947889474056,516894788.9474056
analytic15_sh,sh,3354476a318444a88d29eb0105f69289,0.026475559920072556,42410990.34495407,3,77.09205727460716,0.14688118189864752,0.5137753327176795,3.4978975936631564
analytic15_sh,sh,3354476a318444a88d29eb0105f69289,0.02347189001739025,42410990.34495407,5,61.81534383266445,0.17493355350172302,0.5705465989928648,3.2615046546073
analytic15_sh,sh,3354476a318444a88d29eb0105f69289,0.02807663008570671,42410990.34495407,7,59.88206349279662,0.1519172004235042,0.6309873649805381,4.15349521464005
analytic15_sh,sh,3354476a318444a88d29eb0105f69289,0.02470571920275688,42410990.34495407,10,63.575598474905874,0.20893337081535576,0.5102518458695189,2.4421749569170186
analytic15_sh,sh,3354476a318444a88d29eb0105f69289,0.024799495935440063,42410990.34495406,15,61.71839991424037,0.22533685390353586,0.5010169173313568,2.223413119745767
