conf_sphere_r05,3,0,"0,1,2",-6.324135810391892,-6.324106363397399,0,0,full,full,0,0
conf_sphere_r05,3,1,"0,1,3",-6.402762729201189,-6.402715433000684,0,0,full,full,1,1
conf_sphere_r05,3,2,"0,1,4",-6.3536283577089625,-6.353542457297666,0,0,full,full,0,0
conf_sphere_r05,3,3,"0,1,5",-6.366287062628782,-6.366133533938381,0,0,full,full,0,0
conf_sphere_r05,3,4,"0,1,6",-6.357892457858058,-6.357712754819046,0,0,full,full,1,1
conf_sphere_r05,3,5,"0,1,7",-6.314375195333528,-6.314132981250311,0,0,full,full,0,0
conf_sphere_r05,3,6,"0,1,8",-6.393459397182724,-6.393224744127928,0,0,full,full,1,1
conf_sphere_r05,3,7,"0,1,9",-6.353841989077647,-6.3537350353460775,0,0,full,full,0,0
conf_sphere_r05,3,8,"0,1,10",-6.341514341556824,-6.3415083526306555,0,0,full,full,0,0
conf_sphere_r05,3,9,"0,1,11",-6.379302668038297,-6.3793624445520125,0,0,full,full,1,1
conf_sphere_r05,3,10,"0,1,12",-6.3257620039810565,-6.325634733384726,0,0,full,full,0,0
conf_sphere_r05,3,11,"0,1,13",-6.366265493281533,-6.366087417558563,0,0,full,full,1,1
conf_sphere_r05,3,12,"0,1,14",-6.348788749231314,-6.348806641314065,0,0,full,full,1,1
conf_sphere_r05,3,13,"0,1,15",-6.317302269291254,-6.317322556611874,0,0,full,full,0,0
conf_sphere_r05,3,14,"0,1,16",-6.386850278593062,-6.38669340168262,0,0,full,full,1,1
conf_sphere_r05,3,15,"0,1,17",-6.335859002731977,-6.335729547977396,0,0,full,full,0,0
conf_sphere_r05,3,16,"0,1,18",-6.348715349943222,-6.348612147096877,0,0,full,full,0,0
conf_sphere_r05,3,17,"0,1,19",-6.362021519336173,-6.36204581375225,0,0,full,full,1,1
conf_sphere_r05,3,18,"0,1,20",-6.311889150324149,-6.311722517003194,0,0,full,full,0,0
conf_sphere_r05,3,19,"0,1,21",-6.367159905587594,-6.366995939226446,0,0,full,full,1,1
conf_sphere_r05,3,20,"0,1,22",-6.338218568982346,-6.338192947160058,0,0,full,full,1,1
conf_sphere_r05,3,21,"0,1,23",-6.330090326743903,-6.3301527969625635,0,0,full,full,0,0
conf_sphere_r05,3,22,"0,1,24",-6.371117678804275,-6.37118411742074,0,0,full,full,1,1
conf_sphere_r05,3,23,"0,1,25",-6.321175251254506,-6.321236206946495,0,0,full,full,0,0
conf_sphere_r05,3,24,"0,1,26",-6.351482737414707,-6.351372021042498,0,0,full,full,1,1
conf_sphere_r05,3,25,"0,1,27",-6.346465049793664,-6.346633553174015,0,0,full,full,1,1
conf_sphere_r05,3,26,"0,1,28",-6.320127008528555,-6.320218803983943,0,0,full,full,0,0
conf_sphere_r05,3,27,"0,1,29",-6.363209737681945,-6.363194237100799,0,0,full,full,1,1
conf_sphere_r05,3,28,"0,1,30",-6.33104646560363,-6.331198907606963,0,0,full,full,1,1
conf_sphere_r05,3,29,"0,1,31",-6.339022226237247,-6.339084659161443,0,0,full,full,0,0
conf_sphere_r05,3,30,"0,2,3",-6.312471215532711,-6.31255224129864,0,0,full,full,0,0
conf_sphere_r05,3,31,"0,2,4",-6.349826879922521,-6.349694527317275,0,0,full,full,0,0
conf_sphere_r05,3,32,"0,2,5",-6.415374155210846,-6.415312843466432,0,0,full,full,3,3
conf_sphere_r05,3,33,"0,2,6",-6.295655637590824,-6.295563838090749,0,0,full,full,0,0
conf_sphere_r05,3,34,"0,2,7",-6.370915577977046,-6.37070337813776,0,0,full,full,2,2
conf_sphere_r05,3,35,"0,2,8",-6.341281185776181,-6.341147563746886,0,0,full,full,3,3
conf_sphere_r05,3,36,"0,2,9",-6.326778550028318,-6.326723947708623,0,0,full,full,0,0
conf_sphere_r05,3,37,"0,2,10",-6.419198871688027,-6.419225948009486,0,0,full,full,3,3
conf_sphere_r05,3,38,"0,2,11",-6.298495321945941,-6.298600507172616,0,0,full,full,0,0
conf_sphere_r05,3,39,"0,2,12",-6.346183756765227,-6.345909343450475,0,0,full,full,1,1
conf_sphere_r05,3,40,"0,2,13",-6.376729810519319,-6.3766184389204374,0,0,full,full,3,3
conf_sphere_r05,3,41,"0,2,14",-6.299456901260779,-6.299432324633487,0,0,full,full,0,0
conf_sphere_r05,3,42,"0,2,15",-6.387050472196917,-6.387066815454572,0,0,full,full,3,3
conf_sphere_r05,3,43,"0,2,16",-6.3197697736015455,-6.319650049182081,0,0,full,full,1,1
conf_sphere_r05,3,44,"0,2,17",-6.32691429439753,-6.32663831564402,0,0,full,full,0,0
conf_sphere_r05,3,45,"0,2,18",-6.3997787141353895,-6.399696221515863,0,0,full,full,3,3
conf_sphere_r05,3,46,"0,2,19",-6.296194356840911,-6.296291065240694,0,0,full,full,0,0
conf_sphere_r05,3,47,"0,2,20",-6.351752873937858,-6.351474130454106,0,0,full,full,0,0
conf_sphere_r05,3,48,"0,2,21",-6.347473357966856,-6.347344919397408,0,0,full,full,2,2
conf_sphere_r05,3,49,"0,2,22",-6.304985857378898,-6.304917413422748,0,0,full,full,0,0
conf_sphere_r05,3,50,"0,2,23",-6.386412828373633,-6.386462226400155,0,0,full,full,2,2
conf_sphere_r05,3,51,"0,2,24",-6.3106123907296805,-6.310679399679068,0,0,full,full,0,0
conf_sphere_r05,3,52,"0,2,25",-6.329298399411388,-6.3292750489484435,0,0,full,full,0,0
conf_sphere_r05,3,53,"0,2,26",-6.369676585233291,-6.369576956098648,0,0,full,full,2,2
conf_sphere_r05,3,54,"0,2,27",-6.300930595076563,-6.301073677731925,0,0,full,full,1,1
conf_sphere_r05,3,55,"0,2,28",-6.359727981623195,-6.359769945005179,0,0,full,full,1,1
conf_sphere_r05,3,56,"0,2,29",-6.330739696334209,-6.330720405301902,0,0,full,full,1,1
conf_sphere_r05,3,57,"0,2,30",-6.317830485901768,-6.317914044893074,0,0,full,full,1,1
conf_sphere_r05,3,58,"0,2,31",-6.367998945540991,-6.368063892984108,0,0,full,full,1,1
conf_sphere_r05,3,59,"0,3,4",-6.38735154355354,-6.387326077931123,0,0,full,full,1,1
conf_sphere_r05,3,60,"0,3,5",-6.333420636788829,-6.333378225496672,0,0,full,full,3,3
conf_sphere_r05,3,61,"0,3,6",-6.418127168113648,-6.4179343019427515,0,0,full,full,2,2
conf_sphere_r05,3,62,"0,3,7",-6.33285085836001,-6.332718246431138,0,0,full,full,0,0
conf_sphere_r05,3,63,"0,3,8",-6.434506473890113,-6.434343780281261,0,0,full,full,3,3
conf_sphere_r05,3,64,"0,3,9",-6.3890872280661055,-6.389027902780699,0,0,full,full,0,0
conf_sphere_r05,3,65,"0,3,10",-6.309624380272223,-6.309714609187614,0,0,full,full,0,0
conf_sphere_r05,3,66,"0,3,11",-6.4495731706459365,-6.449603164026419,0,0,full,full,3,3
conf_sphere_r05,3,67,"0,3,12",-6.356664012236505,-6.3566084407629,0,0,full,full,0,0
conf_sphere_r05,3,68,"0,3,13",-6.364271887726876,-6.364167034299994,0,0,full,full,3,3
conf_sphere_r05,3,69,"0,3,14",-6.397650792979986,-6.397536454369531,0,0,full,full,1,1
conf_sphere_r05,3,70,"0,3,15",-6.313860517465821,-6.31393375962065,0,0,full,full,0,0
conf_sphere_r05,3,71,"0,3,16",-6.44324503109528,-6.44306264822276,0,0,full,full,3,3
conf_sphere_r05,3,72,"0,3,17",-6.370978900322655,-6.370860463151567,0,0,full,full,0,0
conf_sphere_r05,3,73,"0,3,18",-6.323914309360357,-6.323846856030128,0,0,full,full,0,0
conf_sphere_r05,3,74,"0,3,19",-6.419787751222712,-6.419815893351524,0,0,full,full,3,3
conf_sphere_r05,3,75,"0,3,20",-6.329409335498749,-6.329285712977617,0,0,full,full,0,0
conf_sphere_r05,3,76,"0,3,21",-6.388664823835068,-6.388533746843525,0,0,full,full,3,3
conf_sphere_r05,3,77,"0,3,22",-6.37947730355011,-6.379347186472889,0,0,full,full,0,0
conf_sphere_r05,3,78,"0,3,23",-6.316229487809978,-6.316306800008302,0,0,full,full,0,0
conf_sphere_r05,3,79,"0,3,24",-6.420916193984163,-6.420897146010601,0,0,full,full,3,3
conf_sphere_r05,3,80,"0,3,25",-6.34968277123899,-6.3497869838883005,0,0,full,full,0,0
conf_sphere_r05,3,81,"0,3,26",-6.3471791787513085,-6.3470719804237,0,0,full,full,2,2
conf_sphere_r05,3,82,"0,3,27",-6.3917736835585925,-6.391848368087617,0,0,full,full,1,1
conf_sphere_r05,3,83,"0,3,28",-6.3250387693444905,-6.325144048495175,0,0,full,full,0,0
conf_sphere_r05,3,84,"0,3,29",-6.3932470404720085,-6.393212765803721,0,0,full,full,3,3
conf_sphere_r05,3,85,"0,3,30",-6.364060318553053,-6.364205180554416,0,0,full,full,1,1
conf_sphere_r05,3,86,"0,3,31",-6.333498315194491,-6.333570779103964,0,0,full,full,0,0
conf_sphere_r05,3,87,"0,4,5",-6.387417501460568,-6.387154013818357,0,0,full,full,1,1
conf_sphere_r05,3,88,"0,4,6",-6.3393487547161005,-6.339187307440086,0,0,full,full,0,0
conf_sphere_r05,3,89,"0,4,7",-6.340391651319806,-6.340042087048111,0,0,full,full,0,0
conf_sphere_r05,3,90,"0,4,8",-6.390553012877495,-6.390260635726249,0,0,full,full,1,1
conf_sphere_r05,3,91,"0,4,9",-6.355844539785353,-6.355673507440187,0,0,full,full,0,0
conf_sphere_r05,3,92,"0,4,10",-6.3673679458499155,-6.367239250912759,0,0,full,full,1,1
conf_sphere_r05,3,93,"0,4,11",-6.362789818873644,-6.362835138857365,0,0,full,full,1,1
conf_sphere_r05,3,94,"0,4,12",-6.3492081104846445,-6.348889421888782,0,0,full,full,0,0
conf_sphere_r05,3,95,"0,4,13",-6.377728418318135,-6.377467035129847,0,0,full,full,1,1
conf_sphere_r05,3,96,"0,4,14",-6.337019459373889,-6.336981398252492,0,0,full,full,0,0
conf_sphere_r05,3,97,"0,4,15",-6.3440637746624375,-6.343983936659911,0,0,full,full,1,1
conf_sphere_r05,3,98,"0,4,16",-6.379258361377137,-6.379056332333331,0,0,full,full,1,1
conf_sphere_r05,3,99,"0,4,17",-6.3477748386756385,-6.347546191589176,0,0,full,full,0,0
conf_sphere_r05,3,100,"0,4,18",-6.3694216292225265,-6.369216831670411,0,0,full,full,1,1
conf_sphere_r05,3,101,"0,4,19",-6.349412309288457,-6.349405598136056,0,0,full,full,1,1
conf_sphere_r05,3,102,"0,4,20",-6.335941673073056,-6.335658603374937,0,0,full,full,0,0
conf_sphere_r05,3,103,"0,4,21",-6.370562293508241,-6.370322066929621,0,0,full,full,1,1
conf_sphere_r05,3,104,"0,4,22",-6.336806727397206,-6.33675764025044,0,0,full,full,1,1
conf_sphere_r05,3,105,"0,4,23",-6.3533748065565,-6.35335051622327,0,0,full,full,1,1
conf_sphere_r05,3,106,"0,4,24",-6.364035817403844,-6.364046569549245,0,0,full,full,1,1
conf_sphere_r05,3,107,"0,4,25",-6.336818426773277,-6.3368101522614655,0,0,full,full,1,1
conf_sphere_r05,3,108,"0,4,26",-6.363687856556294,-6.363492612956176,0,0,full,full,1,1
conf_sphere_r05,3,109,"0,4,27",-6.3410262882269635,-6.34115870474553,0,0,full,full,1,1
conf_sphere_r05,3,110,"0,4,28",-6.341140158846992,-6.341158981405148,0,0,full,full,1,1
conf_sphere_r05,3,111,"0,4,29",-6.363529322836066,-6.3634518419810835,0,0,full,full,1,1
conf_sphere_r05,3,112,"0,4,30",-6.33766228559273,-6.3377783872020705,0,0,full,full,1,1
conf_sphere_r05,3,113,"0,4,31",-6.354833969422008,-6.354823681888968,0,0,full,full,1,1
conf_sphere_r05,3,114,"0,5,6",-6.33154748792377,-6.331329517582731,0,0,full,full,0,0
conf_sphere_r05,3,115,"0,5,7",-6.390065840444234,-6.389740676991879,0,0,full,full,2,2
conf_sphere_r05,3,116,"0,5,8",-6.373384587377285,-6.37309227038166,0,0,full,full,3,3
conf_sphere_r05,3,117,"0,5,9",-6.367944869496893,-6.367743235055271,0,0,full,full,0,0
conf_sphere_r05,3,118,"0,5,10",-6.429999557933134,-6.429910066400182,0,0,full,full,3,3
conf_sphere_r05,3,119,"0,5,11",-6.323190664973794,-6.323176206883718,0,0,full,full,1,1
conf_sphere_r05,3,120,"0,5,12",-6.378293049289298,-6.377987989519265,0,0,full,full,1,1
conf_sphere_r05,3,121,"0,5,13",-6.41476904260201,-6.41448284296635,0,0,full,full,3,3
conf_sphere_r05,3,122,"0,5,14",-6.338610722995263,-6.338457482754005,0,0,full,full,0,0
conf_sphere_r05,3,123,"0,5,15",-6.398666294883527,-6.398573859306801,0,0,full,full,3,3
conf_sphere_r05,3,124,"0,5,16",-6.343752407185979,-6.343482719737821,0,0,full,full,3,3
conf_sphere_r05,3,125,"0,5,17",-6.365022678194839,-6.364621234956685,0,0,full,full,0,0
conf_sphere_r05,3,126,"0,5,18",-6.422369471745367,-6.422045251362573,0,0,full,full,3,3
conf_sphere_r05,3,127,"0,5,19",-6.325573198394614,-6.325535528002298,0,0,full,full,1,1
conf_sphere_r05,3,128,"0,5,20",-6.375734921650053,-6.375380109433539,0,0,full,full,1,1
conf_sphere_r05,3,129,"0,5,21",-6.376269432855649,-6.375952934293167,0,0,full,full,3,3
conf_sphere_r05,3,130,"0,5,22",-6.34256822598964,-6.342317124561898,0,0,full,full,0,0
conf_sphere_r05,3,131,"0,5,23",-6.400132296677508,-6.400047452274521,0,0,full,full,3,3
conf_sphere_r05,3,132,"0,5,24",-6.334005786265633,-6.333907593257932,0,0,full,full,3,2
conf_sphere_r05,3,133,"0,5,25",-6.361504725182217,-6.361400726338115,0,0,full,full,0,0
conf_sphere_r05,3,134,"0,5,26",-6.394061257802279,-6.393770043771313,0,0,full,full,3,3
conf_sphere_r05,3,135,"0,5,27",-6.332610202266491,-6.332595039197193,0,0,full,full,1,1
conf_sphere_r05,3,136,"0,5,28",-6.3793136295140656,-6.37926363073385,0,0,full,full,3,3
conf_sphere_r05,3,137,"0,5,29",-6.3539610437662315,-6.353749861462266,0,0,full,full,3,3
conf_sphere_r05,3,138,"0,5,30",-6.350845617786373,-6.3507889727843745,0,0,full,full,2,2
conf_sphere_r05,3,139,"0,5,31",-6.3867222832130945,-6.3866415684193845,0,0,full,full,3,3
conf_sphere_r05,3,140,"0,6,7",-6.296289292249246,-6.295992106995421,0,0,full,full,0,0
conf_sphere_r05,3,141,"0,6,8",-6.39270475573986,-6.392359689465167,0,0,full,full,2,2
conf_sphere_r05,3,142,"0,6,9",-6.345157628160113,-6.344959196738687,0,0,full,full,0,0
conf_sphere_r05,3,143,"0,6,10",-6.309138165092298,-6.309071512179449,0,0,full,full,0,0
conf_sphere_r05,3,144,"0,6,11",-6.4037906454370415,-6.403632972095547,0,0,full,full,3,3
conf_sphere_r05,3,145,"0,6,12",-6.313026513455981,-6.312804900289153,0,0,full,full,0,0
conf_sphere_r05,3,146,"0,6,13",-6.348877636575777,-6.348612672586725,0,0,full,full,2,2
conf_sphere_r05,3,147,"0,6,14",-6.360667734020547,-6.360326945698578,0,0,full,full,3,3
conf_sphere_r05,3,148,"0,6,15",-6.295241938035519,-6.2951384384198015,0,0,full,full,0,0
conf_sphere_r05,3,149,"0,6,16",-6.400172893058341,-6.3998855239538,0,0,full,full,2,2
conf_sphere_r05,3,150,"0,6,17",-6.329270586711857,-6.329026575461702,0,0,full,full,0,0
conf_sphere_r05,3,151,"0,6,18",-6.323171800763733,-6.322982983209505,0,0,full,full,0,0
conf_sphere_r05,3,152,"0,6,19",-6.384243185652245,-6.3840308903910135,0,0,full,full,3,3
conf_sphere_r05,3,153,"0,6,20",-6.29800712000454,-6.297731205565189,0,0,full,full,0,0
conf_sphere_r05,3,154,"0,6,21",-6.36521900191522,-6.364934069519705,0,0,full,full,2,1
conf_sphere_r05,3,155,"0,6,22",-6.343875853965349,-6.343616039264528,0,0,full,full,1,1
conf_sphere_r05,3,156,"0,6,23",-6.308585200487855,-6.308516288578796,0,0,full,full,0,0
conf_sphere_r05,3,157,"0,6,24",-6.388310384405215,-6.388188760799574,0,0,full,full,2,2
conf_sphere_r05,3,158,"0,6,25",-6.3148757853184945,-6.314773941520079,0,0,full,full,0,0
conf_sphere_r05,3,159,"0,6,26",-6.338713786504137,-6.338477398296783,0,0,full,full,0,0
conf_sphere_r05,3,160,"0,6,27",-6.360299646847983,-6.360197973595371,0,0,full,full,2,2
conf_sphere_r05,3,161,"0,6,28",-6.305743579178926,-6.305677480216282,0,0,full,full,0,0
conf_sphere_r05,3,162,"0,6,29",-6.369550858921788,-6.369370288125861,0,0,full,full,1,1
conf_sphere_r05,3,163,"0,6,30",-6.33152542977763,-6.331465961821642,0,0,full,full,0,0
conf_sphere_r05,3,164,"0,6,31",-6.325115016140508,-6.325027358686041,0,0,full,full,0,0
conf_sphere_r05,3,165,"0,7,8",-6.352758048040762,-6.352343279284005,0,0,full,full,2,2
conf_sphere_r05,3,166,"0,7,9",-6.319513248721924,-6.319224597780949,0,0,full,full,0,0
conf_sphere_r05,3,167,"0,7,10",-6.386497219228863,-6.38627977746177,0,0,full,full,2,2
conf_sphere_r05,3,168,"0,7,11",-6.314069772458842,-6.313947329313151,0,0,full,full,0,0
conf_sphere_r05,3,169,"0,7,12",-6.338050315161256,-6.33755378183011,0,0,full,full,1,1
conf_sphere_r05,3,170,"0,7,13",-6.368778582498514,-6.36840352063958,0,0,full,full,2,2
conf_sphere_r05,3,171,"0,7,14",-6.298438980288417,-6.298250579879103,0,0,full,full,0,0
conf_sphere_r05,3,172,"0,7,15",-6.365450646875849,-6.365232412357798,0,0,full,full,3,3
conf_sphere_r05,3,173,"0,7,16",-6.338557700202698,-6.338219545737725,0,0,full,full,0,0
conf_sphere_r05,3,174,"0,7,17",-6.322041946588256,-6.321517235891671,0,0,full,full,0,0
conf_sphere_r05,3,175,"0,7,18",-6.380408089360843,-6.380111243335744,0,0,full,full,2,2
conf_sphere_r05,3,176,"0,7,19",-6.307392245930205,-6.3072083437671695,0,0,full,full,0,0
conf_sphere_r05,3,177,"0,7,20",-6.34378520375781,-6.3432981551963445,0,0,full,full,2,2
conf_sphere_r05,3,178,"0,7,21",-6.353155877975952,-6.352786042351916,0,0,full,full,1,0
conf_sphere_r05,3,179,"0,7,22",-6.305316402255041,-6.305054838175863,0,0,full,full,0,0
conf_sphere_r05,3,180,"0,7,23",-6.370116575186694,-6.369947362686393,0,0,full,full,2,2
conf_sphere_r05,3,181,"0,7,24",-6.327398250885152,-6.3272262790227325,0,0,full,full,0,0
conf_sphere_r05,3,182,"0,7,25",-6.326455385015285,-6.326207056768499,0,0,full,full,0,0
conf_sphere_r05,3,183,"0,7,26",-6.364352795178038,-6.364042102885469,0,0,full,full,1,1
conf_sphere_r05,3,184,"0,7,27",-6.30813153788824,-6.308025830146324,0,0,full,full,0,0
conf_sphere_r05,3,185,"0,7,28",-6.351076573700114,-6.350879705007282,0,0,full,full,2,2
conf_sphere_r05,3,186,"0,7,29",-6.3422015370488385,-6.341959183110083,0,0,full,full,0,0
conf_sphere_r05,3,187,"0,7,30",-6.318015377005809,-6.317840433524366,0,0,full,full,0,0
conf_sphere_r05,3,188,"0,7,31",-6.36156080271717,-6.3613998897233675,0,0,full,full,2,1
conf_sphere_r05,3,189,"0,8,9",-6.386864854283482,-6.386586003360951,0,0,full,full,1,1
conf_sphere_r05,3,190,"0,8,10",-6.345700079737679,-6.345589787615434,0,0,full,full,3,3
conf_sphere_r05,3,191,"0,8,11",-6.4125000548169275,-6.412430039618762,0,0,full,full,3,3
conf_sphere_r05,3,192,"0,8,12",-6.367533901264692,-6.367217203888753,0,0,full,full,1,1
conf_sphere_r05,3,193,"0,8,13",-6.401040666752327,-6.40069165093978,0,0,full,full,3,3
conf_sphere_r05,3,194,"0,8,14",-6.384239328853715,-6.3839653549138875,0,0,full,full,2,2
conf_sphere_r05,3,195,"0,8,15",-6.342852160221832,-6.342763906400413,0,0,full,full,3,3
conf_sphere_r05,3,196,"0,8,16",-6.430054411181262,-6.429645286657168,0,0,full,full,3,3
conf_sphere_r05,3,197,"0,8,17",-6.375425610318172,-6.3750354850446005,0,0,full,full,2,1
conf_sphere_r05,3,198,"0,8,18",-6.361088259294117,-6.360799676412297,0,0,full,full,3,3
conf_sphere_r05,3,199,"0,8,19",-6.397465819669666,-6.397375460575843,0,0,full,full,3,3
conf_sphere_r05,3,200,"0,8,20",-6.349478463101795,-6.3491094043442,0,0,full,full,2,2
conf_sphere_r05,3,201,"0,8,21",-6.410644345522433,-6.410326591580751,0,0,full,full,3,3
conf_sphere_r05,3,202,"0,8,22",-6.375837867203488,-6.375551039760827,0,0,full,full,2,2
conf_sphere_r05,3,203,"0,8,23",-6.34764904084667,-6.347576666238476,0,0,full,full,3,3
conf_sphere_r05,3,204,"0,8,24",-6.406643490390757,-6.406506879082169,0,0,full,full,3,3
conf_sphere_r05,3,205,"0,8,25",-6.3616355567425975,-6.36155717103452,0,0,full,full,2,2
conf_sphere_r05,3,206,"0,8,26",-6.3769301988154545,-6.376626351766113,0,0,full,full,3,3
conf_sphere_r05,3,207,"0,8,27",-6.383388686136013,-6.383336511532323,0,0,full,full,3,3
conf_sphere_r05,3,208,"0,8,28",-6.3498888377107985,-6.349866909074363,0,0,full,full,3,3
conf_sphere_r05,3,209,"0,8,29",-6.399650881155567,-6.399458795387088,0,0,full,full,3,3
conf_sphere_r05,3,210,"0,8,30",-6.37078055401204,-6.370754368463525,0,0,full,full,3,3
conf_sphere_r05,3,211,"0,8,31",-6.360830261695833,-6.360770501110744,0,0,full,full,3,3
conf_sphere_r05,3,212,"0,9,10",-6.347167354192594,-6.347111564598298,0,0,full,full,0,0
conf_sphere_r05,3,213,"0,9,11",-6.369004921911799,-6.369012430176782,0,0,full,full,1,1
conf_sphere_r05,3,214,"0,9,12",-6.332707010223735,-6.3324281520541295,0,0,full,full,0,0
conf_sphere_r05,3,215,"0,9,13",-6.367372118636484,-6.3671401318366,0,0,full,full,1,1
conf_sphere_r05,3,216,"0,9,14",-6.343795714311001,-6.343737199520785,0,0,full,full,1,1
conf_sphere_r05,3,217,"0,9,15",-6.325321553320772,-6.3252792734257826,0,0,full,full,0,0
conf_sphere_r05,3,218,"0,9,16",-6.38173610780476,-6.381531746647019,0,0,full,full,1,1
conf_sphere_r05,3,219,"0,9,17",-6.342519247670735,-6.34222574032929,0,0,full,full,1,1
conf_sphere_r05,3,220,"0,9,18",-6.355371572303303,-6.35522032485102,0,0,full,full,0,0
conf_sphere_r05,3,221,"0,9,19",-6.357115301460803,-6.357054912075336,0,0,full,full,1,1
conf_sphere_r05,3,222,"0,9,20",-6.3215248497613965,-6.3212877948007336,0,0,full,full,0,0
conf_sphere_r05,3,223,"0,9,21",-6.367695792983799,-6.367480335493307,0,0,full,full,1,1
conf_sphere_r05,3,224,"0,9,22",-6.341296402994305,-6.341186516811611,0,0,full,full,1,1
conf_sphere_r05,3,225,"0,9,23",-6.339389411921513,-6.339394428672419,0,0,full,full,1,1
conf_sphere_r05,3,226,"0,9,24",-6.368983924844941,-6.368981672742277,0,0,full,full,1,1
conf_sphere_r05,3,227,"0,9,25",-6.330491343700096,-6.330457020534924,0,0,full,full,1,1
conf_sphere_r05,3,228,"0,9,26",-6.357019928539987,-6.356864838336232,0,0,full,full,1,1
conf_sphere_r05,3,229,"0,9,27",-6.347317014223507,-6.347405886536094,0,0,full,full,1,1
conf_sphere_r05,3,230,"0,9,28",-6.330327453282753,-6.330347576612515,0,0,full,full,1,1
conf_sphere_r05,3,231,"0,9,29",-6.364567723249948,-6.364490520582965,0,0,full,full,1,1
conf_sphere_r05,3,232,"0,9,30",-6.337931787076819,-6.337995299475028,0,0,full,full,1,1
conf_sphere_r05,3,233,"0,9,31",-6.347357884645516,-6.347365116862517,0,0,full,full,1,1
conf_sphere_r05,3,234,"0,10,11",-6.304956671472425,-6.305060449144223,0,0,full,full,0,0
conf_sphere_r05,3,235,"0,10,12",-6.366729350083882,-6.36648523992581,0,0,full,full,1,1
conf_sphere_r05,3,236,"0,10,13",-6.392904411016331,-6.392797068434512,0,0,full,full,3,3
conf_sphere_r05,3,237,"0,10,14",-6.318901060648306,-6.31891356354145,0,0,full,full,0,0
conf_sphere_r05,3,238,"0,10,15",-6.407362483029631,-6.407364484609211,0,0,full,full,3,3
conf_sphere_r05,3,239,"0,10,16",-6.327139829354468,-6.327039286834838,0,0,full,full,0,0
conf_sphere_r05,3,240,"0,10,17",-6.350067048433377,-6.34977400428711,0,0,full,full,0,0
conf_sphere_r05,3,241,"0,10,18",-6.425523701350646,-6.425468144604141,0,0,full,full,3,3
conf_sphere_r05,3,242,"0,10,19",-6.310334848847001,-6.310434930387654,0,0,full,full,0,0
conf_sphere_r05,3,243,"0,10,20",-6.375263214563748,-6.374984489358469,0,0,full,full,1,1
conf_sphere_r05,3,244,"0,10,21",-6.36350211283607,-6.363380401206509,0,0,full,full,3,3
conf_sphere_r05,3,245,"0,10,22",-6.327814953180898,-6.327729952212634,0,0,full,full,0,0
conf_sphere_r05,3,246,"0,10,23",-6.41192557203031,-6.411947280796873,0,0,full,full,3,3
conf_sphere_r05,3,247,"0,10,24",-6.323558750562093,-6.323614710822301,0,0,full,full,0,0
conf_sphere_r05,3,248,"0,10,25",-6.354436662787464,-6.354426137584911,0,0,full,full,0,0
conf_sphere_r05,3,249,"0,10,26",-6.393134369520684,-6.393052718243302,0,0,full,full,3,3
conf_sphere_r05,3,250,"0,10,27",-6.3209499429967115,-6.321075404484961,0,0,full,full,1,1
conf_sphere_r05,3,251,"0,10,28",-6.385171403924211,-6.38520972839259,0,0,full,full,2,2
conf_sphere_r05,3,252,"0,10,29",-6.347905567169106,-6.347874912204635,0,0,full,full,1,1
conf_sphere_r05,3,253,"0,10,30",-6.342191436253908,-6.342255458056345,0,0,full,full,1,1
conf_sphere_r05,3,254,"0,10,31",-6.3935824068840486,-6.393632254704622,0,0,full,full,3,3
conf_sphere_r05,3,255,"0,11,12",-6.337102782625842,-6.337077212472882,0,0,full,full,0,0
conf_sphere_r05,3,256,"0,11,13",-6.355288819434301,-6.355246199150093,0,0,full,full,3,3
conf_sphere_r05,3,257,"0,11,14",-6.38634893949077,-6.386284012064948,0,0,full,full,2,2
conf_sphere_r05,3,258,"0,11,15",-6.305428641570522,-6.305515085292803,0,0,full,full,0,0
conf_sphere_r05,3,259,"0,11,16",-6.4322222706756325,-6.432138393297985,0,0,full,full,3,3
conf_sphere_r05,3,260,"0,11,17",-6.35497612552121,-6.354924346574392,0,0,full,full,0,0
conf_sphere_r05,3,261,"0,11,18",-6.323724874502238,-6.323682700491881,0,0,full,full,0,0
conf_sphere_r05,3,262,"0,11,19",-6.418133104485999,-6.418228569988309,0,0,full,full,3,3
conf_sphere_r05,3,263,"0,11,20",-6.317941601949014,-6.317830326750388,0,0,full,full,0,0
conf_sphere_r05,3,264,"0,11,21",-6.384223239086921,-6.384135365234028,0,0,full,full,3,3
conf_sphere_r05,3,265,"0,11,22",-6.370633472610966,-6.370570448407861,0,0,full,full,1,1
conf_sphere_r05,3,266,"0,11,23",-6.315767991420577,-6.315863286404522,0,0,full,full,0,0
conf_sphere_r05,3,267,"0,11,24",-6.421387443892258,-6.421433812632448,0,0,full,full,3,3
conf_sphere_r05,3,268,"0,11,25",-6.339364052375261,-6.339495183367097,0,0,full,full,0,0
conf_sphere_r05,3,269,"0,11,26",-6.349237004910754,-6.349150942958225,0,0,full,full,1,1
conf_sphere_r05,3,270,"0,11,27",-6.390733935412474,-6.390862250123659,0,0,full,full,2,2
conf_sphere_r05,3,271,"0,11,28",-6.3220223509697995,-6.322144621187902,0,0,full,full,1,1
conf_sphere_r05,3,272,"0,11,29",-6.394756032985269,-6.39475722442599,0,0,full,full,3,3
conf_sphere_r05,3,273,"0,11,30",-6.3588418357216465,-6.359024211112023,0,0,full,full,1,1
conf_sphere_r05,3,274,"0,11,31",-6.336685827048116,-6.336769329425969,0,0,full,full,1,1
conf_sphere_r05,3,275,"0,12,13",-6.367965804268065,-6.367654104257187,0,0,full,full,1,1
conf_sphere_r05,3,276,"0,12,14",-6.315207805557427,-6.315105970350128,0,0,full,full,0,0
conf_sphere_r05,3,277,"0,12,15",-6.347346101152972,-6.347064731179686,0,0,full,full,1,1
conf_sphere_r05,3,278,"0,12,16",-6.35935076929213,-6.359105135137792,0,0,full,full,0,0
conf_sphere_r05,3,279,"0,12,17",-6.334430604774133,-6.333960890819166,0,0,full,full,1,1
conf_sphere_r05,3,280,"0,12,18",-6.36936213004324,-6.3690730016067905,0,0,full,full,1,1
conf_sphere_r05,3,281,"0,12,19",-6.328991089140647,-6.328882193741028,0,0,full,full,0,0
conf_sphere_r05,3,282,"0,12,20",-6.338603447519354,-6.3381292913755445,0,0,full,full,1,1
conf_sphere_r05,3,283,"0,12,21",-6.361328440761439,-6.361042535202529,0,0,full,full,1,1
conf_sphere_r05,3,284,"0,12,22",-6.321682627617571,-6.321470459446597,0,0,full,full,0,0
conf_sphere_r05,3,285,"0,12,23",-6.357752224521469,-6.357570222690178,0,0,full,full,1,1
conf_sphere_r05,3,286,"0,12,24",-6.348208047309374,-6.348114868927889,0,0,full,full,0,0
conf_sphere_r05,3,287,"0,12,25",-6.333921982411753,-6.333720561618707,0,0,full,full,1,1
conf_sphere_r05,3,288,"0,12,26",-6.362687105347647,-6.362423458962152,0,0,full,full,1,1
conf_sphere_r05,3,289,"0,12,27",-6.326965373636305,-6.326926380232228,0,0,full,full,0,0
conf_sphere_r05,3,290,"0,12,28",-6.345863284923116,-6.3456905502780785,0,0,full,full,1,1
conf_sphere_r05,3,291,"0,12,29",-6.355375573209017,-6.3552228704057345,0,0,full,full,1,1
conf_sphere_r05,3,292,"0,12,30",-6.330820104619542,-6.330679412861596,0,0,full,full,1,1
conf_sphere_r05,3,293,"0,12,31",-6.35772509118735,-6.35759649255428,0,0,full,full,1,1
conf_sphere_r05,3,294,"0,13,14",-6.3530476754664615,-6.352854666550022,0,0,full,full,2,2
conf_sphere_r05,3,295,"0,13,15",-6.37592990015423,-6.3758194437678855,0,0,full,full,3,3
conf_sphere_r05,3,296,"0,13,16",-6.38088910348878,-6.380575619354254,0,0,full,full,3,3
conf_sphere_r05,3,297,"0,13,17",-6.365172302439253,-6.364759974385363,0,0,full,full,2,1
conf_sphere_r05,3,298,"0,13,18",-6.404960631511943,-6.404639123214666,0,0,full,full,3,3
conf_sphere_r05,3,299,"0,13,19",-6.35520356596891,-6.355155215593539,0,0,full,full,3,3
conf_sphere_r05,3,300,"0,13,20",-6.365339814542298,-6.364959965426752,0,0,full,full,2,2
conf_sphere_r05,3,301,"0,13,21",-6.405386892974321,-6.4050545294095205,0,0,full,full,3,3
conf_sphere_r05,3,302,"0,13,22",-6.355696495706308,-6.355437774207414,0,0,full,full,2,2
conf_sphere_r05,3,303,"0,13,23",-6.385478621950009,-6.3853893906399115,0,0,full,full,3,3
conf_sphere_r05,3,304,"0,13,24",-6.369515168865698,-6.3694171662242445,0,0,full,full,3,3
conf_sphere_r05,3,305,"0,13,25",-6.36311828329173,-6.363031551205141,0,0,full,full,2,2
conf_sphere_r05,3,306,"0,13,26",-6.403413487732335,-6.403085738250927,0,0,full,full,3,3
conf_sphere_r05,3,307,"0,13,27",-6.357306067675891,-6.3573179156164805,0,0,full,full,3,3
conf_sphere_r05,3,308,"0,13,28",-6.374216545693342,-6.374179462838292,0,0,full,full,3,3
conf_sphere_r05,3,309,"0,13,29",-6.385217940069851,-6.385009928929673,0,0,full,full,3,3
conf_sphere_r05,3,310,"0,13,30",-6.363470425509536,-6.363459208564737,0,0,full,full,3,3
conf_sphere_r05,3,311,"0,13,31",-6.389046905282456,-6.38898474960952,0,0,full,full,3,3
conf_sphere_r05,3,312,"0,14,15",-6.303470441589356,-6.303473656048947,0,0,full,full,0,0
conf_sphere_r05,3,313,"0,14,16",-6.391454374273566,-6.391245636918933,0,0,full,full,2,2
conf_sphere_r05,3,314,"0,14,17",-6.332543961822137,-6.33238982421538,0,0,full,full,0,0
conf_sphere_r05,3,315,"0,14,18",-6.334411476526243,-6.3343200570316975,0,0,full,full,0,0
conf_sphere_r05,3,316,"0,14,19",-6.376228086936345,-6.376107087669765,0,0,full,full,3,3
conf_sphere_r05,3,317,"0,14,20",-6.305271523091242,-6.305114490298557,0,0,full,full,0,0
conf_sphere_r05,3,318,"0,14,21",-6.366825704568258,-6.366630306375467,0,0,full,full,2,2
conf_sphere_r05,3,319,"0,14,22",-6.346940672946939,-6.346778734028435,0,0,full,full,2,2
conf_sphere_r05,3,320,"0,14,23",-6.320424188508529,-6.320473255807232,0,0,full,full,0,0
conf_sphere_r05,3,321,"0,14,24",-6.383802679321016,-6.383781593893667,0,0,full,full,2,2
conf_sphere_r05,3,322,"0,14,25",-6.32203062139926,-6.322021272963897,0,0,full,full,0,0
conf_sphere_r05,3,323,"0,14,26",-6.3479309688109575,-6.347805807690959,0,0,full,full,0,0
conf_sphere_r05,3,324,"0,14,27",-6.361650026270924,-6.36167683608685,0,0,full,full,2,2
conf_sphere_r05,3,325,"0,14,28",-6.316570534539418,-6.316628089809638,0,0,full,full,0,0
conf_sphere_r05,3,326,"0,14,29",-6.371489425560286,-6.371418746713849,0,0,full,full,2,2
conf_sphere_r05,3,327,"0,14,30",-6.33861273579737,-6.338679415843167,0,0,full,full,2,2
conf_sphere_r05,3,328,"0,14,31",-6.33668891160858,-6.3367219471109975,0,0,full,full,0,0
conf_sphere_r05,3,329,"0,15,16",-6.331265459567966,-6.331131600247562,0,0,full,full,1,1
conf_sphere_r05,3,330,"0,15,17",-6.3319479702079215,-6.331638411623613,0,0,full,full,0,0
conf_sphere_r05,3,331,"0,15,18",-6.4014863608808446,-6.401374310373124,0,0,full,full,3,3
conf_sphere_r05,3,332,"0,15,19",-6.307327932405663,-6.307401338913054,0,0,full,full,1,1
conf_sphere_r05,3,333,"0,15,20",-6.361122589309269,-6.360799754741274,0,0,full,full,3,3
conf_sphere_r05,3,334,"0,15,21",-6.358700978809538,-6.358566470647816,0,0,full,full,2,2
conf_sphere_r05,3,335,"0,15,22",-6.3143419190783625,-6.314293830145965,0,0,full,full,0,0
conf_sphere_r05,3,336,"0,15,23",-6.39756915231185,-6.397601444517616,0,0,full,full,3,3
conf_sphere_r05,3,337,"0,15,24",-6.326671117582835,-6.326708983892379,0,0,full,full,1,1
conf_sphere_r05,3,338,"0,15,25",-6.341168185746075,-6.341179830521693,0,0,full,full,1,1
conf_sphere_r05,3,339,"0,15,26",-6.381771606113841,-6.381659218659656,0,0,full,full,2,2
conf_sphere_r05,3,340,"0,15,27",-6.315403758380541,-6.31555410416189,0,0,full,full,1,1
conf_sphere_r05,3,341,"0,15,28",-6.37571184581382,-6.375760785617932,0,0,full,full,3,3
conf_sphere_r05,3,342,"0,15,29",-6.348451671973265,-6.348414813559892,0,0,full,full,1,1
conf_sphere_r05,3,343,"0,15,30",-6.332709289798544,-6.332815928561719,0,0,full,full,1,1
conf_sphere_r05,3,344,"0,15,31",-6.3841525805252815,-6.384215324412545,0,0,full,full,3,3
conf_sphere_r05,3,345,"0,16,17",-6.373401275613492,-6.373098706434104,0,0,full,full,1,1
conf_sphere_r05,3,346,"0,16,18",-6.34915640832119,-6.348908245636679,0,0,full,full,3,3
conf_sphere_r05,3,347,"0,16,19",-6.418162389978941,-6.418099174414555,0,0,full,full,3,3
conf_sphere_r05,3,348,"0,16,20",-6.344030032830744,-6.343713954203716,0,0,full,full,0,0
conf_sphere_r05,3,349,"0,16,21",-6.410824965065744,-6.410468102824336,0,0,full,full,3,3
conf_sphere_r05,3,350,"0,16,22",-6.38377535101115,-6.383525160757668,0,0,full,full,1,1
conf_sphere_r05,3,351,"0,16,23",-6.342022910566931,-6.341910028327646,0,0,full,full,1,1
conf_sphere_r05,3,352,"0,16,24",-6.432518643681788,-6.43239243337153,0,0,full,full,3,3
conf_sphere_r05,3,353,"0,16,25",-6.362575194890089,-6.362528030344871,0,0,full,full,0,0
conf_sphere_r05,3,354,"0,16,26",-6.3762134996541775,-6.375913777223544,0,0,full,full,3,3
conf_sphere_r05,3,355,"0,16,27",-6.401257711797577,-6.401190265734007,0,0,full,full,3,3
conf_sphere_r05,3,356,"0,16,28",-6.348814703516479,-6.348728714054537,0,0,full,full,1,1
conf_sphere_r05,3,357,"0,16,29",-6.417691224346136,-6.41751313747854,0,0,full,full,3,3
conf_sphere_r05,3,358,"0,16,30",-6.378796025850727,-6.3787774840702225,0,0,full,full,2,2
conf_sphere_r05,3,359,"0,16,31",-6.36317491728267,-6.363063476671485,0,0,full,full,3,3
conf_sphere_r05,3,360,"0,17,18",-6.359864827528182,-6.359479323362267,0,0,full,full,0,0
conf_sphere_r05,3,361,"0,17,19",-6.34821434335787,-6.348063002413149,0,0,full,full,1,1
conf_sphere_r05,3,362,"0,17,20",-6.3294808198056245,-6.328945869819683,0,0,full,full,1,1
conf_sphere_r05,3,363,"0,17,21",-6.366671431051249,-6.366283599295966,0,0,full,full,1,1
conf_sphere_r05,3,364,"0,17,22",-6.338088991873889,-6.337779650697408,0,0,full,full,1,1
conf_sphere_r05,3,365,"0,17,23",-6.347683800646465,-6.347413199129458,0,0,full,full,1,1
conf_sphere_r05,3,366,"0,17,24",-6.3646848146560195,-6.3645572536710855,0,0,full,full,1,1
conf_sphere_r05,3,367,"0,17,25",-6.337535788612258,-6.337178967925889,0,0,full,full,2,1
conf_sphere_r05,3,368,"0,17,26",-6.36167499342035,-6.361294837413723,0,0,full,full,1,1
conf_sphere_r05,3,369,"0,17,27",-6.344959484077994,-6.344886166268944,0,0,full,full,1,1
conf_sphere_r05,3,370,"0,17,28",-6.340118854433241,-6.339841003054102,0,0,full,full,1,1
conf_sphere_r05,3,371,"0,17,29",-6.365505408128103,-6.365252825124966,0,0,full,full,1,1
conf_sphere_r05,3,372,"0,17,30",-6.342487940847052,-6.342285451641976,0,0,full,full,2,2
conf_sphere_r05,3,373,"0,17,31",-6.35535906693562,-6.35509559989965,0,0,full,full,1,1
conf_sphere_r05,3,374,"0,18,19",-6.331486619354303,-6.3314546692647244,0,0,full,full,1,1
conf_sphere_r05,3,375,"0,18,20",-6.378865261972004,-6.37853148151938,0,0,full,full,2,2
conf_sphere_r05,3,376,"0,18,21",-6.385135517132118,-6.3848388924207935,0,0,full,full,3,3
conf_sphere_r05,3,377,"0,18,22",-6.344530999863382,-6.344344179312635,0,0,full,full,0,0
conf_sphere_r05,3,378,"0,18,23",-6.415702065950966,-6.415622697945494,0,0,full,full,3,3
conf_sphere_r05,3,379,"0,18,24",-6.347767431086243,-6.347685979780125,0,0,full,full,1,1
conf_sphere_r05,3,380,"0,18,25",-6.366172489690484,-6.366118901812155,0,0,full,full,1,1
conf_sphere_r05,3,381,"0,18,26",-6.413021131357194,-6.412789887608533,0,0,full,full,3,3
conf_sphere_r05,3,382,"0,18,27",-6.342637134409,-6.34264320889594,0,0,full,full,1,1
conf_sphere_r05,3,383,"0,18,28",-6.394097735295056,-6.394064919914262,0,0,full,full,3,3
conf_sphere_r05,3,384,"0,18,29",-6.372560854582958,-6.3723900727750715,0,0,full,full,3,3
conf_sphere_r05,3,385,"0,18,30",-6.359749116750893,-6.35970122088183,0,0,full,full,2,2
conf_sphere_r05,3,386,"0,18,31",-6.409476145485201,-6.409439872210703,0,0,full,full,3,3
conf_sphere_r05,3,387,"0,19,20",-6.3168437224465475,-6.3166607234491225,0,0,full,full,0,0
conf_sphere_r05,3,388,"0,19,21",-6.382804444904716,-6.382733842895416,0,0,full,full,3,3
conf_sphere_r05,3,389,"0,19,22",-6.366800706123111,-6.366665353452009,0,0,full,full,2,2
conf_sphere_r05,3,390,"0,19,23",-6.323218639974956,-6.323315093895731,0,0,full,full,1,1
conf_sphere_r05,3,391,"0,19,24",-6.416380708506511,-6.416454644397052,0,0,full,full,3,3
conf_sphere_r05,3,392,"0,19,25",-6.337995887353884,-6.338044696357181,0,0,full,full,0,0
conf_sphere_r05,3,393,"0,19,26",-6.356062089893574,-6.355991815839882,0,0,full,full,1,1
conf_sphere_r05,3,394,"0,19,27",-6.3906798859126175,-6.390761009291678,0,0,full,full,3,3
conf_sphere_r05,3,395,"0,19,28",-6.327213554352373,-6.32731672438233,0,0,full,full,1,1
conf_sphere_r05,3,396,"0,19,29",-6.395554909596307,-6.395579088905143,0,0,full,full,3,3
conf_sphere_r05,3,397,"0,19,30",-6.359968137380809,-6.360093491693103,0,0,full,full,2,2
conf_sphere_r05,3,398,"0,19,31",-6.345257630949483,-6.345338650473909,0,0,full,full,1,1
conf_sphere_r05,3,399,"0,20,21",-6.358665403122001,-6.3583075068035955,0,0,full,full,2,0
conf_sphere_r05,3,400,"0,20,22",-6.3171372737317535,-6.316907410842856,0,0,full,full,0,0
conf_sphere_r05,3,401,"0,20,23",-6.37374417864006,-6.373507858729171,0,0,full,full,3,3
conf_sphere_r05,3,402,"0,20,24",-6.338590185975596,-6.33840948069228,0,0,full,full,0,0
conf_sphere_r05,3,403,"0,20,25",-6.339398256301404,-6.3391697813846895,0,0,full,full,2,2
conf_sphere_r05,3,404,"0,20,26",-6.370841798571718,-6.3705188242262025,0,0,full,full,2,2
conf_sphere_r05,3,405,"0,20,27",-6.321794828249701,-6.321689301504559,0,0,full,full,0,0
conf_sphere_r05,3,406,"0,20,28",-6.361870316670954,-6.361620677508105,0,0,full,full,3,3
conf_sphere_r05,3,407,"0,20,29",-6.353938360873566,-6.353693029689311,0,0,full,full,0,0
conf_sphere_r05,3,408,"0,20,30",-6.332932680315749,-6.332751535400265,0,0,full,full,1,1
conf_sphere_r05,3,409,"0,20,31",-6.371481608059354,-6.3712878713413,0,0,full,full,2,2
conf_sphere_r05,3,410,"0,21,22",-6.368599740566422,-6.368338827382924,0,0,full,full,2,2
conf_sphere_r05,3,411,"0,21,23",-6.373552238008278,-6.373436664265701,0,0,full,full,3,3
conf_sphere_r05,3,412,"0,21,24",-6.4019288353687,-6.40180183312623,0,0,full,full,3,3
conf_sphere_r05,3,413,"0,21,25",-6.365914683451598,-6.365848121807307,0,0,full,full,2,2
conf_sphere_r05,3,414,"0,21,26",-6.403951512359167,-6.403596886451482,0,0,full,full,3,3
conf_sphere_r05,3,415,"0,21,27",-6.380839954956474,-6.380802399560107,0,0,full,full,3,3
conf_sphere_r05,3,416,"0,21,28",-6.370874689290923,-6.370815770135476,0,0,full,full,3,2
conf_sphere_r05,3,417,"0,21,29",-6.413152491208871,-6.412945049492655,0,0,full,full,3,3
conf_sphere_r05,3,418,"0,21,30",-6.375395584466258,-6.375370083394844,0,0,full,full,2,2
conf_sphere_r05,3,419,"0,21,31",-6.38952386223415,-6.389432369077471,0,0,full,full,3,3
conf_sphere_r05,3,420,"0,22,23",-6.3334892266380285,-6.333462529804149,0,0,full,full,0,0
conf_sphere_r05,3,421,"0,22,24",-6.379938694302226,-6.379863942743256,0,0,full,full,2,2
conf_sphere_r05,3,422,"0,22,25",-6.3333470468869235,-6.333279443866225,0,0,full,full,1,1
conf_sphere_r05,3,423,"0,22,26",-6.356971998189628,-6.3567666394451265,0,0,full,full,1,1
conf_sphere_r05,3,424,"0,22,27",-6.362106331112541,-6.3621209753694155,0,0,full,full,3,3
conf_sphere_r05,3,425,"0,22,28",-6.330378685213428,-6.33036982772524,0,0,full,full,1,1
conf_sphere_r05,3,426,"0,22,29",-6.374350434989289,-6.374202569672857,0,0,full,full,2,2
conf_sphere_r05,3,427,"0,22,30",-6.348304872523937,-6.348279587735176,0,0,full,full,3,3
conf_sphere_r05,3,428,"0,22,31",-6.3493042212067685,-6.349251906216032,0,0,full,full,1,1
conf_sphere_r05,3,429,"0,23,24",-6.34266929303561,-6.342709165498577,0,0,full,full,1,1
conf_sphere_r05,3,430,"0,23,25",-6.359016761066665,-6.359091883698791,0,0,full,full,2,2
conf_sphere_r05,3,431,"0,23,26",-6.400907221413534,-6.40081585896625,0,0,full,full,3,3
conf_sphere_r05,3,432,"0,23,27",-6.334990869460145,-6.335160712600647,0,0,full,full,1,1
conf_sphere_r05,3,433,"0,23,28",-6.393902501311965,-6.394000072427918,0,0,full,full,3,3
conf_sphere_r05,3,434,"0,23,29",-6.36681090550528,-6.366771629318336,0,0,full,full,2,2
conf_sphere_r05,3,435,"0,23,30",-6.352869397797237,-6.353004011569576,0,0,full,full,1,1
conf_sphere_r05,3,436,"0,23,31",-6.406021307136976,-6.406078110656985,0,0,full,full,3,3
conf_sphere_r05,3,437,"0,24,25",-6.358478421815288,-6.358550643185999,0,0,full,full,1,1
conf_sphere_r05,3,438,"0,24,26",-6.3761437600088415,-6.376014259985601,0,0,full,full,3,3
conf_sphere_r05,3,439,"0,24,27",-6.403440097999611,-6.4035493445091,0,0,full,full,3,3
conf_sphere_r05,3,440,"0,24,28",-6.348866848481976,-6.348935087081391,0,0,full,full,1,1
conf_sphere_r05,3,441,"0,24,29",-6.417992347184444,-6.417923745081902,0,0,full,full,3,3
conf_sphere_r05,3,442,"0,24,30",-6.37842612249296,-6.378572378638187,0,0,full,full,2,2
conf_sphere_r05,3,443,"0,24,31",-6.366263029410005,-6.366281441050417,0,0,full,full,1,1
conf_sphere_r05,3,444,"0,25,26",-6.368652018710271,-6.368613422286831,0,0,full,full,2,2
conf_sphere_r05,3,445,"0,25,27",-6.341023520460496,-6.341159985694667,0,0,full,full,1,1
conf_sphere_r05,3,446,"0,25,28",-6.353196360357711,-6.353295750108165,0,0,full,full,3,3
conf_sphere_r05,3,447,"0,25,29",-6.366659383393673,-6.366696673740984,0,0,full,full,2,2
conf_sphere_r05,3,448,"0,25,30",-6.346082377456542,-6.346169160313099,0,0,full,full,3,3
conf_sphere_r05,3,449,"0,25,31",-6.366751518802756,-6.366845415826964,0,0,full,full,2,2
conf_sphere_r05,3,450,"0,26,27",-6.364136287386633,-6.364125683729516,0,0,full,full,2,2
conf_sphere_r05,3,451,"0,26,28",-6.389708034560858,-6.389689415687308,0,0,full,full,3,3
conf_sphere_r05,3,452,"0,26,29",-6.397808867331162,-6.397578550687385,0,0,full,full,3,3
conf_sphere_r05,3,453,"0,26,30",-6.37178948355915,-6.371756199778961,0,0,full,full,2,2
conf_sphere_r05,3,454,"0,26,31",-6.411825987387262,-6.411785678058794,0,0,full,full,3,3
conf_sphere_r05,3,455,"0,27,28",-6.336943274785536,-6.337137204237529,0,0,full,full,1,1
conf_sphere_r05,3,456,"0,27,29",-6.39350577005832,-6.393564557938184,0,0,full,full,3,3
conf_sphere_r05,3,457,"0,27,30",-6.363102386739714,-6.363341682053627,0,0,full,full,2,2
conf_sphere_r05,3,458,"0,27,31",-6.356151952875547,-6.356309770379323,0,0,full,full,1,1
conf_sphere_r05,3,459,"0,28,29",-6.368589455786859,-6.368600554266383,0,0,full,full,2,2
conf_sphere_r05,3,460,"0,28,30",-6.351295524863909,-6.351475054994463,0,0,full,full,2,2
conf_sphere_r05,3,461,"0,28,31",-6.394547902923988,-6.394704698215052,0,0,full,full,3,3
conf_sphere_r05,3,462,"0,29,30",-6.381859738270032,-6.381950283206036,0,0,full,full,2,2
conf_sphere_r05,3,463,"0,29,31",-6.388387360176476,-6.388329435494233,0,0,full,full,3,3
conf_sphere_r05,3,464,"0,30,31",-6.3680612193536215,-6.368194856457921,0,0,full,full,2,2
conf_sphere_r05,3,465,"1,2,3",-6.3898562770632745,-6.389968669053906,0,0,full,full,0,0
conf_sphere_r05,3,466,"1,2,4",-7.449032019538854,-7.4490303089958205,0,0,full,full,9,9
conf_sphere_r05,3,467,"1,2,5",-6.566375954860821,-6.566387984296998,0,0,full,full,0,0
conf_sphere_r05,3,468,"1,2,6",-6.857159323074324,-6.8571172291480424,0,0,full,full,1,1
conf_sphere_r05,3,469,"1,2,7",-7.526701492853857,-7.526554564105251,2,2,deficient,deficient,10,11
conf_sphere_r05,3,470,"1,2,8",-6.329009655957282,-6.3289538604737094,0,0,full,full,0,0
conf_sphere_r05,3,471,"1,2,9",-7.340535590715873,-7.3406075829686595,2,2,deficient,deficient,10,10
conf_sphere_r05,3,472,"1,2,10",-7.052962220587887,-7.053170667660794,1,1,deficient,deficient,5,5
conf_sphere_r05,3,473,"1,2,11",-6.575373952211998,-6.575670378478738,0,0,full,full,0,0
conf_sphere_r05,3,474,"1,2,12",-7.508862459850372,-7.508665103070075,1,1,deficient,deficient,11,11
conf_sphere_r05,3,475,"1,2,13",-6.4354696830783595,-6.4354194337001225,0,0,full,full,0,0
conf_sphere_r05,3,476,"1,2,14",-7.080999491130775,-7.080940405430872,3,3,deficient,deficient,4,4
conf_sphere_r05,3,477,"1,2,15",-7.454291538996462,-7.4543135057978525,2,2,deficient,deficient,10,10
conf_sphere_r05,3,478,"1,2,16",-6.440033208066183,-6.4400097336297035,0,0,full,full,0,0
conf_sphere_r05,3,479,"1,2,17",-7.380335828376884,-7.357344861261157,2,3,deficient,deficient,10,9
conf_sphere_r05,3,480,"1,2,18",-6.8087014310968605,-6.808730649657408,0,0,full,full,3,3
conf_sphere_r05,3,481,"1,2,19",-6.765074152200495,-6.765363541634994,0,0,full,full,1,1
conf_sphere_r05,3,482,"1,2,20",-7.482557793246462,-7.4828707118290945,3,3,deficient,deficient,11,11
conf_sphere_r05,3,483,"1,2,21",-6.473602147017332,-6.473551977722501,0,0,full,full,0,0
conf_sphere_r05,3,484,"1,2,22",-7.179078044261035,-7.179028329225619,2,2,deficient,deficient,6,6
conf_sphere_r05,3,485,"1,2,23",-7.176558611174356,-7.176663415483987,0,0,full,full,6,6
conf_sphere_r05,3,486,"1,2,24",-6.634770700955363,-6.635064194869046,0,0,full,full,1,1
conf_sphere_r05,3,487,"1,2,25",-7.374037892618671,-7.374310285610876,2,2,deficient,deficient,10,10
conf_sphere_r05,3,488,"1,2,26",-6.707274432021913,-6.707245909818985,0,0,full,full,1,1
conf_sphere_r05,3,489,"1,2,27",-6.980304350944578,-6.980357915469217,1,1,deficient,deficient,3,3
conf_sphere_r05,3,490,"1,2,28",-7.315762396330884,-7.315905013903396,2,2,deficient,deficient,8,8
conf_sphere_r05,3,491,"1,2,29",-6.634404361629099,-6.634573475494738,0,0,full,full,1,1
conf_sphere_r05,3,492,"1,2,30",-7.219629053809274,-7.2197827723375765,2,2,deficient,deficient,6,6
conf_sphere_r05,3,493,"1,2,31",-6.962880760437264,-6.962979827058851,0,0,full,full,3,3
conf_sphere_r05,3,494,"1,3,4",-6.910455198316362,-6.910427228440004,0,0,full,full,1,1
conf_sphere_r05,3,495,"1,3,5",-6.3128722822984145,-6.312859466964946,0,0,full,full,0,0
conf_sphere_r05,3,496,"1,3,6",-7.046210375413337,-7.045824824604982,0,0,full,full,2,2
conf_sphere_r05,3,497,"1,3,7",-6.56378012510791,-6.563585461522791,0,0,full,full,0,0
conf_sphere_r05,3,498,"1,3,8",-6.539262357889978,-6.539175235977081,0,0,full,full,1,1
conf_sphere_r05,3,499,"1,3,9",-6.956189241996491,-6.9557993738998505,0,0,full,full,3,3
conf_sphere_r05,3,500,"1,3,10",-6.355476234787746,-6.3556055738259545,0,0,full,full,0,0
conf_sphere_r05,3,501,"1,3,11",-7.065833384265752,-7.065720326140418,0,0,full,full,3,3
conf_sphere_r05,3,502,"1,3,12",-6.7528546572584345,-6.752852626669998,0,0,full,full,0,0
conf_sphere_r05,3,503,"1,3,13",-6.379316679481625,-6.3793118802822955,0,0,full,full,1,1
conf_sphere_r05,3,504,"1,3,14",-6.981945313245972,-6.9816837250728945,0,0,full,full,2,2
conf_sphere_r05,3,505,"1,3,15",-6.470632548168786,-6.470740359920091,0,0,full,full,0,0
conf_sphere_r05,3,506,"1,3,16",-6.767386505421836,-6.767185863627982,0,0,full,full,1,1
conf_sphere_r05,3,507,"1,3,17",-6.873045270990597,-6.872968474587958,0,0,full,full,2,2
conf_sphere_r05,3,508,"1,3,18",-6.381824528701606,-6.381866738043534,0,0,full,full,0,0
conf_sphere_r05,3,509,"1,3,19",-7.024397195985371,-7.024328661609667,0,0,full,full,4,4
conf_sphere_r05,3,510,"1,3,20",-6.620426125979545,-6.6203028490171985,0,0,full,full,0,0
conf_sphere_r05,3,511,"1,3,21",-6.514598189636563,-6.514578107395883,0,0,full,full,1,1
conf_sphere_r05,3,512,"1,3,22",-6.948167459145148,-6.94817639024636,0,0,full,full,2,2
conf_sphere_r05,3,513,"1,3,23",-6.461523323841256,-6.461688663665898,0,0,full,full,0,0
conf_sphere_r05,3,514,"1,3,24",-6.87896964165404,-6.879135985480845,0,0,full,full,1,1
conf_sphere_r05,3,515,"1,3,25",-6.752922865004548,-6.753069712328912,0,0,full,full,0,0
conf_sphere_r05,3,516,"1,3,26",-6.466240920680778,-6.466259604405455,0,0,full,full,0,0
conf_sphere_r05,3,517,"1,3,27",-6.950817505404097,-6.951021234391678,0,0,full,full,2,2
conf_sphere_r05,3,518,"1,3,28",-6.571736195415956,-6.57187439622969,0,0,full,full,0,0
conf_sphere_r05,3,519,"1,3,29",-6.670875030733211,-6.6709105487487514,0,0,full,full,0,1
conf_sphere_r05,3,520,"1,3,30",-6.818139236518372,-6.8183262513227625,0,0,full,full,1,1
conf_sphere_r05,3,521,"1,3,31",-6.516031691393666,-6.516150783655848,0,0,full,full,0,0
conf_sphere_r05,3,522,"1,4,5",-6.481550951825365,-6.4814233414544535,0,0,full,full,0,0
conf_sphere_r05,3,523,"1,4,6",-8.110573607931817,-8.11027003920069,1,1,deficient,deficient,17,17
conf_sphere_r05,3,524,"1,4,7",-8.09102316377253,-8.089939985895288,0,0,full,full,19,19
conf_sphere_r05,3,525,"1,4,8",-6.438495187564305,-6.438246172228321,0,0,full,full,0,0
conf_sphere_r05,3,526,"1,4,9",-8.446394342328547,-8.44553494499011,1,1,deficient,deficient,13,13
conf_sphere_r05,3,527,"1,4,10",-6.914098183800254,-6.914059130737547,0,0,full,full,1,1
conf_sphere_r05,3,528,"1,4,11",-7.43516228571757,-7.435396922246791,0,0,full,full,6,6
conf_sphere_r05,3,529,"1,4,12",-8.171135250202806,-8.170406281452491,0,0,full,full,10,10
conf_sphere_r05,3,530,"1,4,13",-6.41389489381179,-6.4137026069066945,0,0,full,full,0,0
conf_sphere_r05,3,531,"1,4,14",-8.310833120479318,-8.310661278059115,1,1,deficient,deficient,15,15
conf_sphere_r05,3,532,"1,4,15",-7.61123223404879,-7.611116650179813,0,0,full,full,13,13
conf_sphere_r05,3,533,"1,4,16",-6.704515576399601,-6.704152702498196,0,0,full,full,0,0
conf_sphere_r05,3,534,"1,4,17",-8.306141237698169,-8.30547585913943,1,1,deficient,deficient,12,12
conf_sphere_r05,3,535,"1,4,18",-6.704754333614311,-6.704555395450161,0,0,full,full,1,1
conf_sphere_r05,3,536,"1,4,19",-7.786499306318429,-7.786257887602498,0,0,full,full,10,10
conf_sphere_r05,3,537,"1,4,20",-8.063064387216684,-8.062644709137942,2,2,deficient,deficient,18,18
conf_sphere_r05,3,538,"1,4,21",-6.529450178854682,-6.529066494568418,0,0,full,full,0,0
conf_sphere_r05,3,539,"1,4,22",-8.395994970373872,-8.39564120273476,1,1,deficient,deficient,20,20
conf_sphere_r05,3,540,"1,4,23",-7.179102660667746,-7.179227635109003,0,0,full,full,3,3
conf_sphere_r05,3,541,"1,4,24",-7.060376982590673,-7.060332458538637,0,0,full,full,0,0
conf_sphere_r05,3,542,"1,4,25",-8.229762781254873,-8.229693521932207,1,1,deficient,deficient,17,17
conf_sphere_r05,3,543,"1,4,26",-6.683822063074814,-6.683309024907078,0,0,full,full,0,0
conf_sphere_r05,3,544,"1,4,27",-7.967569014196842,-7.967661532621593,1,1,deficient,deficient,11,11
conf_sphere_r05,3,545,"1,4,28",-7.659356955750222,-7.659497069706195,0,0,full,full,9,8
conf_sphere_r05,3,546,"1,4,29",-6.8068289455346465,-6.806607999952344,0,0,full,full,0,0
conf_sphere_r05,3,547,"1,4,30",-8.235960444559005,-8.235931095212997,1,1,deficient,deficient,19,19
conf_sphere_r05,3,548,"1,4,31",-7.018943550615856,-7.0189506675781566,0,0,full,full,1,1
conf_sphere_r05,3,549,"1,5,6",-6.3791611001138975,-6.379014768867077,0,0,full,full,0,0
conf_sphere_r05,3,550,"1,5,7",-6.508631566656938,-6.508402268752755,0,0,full,full,0,0
conf_sphere_r05,3,551,"1,5,8",-6.340687272593052,-6.34052476057516,0,0,full,full,0,0
conf_sphere_r05,3,552,"1,5,9",-6.472656621708939,-6.472610937193891,0,0,full,full,0,1
conf_sphere_r05,3,553,"1,5,10",-6.591021759527168,-6.5910346857667585,0,0,full,full,1,1
conf_sphere_r05,3,554,"1,5,11",-6.342873794799,-6.342880271740102,0,0,full,full,0,0
conf_sphere_r05,3,555,"1,5,12",-6.4829044033520455,-6.482713725849173,0,0,full,full,0,0
conf_sphere_r05,3,556,"1,5,13",-6.435365443558557,-6.435183170034106,0,0,full,full,1,1
conf_sphere_r05,3,557,"1,5,14",-6.427457785739647,-6.427458278333012,0,0,full,full,1,1
conf_sphere_r05,3,558,"1,5,15",-6.551546220634437,-6.551590566063053,0,0,full,full,1,1
conf_sphere_r05,3,559,"1,5,16",-6.3530741124804795,-6.352927835175118,0,0,full,full,1,1
conf_sphere_r05,3,560,"1,5,17",-6.474945196609063,-6.474786995563168,0,0,full,full,0,1
conf_sphere_r05,3,561,"1,5,18",-6.554074474803948,-6.553940224169674,0,0,full,full,1,1
conf_sphere_r05,3,562,"1,5,19",-6.3850461256924484,-6.385013210168633,0,0,full,full,1,1
conf_sphere_r05,3,563,"1,5,20",-6.507275609438432,-6.507100388733415,0,0,full,full,0,0
conf_sphere_r05,3,564,"1,5,21",-6.410584154780161,-6.4103964773943805,0,0,full,full,1,1
conf_sphere_r05,3,565,"1,5,22",-6.451669350907727,-6.451663701032894,0,0,full,full,1,1
conf_sphere_r05,3,566,"1,5,23",-6.562444133924641,-6.562519421206134,0,0,full,full,1,1
conf_sphere_r05,3,567,"1,5,24",-6.387774520238116,-6.3877512743930165,0,0,full,full,1,1
conf_sphere_r05,3,568,"1,5,25",-6.4858421234053525,-6.485964388713884,0,0,full,full,1,1
conf_sphere_r05,3,569,"1,5,26",-6.500226451490577,-6.500074479834019,0,0,full,full,1,1
conf_sphere_r05,3,570,"1,5,27",-6.4296174428682145,-6.429766131575355,0,0,full,full,1,1
conf_sphere_r05,3,571,"1,5,28",-6.5301935087028316,-6.530301275440717,0,0,full,full,1,1
conf_sphere_r05,3,572,"1,5,29",-6.424986326617876,-6.424901581150772,0,0,full,full,1,1
conf_sphere_r05,3,573,"1,5,30",-6.473524687116206,-6.473701236466037,0,0,full,full,1,1
conf_sphere_r05,3,574,"1,5,31",-6.532745725751152,-6.532811769745725,0,0,full,full,1,1
conf_sphere_r05,3,575,"1,6,7",-7.424381223226987,-7.423675188334141,2,2,deficient,deficient,14,14
conf_sphere_r05,3,576,"1,6,8",-6.4868106631733164,-6.486531506419891,0,0,full,full,2,2
conf_sphere_r05,3,577,"1,6,9",-8.186746009035044,-8.18610582039424,2,2,deficient,deficient,20,20
conf_sphere_r05,3,578,"1,6,10",-6.637015688469477,-6.637286138994371,0,0,full,full,1,1
conf_sphere_r05,3,579,"1,6,11",-7.60156327595885,-7.601471310017702,0,0,full,full,6,6
conf_sphere_r05,3,580,"1,6,12",-7.913313933105347,-7.912780927139983,1,1,deficient,deficient,18,18
conf_sphere_r05,3,581,"1,6,13",-6.395541072743455,-6.395361828215512,0,0,full,full,1,1
conf_sphere_r05,3,582,"1,6,14",-8.142477799615328,-8.142127563669634,4,4,deficient,deficient,20,20
conf_sphere_r05,3,583,"1,6,15",-7.045060870106724,-7.044882026200433,1,1,deficient,deficient,3,3
conf_sphere_r05,3,584,"1,6,16",-6.795595872781663,-6.795169031273811,0,0,full,full,2,2
conf_sphere_r05,3,585,"1,6,17",-8.038589695197015,-8.037809575110005,3,3,deficient,deficient,18,18
conf_sphere_r05,3,586,"1,6,18",-6.567799254401985,-6.567679769083061,0,0,full,full,1,1
conf_sphere_r05,3,587,"1,6,19",-7.90607674668892,-7.905926115006523,3,3,deficient,deficient,19,19
conf_sphere_r05,3,588,"1,6,20",-7.506989106440674,-7.506554029207183,2,2,deficient,deficient,17,17
conf_sphere_r05,3,589,"1,6,21",-6.553107984355475,-6.5528172687203226,0,0,full,full,1,1
conf_sphere_r05,3,590,"1,6,22",-8.048403219042305,-8.048139632577305,4,4,deficient,deficient,21,21
conf_sphere_r05,3,591,"1,6,23",-6.885890791101111,-6.88595081407564,1,1,deficient,deficient,2,2
conf_sphere_r05,3,592,"1,6,24",-7.195941303210737,-7.196203478086012,0,0,full,full,3,3
conf_sphere_r05,3,593,"1,6,25",-7.828658772304942,-7.8288825558964374,2,2,deficient,deficient,19,19
conf_sphere_r05,3,594,"1,6,26",-6.639727706628191,-6.63950033993806,0,0,full,full,1,1
conf_sphere_r05,3,595,"1,6,27",-7.97418866124824,-7.974290650261943,3,3,deficient,deficient,21,21
conf_sphere_r05,3,596,"1,6,28",-7.234152300824013,-7.234184988399197,1,1,deficient,deficient,8,8
conf_sphere_r05,3,597,"1,6,29",-6.871281439166119,-6.871242080815992,0,0,full,full,2,2
conf_sphere_r05,3,598,"1,6,30",-7.829337897913799,-7.829394358648515,2,2,deficient,deficient,17,17
conf_sphere_r05,3,599,"1,6,31",-6.85313484659057,-6.853084675896509,1,1,deficient,deficient,1,1
conf_sphere_r05,3,600,"1,7,8",-6.3675420197975034,-6.367207827482052,0,0,full,full,0,0
conf_sphere_r05,3,601,"1,7,9",-7.871489773105611,-7.870861875870107,0,0,full,full,21,21
conf_sphere_r05,3,602,"1,7,10",-7.020953752689798,-7.021066738525096,0,0,full,full,5,5
conf_sphere_r05,3,603,"1,7,11",-6.920550726913215,-6.920526997238117,0,0,full,full,1,1
conf_sphere_r05,3,604,"1,7,12",-8.001046091782833,-8.000022138933973,1,1,deficient,deficient,21,21
conf_sphere_r05,3,605,"1,7,13",-6.4181903811253385,-6.417900540993814,0,0,full,full,0,0
conf_sphere_r05,3,606,"1,7,14",-7.539836275845709,-7.539489483397433,2,2,deficient,deficient,11,11
conf_sphere_r05,3,607,"1,7,15",-7.49996454641199,-7.4998011965789315,1,1,deficient,deficient,11,11
conf_sphere_r05,3,608,"1,7,16",-6.568581304511439,-6.568181818281817,0,0,full,full,0,0
conf_sphere_r05,3,609,"1,7,17",-7.835577953706618,-7.834466252031783,1,1,deficient,deficient,18,18
conf_sphere_r05,3,610,"1,7,18",-6.757032510543561,-6.756699391925643,0,0,full,full,1,1
conf_sphere_r05,3,611,"1,7,19",-7.216603408482757,-7.216325364454564,1,1,deficient,deficient,10,10
conf_sphere_r05,3,612,"1,7,20",-7.751169429949994,-7.750697717049426,3,3,deficient,deficient,21,21
conf_sphere_r05,3,613,"1,7,21",-6.512208032454278,-6.511828904841407,0,0,full,full,0,0
conf_sphere_r05,3,614,"1,7,22",-7.605348109420181,-7.60483006280494,2,2,deficient,deficient,14,14
conf_sphere_r05,3,615,"1,7,23",-7.247346072203591,-7.2473263166323205,1,1,deficient,deficient,8,8
conf_sphere_r05,3,616,"1,7,24",-6.8913170012990115,-6.89126024418649,0,0,full,full,2,2
conf_sphere_r05,3,617,"1,7,25",-7.740888676823653,-7.7409917463356015,1,1,deficient,deficient,14,14
conf_sphere_r05,3,618,"1,7,26",-6.722806695542355,-6.722444276451879,0,0,full,full,1,1
conf_sphere_r05,3,619,"1,7,27",-7.439009640942879,-7.439049077025915,2,2,deficient,deficient,14,14
conf_sphere_r05,3,620,"1,7,28",-7.5638896040592165,-7.56383000428594,1,1,deficient,deficient,18,18
conf_sphere_r05,3,621,"1,7,29",-6.778373171228678,-6.778193091537413,0,0,full,full,2,2
conf_sphere_r05,3,622,"1,7,30",-7.631784424284781,-7.6316632790848775,1,1,deficient,deficient,18,18
conf_sphere_r05,3,623,"1,7,31",-7.05296300241646,-7.0528781523150865,1,1,deficient,deficient,4,4
conf_sphere_r05,3,624,"1,8,9",-6.449817451164166,-6.449511582587071,0,0,full,full,1,1
conf_sphere_r05,3,625,"1,8,10",-6.3420717568096165,-6.342034231265592,0,0,full,full,0,0
conf_sphere_r05,3,626,"1,8,11",-6.534626306582941,-6.534643372262984,0,0,full,full,1,1
conf_sphere_r05,3,627,"1,8,12",-6.40702863356382,-6.406805138305577,0,0,full,full,0,0
conf_sphere_r05,3,628,"1,8,13",-6.387971896899301,-6.387751299980648,0,0,full,full,1,1
conf_sphere_r05,3,629,"1,8,14",-6.470744915680509,-6.470619330303472,0,0,full,full,1,1
conf_sphere_r05,3,630,"1,8,15",-6.360056055484784,-6.360021408939494,0,0,full,full,0,0
conf_sphere_r05,3,631,"1,8,16",-6.523657510358528,-6.523347556010075,0,0,full,full,1,1
conf_sphere_r05,3,632,"1,8,17",-6.433547812863918,-6.4332714383048994,0,0,full,full,0,0
conf_sphere_r05,3,633,"1,8,18",-6.3714380502101315,-6.371302110199048,0,0,full,full,0,0
conf_sphere_r05,3,634,"1,8,19",-6.5137409166973885,-6.513661715044822,0,0,full,full,1,1
conf_sphere_r05,3,635,"1,8,20",-6.387314131521815,-6.387089181356404,0,0,full,full,0,0
conf_sphere_r05,3,636,"1,8,21",-6.4518873713847675,-6.45163396272807,0,0,full,full,1,1
conf_sphere_r05,3,637,"1,8,22",-6.4579548888621465,-6.4577925108396155,0,0,full,full,1,1
conf_sphere_r05,3,638,"1,8,23",-6.37995354221771,-6.379973264164283,0,0,full,full,0,0
conf_sphere_r05,3,639,"1,8,24",-6.522586464909925,-6.522602490827066,0,0,full,full,1,1
conf_sphere_r05,3,640,"1,8,25",-6.418394873104548,-6.418358164543908,0,0,full,full,0,0
conf_sphere_r05,3,641,"1,8,26",-6.415405887944928,-6.415235880341013,0,0,full,full,1,1
conf_sphere_r05,3,642,"1,8,27",-6.486816525338041,-6.486872725182224,0,0,full,full,1,1
conf_sphere_r05,3,643,"1,8,28",-6.397567543349531,-6.397619276128767,0,0,full,full,0,0
conf_sphere_r05,3,644,"1,8,29",-6.486393460563971,-6.486301264554954,0,0,full,full,1,1
conf_sphere_r05,3,645,"1,8,30",-6.44589138928377,-6.445922359738624,0,0,full,full,1,1
conf_sphere_r05,3,646,"1,8,31",-6.413377493879318,-6.413390895476046,0,0,full,full,0,0
conf_sphere_r05,3,647,"1,9,10",-6.913904047872795,-6.913843593564124,0,0,full,full,5,5
conf_sphere_r05,3,648,"1,9,11",-7.446649974025656,-7.446499548398569,0,0,full,full,6,6
conf_sphere_r05,3,649,"1,9,12",-8.078697504076748,-8.077777166170414,0,0,full,full,13,13
conf_sphere_r05,3,650,"1,9,13",-6.41533543495307,-6.415142595790599,0,0,full,full,1,1
conf_sphere_r05,3,651,"1,9,14",-8.259278993276185,-8.258635952337576,2,2,deficient,deficient,18,17
conf_sphere_r05,3,652,"1,9,15",-7.4000743257764565,-7.399839895473172,0,0,full,full,10,10
conf_sphere_r05,3,653,"1,9,16",-6.727253700967377,-6.726791426587781,0,0,full,full,0,0
conf_sphere_r05,3,654,"1,9,17",-8.152383988123576,-8.15219959370079,1,1,deficient,deficient,15,15
conf_sphere_r05,3,655,"1,9,18",-6.718917262885101,-6.718780780621679,0,0,full,full,3,3
conf_sphere_r05,3,656,"1,9,19",-7.848189780292348,-7.848020058736721,0,0,full,full,10,10
conf_sphere_r05,3,657,"1,9,20",-7.805381997869772,-7.805109740318467,3,3,deficient,deficient,16,17
conf_sphere_r05,3,658,"1,9,21",-6.538760671776118,-6.538360359093924,0,0,full,full,0,0
conf_sphere_r05,3,659,"1,9,22",-8.193653952166116,-8.19331620827418,1,1,deficient,deficient,18,18
conf_sphere_r05,3,660,"1,9,23",-7.161327876143555,-7.161277281928012,0,0,full,full,6,6
conf_sphere_r05,3,661,"1,9,24",-7.095963577287894,-7.096126593818045,0,0,full,full,0,0
conf_sphere_r05,3,662,"1,9,25",-8.002795906394729,-8.002599234200348,1,1,deficient,deficient,14,15
conf_sphere_r05,3,663,"1,9,26",-6.7002850205292495,-6.699958084321344,0,0,full,full,2,2
conf_sphere_r05,3,664,"1,9,27",-8.112392601296536,-8.112224237771946,2,2,deficient,deficient,21,21
conf_sphere_r05,3,665,"1,9,28",-7.541900313719771,-7.542014322681974,0,0,full,full,12,12
conf_sphere_r05,3,666,"1,9,29",-6.827271417656581,-6.827168923394969,0,0,full,full,0,0
conf_sphere_r05,3,667,"1,9,30",-8.005099063140355,-8.005147429836345,1,1,deficient,deficient,17,17
conf_sphere_r05,3,668,"1,9,31",-7.015442747780002,-7.01529237083974,0,0,full,full,3,3
conf_sphere_r05,3,669,"1,10,11",-6.482496164416677,-6.48262965519011,0,0,full,full,0,0
conf_sphere_r05,3,670,"1,10,12",-6.941017307111688,-6.940769954421187,0,0,full,full,1,1
conf_sphere_r05,3,671,"1,10,13",-6.467498509216247,-6.467449440064278,0,0,full,full,0,0
conf_sphere_r05,3,672,"1,10,14",-6.787239916231689,-6.787410735767501,1,1,deficient,deficient,3,3
conf_sphere_r05,3,673,"1,10,15",-7.054187907622389,-7.054390139753649,1,1,deficient,deficient,5,5
conf_sphere_r05,3,674,"1,10,16",-6.424881483946462,-6.4248462675260685,0,0,full,full,0,0
conf_sphere_r05,3,675,"1,10,17",-6.951987322448505,-6.928738237460347,0,1,full,deficient,5,4
conf_sphere_r05,3,676,"1,10,18",-6.811175606834692,-6.811170816128782,0,0,full,full,4,4
conf_sphere_r05,3,677,"1,10,19",-6.622583172232832,-6.623035474395393,0,0,full,full,1,1
conf_sphere_r05,3,678,"1,10,20",-7.005190734352672,-7.005378304156145,2,2,deficient,deficient,5,5
conf_sphere_r05,3,679,"1,10,21",-6.487218865735139,-6.487142675156119,0,0,full,full,1,1
conf_sphere_r05,3,680,"1,10,22",-6.8579883559086205,-6.858086337174521,1,1,deficient,deficient,4,4
conf_sphere_r05,3,681,"1,10,23",-7.005110738941551,-7.0053055159511946,1,1,deficient,deficient,6,6
conf_sphere_r05,3,682,"1,10,24",-6.558639778021319,-6.558742242485683,0,0,full,full,1,1
conf_sphere_r05,3,683,"1,10,25",-6.9652352740356385,-6.965170938440073,0,0,full,full,5,5
conf_sphere_r05,3,684,"1,10,26",-6.702588663464003,-6.702537380530928,0,0,full,full,2,2
conf_sphere_r05,3,685,"1,10,27",-6.771649403306555,-6.7718797834902835,0,0,full,full,4,4
conf_sphere_r05,3,686,"1,10,28",-7.007150253519125,-7.0073955884136465,1,1,deficient,deficient,5,5
conf_sphere_r05,3,687,"1,10,29",-6.594644586388617,-6.594674436667997,0,0,full,full,1,1
conf_sphere_r05,3,688,"1,10,30",-6.90474353007752,-6.905013930724582,1,1,deficient,deficient,5,5
conf_sphere_r05,3,689,"1,10,31",-6.87759979623832,-6.877785148989955,1,1,deficient,deficient,5,5
conf_sphere_r05,3,690,"1,11,12",-7.234503850488608,-7.2347614048307065,0,0,full,full,1,1
conf_sphere_r05,3,691,"1,11,13",-6.40560916799248,-6.405631405455614,0,0,full,full,1,1
conf_sphere_r05,3,692,"1,11,14",-7.54356247747231,-7.543664329730933,0,0,full,full,6,6
conf_sphere_r05,3,693,"1,11,15",-6.76297796372516,-6.763275265092894,0,0,full,full,1,1
conf_sphere_r05,3,694,"1,11,16",-6.850625724587406,-6.850503959495288,0,0,full,full,1,1
conf_sphere_r05,3,695,"1,11,17",-7.415725249680689,-7.415793105258765,0,0,full,full,4,4
conf_sphere_r05,3,696,"1,11,18",-6.491413872022211,-6.491424837795989,0,0,full,full,0,0
conf_sphere_r05,3,697,"1,11,19",-7.564358996949445,-7.564479992036334,0,0,full,full,9,9
conf_sphere_r05,3,698,"1,11,20",-7.023468297270085,-7.0235607568531035,0,0,full,full,1,1
conf_sphere_r05,3,699,"1,11,21",-6.579092834351975,-6.579042352632729,0,0,full,full,1,1
conf_sphere_r05,3,700,"1,11,22",-7.495426541776712,-7.4957642900032155,0,0,full,full,5,5
conf_sphere_r05,3,701,"1,11,23",-6.708267895814685,-6.70861402329461,0,0,full,full,1,1
conf_sphere_r05,3,702,"1,11,24",-7.178761868784031,-7.1791724182574965,0,0,full,full,2,2
conf_sphere_r05,3,703,"1,11,25",-7.24741711539488,-7.247810031754693,0,0,full,full,2,2
conf_sphere_r05,3,704,"1,11,26",-6.596055296242578,-6.5960345279843215,0,0,full,full,1,1
conf_sphere_r05,3,705,"1,11,27",-7.5203314030714346,-7.520808320114164,0,0,full,full,6,6
conf_sphere_r05,3,706,"1,11,28",-6.927147503252112,-6.927546682900381,0,0,full,full,1,1
conf_sphere_r05,3,707,"1,11,29",-6.859907135043438,-6.860042427229569,0,0,full,full,2,2
conf_sphere_r05,3,708,"1,11,30",-7.34406386499251,-7.344591391934182,0,0,full,full,3,3
conf_sphere_r05,3,709,"1,11,31",-6.758287482935648,-6.758527376459436,0,0,full,full,1,1
conf_sphere_r05,3,710,"1,12,13",-6.412566944807245,-6.412290876472266,0,0,full,full,0,0
conf_sphere_r05,3,711,"1,12,14",-8.03373090921378,-8.03360117614665,1,1,deficient,deficient,14,14
conf_sphere_r05,3,712,"1,12,15",-7.627221033055679,-7.6266814496322315,0,0,full,full,16,16
conf_sphere_r05,3,713,"1,12,16",-6.665422297210804,-6.6650777821846034,0,0,full,full,0,0
conf_sphere_r05,3,714,"1,12,17",-8.075723823431543,-8.075030322977922,0,0,full,full,13,13
conf_sphere_r05,3,715,"1,12,18",-6.720586583207044,-6.720196332098186,0,0,full,full,1,1
conf_sphere_r05,3,716,"1,12,19",-7.692591866413371,-7.692124888289863,0,0,full,full,15,15
conf_sphere_r05,3,717,"1,12,20",-7.966099533050418,-7.9653816940949005,2,2,deficient,deficient,21,21
conf_sphere_r05,3,718,"1,12,21",-6.529330129674483,-6.528865763691881,0,0,full,full,0,0
conf_sphere_r05,3,719,"1,12,22",-8.10169768589425,-8.101123089253923,1,1,deficient,deficient,19,19
conf_sphere_r05,3,720,"1,12,23",-7.2910116554972575,-7.290953400960574,0,0,full,full,6,6
conf_sphere_r05,3,721,"1,12,24",-7.0505520282304275,-7.050573199228573,0,0,full,full,2,2
conf_sphere_r05,3,722,"1,12,25",-8.119197982034727,-8.11883995187466,1,1,deficient,deficient,19,19
conf_sphere_r05,3,723,"1,12,26",-6.704817132567807,-6.704207402669231,0,0,full,full,0,0
conf_sphere_r05,3,724,"1,12,27",-7.945215303011287,-7.94538363270365,1,1,deficient,deficient,18,18
conf_sphere_r05,3,725,"1,12,28",-7.726132311393578,-7.748199236946805,1,0,deficient,full,21,22
conf_sphere_r05,3,726,"1,12,29",-6.823891043542913,-6.82365140725426,0,0,full,full,1,1
conf_sphere_r05,3,727,"1,12,30",-8.0294786909793,-8.052357619483903,2,1,deficient,deficient,19,20
conf_sphere_r05,3,728,"1,12,31",-7.092241478360069,-7.092091188611328,0,0,full,full,3,3
conf_sphere_r05,3,729,"1,13,14",-6.413944910630008,-6.4138663461987,0,0,full,full,1,1
conf_sphere_r05,3,730,"1,13,15",-6.451069288225096,-6.451077957444886,0,0,full,full,0,0
conf_sphere_r05,3,731,"1,13,16",-6.422054965309025,-6.421850145298326,0,0,full,full,1,1
conf_sphere_r05,3,732,"1,13,17",-6.417829776784829,-6.41759240255444,0,0,full,full,1,0
conf_sphere_r05,3,733,"1,13,18",-6.480767980398116,-6.4805766087118934,0,0,full,full,1,1
conf_sphere_r05,3,734,"1,13,19",-6.426238601365296,-6.426195503635045,0,0,full,full,1,1
conf_sphere_r05,3,735,"1,13,20",-6.431856879022106,-6.431639310866844,0,0,full,full,0,0
conf_sphere_r05,3,736,"1,13,21",-6.450977758558849,-6.450727937954514,0,0,full,full,1,1
conf_sphere_r05,3,737,"1,13,22",-6.424561147978467,-6.424465873271062,0,0,full,full,1,1
conf_sphere_r05,3,738,"1,13,23",-6.480008750568134,-6.4800673638507,0,0,full,full,1,1
conf_sphere_r05,3,739,"1,13,24",-6.446134788940969,-6.446115474852993,0,0,full,full,1,1
conf_sphere_r05,3,740,"1,13,25",-6.430230867025576,-6.430269401893841,0,0,full,full,1,1
conf_sphere_r05,3,741,"1,13,26",-6.484910969914183,-6.4846817486050705,0,0,full,full,1,1
conf_sphere_r05,3,742,"1,13,27",-6.440144053178372,-6.440260150323453,0,0,full,full,1,1
conf_sphere_r05,3,743,"1,13,28",-6.463079687903922,-6.463161339459925,0,0,full,full,1,1
conf_sphere_r05,3,744,"1,13,29",-6.46720707068382,-6.467102306815287,0,0,full,full,1,1
conf_sphere_r05,3,745,"1,13,30",-6.441054250883882,-6.4411604906183095,0,0,full,full,1,1
conf_sphere_r05,3,746,"1,13,31",-6.490191529726739,-6.490225229751195,0,0,full,full,1,1
conf_sphere_r05,3,747,"1,14,15",-7.202767753846494,-7.202605087066233,3,3,deficient,deficient,4,4
conf_sphere_r05,3,748,"1,14,16",-6.7764825269375075,-6.776151413226326,0,0,full,full,2,1
conf_sphere_r05,3,749,"1,14,17",-8.11113305655947,-8.111221548558385,4,4,deficient,deficient,13,13
conf_sphere_r05,3,750,"1,14,18",-6.673912050800197,-6.673860402117053,0,0,full,full,2,2
conf_sphere_r05,3,751,"1,14,19",-7.946222405662366,-7.946269891626312,1,1,deficient,deficient,20,20
conf_sphere_r05,3,752,"1,14,20",-7.6067019795053605,-7.607009744790854,3,3,deficient,deficient,12,12
conf_sphere_r05,3,753,"1,14,21",-6.563145571557849,-6.56288623045587,0,0,full,full,2,2
conf_sphere_r05,3,754,"1,14,22",-8.115203116121515,-8.114944970412049,4,4,deficient,deficient,19,19
conf_sphere_r05,3,755,"1,14,23",-7.0536853342870005,-7.053663202707972,3,3,deficient,deficient,5,5
conf_sphere_r05,3,756,"1,14,24",-7.190990318027589,-7.191390388906264,0,0,full,full,3,3
conf_sphere_r05,3,757,"1,14,25",-7.9176847034489555,-7.918087726257765,4,4,deficient,deficient,16,16
conf_sphere_r05,3,758,"1,14,26",-6.706647685424558,-6.706396816986441,0,0,full,full,2,2
conf_sphere_r05,3,759,"1,14,27",-8.077350316633561,-8.077404415277393,4,4,deficient,deficient,23,23
conf_sphere_r05,3,760,"1,14,28",-7.369572189005727,-7.369728882142741,3,3,deficient,deficient,10,10
conf_sphere_r05,3,761,"1,14,29",-6.890353410432203,-6.890446200787464,0,0,full,full,3,3
conf_sphere_r05,3,762,"1,14,30",-7.937967149412436,-7.938148753615209,3,3,deficient,deficient,18,18
conf_sphere_r05,3,763,"1,14,31",-6.947206859034724,-6.947052587693296,3,3,deficient,deficient,2,2
conf_sphere_r05,3,764,"1,15,16",-6.530061678506024,-6.529976983781647,0,0,full,full,0,0
conf_sphere_r05,3,765,"1,15,17",-7.473799403500817,-7.473059703230272,1,1,deficient,deficient,10,10
conf_sphere_r05,3,766,"1,15,18",-6.835617421369751,-6.83564159296731,0,0,full,full,3,3
conf_sphere_r05,3,767,"1,15,19",-6.944133028610441,-6.944329708679441,1,1,deficient,deficient,2,2
conf_sphere_r05,3,768,"1,15,20",-7.514933292302823,-7.51523290839296,2,2,deficient,deficient,11,11
conf_sphere_r05,3,769,"1,15,21",-6.530316285346239,-6.530248639230551,0,0,full,full,1,1
conf_sphere_r05,3,770,"1,15,22",-7.27893680909586,-7.27865179185892,1,1,deficient,deficient,7,7
conf_sphere_r05,3,771,"1,15,23",-7.2725595782267165,-7.272718865874966,1,1,deficient,deficient,9,9
conf_sphere_r05,3,772,"1,15,24",-6.8128572889395755,-6.813104663543347,0,0,full,full,3,3
conf_sphere_r05,3,773,"1,15,25",-7.467181952011276,-7.467472494950672,1,1,deficient,deficient,12,12
conf_sphere_r05,3,774,"1,15,26",-6.772360004229881,-6.772317455115529,0,0,full,full,2,2
conf_sphere_r05,3,775,"1,15,27",-7.179413754363305,-7.1794063147707705,2,2,deficient,deficient,7,7
conf_sphere_r05,3,776,"1,15,28",-7.423450317400915,-7.4235837530785656,1,1,deficient,deficient,12,12
conf_sphere_r05,3,777,"1,15,29",-6.767636402133474,-6.767760296778047,0,0,full,full,2,2
conf_sphere_r05,3,778,"1,15,30",-7.310201820749414,-7.310288757066025,1,1,deficient,deficient,6,6
conf_sphere_r05,3,779,"1,15,31",-7.058816270868294,-7.058885799777921,1,1,deficient,deficient,5,5
conf_sphere_r05,3,780,"1,16,17",-6.714241487810145,-6.71379353433027,0,0,full,full,0,0
conf_sphere_r05,3,781,"1,16,18",-6.458433612578848,-6.458284582349648,0,0,full,full,1,1
conf_sphere_r05,3,782,"1,16,19",-6.843598499130994,-6.8433075053062495,0,0,full,full,1,1
conf_sphere_r05,3,783,"1,16,20",-6.6262041369161615,-6.625847379412179,0,0,full,full,0,0
conf_sphere_r05,3,784,"1,16,21",-6.562722401871149,-6.562376558787532,0,0,full,full,1,1
conf_sphere_r05,3,785,"1,16,22",-6.764031870072838,-6.763680807722979,0,0,full,full,1,1
conf_sphere_r05,3,786,"1,16,23",-6.541953383098022,-6.54193413669756,0,0,full,full,0,0
conf_sphere_r05,3,787,"1,16,24",-6.82041341874741,-6.820294455630255,0,0,full,full,1,1
conf_sphere_r05,3,788,"1,16,25",-6.694392732583978,-6.6942401713701924,0,0,full,full,0,0
conf_sphere_r05,3,789,"1,16,26",-6.543891153265912,-6.543675496172274,0,0,full,full,1,1
conf_sphere_r05,3,790,"1,16,27",-6.809413919558165,-6.809296566645947,0,0,full,full,1,1
conf_sphere_r05,3,791,"1,16,28",-6.62307846301688,-6.622979795580991,0,0,full,full,0,0
conf_sphere_r05,3,792,"1,16,29",-6.711684143627125,-6.711438486252373,0,0,full,full,1,1
conf_sphere_r05,3,793,"1,16,30",-6.741339310673327,-6.741195630307073,0,0,full,full,1,1
conf_sphere_r05,3,794,"1,16,31",-6.597041560034723,-6.596967612529285,0,0,full,full,1,1
conf_sphere_r05,3,795,"1,17,18",-6.7347178245738695,-6.734374127880333,0,0,full,full,3,3
conf_sphere_r05,3,796,"1,17,19",-7.886086033136529,-7.885831694225873,0,0,full,full,14,14
conf_sphere_r05,3,797,"1,17,20",-7.83875362648684,-7.838150660105323,3,3,deficient,deficient,18,18
conf_sphere_r05,3,798,"1,17,21",-6.544930184915384,-6.544453929323469,0,0,full,full,1,0
conf_sphere_r05,3,799,"1,17,22",-8.14628449527613,-8.120522041869254,3,4,deficient,deficient,19,18
conf_sphere_r05,3,800,"1,17,23",-7.201951973058697,-7.201431059661414,1,1,deficient,deficient,5,5
conf_sphere_r05,3,801,"1,17,24",-7.104720843743353,-7.104495491600496,0,0,full,full,0,0
conf_sphere_r05,3,802,"1,17,25",-8.04640753974924,-8.046082372563717,2,2,deficient,deficient,16,16
conf_sphere_r05,3,803,"1,17,26",-6.715876282105804,-6.715248736397233,0,0,full,full,2,2
conf_sphere_r05,3,804,"1,17,27",-8.08931422724857,-8.068287534431185,2,3,deficient,deficient,21,20
conf_sphere_r05,3,805,"1,17,28",-7.619199814080619,-7.6187763713075,1,1,deficient,deficient,15,15
conf_sphere_r05,3,806,"1,17,29",-6.84420389899907,-6.843813557398175,0,0,full,full,0,0
conf_sphere_r05,3,807,"1,17,30",-8.022509576611434,-8.022119902386104,2,2,deficient,deficient,18,18
conf_sphere_r05,3,808,"1,17,31",-7.0501896658783245,-7.049564041011234,1,1,deficient,deficient,2,2
conf_sphere_r05,3,809,"1,18,19",-6.59155096500314,-6.591594082165309,0,0,full,full,1,1
conf_sphere_r05,3,810,"1,18,20",-6.78792211679346,-6.787547586183674,0,0,full,full,3,3
conf_sphere_r05,3,811,"1,18,21",-6.5145709507599445,-6.514332360382326,0,0,full,full,1,1
conf_sphere_r05,3,812,"1,18,22",-6.728955144517898,-6.728819974407363,0,0,full,full,3,3
conf_sphere_r05,3,813,"1,18,23",-6.853934135745438,-6.853973678617384,0,0,full,full,4,4
conf_sphere_r05,3,814,"1,18,24",-6.569731717654858,-6.569642661903056,0,0,full,full,1,1
conf_sphere_r05,3,815,"1,18,25",-6.770504210556961,-6.770484694510141,0,0,full,full,3,3
conf_sphere_r05,3,816,"1,18,26",-6.69255583001568,-6.692167874986274,0,0,full,full,2,2
conf_sphere_r05,3,817,"1,18,27",-6.695894320924366,-6.69596057609455,0,0,full,full,2,2
conf_sphere_r05,3,818,"1,18,28",-6.835599585317653,-6.835636466576595,0,0,full,full,3,3
conf_sphere_r05,3,819,"1,18,29",-6.6076936569693405,-6.607508702344527,0,0,full,full,1,1
conf_sphere_r05,3,820,"1,18,30",-6.767417356507589,-6.7674626221672085,0,0,full,full,3,3
conf_sphere_r05,3,821,"1,18,31",-6.819907463817274,-6.819865149266775,0,0,full,full,4,4
conf_sphere_r05,3,822,"1,19,20",-7.370244831470228,-7.370118167880157,1,1,deficient,deficient,12,12
conf_sphere_r05,3,823,"1,19,21",-6.602810110301626,-6.602630788191105,0,0,full,full,1,1
conf_sphere_r05,3,824,"1,19,22",-7.919844564073342,-7.919939196565556,1,1,deficient,deficient,19,19
conf_sphere_r05,3,825,"1,19,23",-6.8666260984331995,-6.8669304487293905,1,1,deficient,deficient,3,3
conf_sphere_r05,3,826,"1,19,24",-7.257096696522135,-7.2574850329725225,0,0,full,full,4,4
conf_sphere_r05,3,827,"1,19,25",-7.67053905916241,-7.649326277395374,1,2,deficient,deficient,15,14
conf_sphere_r05,3,828,"1,19,26",-6.685548744043173,-6.685499535286937,0,0,full,full,1,1
conf_sphere_r05,3,829,"1,19,27",-7.88228621874481,-7.882684697576167,1,1,deficient,deficient,20,20
conf_sphere_r05,3,830,"1,19,28",-7.17302902075718,-7.173393359869351,1,1,deficient,deficient,9,9
conf_sphere_r05,3,831,"1,19,29",-6.935932073898426,-6.936095918521343,0,0,full,full,3,3
conf_sphere_r05,3,832,"1,19,30",-7.726907536692054,-7.727375903982289,1,1,deficient,deficient,15,15
conf_sphere_r05,3,833,"1,19,31",-6.876664429533533,-6.876838402793845,1,1,deficient,deficient,1,2
conf_sphere_r05,3,834,"1,20,21",-6.545551761627556,-6.5451821209738945,0,0,full,full,1,1
conf_sphere_r05,3,835,"1,20,22",-7.69542465059536,-7.695604546789661,2,2,deficient,deficient,17,17
conf_sphere_r05,3,836,"1,20,23",-7.284698260336601,-7.2850728966536895,2,2,deficient,deficient,9,9
conf_sphere_r05,3,837,"1,20,24",-6.987057471989004,-6.98707389071971,0,0,full,full,3,3
conf_sphere_r05,3,838,"1,20,25",-7.811948873285006,-7.812263247385869,4,4,deficient,deficient,17,17
conf_sphere_r05,3,839,"1,20,26",-6.759969376665477,-6.759333176226143,0,0,full,full,2,2
conf_sphere_r05,3,840,"1,20,27",-7.620453198455671,-7.620850262964575,3,3,deficient,deficient,22,22
conf_sphere_r05,3,841,"1,20,28",-7.643294897933583,-7.643846848335389,2,2,deficient,deficient,18,18
conf_sphere_r05,3,842,"1,20,29",-6.844365073770882,-6.844253902712137,0,0,full,full,2,2
conf_sphere_r05,3,843,"1,20,30",-7.714729529134592,-7.715259859879723,3,3,deficient,deficient,21,21
conf_sphere_r05,3,844,"1,20,31",-7.1002448536780225,-7.10053069204094,2,2,deficient,deficient,5,5
conf_sphere_r05,3,845,"1,21,22",-6.571334756000376,-6.571030040141491,0,0,full,full,2,2
conf_sphere_r05,3,846,"1,21,23",-6.56057124664285,-6.5605734157833755,0,0,full,full,1,1
conf_sphere_r05,3,847,"1,21,24",-6.619946908693576,-6.619826089673794,0,0,full,full,1,1
conf_sphere_r05,3,848,"1,21,25",-6.5610532239452235,-6.560897975678815,0,0,full,full,1,1
conf_sphere_r05,3,849,"1,21,26",-6.5660806099248665,-6.565768595716982,0,0,full,full,1,1
conf_sphere_r05,3,850,"1,21,27",-6.607487110152408,-6.607382369581546,0,0,full,full,1,1
conf_sphere_r05,3,851,"1,21,28",-6.577462778079097,-6.577413030124893,0,0,full,full,1,1
conf_sphere_r05,3,852,"1,21,29",-6.616779721899292,-6.616556788567368,0,0,full,full,1,1
conf_sphere_r05,3,853,"1,21,30",-6.58648984458028,-6.586356324909612,0,0,full,full,2,2
conf_sphere_r05,3,854,"1,21,31",-6.594465064528414,-6.594433706033475,0,0,full,full,1,1
conf_sphere_r05,3,855,"1,22,23",-7.155977583457988,-7.155758814828079,1,1,deficient,deficient,8,8
conf_sphere_r05,3,856,"1,22,24",-7.204721330541359,-7.20491024857156,0,0,full,full,4,4
conf_sphere_r05,3,857,"1,22,25",-7.963842506430232,-7.963979795182293,3,3,deficient,deficient,18,18
conf_sphere_r05,3,858,"1,22,26",-6.740208478609455,-6.739886700797641,0,0,full,full,2,2
conf_sphere_r05,3,859,"1,22,27",-8.102513032549435,-8.102424942073823,4,4,deficient,deficient,25,25
conf_sphere_r05,3,860,"1,22,28",-7.4909053638050604,-7.490868258376508,1,1,deficient,deficient,16,16
conf_sphere_r05,3,861,"1,22,29",-6.90306570043304,-6.903002239588861,0,0,full,full,3,3
conf_sphere_r05,3,862,"1,22,30",-7.975765229488123,-7.9757703054049935,2,2,deficient,deficient,21,21
conf_sphere_r05,3,863,"1,22,31",-7.03821520694618,-7.03785305450967,1,1,deficient,deficient,4,4
conf_sphere_r05,3,864,"1,23,24",-6.786248357087991,-6.7865179129199324,0,0,full,full,3,3
conf_sphere_r05,3,865,"1,23,25",-7.270578594664845,-7.27092721289031,1,1,deficient,deficient,9,9
conf_sphere_r05,3,866,"1,23,26",-6.800861964876179,-6.800897600629197,0,0,full,full,2,2
conf_sphere_r05,3,867,"1,23,27",-7.058099957329208,-7.058189821850171,1,1,deficient,deficient,7,7
conf_sphere_r05,3,868,"1,23,28",-7.27844892422063,-7.278611908773903,1,1,deficient,deficient,9,9
conf_sphere_r05,3,869,"1,23,29",-6.778110763371845,-6.778264258323596,0,0,full,full,2,2
conf_sphere_r05,3,870,"1,23,30",-7.197380406562039,-7.197502224230132,1,1,deficient,deficient,8,8
conf_sphere_r05,3,871,"1,23,31",-7.034972947190012,-7.035049443710372,1,1,deficient,deficient,6,6
conf_sphere_r05,3,872,"1,24,25",-7.113856304844272,-7.113992751534209,0,0,full,full,4,4
conf_sphere_r05,3,873,"1,24,26",-6.672765506934801,-6.672631248165531,0,0,full,full,1,1
conf_sphere_r05,3,874,"1,24,27",-7.242204773559283,-7.242691635707672,0,0,full,full,3,3
conf_sphere_r05,3,875,"1,24,28",-6.9590376020442255,-6.959356696908059,0,0,full,full,3,3
conf_sphere_r05,3,876,"1,24,29",-6.907764810219487,-6.907817666347863,0,0,full,full,3,3
conf_sphere_r05,3,877,"1,24,30",-7.164180138347936,-7.164578042405588,0,0,full,full,3,3
conf_sphere_r05,3,878,"1,24,31",-6.837379912185584,-6.837548851084098,0,0,full,full,3,3
conf_sphere_r05,3,879,"1,25,26",-6.755509839517573,-6.755280541501013,0,0,full,full,2,2
conf_sphere_r05,3,880,"1,25,27",-7.939287550192753,-7.93967706098912,2,2,deficient,deficient,24,24
conf_sphere_r05,3,881,"1,25,28",-7.646929023455603,-7.647460104071492,1,1,deficient,deficient,19,19
conf_sphere_r05,3,882,"1,25,29",-6.881170555841317,-6.8813371379815855,0,0,full,full,2,2
conf_sphere_r05,3,883,"1,25,30",-7.948056789812768,-7.948564441185731,2,2,deficient,deficient,20,20
conf_sphere_r05,3,884,"1,25,31",-7.108433659029704,-7.10866531517252,1,1,deficient,deficient,5,5
conf_sphere_r05,3,885,"1,26,27",-6.752534776781236,-6.752449035708667,0,0,full,full,2,2
conf_sphere_r05,3,886,"1,26,28",-6.807681024768821,-6.807631629432728,0,0,full,full,2,2
conf_sphere_r05,3,887,"1,26,29",-6.6923709349502385,-6.69212267124604,0,0,full,full,1,1
conf_sphere_r05,3,888,"1,26,30",-6.77320870236847,-6.773025909000469,0,0,full,full,2,2
conf_sphere_r05,3,889,"1,26,31",-6.809771060335174,-6.8096830893853415,0,0,full,full,2,2
conf_sphere_r05,3,890,"1,27,28",-7.3939890991397474,-7.394151879169738,2,2,deficient,deficient,12,12
conf_sphere_r05,3,891,"1,27,29",-6.95288846873799,-6.953068968203723,0,0,full,full,3,3
conf_sphere_r05,3,892,"1,27,30",-7.964980764015355,-7.965197009362473,3,3,deficient,deficient,25,25
conf_sphere_r05,3,893,"1,27,31",-7.012680748566938,-7.012621895722596,1,1,deficient,deficient,5,5
conf_sphere_r05,3,894,"1,28,29",-6.866080096480478,-6.866243895439281,0,0,full,full,3,3
conf_sphere_r05,3,895,"1,28,30",-7.537425762996113,-7.537718511527744,1,1,deficient,deficient,15,15
conf_sphere_r05,3,896,"1,28,31",-7.112304607063833,-7.112401733636112,1,1,deficient,deficient,5,5
conf_sphere_r05,3,897,"1,29,30",-6.920860871716764,-6.921081567698735,0,0,full,full,3,3
conf_sphere_r05,3,898,"1,29,31",-6.823152729245589,-6.823222826320629,0,0,full,full,3,3
conf_sphere_r05,3,899,"1,30,31",-7.068544801991841,-7.0684991036234965,1,1,deficient,deficient,4,4
conf_sphere_r05,3,900,"2,3,4",-6.383412638824944,-6.383519789187924,0,0,full,full,0,0
conf_sphere_r05,3,901,"2,3,5",-6.327015965348783,-6.327111874854979,0,0,full,full,1,1
conf_sphere_r05,3,902,"2,3,6",-6.432116425303039,-6.432140602917099,0,0,full,full,0,0
conf_sphere_r05,3,903,"2,3,7",-6.40561159885316,-6.405625030082255,0,0,full,full,0,0
conf_sphere_r05,3,904,"2,3,8",-6.365386573330592,-6.3655150335090225,0,0,full,full,1,1
conf_sphere_r05,3,905,"2,3,9",-6.383872291711487,-6.384000888745858,0,0,full,full,0,0
conf_sphere_r05,3,906,"2,3,10",-6.38876599863037,-6.388994991431228,0,0,full,full,1,1
conf_sphere_r05,3,907,"2,3,11",-6.474013588638426,-6.474279851859327,0,0,full,full,1,1
conf_sphere_r05,3,908,"2,3,12",-6.388652101927158,-6.388654695814353,0,0,full,full,0,0
conf_sphere_r05,3,909,"2,3,13",-6.3437586691234245,-6.343898216473908,0,0,full,full,1,1
conf_sphere_r05,3,910,"2,3,14",-6.410879653192388,-6.410954400368482,0,0,full,full,0,0
conf_sphere_r05,3,911,"2,3,15",-6.419792228454202,-6.420037741861247,0,0,full,full,1,1
conf_sphere_r05,3,912,"2,3,16",-6.439535368460097,-6.439639673829959,0,0,full,full,1,1
conf_sphere_r05,3,913,"2,3,17",-6.387774640858175,-6.387760050385393,0,0,full,full,0,0
conf_sphere_r05,3,914,"2,3,18",-6.386455862365598,-6.386583509566231,0,0,full,full,1,1
conf_sphere_r05,3,915,"2,3,19",-6.458654841699813,-6.458885668194942,0,0,full,full,0,0
conf_sphere_r05,3,916,"2,3,20",-6.4058338291720585,-6.405837205294435,0,0,full,full,0,0
conf_sphere_r05,3,917,"2,3,21",-6.397557228976602,-6.397715345873382,0,0,full,full,1,1
conf_sphere_r05,3,918,"2,3,22",-6.405977832878575,-6.406054663664356,0,0,full,full,0,0
conf_sphere_r05,3,919,"2,3,23",-6.4230983893026625,-6.423340956898527,0,0,full,full,1,1
conf_sphere_r05,3,920,"2,3,24",-6.465210587495754,-6.46543303400205,0,0,full,full,0,0
conf_sphere_r05,3,921,"2,3,25",-6.401371064255738,-6.401546291305412,0,0,full,full,0,0
conf_sphere_r05,3,922,"2,3,26",-6.408294794441629,-6.408434762350253,0,0,full,full,1,1
conf_sphere_r05,3,923,"2,3,27",-6.439657925605906,-6.439920658821932,0,0,full,full,0,0
conf_sphere_r05,3,924,"2,3,28",-6.42538818554968,-6.425642984520932,0,0,full,full,1,1
conf_sphere_r05,3,925,"2,3,29",-6.444830526720462,-6.445007512572563,0,0,full,full,0,1
conf_sphere_r05,3,926,"2,3,30",-6.415818185054538,-6.416077767708112,0,0,full,full,0,0
conf_sphere_r05,3,927,"2,3,31",-6.4304136086126,-6.430659083698534,0,0,full,full,1,1
conf_sphere_r05,3,928,"2,4,5",-6.65406313313313,-6.653716469835164,0,0,full,full,1,1
conf_sphere_r05,3,929,"2,4,6",-6.818944514616901,-6.81878947774242,0,0,full,full,0,0
conf_sphere_r05,3,930,"2,4,7",-7.695143252532305,-7.694933575982481,1,1,deficient,deficient,10,10
conf_sphere_r05,3,931,"2,4,8",-6.335317082674489,-6.335184793787965,0,0,full,full,0,0
conf_sphere_r05,3,932,"2,4,9",-7.46086201929221,-7.460807713433767,1,1,deficient,deficient,10,10
conf_sphere_r05,3,933,"2,4,10",-7.207597257939567,-7.207419184747713,1,1,deficient,deficient,6,7
conf_sphere_r05,3,934,"2,4,11",-6.554092844230846,-6.554289017942567,0,0,full,full,0,0
conf_sphere_r05,3,935,"2,4,12",-7.575618801460672,-7.598843905496362,1,0,deficient,full,9,10
conf_sphere_r05,3,936,"2,4,13",-6.462729101780936,-6.462479728934018,0,0,full,full,1,1
conf_sphere_r05,3,937,"2,4,14",-7.103485655754095,-7.103494895908228,0,0,full,full,0,0
conf_sphere_r05,3,938,"2,4,15",-7.654390539019364,-7.654380448954326,2,2,deficient,deficient,11,11
conf_sphere_r05,3,939,"2,4,16",-6.435572940680951,-6.435461532400573,0,0,full,full,0,0
conf_sphere_r05,3,940,"2,4,17",-7.473795140985367,-7.473208998167848,1,1,deficient,deficient,9,9
conf_sphere_r05,3,941,"2,4,18",-6.892657614425712,-6.892092028146158,0,0,full,full,4,4
conf_sphere_r05,3,942,"2,4,19",-6.7377909308239685,-6.7377369189295475,0,0,full,full,0,0
conf_sphere_r05,3,943,"2,4,20",-7.611391514040096,-7.611191143617554,1,1,deficient,deficient,10,10
conf_sphere_r05,3,944,"2,4,21",-6.481225201422645,-6.480987032180984,0,0,full,full,0,0
conf_sphere_r05,3,945,"2,4,22",-7.300322088644696,-7.300081117648498,1,1,deficient,deficient,7,7
conf_sphere_r05,3,946,"2,4,23",-7.281257364681293,-7.281178738345805,1,1,deficient,deficient,4,4
conf_sphere_r05,3,947,"2,4,24",-6.6120459852620135,-6.612066846224503,0,0,full,full,0,0
conf_sphere_r05,3,948,"2,4,25",-7.531228917161538,-7.53108420082319,1,1,deficient,deficient,14,14
conf_sphere_r05,3,949,"2,4,26",-6.723455079915495,-6.72290702774001,0,0,full,full,1,1
conf_sphere_r05,3,950,"2,4,27",-6.96270184368927,-6.962954110008395,0,0,full,full,0,0
conf_sphere_r05,3,951,"2,4,28",-7.495211795067262,-7.49515526643027,1,1,deficient,deficient,10,10
conf_sphere_r05,3,952,"2,4,29",-6.622507418344384,-6.622371670193807,0,0,full,full,0,0
conf_sphere_r05,3,953,"2,4,30",-7.350070526748178,-7.350103269497782,2,2,deficient,deficient,7,7
conf_sphere_r05,3,954,"2,4,31",-7.034072122475882,-7.034053764873062,1,1,deficient,deficient,3,3
conf_sphere_r05,3,955,"2,5,6",-6.4393534438101225,-6.439202757554949,0,0,full,full,0,0
conf_sphere_r05,3,956,"2,5,7",-6.704109928944383,-6.7036421716517305,0,0,full,full,3,3
conf_sphere_r05,3,957,"2,5,8",-6.363613948803227,-6.363533672406943,0,0,full,full,2,2
conf_sphere_r05,3,958,"2,5,9",-6.597767843456758,-6.597714979158562,0,0,full,full,1,1
conf_sphere_r05,3,959,"2,5,10",-6.76695714645608,-6.766990500945678,0,0,full,full,3,3
conf_sphere_r05,3,960,"2,5,11",-6.36942670459171,-6.369504372637733,0,0,full,full,0,0
conf_sphere_r05,3,961,"2,5,12",-6.65889504069904,-6.658254329993123,0,0,full,full,2,1
conf_sphere_r05,3,962,"2,5,13",-6.498239060267459,-6.49808319864839,0,0,full,full,3,3
conf_sphere_r05,3,963,"2,5,14",-6.500909910816975,-6.500899898004926,0,0,full,full,0,0
conf_sphere_r05,3,964,"2,5,15",-6.738619472042997,-6.73865400904673,0,0,full,full,3,3
conf_sphere_r05,3,965,"2,5,16",-6.369446801626301,-6.369306688999578,0,0,full,full,1,1
conf_sphere_r05,3,966,"2,5,17",-6.610460911888577,-6.610011339170434,0,0,full,full,1,1
conf_sphere_r05,3,967,"2,5,18",-6.67338454982658,-6.673139707374886,0,0,full,full,3,3
conf_sphere_r05,3,968,"2,5,19",-6.42524407490977,-6.425244434130855,0,0,full,full,1,1
conf_sphere_r05,3,969,"2,5,20",-6.674705842676168,-6.674143347060958,0,0,full,full,3,3
conf_sphere_r05,3,970,"2,5,21",-6.449007640509044,-6.448812159908118,0,0,full,full,3,3
conf_sphere_r05,3,971,"2,5,22",-6.538275313704278,-6.538232611067593,0,0,full,full,1,1
conf_sphere_r05,3,972,"2,5,23",-6.707959348075326,-6.707997662257689,0,0,full,full,3,3
conf_sphere_r05,3,973,"2,5,24",-6.414435251865334,-6.414397285335548,0,0,full,full,1,1
conf_sphere_r05,3,974,"2,5,25",-6.618597503006393,-6.6185490016841575,0,0,full,full,2,2
conf_sphere_r05,3,975,"2,5,26",-6.572827692474617,-6.572589107434793,0,0,full,full,3,3
conf_sphere_r05,3,976,"2,5,27",-6.485757717411425,-6.48591811413498,0,0,full,full,1,1
conf_sphere_r05,3,977,"2,5,28",-6.66966396496814,-6.66971737133972,0,0,full,full,3,3
conf_sphere_r05,3,978,"2,5,29",-6.4604771652716435,-6.46034243430741,0,0,full,full,1,1
conf_sphere_r05,3,979,"2,5,30",-6.571209611702823,-6.5713424223445935,0,0,full,full,2,2
conf_sphere_r05,3,980,"2,5,31",-6.63059506314694,-6.63063489973636,0,0,full,full,3,3
conf_sphere_r05,3,981,"2,6,7",-6.937460630774174,-6.937092730119358,0,0,full,full,2,2
conf_sphere_r05,3,982,"2,6,8",-6.336857975994409,-6.336743530394207,0,0,full,full,0,0
conf_sphere_r05,3,983,"2,6,9",-6.8606604720019995,-6.8607111402905225,0,0,full,full,1,1
conf_sphere_r05,3,984,"2,6,10",-6.737783947105297,-6.737982393780227,0,0,full,full,2,2
conf_sphere_r05,3,985,"2,6,11",-6.6326244221024915,-6.6327830473194025,0,0,full,full,1,1
conf_sphere_r05,3,986,"2,6,12",-6.882010681040746,-6.881586053893583,0,0,full,full,0,0
conf_sphere_r05,3,987,"2,6,13",-6.393905740470119,-6.39377032615315,0,0,full,full,0,0
conf_sphere_r05,3,988,"2,6,14",-6.895200605859113,-6.895002895711985,0,0,full,full,2,2
conf_sphere_r05,3,989,"2,6,15",-6.971756523953146,-6.971697241810911,0,0,full,full,2,2
conf_sphere_r05,3,990,"2,6,16",-6.470430349245951,-6.470324443341726,0,0,full,full,0,0
conf_sphere_r05,3,991,"2,6,17",-6.8805831481945345,-6.8801273895279245,0,0,full,full,0,0
conf_sphere_r05,3,992,"2,6,18",-6.62163373606653,-6.621619502645919,0,0,full,full,1,1
conf_sphere_r05,3,993,"2,6,19",-6.788307303664681,-6.788381273248385,0,0,full,full,2,2
conf_sphere_r05,3,994,"2,6,20",-6.964302346550577,-6.9640402025413985,0,0,full,full,3,3
conf_sphere_r05,3,995,"2,6,21",-6.464678446905732,-6.464563928561897,0,0,full,full,0,0
conf_sphere_r05,3,996,"2,6,22",-6.906375326521834,-6.906244453997525,0,0,full,full,2,2
conf_sphere_r05,3,997,"2,6,23",-6.882979088287183,-6.883039041971094,0,0,full,full,2,2
conf_sphere_r05,3,998,"2,6,24",-6.662887271862977,-6.663099498547525,0,0,full,full,1,1
conf_sphere_r05,3,999,"2,6,25",-6.93633531532205,-6.936554008492,0,0,full,full,2,2
conf_sphere_r05,3,1000,"2,6,26",-6.6148141210785445,-6.614801542725713,0,0,full,full,1,1
conf_sphere_r05,3,1001,"2,6,27",-6.888059571683246,-6.888140469530461,0,0,full,full,2,2
conf_sphere_r05,3,1002,"2,6,28",-6.956614203042273,-6.956674517313139,0,0,full,full,2,2
conf_sphere_r05,3,1003,"2,6,29",-6.628589510524924,-6.62871691659505,0,0,full,full,1,1
conf_sphere_r05,3,1004,"2,6,30",-6.929582182225217,-6.929643091631437,0,0,full,full,2,2
conf_sphere_r05,3,1005,"2,6,31",-6.802089505696838,-6.802202837200971,0,0,full,full,2,2
conf_sphere_r05,3,1006,"2,7,8",-6.353449990283298,-6.353195257631498,0,0,full,full,1,1
conf_sphere_r05,3,1007,"2,7,9",-7.527949884865915,-7.528138413629361,3,3,deficient,deficient,8,9
conf_sphere_r05,3,1008,"2,7,10",-7.312822806929207,-7.3130150298332985,2,2,deficient,deficient,11,11
conf_sphere_r05,3,1009,"2,7,11",-6.607337388666711,-6.607458371168011,0,0,full,full,0,0
conf_sphere_r05,3,1010,"2,7,12",-7.748815289380285,-7.748008221403072,2,2,deficient,deficient,12,12
conf_sphere_r05,3,1011,"2,7,13",-6.495825902699946,-6.495446447399718,0,0,full,full,3,3
conf_sphere_r05,3,1012,"2,7,14",-7.204883399457991,-7.20476300296475,2,2,deficient,deficient,5,5
conf_sphere_r05,3,1013,"2,7,15",-7.717475594906673,-7.717546837209628,3,3,deficient,deficient,15,15
conf_sphere_r05,3,1014,"2,7,16",-6.461894521582608,-6.461649987017006,0,0,full,full,1,1
conf_sphere_r05,3,1015,"2,7,17",-7.553143609445077,-7.552505014120685,3,3,deficient,deficient,8,8
conf_sphere_r05,3,1016,"2,7,18",-6.933930102321628,-6.9335077131053096,0,0,full,full,4,4
conf_sphere_r05,3,1017,"2,7,19",-6.815322862102483,-6.815291673923482,0,0,full,full,2,2
conf_sphere_r05,3,1018,"2,7,20",-7.72090811392714,-7.7202050650735705,2,2,deficient,deficient,13,13
conf_sphere_r05,3,1019,"2,7,21",-6.514181876216203,-6.513817040709647,0,0,full,full,3,3
conf_sphere_r05,3,1020,"2,7,22",-7.353858634737102,-7.353725735216783,2,2,deficient,deficient,7,7
conf_sphere_r05,3,1021,"2,7,23",-7.349380053767165,-7.349479857935258,2,2,deficient,deficient,8,8
conf_sphere_r05,3,1022,"2,7,24",-6.66824431928405,-6.668325586054589,0,0,full,full,2,2
conf_sphere_r05,3,1023,"2,7,25",-7.60502630841864,-7.605395155124627,3,3,deficient,deficient,14,14
conf_sphere_r05,3,1024,"2,7,26",-6.779043675520237,-6.778552891266563,0,0,full,full,3,3
conf_sphere_r05,3,1025,"2,7,27",-7.057265683998837,-7.057450915378765,1,1,deficient,deficient,4,4
conf_sphere_r05,3,1026,"2,7,28",-7.522482704185018,-7.522685206494685,3,3,deficient,deficient,10,10
conf_sphere_r05,3,1027,"2,7,29",-6.675139742497671,-6.675031973282154,0,0,full,full,3,3
conf_sphere_r05,3,1028,"2,7,30",-7.391609871835748,-7.391875519909269,3,3,deficient,deficient,8,8
conf_sphere_r05,3,1029,"2,7,31",-7.129961335287191,-7.130051350227296,0,0,full,full,7,7
conf_sphere_r05,3,1030,"2,8,9",-6.32884624597213,-6.328774630416561,0,0,full,full,0,0
conf_sphere_r05,3,1031,"2,8,10",-6.386809084473117,-6.386830214639603,0,0,full,full,3,3
conf_sphere_r05,3,1032,"2,8,11",-6.3658692828435095,-6.365987299139087,0,0,full,full,0,0
conf_sphere_r05,3,1033,"2,8,12",-6.337062784598855,-6.336798044419728,0,0,full,full,0,0
conf_sphere_r05,3,1034,"2,8,13",-6.371052263096384,-6.370976835361701,0,0,full,full,3,3
conf_sphere_r05,3,1035,"2,8,14",-6.332399364624977,-6.332339412732604,0,0,full,full,0,0
conf_sphere_r05,3,1036,"2,8,15",-6.375751460517224,-6.375740095729824,0,0,full,full,2,2
conf_sphere_r05,3,1037,"2,8,16",-6.383876449590307,-6.3837287523322495,0,0,full,full,1,1
conf_sphere_r05,3,1038,"2,8,17",-6.332145144426437,-6.331872343545006,0,0,full,full,0,0
conf_sphere_r05,3,1039,"2,8,18",-6.391162269087132,-6.391096170754317,0,0,full,full,2,2
conf_sphere_r05,3,1040,"2,8,19",-6.359751915026293,-6.359821216725719,0,0,full,full,1,1
conf_sphere_r05,3,1041,"2,8,20",-6.351479553691534,-6.351219218313972,0,0,full,full,0,0
conf_sphere_r05,3,1042,"2,8,21",-6.388119668962497,-6.387994298385164,0,0,full,full,3,3
conf_sphere_r05,3,1043,"2,8,22",-6.335006380539373,-6.334900709951339,0,0,full,full,0,0
conf_sphere_r05,3,1044,"2,8,23",-6.389568038337279,-6.38959623952393,0,0,full,full,2,2
conf_sphere_r05,3,1045,"2,8,24",-6.382347266842633,-6.382403696496526,0,0,full,full,1,1
conf_sphere_r05,3,1046,"2,8,25",-6.342435597115379,-6.342404582457376,0,0,full,full,0,0
conf_sphere_r05,3,1047,"2,8,26",-6.395189597924994,-6.395103089159473,0,0,full,full,2,2
conf_sphere_r05,3,1048,"2,8,27",-6.354669815991812,-6.354765042001014,0,0,full,full,1,1
conf_sphere_r05,3,1049,"2,8,28",-6.373206213393092,-6.373239163599596,0,0,full,full,1,1
conf_sphere_r05,3,1050,"2,8,29",-6.392249742889183,-6.392215747412487,0,0,full,full,1,1
conf_sphere_r05,3,1051,"2,8,30",-6.34849788789841,-6.348533666514708,0,0,full,full,1,1
conf_sphere_r05,3,1052,"2,8,31",-6.393783455186333,-6.393836216067338,0,0,full,full,1,1
conf_sphere_r05,3,1053,"2,9,10",-7.046685353638876,-7.046563776287887,2,2,deficient,deficient,5,5
conf_sphere_r05,3,1054,"2,9,11",-6.567394171608597,-6.567623995494642,0,0,full,full,0,0
conf_sphere_r05,3,1055,"2,9,12",-7.5135746680431765,-7.513428482430967,2,2,deficient,deficient,10,10
conf_sphere_r05,3,1056,"2,9,13",-6.4464701684085925,-6.44635131893346,0,0,full,full,1,1
conf_sphere_r05,3,1057,"2,9,14",-7.096066394219465,-7.096100011448074,3,3,deficient,deficient,3,3
conf_sphere_r05,3,1058,"2,9,15",-7.405200278284149,-7.405124005261023,3,3,deficient,deficient,9,9
conf_sphere_r05,3,1059,"2,9,16",-6.439150741857499,-6.439103722586938,0,0,full,full,0,0
conf_sphere_r05,3,1060,"2,9,17",-7.300873409421949,-7.301027094328194,3,3,deficient,deficient,7,7
conf_sphere_r05,3,1061,"2,9,18",-6.849594494664985,-6.849078310393369,1,1,deficient,deficient,4,4
conf_sphere_r05,3,1062,"2,9,19",-6.773223718694801,-6.773623958369157,0,0,full,full,1,1
conf_sphere_r05,3,1063,"2,9,20",-7.4001936999492255,-7.400098205859614,5,5,deficient,deficient,7,7
conf_sphere_r05,3,1064,"2,9,21",-6.479458952900321,-6.479347065737922,0,0,full,full,0,0
conf_sphere_r05,3,1065,"2,9,22",-7.171776279450162,-7.17155018173712,2,2,deficient,deficient,5,5
conf_sphere_r05,3,1066,"2,9,23",-7.139787995761501,-7.139746034324506,1,1,deficient,deficient,5,4
conf_sphere_r05,3,1067,"2,9,24",-6.629183018142504,-6.629371317890146,0,0,full,full,0,0
conf_sphere_r05,3,1068,"2,9,25",-7.343166284343189,-7.343103696929145,3,3,deficient,deficient,10,11
conf_sphere_r05,3,1069,"2,9,26",-6.725516770193064,-6.725439698522007,0,0,full,full,2,2
conf_sphere_r05,3,1070,"2,9,27",-6.99670075408835,-6.996887315267309,1,1,deficient,deficient,3,3
conf_sphere_r05,3,1071,"2,9,28",-7.306870626541251,-7.306875377757675,3,3,deficient,deficient,7,7
conf_sphere_r05,3,1072,"2,9,29",-6.6348577875576185,-6.634952781339976,0,0,full,full,1,1
conf_sphere_r05,3,1073,"2,9,30",-7.233253516382401,-7.233221468706718,2,2,deficient,deficient,6,6
conf_sphere_r05,3,1074,"2,9,31",-6.960348467309394,-6.960252451911106,0,0,full,full,4,4
conf_sphere_r05,3,1075,"2,10,11",-6.52761613144061,-6.527887940308463,0,0,full,full,1,1
conf_sphere_r05,3,1076,"2,10,12",-7.231579073815657,-7.231206091255257,1,1,deficient,deficient,5,5
conf_sphere_r05,3,1077,"2,10,13",-6.557083349330263,-6.557102451487507,0,0,full,full,3,3
conf_sphere_r05,3,1078,"2,10,14",-6.908353275184025,-6.908434303030408,1,1,deficient,deficient,4,4
conf_sphere_r05,3,1079,"2,10,15",-7.2677028989213746,-7.2675830181359835,1,1,deficient,deficient,11,11
conf_sphere_r05,3,1080,"2,10,16",-6.45641770932703,-6.456387930961127,0,0,full,full,2,2
conf_sphere_r05,3,1081,"2,10,17",-7.099864939445842,-7.098959754110528,1,1,deficient,deficient,6,6
conf_sphere_r05,3,1082,"2,10,18",-6.973618736947915,-6.973095613279593,1,1,deficient,deficient,7,7
conf_sphere_r05,3,1083,"2,10,19",-6.685119382357374,-6.685620547445849,0,0,full,full,3,3
conf_sphere_r05,3,1084,"2,10,20",-7.204480731372275,-7.204282295839286,3,3,deficient,deficient,11,11
conf_sphere_r05,3,1085,"2,10,21",-6.544049097527777,-6.544006821297839,0,0,full,full,3,3
conf_sphere_r05,3,1086,"2,10,22",-6.944932843850494,-6.944742415526225,1,1,deficient,deficient,5,5
conf_sphere_r05,3,1087,"2,10,23",-7.112847409064978,-7.1127982116751545,2,2,deficient,deficient,8,8
conf_sphere_r05,3,1088,"2,10,24",-6.597669246628649,-6.597894059185851,0,0,full,full,2,2
conf_sphere_r05,3,1089,"2,10,25",-7.087361813638384,-7.0872745458453315,1,1,deficient,deficient,7,7
conf_sphere_r05,3,1090,"2,10,26",-6.798565169388418,-6.798522559097782,0,0,full,full,4,4
conf_sphere_r05,3,1091,"2,10,27",-6.855250029821807,-6.855537060878517,0,0,full,full,5,5
conf_sphere_r05,3,1092,"2,10,28",-7.1173056149049465,-7.11734011076219,1,1,deficient,deficient,8,8
conf_sphere_r05,3,1093,"2,10,29",-6.6423434463065325,-6.6424444227408665,0,0,full,full,3,3
conf_sphere_r05,3,1094,"2,10,30",-7.019635542542019,-7.019712488271699,1,1,deficient,deficient,8,8
conf_sphere_r05,3,1095,"2,10,31",-6.952044430005682,-6.951983375198812,1,1,deficient,deficient,6,6
conf_sphere_r05,3,1096,"2,11,12",-6.580371115860552,-6.5804914081718024,0,0,full,full,0,0
conf_sphere_r05,3,1097,"2,11,13",-6.378416956086593,-6.378532869886201,0,0,full,full,1,1
conf_sphere_r05,3,1098,"2,11,14",-6.619860945624198,-6.620060820635131,0,0,full,full,0,0
conf_sphere_r05,3,1099,"2,11,15",-6.63634755946648,-6.636741074144613,0,0,full,full,1,1
conf_sphere_r05,3,1100,"2,11,16",-6.501565138345797,-6.5017148210585,0,0,full,full,1,1
conf_sphere_r05,3,1101,"2,11,17",-6.582002749787562,-6.582025526691375,0,0,full,full,0,0
conf_sphere_r05,3,1102,"2,11,18",-6.503900890599413,-6.504056893112559,0,0,full,full,1,1
conf_sphere_r05,3,1103,"2,11,19",-6.665950682041791,-6.666374418045336,0,0,full,full,1,1
conf_sphere_r05,3,1104,"2,11,20",-6.621119885528111,-6.621246962295533,0,0,full,full,0,0
conf_sphere_r05,3,1105,"2,11,21",-6.4636350245803795,-6.46377835940091,0,0,full,full,1,1
conf_sphere_r05,3,1106,"2,11,22",-6.620443667200957,-6.6206730709164505,0,0,full,full,0,0
conf_sphere_r05,3,1107,"2,11,23",-6.628768840051444,-6.629166457728419,0,0,full,full,1,1
conf_sphere_r05,3,1108,"2,11,24",-6.629516251920733,-6.62993636742997,0,0,full,full,1,2
conf_sphere_r05,3,1109,"2,11,25",-6.616061903444786,-6.616389520952793,0,0,full,full,0,0
conf_sphere_r05,3,1110,"2,11,26",-6.535836786822682,-6.536016744821662,0,0,full,full,1,1
conf_sphere_r05,3,1111,"2,11,27",-6.663690086137233,-6.664126952113683,0,0,full,full,1,1
conf_sphere_r05,3,1112,"2,11,28",-6.651623147706973,-6.652045312500803,0,0,full,full,1,1
conf_sphere_r05,3,1113,"2,11,29",-6.589556275980909,-6.589868458944021,0,0,full,full,1,1
conf_sphere_r05,3,1114,"2,11,30",-6.639725623475958,-6.640162323821468,0,0,full,full,1,1
conf_sphere_r05,3,1115,"2,11,31",-6.626351090878364,-6.626739662891832,0,0,full,full,1,1
conf_sphere_r05,3,1116,"2,12,13",-6.4693351580934975,-6.468866492157826,0,0,full,full,1,1
conf_sphere_r05,3,1117,"2,12,14",-7.190641271731853,-7.190553972418194,1,1,deficient,deficient,4,3
conf_sphere_r05,3,1118,"2,12,15",-7.681609429707423,-7.6813626592854005,3,3,deficient,deficient,12,12
conf_sphere_r05,3,1119,"2,12,16",-6.446300888560399,-6.446035700543232,0,0,full,full,0,0
conf_sphere_r05,3,1120,"2,12,17",-7.5550174967529,-7.55435638469645,1,1,deficient,deficient,10,10
conf_sphere_r05,3,1121,"2,12,18",-6.890555649515279,-6.89010094398352,0,0,full,full,2,2
conf_sphere_r05,3,1122,"2,12,19",-6.784901312521109,-6.784592829597805,0,0,full,full,0,0
conf_sphere_r05,3,1123,"2,12,20",-7.688692567509141,-7.688075015197693,1,1,deficient,deficient,11,11
conf_sphere_r05,3,1124,"2,12,21",-6.492744678642211,-6.492288254625251,0,0,full,full,1,1
conf_sphere_r05,3,1125,"2,12,22",-7.378409942395587,-7.378280304746118,1,1,deficient,deficient,8,8
conf_sphere_r05,3,1126,"2,12,23",-7.343396238877359,-7.365924082620683,1,0,deficient,full,5,6
conf_sphere_r05,3,1127,"2,12,24",-6.641291543608659,-6.641239501517978,0,0,full,full,0,0
conf_sphere_r05,3,1128,"2,12,25",-7.590393861173616,-7.590380108127088,2,2,deficient,deficient,14,14
conf_sphere_r05,3,1129,"2,12,26",-6.742678331983058,-6.742030743885145,0,0,full,full,1,1
conf_sphere_r05,3,1130,"2,12,27",-7.0415653297519505,-7.041726506245153,0,0,full,full,2,2
conf_sphere_r05,3,1131,"2,12,28",-7.535899217794021,-7.535921239915541,2,2,deficient,deficient,10,10
conf_sphere_r05,3,1132,"2,12,29",-6.647211552281311,-6.646953300881879,0,0,full,full,1,1
conf_sphere_r05,3,1133,"2,12,30",-7.424604067648498,-7.424787538015463,2,2,deficient,deficient,8,8
conf_sphere_r05,3,1134,"2,12,31",-7.092919475184793,-7.093045916996977,0,0,full,full,3,3
conf_sphere_r05,3,1135,"2,13,14",-6.420660983942656,-6.420606446117775,0,0,full,full,0,0
conf_sphere_r05,3,1136,"2,13,15",-6.534373985857327,-6.534363763759834,0,0,full,full,3,3
conf_sphere_r05,3,1137,"2,13,16",-6.391965144991421,-6.391853476873538,0,0,full,full,1,1
conf_sphere_r05,3,1138,"2,13,17",-6.455446084588091,-6.455020526683542,0,0,full,full,1,1
conf_sphere_r05,3,1139,"2,13,18",-6.5418947243066485,-6.541768439569177,0,0,full,full,3,3
conf_sphere_r05,3,1140,"2,13,19",-6.409672686788104,-6.409703995447743,0,0,full,full,1,1
conf_sphere_r05,3,1141,"2,13,20",-6.493194142686809,-6.492780782788381,0,0,full,full,2,2
conf_sphere_r05,3,1142,"2,13,21",-6.449316375184973,-6.44911423527684,0,0,full,full,3,3
conf_sphere_r05,3,1143,"2,13,22",-6.438888208729773,-6.438773399423205,0,0,full,full,0,0
conf_sphere_r05,3,1144,"2,13,23",-6.546521042567978,-6.546560774766624,0,0,full,full,3,3
conf_sphere_r05,3,1145,"2,13,24",-6.421911599925465,-6.4219257612378104,0,0,full,full,1,1
conf_sphere_r05,3,1146,"2,13,25",-6.470850849585888,-6.470777650441132,0,0,full,full,2,1
conf_sphere_r05,3,1147,"2,13,26",-6.513688274032125,-6.513487941184516,0,0,full,full,3,3
conf_sphere_r05,3,1148,"2,13,27",-6.436418133965219,-6.436539848350055,0,0,full,full,1,1
conf_sphere_r05,3,1149,"2,13,28",-6.517860091194222,-6.517885273792805,0,0,full,full,3,3
conf_sphere_r05,3,1150,"2,13,29",-6.456557816563687,-6.456461322638804,0,0,full,full,2,2
conf_sphere_r05,3,1151,"2,13,30",-6.463683329529075,-6.463738647507929,0,0,full,full,1,1
conf_sphere_r05,3,1152,"2,13,31",-6.529809114393586,-6.52985106170658,0,0,full,full,3,3
conf_sphere_r05,3,1153,"2,14,15",-7.194282241095374,-7.194170963659886,4,4,deficient,deficient,4,4
conf_sphere_r05,3,1154,"2,14,16",-6.4651108038581375,-6.465052502572972,0,0,full,full,0,0
conf_sphere_r05,3,1155,"2,14,17",-7.145864075212423,-7.122475723603911,3,4,deficient,deficient,4,3
conf_sphere_r05,3,1156,"2,14,18",-6.742934255965549,-6.74290914734711,0,0,full,full,2,2
conf_sphere_r05,3,1157,"2,14,19",-6.81728903667229,-6.817474772252677,0,0,full,full,2,2
conf_sphere_r05,3,1158,"2,14,20",-7.209394030870537,-7.209675386415249,4,4,deficient,deficient,5,5
conf_sphere_r05,3,1159,"2,14,21",-6.482942024363566,-6.4828814652155105,0,0,full,full,0,0
conf_sphere_r05,3,1160,"2,14,22",-7.122769469959729,-7.1225280234585275,3,3,deficient,deficient,4,4
conf_sphere_r05,3,1161,"2,14,23",-7.065386474833657,-7.065395585003854,2,2,deficient,deficient,5,5
conf_sphere_r05,3,1162,"2,14,24",-6.673949178988371,-6.674167376642239,0,0,full,full,1,1
conf_sphere_r05,3,1163,"2,14,25",-7.1608792345368695,-7.161071164460397,4,4,deficient,deficient,4,4
conf_sphere_r05,3,1164,"2,14,26",-6.693366151642792,-6.69333820988512,0,0,full,full,1,1
conf_sphere_r05,3,1165,"2,14,27",-7.012204548598926,-7.012153317192042,1,1,deficient,deficient,5,4
conf_sphere_r05,3,1166,"2,14,28",-7.1553542854742735,-7.155370582821316,4,4,deficient,deficient,4,4
conf_sphere_r05,3,1167,"2,14,29",-6.658568037549393,-6.658716578771484,0,0,full,full,1,1
conf_sphere_r05,3,1168,"2,14,30",-7.125977530966911,-7.125989163101324,4,4,deficient,deficient,4,4
conf_sphere_r05,3,1169,"2,14,31",-6.910481825126143,-6.9105111614046795,2,2,deficient,deficient,3,3
conf_sphere_r05,3,1170,"2,15,16",-6.4901385383456605,-6.490130225221322,0,0,full,full,2,2
conf_sphere_r05,3,1171,"2,15,17",-7.437899851740865,-7.437017203810523,3,3,deficient,deficient,9,9
conf_sphere_r05,3,1172,"2,15,18",-6.998456480002484,-6.99792802783273,1,1,deficient,deficient,6,6
conf_sphere_r05,3,1173,"2,15,19",-6.857167896200998,-6.857533310913766,0,0,full,full,3,3
conf_sphere_r05,3,1174,"2,15,20",-7.573464452384852,-7.573685262008447,4,4,deficient,deficient,14,14
conf_sphere_r05,3,1175,"2,15,21",-6.554396072604086,-6.554369815872445,0,0,full,full,3,3
conf_sphere_r05,3,1176,"2,15,22",-7.293274335816579,-7.292850306271708,2,2,deficient,deficient,9,9
conf_sphere_r05,3,1177,"2,15,23",-7.308732458944081,-7.308608534368694,1,1,deficient,deficient,7,7
conf_sphere_r05,3,1178,"2,15,24",-6.706249014236725,-6.706587165445131,0,0,full,full,3,3
conf_sphere_r05,3,1179,"2,15,25",-7.477387250560752,-7.477513776603574,3,3,deficient,deficient,14,14
conf_sphere_r05,3,1180,"2,15,26",-6.840009176436787,-6.8399925658716585,0,0,full,full,4,4
conf_sphere_r05,3,1181,"2,15,27",-7.1011146743168005,-7.101284694564551,1,1,deficient,deficient,5,5
conf_sphere_r05,3,1182,"2,15,28",-7.42228753618967,-7.422317394024142,4,4,deficient,deficient,10,10
conf_sphere_r05,3,1183,"2,15,29",-6.719502392978587,-6.719662270753402,0,0,full,full,3,3
conf_sphere_r05,3,1184,"2,15,30",-7.335812921202754,-7.335815240956306,3,3,deficient,deficient,9,9
conf_sphere_r05,3,1185,"2,15,31",-7.091931821943696,-7.0917312196981195,0,0,full,full,5,5
conf_sphere_r05,3,1186,"2,16,17",-6.448296629816212,-6.448020819647101,0,0,full,full,0,0
conf_sphere_r05,3,1187,"2,16,18",-6.462202893197226,-6.462133704973752,0,0,full,full,2,2
conf_sphere_r05,3,1188,"2,16,19",-6.510502240838551,-6.5105517571438565,0,0,full,full,1,1
conf_sphere_r05,3,1189,"2,16,20",-6.472990776680157,-6.4727577079031295,0,0,full,full,0,0
conf_sphere_r05,3,1190,"2,16,21",-6.459215649795425,-6.459152090512669,0,0,full,full,2,2
conf_sphere_r05,3,1191,"2,16,22",-6.469064158175554,-6.46897373745628,0,0,full,full,0,0
conf_sphere_r05,3,1192,"2,16,23",-6.506529811666495,-6.506572159790498,0,0,full,full,2,2
conf_sphere_r05,3,1193,"2,16,24",-6.526115431730705,-6.526168403685983,0,0,full,full,2,2
conf_sphere_r05,3,1194,"2,16,25",-6.469537493585532,-6.46953192501639,0,0,full,full,0,0
conf_sphere_r05,3,1195,"2,16,26",-6.4901166071941265,-6.490075490327577,0,0,full,full,2,2
conf_sphere_r05,3,1196,"2,16,27",-6.505382934104124,-6.505465633030069,0,0,full,full,1,1
conf_sphere_r05,3,1197,"2,16,28",-6.5045283803178595,-6.504584025984937,0,0,full,full,1,1
conf_sphere_r05,3,1198,"2,16,29",-6.520282783630519,-6.520259793520628,0,0,full,full,2,2
conf_sphere_r05,3,1199,"2,16,30",-6.486843459610417,-6.486891594710717,0,0,full,full,1,1
conf_sphere_r05,3,1200,"2,16,31",-6.518953496862613,-6.519034088837725,0,0,full,full,2,2
conf_sphere_r05,3,1201,"2,17,18",-6.870793339854744,-6.86992272808269,1,1,deficient,deficient,5,5
conf_sphere_r05,3,1202,"2,17,19",-6.791746434492051,-6.7916508641619675,0,0,full,full,0,1
conf_sphere_r05,3,1203,"2,17,20",-7.441103020436316,-7.4402367089228685,4,4,deficient,deficient,6,6
conf_sphere_r05,3,1204,"2,17,21",-6.49038248268174,-6.489946942353461,0,0,full,full,0,0
conf_sphere_r05,3,1205,"2,17,22",-7.204225915294741,-7.203401162682571,3,3,deficient,deficient,5,4
conf_sphere_r05,3,1206,"2,17,23",-7.172980966432928,-7.172226807787891,1,1,deficient,deficient,5,4
conf_sphere_r05,3,1207,"2,17,24",-6.644645166545233,-6.644441274326985,0,0,full,full,0,0
conf_sphere_r05,3,1208,"2,17,25",-7.3982009528291615,-7.397444657365286,3,3,deficient,deficient,11,11
conf_sphere_r05,3,1209,"2,17,26",-6.740700748830866,-6.740044533855944,0,0,full,full,2,2
conf_sphere_r05,3,1210,"2,17,27",-7.021732983633578,-7.02137536618422,2,2,deficient,deficient,3,3
conf_sphere_r05,3,1211,"2,17,28",-7.349471536893266,-7.348729753379864,3,3,deficient,deficient,8,7
conf_sphere_r05,3,1212,"2,17,29",-6.6492756764450025,-6.648912022364545,0,0,full,full,0,0
conf_sphere_r05,3,1213,"2,17,30",-7.245163977596654,-7.244551372151135,4,4,deficient,deficient,4,4
conf_sphere_r05,3,1214,"2,17,31",-6.983685609902273,-6.982978589593975,1,1,deficient,deficient,3,3
conf_sphere_r05,3,1215,"2,18,19",-6.61787221386152,-6.618081156422489,0,0,full,full,1,1
conf_sphere_r05,3,1216,"2,18,20",-6.9377243215694735,-6.9368610616091475,1,1,deficient,deficient,6,6
conf_sphere_r05,3,1217,"2,18,21",-6.54388162183552,-6.543756956657986,0,0,full,full,3,3
conf_sphere_r05,3,1218,"2,18,22",-6.808401269867482,-6.807891885099907,1,1,deficient,deficient,5,5
conf_sphere_r05,3,1219,"2,18,23",-6.9845051959356335,-6.984077473221401,1,1,deficient,deficient,7,6
conf_sphere_r05,3,1220,"2,18,24",-6.578136057095211,-6.578145200274381,0,0,full,full,1,1
conf_sphere_r05,3,1221,"2,18,25",-6.896363682412035,-6.89588707744525,1,1,deficient,deficient,6,6
conf_sphere_r05,3,1222,"2,18,26",-6.755618279155299,-6.755245711592392,0,0,full,full,4,4
conf_sphere_r05,3,1223,"2,18,27",-6.7390718383228325,-6.739230952468729,0,0,full,full,3,3
conf_sphere_r05,3,1224,"2,18,28",-6.959359738451534,-6.958941075370097,1,1,deficient,deficient,6,6
conf_sphere_r05,3,1225,"2,18,29",-6.62552461167296,-6.625407744775203,0,0,full,full,3,3
conf_sphere_r05,3,1226,"2,18,30",-6.856569501816029,-6.856219539554628,1,1,deficient,deficient,5,5
conf_sphere_r05,3,1227,"2,18,31",-6.901970842177081,-6.901510390354297,1,1,deficient,deficient,7,7
conf_sphere_r05,3,1228,"2,19,20",-6.857825051949215,-6.85785561397433,0,0,full,full,2,3
conf_sphere_r05,3,1229,"2,19,21",-6.498166777513633,-6.49819350553573,0,0,full,full,1,1
conf_sphere_r05,3,1230,"2,19,22",-6.828899526107672,-6.829102867817041,0,0,full,full,2,2
conf_sphere_r05,3,1231,"2,19,23",-6.825477898370685,-6.825870915993903,0,0,full,full,3,3
conf_sphere_r05,3,1232,"2,19,24",-6.707495205873815,-6.707930159956904,0,0,full,full,2,2
conf_sphere_r05,3,1233,"2,19,25",-6.8454782994406855,-6.8460614362055185,0,0,full,full,2,2
conf_sphere_r05,3,1234,"2,19,26",-6.63661290058209,-6.636817480698565,0,0,full,full,1,1
conf_sphere_r05,3,1235,"2,19,27",-6.859450707062494,-6.859903887069317,0,0,full,full,3,3
conf_sphere_r05,3,1236,"2,19,28",-6.873876027245131,-6.874303671168599,0,0,full,full,3,3
conf_sphere_r05,3,1237,"2,19,29",-6.670081030674036,-6.670386604571999,0,0,full,full,1,1
conf_sphere_r05,3,1238,"2,19,30",-6.857100248680258,-6.857540697019701,0,0,full,full,2,3
conf_sphere_r05,3,1239,"2,19,31",-6.792646114592487,-6.793028621020051,0,0,full,full,2,2
conf_sphere_r05,3,1240,"2,20,21",-6.523993517453907,-6.523620354464263,0,0,full,full,2,2
conf_sphere_r05,3,1241,"2,20,22",-7.317392091889287,-7.3173330959633445,4,4,deficient,deficient,7,8
conf_sphere_r05,3,1242,"2,20,23",-7.2905090003024435,-7.290669058554746,3,3,deficient,deficient,8,8
conf_sphere_r05,3,1243,"2,20,24",-6.689577255408894,-6.689634185541238,0,0,full,full,1,2
conf_sphere_r05,3,1244,"2,20,25",-7.5314878938365215,-7.531329705386367,4,4,deficient,deficient,13,14
conf_sphere_r05,3,1245,"2,20,26",-6.795195351279418,-6.7943970391287545,0,0,full,full,3,3
conf_sphere_r05,3,1246,"2,20,27",-7.116162906243997,-7.116619151674852,1,1,deficient,deficient,7,7
conf_sphere_r05,3,1247,"2,20,28",-7.47512046096906,-7.4752590278564295,4,4,deficient,deficient,10,10
conf_sphere_r05,3,1248,"2,20,29",-6.695024076055044,-6.694871595692857,0,0,full,full,2,2
conf_sphere_r05,3,1249,"2,20,30",-7.359814660166107,-7.360109394978436,5,5,deficient,deficient,9,9
conf_sphere_r05,3,1250,"2,20,31",-7.083619832613345,-7.083691800494405,2,2,deficient,deficient,6,6
conf_sphere_r05,3,1251,"2,21,22",-6.496998524686489,-6.496865070131581,0,0,full,full,0,0
conf_sphere_r05,3,1252,"2,21,23",-6.575452714258569,-6.575490878752935,0,0,full,full,3,3
conf_sphere_r05,3,1253,"2,21,24",-6.512638156056406,-6.512684708839577,0,0,full,full,1,1
conf_sphere_r05,3,1254,"2,21,25",-6.512872490355666,-6.51281939072076,0,0,full,full,1,1
conf_sphere_r05,3,1255,"2,21,26",-6.552650894141024,-6.552493969242814,0,0,full,full,3,3
conf_sphere_r05,3,1256,"2,21,27",-6.516602299148595,-6.516698073913134,0,0,full,full,1,1
conf_sphere_r05,3,1257,"2,21,28",-6.559182255572813,-6.5592115735919,0,0,full,full,2,2
conf_sphere_r05,3,1258,"2,21,29",-6.536450571466133,-6.536345051812012,0,0,full,full,3,3
conf_sphere_r05,3,1259,"2,21,30",-6.521304323259349,-6.521319224035519,0,0,full,full,1,1
conf_sphere_r05,3,1260,"2,21,31",-6.578178719045059,-6.578235221063715,0,0,full,full,3,3
conf_sphere_r05,3,1261,"2,22,23",-7.113889712180846,-7.113593086055145,0,0,full,full,6,6
conf_sphere_r05,3,1262,"2,22,24",-6.683988575149039,-6.684192603654529,0,0,full,full,1,1
conf_sphere_r05,3,1263,"2,22,25",-7.265713215074257,-7.265654943266184,2,2,deficient,deficient,6,6
conf_sphere_r05,3,1264,"2,22,26",-6.733469289285569,-6.733358834631513,0,0,full,full,1,1
conf_sphere_r05,3,1265,"2,22,27",-7.051974413005844,-7.051947711805369,1,1,deficient,deficient,5,5
conf_sphere_r05,3,1266,"2,22,28",-7.231043468665238,-7.2307586841234235,2,2,deficient,deficient,6,6
conf_sphere_r05,3,1267,"2,22,29",-6.675648699214543,-6.675729942684006,0,0,full,full,1,1
conf_sphere_r05,3,1268,"2,22,30",-7.196103664369931,-7.195826284951716,2,2,deficient,deficient,7,7
conf_sphere_r05,3,1269,"2,22,31",-6.937357648704109,-6.937099321256128,0,0,full,full,3,3
conf_sphere_r05,3,1270,"2,23,24",-6.7124764859257,-6.71282721998314,0,0,full,full,3,3
conf_sphere_r05,3,1271,"2,23,25",-7.214525240470956,-7.2146433080021914,0,0,full,full,7,7
conf_sphere_r05,3,1272,"2,23,26",-6.852127755632696,-6.852194817333101,0,0,full,full,4,4
conf_sphere_r05,3,1273,"2,23,27",-7.028925560114988,-7.02913737848222,0,0,full,full,6,6
conf_sphere_r05,3,1274,"2,23,28",-7.233440009998369,-7.233502359885376,1,1,deficient,deficient,6,6
conf_sphere_r05,3,1275,"2,23,29",-6.735380658230741,-6.735578108425322,0,0,full,full,3,3
conf_sphere_r05,3,1276,"2,23,30",-7.1586816429715,-7.1587010146470105,1,1,deficient,deficient,7,7
conf_sphere_r05,3,1277,"2,23,31",-7.064671611158137,-7.06451631830036,0,0,full,full,6,6
conf_sphere_r05,3,1278,"2,24,25",-6.68498342286107,-6.685253885245493,0,0,full,full,1,1
conf_sphere_r05,3,1279,"2,24,26",-6.6123415177824425,-6.61242814455498,0,0,full,full,1,1
conf_sphere_r05,3,1280,"2,24,27",-6.725171996278158,-6.725591738778518,0,0,full,full,2,2
conf_sphere_r05,3,1281,"2,24,28",-6.729201755161919,-6.729586834378638,0,0,full,full,2,2
conf_sphere_r05,3,1282,"2,24,29",-6.656201057141396,-6.656518454917421,0,0,full,full,3,3
conf_sphere_r05,3,1283,"2,24,30",-6.709702459211637,-6.710113606829279,0,0,full,full,2,2
conf_sphere_r05,3,1284,"2,24,31",-6.714723661756286,-6.715080482569365,0,0,full,full,2,2
conf_sphere_r05,3,1285,"2,25,26",-6.773919496371113,-6.773866630050028,0,0,full,full,3,3
conf_sphere_r05,3,1286,"2,25,27",-7.084610943566111,-7.084989046072775,1,1,deficient,deficient,5,5
conf_sphere_r05,3,1287,"2,25,28",-7.398557590441847,-7.398741256473545,2,2,deficient,deficient,9,9
conf_sphere_r05,3,1288,"2,25,29",-6.686672351635891,-6.686844592820531,0,0,full,full,2,2
conf_sphere_r05,3,1289,"2,25,30",-7.308708623841043,-7.308946846663959,3,3,deficient,deficient,7,7
conf_sphere_r05,3,1290,"2,25,31",-7.031285804457679,-7.031363565030592,0,0,full,full,5,5
conf_sphere_r05,3,1291,"2,26,27",-6.717748143152368,-6.717900421295771,0,0,full,full,2,2
conf_sphere_r05,3,1292,"2,26,28",-6.835334417010577,-6.835392375346981,0,0,full,full,4,4
conf_sphere_r05,3,1293,"2,26,29",-6.650320650131373,-6.6502857863487295,0,0,full,full,3,3
conf_sphere_r05,3,1294,"2,26,30",-6.770506160607204,-6.770550554432219,0,0,full,full,3,3
conf_sphere_r05,3,1295,"2,26,31",-6.826672930747077,-6.82672721357328,0,0,full,full,5,5
conf_sphere_r05,3,1296,"2,27,28",-7.111977814580614,-7.112210282805049,1,1,deficient,deficient,5,5
conf_sphere_r05,3,1297,"2,27,29",-6.703779725604589,-6.704051063968417,0,0,full,full,2,2
conf_sphere_r05,3,1298,"2,27,30",-7.088751788182382,-7.089009579325859,1,1,deficient,deficient,5,5
conf_sphere_r05,3,1299,"2,27,31",-6.943452675895342,-6.9436395824781165,0,0,full,full,5,5
conf_sphere_r05,3,1300,"2,28,29",-6.737270041381268,-6.737493387616123,0,0,full,full,3,3
conf_sphere_r05,3,1301,"2,28,30",-7.2826803250041,-7.28275726469359,3,3,deficient,deficient,8,8
conf_sphere_r05,3,1302,"2,28,31",-7.081165359397068,-7.081091404185357,0,0,full,full,5,5
conf_sphere_r05,3,1303,"2,29,30",-6.704301097129013,-6.704524199465282,0,0,full,full,2,2
conf_sphere_r05,3,1304,"2,29,31",-6.737320537419733,-6.737542580963214,0,0,full,full,3,3
conf_sphere_r05,3,1305,"2,30,31",-6.993177355883053,-6.99308883996062,0,0,full,full,5,5
conf_sphere_r05,3,1306,"3,4,5",-6.3088382336215325,-6.30879326677111,0,0,full,full,0,0
conf_sphere_r05,3,1307,"3,4,6",-7.0293618861826594,-7.029341891090311,0,0,full,full,5,6
conf_sphere_r05,3,1308,"3,4,7",-6.561084518440345,-6.5610625625049215,0,0,full,full,0,0
conf_sphere_r05,3,1309,"3,4,8",-6.5212533421039325,-6.521184642772294,0,0,full,full,1,1
conf_sphere_r05,3,1310,"3,4,9",-6.9275061325190235,-6.927362330493709,0,0,full,full,4,4
conf_sphere_r05,3,1311,"3,4,10",-6.353151160233338,-6.353233826852908,0,0,full,full,0,0
conf_sphere_r05,3,1312,"3,4,11",-7.058116171599384,-7.058325944522715,0,0,full,full,7,7
conf_sphere_r05,3,1313,"3,4,12",-6.758776147307526,-6.7589339585078685,0,0,full,full,2,2
conf_sphere_r05,3,1314,"3,4,13",-6.3741523833115545,-6.374115742045238,0,0,full,full,1,1
conf_sphere_r05,3,1315,"3,4,14",-6.977603462099421,-6.977605534493949,0,0,full,full,3,3
conf_sphere_r05,3,1316,"3,4,15",-6.468937706015774,-6.4690897411724135,0,0,full,full,0,0
conf_sphere_r05,3,1317,"3,4,16",-6.76006280861426,-6.760076593233911,0,0,full,full,3,3
conf_sphere_r05,3,1318,"3,4,17",-6.87453954488362,-6.874606676050437,0,0,full,full,4,5
conf_sphere_r05,3,1319,"3,4,18",-6.3803091547126,-6.380295139580561,0,0,full,full,0,0
conf_sphere_r05,3,1320,"3,4,19",-7.019163761203169,-7.019292177215934,0,0,full,full,6,6
conf_sphere_r05,3,1321,"3,4,20",-6.636207048732222,-6.63650612340083,0,0,full,full,1,2
conf_sphere_r05,3,1322,"3,4,21",-6.5087207895705985,-6.50869993865442,0,0,full,full,1,1
conf_sphere_r05,3,1323,"3,4,22",-6.927532924212695,-6.927008940399254,0,0,full,full,4,4
conf_sphere_r05,3,1324,"3,4,23",-6.461445221121616,-6.461634574853255,0,0,full,full,0,0
conf_sphere_r05,3,1325,"3,4,24",-6.870748048650507,-6.870854925641789,0,0,full,full,4,4
conf_sphere_r05,3,1326,"3,4,25",-6.7616454311873975,-6.761928812837155,0,0,full,full,2,3
conf_sphere_r05,3,1327,"3,4,26",-6.464406142662448,-6.464408916545358,0,0,full,full,0,0
conf_sphere_r05,3,1328,"3,4,27",-6.9412070063279305,-6.941392439747688,0,0,full,full,5,5
conf_sphere_r05,3,1329,"3,4,28",-6.583268268106456,-6.583682150299007,0,0,full,full,1,1
conf_sphere_r05,3,1330,"3,4,29",-6.680422962562731,-6.680629205421057,0,0,full,full,3,3
conf_sphere_r05,3,1331,"3,4,30",-6.827201897250034,-6.827518103813575,0,0,full,full,4,4
conf_sphere_r05,3,1332,"3,4,31",-6.51827063596174,-6.518501453282271,0,0,full,full,1,1
conf_sphere_r05,3,1333,"3,5,6",-6.325001718082394,-6.324885892479407,0,0,full,full,0,0
conf_sphere_r05,3,1334,"3,5,7",-6.309363636628215,-6.309258133990794,0,0,full,full,0,0
conf_sphere_r05,3,1335,"3,5,8",-6.348885426097141,-6.348836703356543,0,0,full,full,3,3
conf_sphere_r05,3,1336,"3,5,9",-6.306360924956847,-6.306334902335324,0,0,full,full,0,0
conf_sphere_r05,3,1337,"3,5,10",-6.342353045371255,-6.342461643261295,0,0,full,full,0,1
conf_sphere_r05,3,1338,"3,5,11",-6.3508464137189495,-6.350875114629758,0,0,full,full,2,2
conf_sphere_r05,3,1339,"3,5,12",-6.302635960865317,-6.302575038345842,0,0,full,full,0,0
conf_sphere_r05,3,1340,"3,5,13",-6.3476484892919105,-6.34756042072541,0,0,full,full,3,3
conf_sphere_r05,3,1341,"3,5,14",-6.3135850676979715,-6.313518618568662,0,0,full,full,0,0
conf_sphere_r05,3,1342,"3,5,15",-6.322431995908685,-6.322490575981954,0,0,full,full,0,0
conf_sphere_r05,3,1343,"3,5,16",-6.361366282359204,-6.361246589614954,0,0,full,full,3,3
conf_sphere_r05,3,1344,"3,5,17",-6.302909919674049,-6.302756768525765,0,0,full,full,0,0
conf_sphere_r05,3,1345,"3,5,18",-6.349464175386189,-6.3493605934315624,0,0,full,full,2,2
conf_sphere_r05,3,1346,"3,5,19",-6.337202594007602,-6.337213738561263,0,0,full,full,1,1
conf_sphere_r05,3,1347,"3,5,20",-6.3062353350668126,-6.306129191288798,0,0,full,full,0,0
conf_sphere_r05,3,1348,"3,5,21",-6.3551302978513915,-6.355037170368857,0,0,full,full,2,2
conf_sphere_r05,3,1349,"3,5,22",-6.308190998071132,-6.308074866509137,0,0,full,full,0,0
conf_sphere_r05,3,1350,"3,5,23",-6.335387025272934,-6.335448011029669,0,0,full,full,0,0
conf_sphere_r05,3,1351,"3,5,24",-6.352756938824697,-6.35273365478119,0,0,full,full,1,1
conf_sphere_r05,3,1352,"3,5,25",-6.3043594093553645,-6.3044341048575685,0,0,full,full,0,0
conf_sphere_r05,3,1353,"3,5,26",-6.351973782108373,-6.351864249533426,0,0,full,full,2,2
conf_sphere_r05,3,1354,"3,5,27",-6.325022476855438,-6.325062623671605,0,0,full,full,1,1
conf_sphere_r05,3,1355,"3,5,28",-6.321154440108959,-6.32125890584096,0,0,full,full,0,0
conf_sphere_r05,3,1356,"3,5,29",-6.354675815930073,-6.354612571065951,0,0,full,full,1,1
conf_sphere_r05,3,1357,"3,5,30",-6.312185299230756,-6.3122626053707895,0,0,full,full,1,1
conf_sphere_r05,3,1358,"3,5,31",-6.3421864187216235,-6.34224191632962,0,0,full,full,0,0
conf_sphere_r05,3,1359,"3,6,7",-6.636421296191123,-6.636263611941966,0,0,full,full,0,0
conf_sphere_r05,3,1360,"3,6,8",-6.567429179228888,-6.567154274265869,0,0,full,full,3,3
conf_sphere_r05,3,1361,"3,6,9",-7.064107277807486,-7.0635039845025265,0,0,full,full,5,5
conf_sphere_r05,3,1362,"3,6,10",-6.3805004824073155,-6.380552261799717,0,0,full,full,0,0
conf_sphere_r05,3,1363,"3,6,11",-7.164568627160972,-7.164233026558364,0,0,full,full,10,10
conf_sphere_r05,3,1364,"3,6,12",-6.861503211908094,-6.861533503526894,0,0,full,full,3,4
conf_sphere_r05,3,1365,"3,6,13",-6.398673261263055,-6.398530963956475,0,0,full,full,2,2
conf_sphere_r05,3,1366,"3,6,14",-7.091537276406669,-7.090888622849876,0,0,full,full,4,4
conf_sphere_r05,3,1367,"3,6,15",-6.521458139154381,-6.521518287640881,0,0,full,full,0,0
conf_sphere_r05,3,1368,"3,6,16",-6.825080596969279,-6.824726004141933,0,0,full,full,4,4
conf_sphere_r05,3,1369,"3,6,17",-6.990855990416075,-6.9907381647441955,0,0,full,full,6,6
conf_sphere_r05,3,1370,"3,6,18",-6.404550788678385,-6.40449286497274,0,0,full,full,0,0
conf_sphere_r05,3,1371,"3,6,19",-7.131161073258572,-7.130828084844404,0,0,full,full,10,10
conf_sphere_r05,3,1372,"3,6,20",-6.706756161462228,-6.706744122211851,0,0,full,full,2,2
conf_sphere_r05,3,1373,"3,6,21",-6.546459613324447,-6.546295129526309,0,0,full,full,2,2
conf_sphere_r05,3,1374,"3,6,22",-7.062328413854965,-7.061840080257975,0,0,full,full,6,6
conf_sphere_r05,3,1375,"3,6,23",-6.500569220165451,-6.500687659049917,0,0,full,full,0,0
conf_sphere_r05,3,1376,"3,6,24",-6.963075196339029,-6.963152567842209,0,0,full,full,7,7
conf_sphere_r05,3,1377,"3,6,25",-6.858094053005228,-6.858204826116869,0,0,full,full,4,5
conf_sphere_r05,3,1378,"3,6,26",-6.4961709909332725,-6.496089336150085,0,0,full,full,1,1
conf_sphere_r05,3,1379,"3,6,27",-7.057415069430361,-7.05751070017417,0,0,full,full,8,7
conf_sphere_r05,3,1380,"3,6,28",-6.638441280181609,-6.638680167071076,0,0,full,full,1,1
conf_sphere_r05,3,1381,"3,6,29",-6.729963961151854,-6.729892954672733,0,0,full,full,4,4
conf_sphere_r05,3,1382,"3,6,30",-6.925766224902096,-6.92593226624046,0,0,full,full,6,6
conf_sphere_r05,3,1383,"3,6,31",-6.557309389706046,-6.557445598767906,0,0,full,full,0,1
conf_sphere_r05,3,1384,"3,7,8",-6.433689805064473,-6.4334888942460005,0,0,full,full,0,0
conf_sphere_r05,3,1385,"3,7,9",-6.563096261979775,-6.562868480522481,0,0,full,full,0,0
conf_sphere_r05,3,1386,"3,7,10",-6.375527729988172,-6.375516584275527,0,0,full,full,0,0
conf_sphere_r05,3,1387,"3,7,11",-6.694072361105921,-6.694119989202679,0,0,full,full,1,1
conf_sphere_r05,3,1388,"3,7,12",-6.564251612224928,-6.564107324842225,0,0,full,full,0,0
conf_sphere_r05,3,1389,"3,7,13",-6.357451011809036,-6.35731475759009,0,0,full,full,0,0
conf_sphere_r05,3,1390,"3,7,14",-6.607666128196497,-6.607430184414624,0,0,full,full,0,0
conf_sphere_r05,3,1391,"3,7,15",-6.484178616420708,-6.484181850451643,0,0,full,full,0,0
conf_sphere_r05,3,1392,"3,7,16",-6.589103618521608,-6.588993655782849,0,0,full,full,1,1
conf_sphere_r05,3,1393,"3,7,17",-6.5729064231539684,-6.5727236431892795,0,0,full,full,0,0
conf_sphere_r05,3,1394,"3,7,18",-6.391887109973868,-6.391796411739048,0,0,full,full,0,0
conf_sphere_r05,3,1395,"3,7,19",-6.674172168885742,-6.674179164309112,0,0,full,full,1,1
conf_sphere_r05,3,1396,"3,7,20",-6.558690891113942,-6.558458140625408,0,0,full,full,0,0
conf_sphere_r05,3,1397,"3,7,21",-6.4651669502142095,-6.46501939121448,0,0,full,full,0,0
conf_sphere_r05,3,1398,"3,7,22",-6.602417177665289,-6.6022730657490865,0,0,full,full,0,0
conf_sphere_r05,3,1399,"3,7,23",-6.475056003958139,-6.475114020459113,0,0,full,full,0,0
conf_sphere_r05,3,1400,"3,7,24",-6.655723656988806,-6.655754224276896,0,0,full,full,1,1
conf_sphere_r05,3,1401,"3,7,25",-6.5822203826140235,-6.582191041957907,0,0,full,full,0,0
conf_sphere_r05,3,1402,"3,7,26",-6.456235183201258,-6.456143655057786,0,0,full,full,0,0
conf_sphere_r05,3,1403,"3,7,27",-6.645360546665756,-6.645402912902843,0,0,full,full,1,1
conf_sphere_r05,3,1404,"3,7,28",-6.550487420715563,-6.550509020628283,0,0,full,full,1,1
conf_sphere_r05,3,1405,"3,7,29",-6.580522913774467,-6.580564254932935,0,0,full,full,1,1
conf_sphere_r05,3,1406,"3,7,30",-6.605897410533726,-6.60593340634928,0,0,full,full,1,1
conf_sphere_r05,3,1407,"3,7,31",-6.510403477291674,-6.510510193724686,0,0,full,full,0,0
conf_sphere_r05,3,1408,"3,8,9",-6.528637782841216,-6.5284891370788,0,0,full,full,1,1
conf_sphere_r05,3,1409,"3,8,10",-6.352134639913319,-6.352257550476838,0,0,full,full,0,0
conf_sphere_r05,3,1410,"3,8,11",-6.611364389961777,-6.6113819055350005,0,0,full,full,3,3
conf_sphere_r05,3,1411,"3,8,12",-6.483603461917531,-6.483482241350267,0,0,full,full,0,0
conf_sphere_r05,3,1412,"3,8,13",-6.41224737191285,-6.412167493220506,0,0,full,full,3,3
conf_sphere_r05,3,1413,"3,8,14",-6.546538387844876,-6.5463110948133885,0,0,full,full,2,2
conf_sphere_r05,3,1414,"3,8,15",-6.398786888597008,-6.398876514140494,0,0,full,full,1,1
conf_sphere_r05,3,1415,"3,8,16",-6.587538158172889,-6.587245016099024,0,0,full,full,3,3
conf_sphere_r05,3,1416,"3,8,17",-6.510191223651863,-6.5100131273625435,0,0,full,full,1,1
conf_sphere_r05,3,1417,"3,8,18",-6.378935110566508,-6.37889441962531,0,0,full,full,3,3
conf_sphere_r05,3,1418,"3,8,19",-6.581190560883167,-6.581168363931278,0,0,full,full,3,3
conf_sphere_r05,3,1419,"3,8,20",-6.445750146193868,-6.4455543893590725,0,0,full,full,0,0
conf_sphere_r05,3,1420,"3,8,21",-6.487470494056843,-6.487264827252548,0,0,full,full,3,3
conf_sphere_r05,3,1421,"3,8,22",-6.528483887123749,-6.528283324416302,0,0,full,full,2,2
conf_sphere_r05,3,1422,"3,8,23",-6.40018172646178,-6.40026846166777,0,0,full,full,1,1
conf_sphere_r05,3,1423,"3,8,24",-6.577766446677334,-6.577696115089491,0,0,full,full,3,3
conf_sphere_r05,3,1424,"3,8,25",-6.483684723833758,-6.483719197467261,0,0,full,full,1,0
conf_sphere_r05,3,1425,"3,8,26",-6.4325527385718395,-6.432406382372676,0,0,full,full,3,3
conf_sphere_r05,3,1426,"3,8,27",-6.548348904791606,-6.548398474721889,0,0,full,full,3,3
conf_sphere_r05,3,1427,"3,8,28",-6.436086177291373,-6.436202630743167,0,0,full,full,1,1
conf_sphere_r05,3,1428,"3,8,29",-6.525572251560115,-6.525463383371869,0,0,full,full,3,3
conf_sphere_r05,3,1429,"3,8,30",-6.508215359708359,-6.508349188296381,0,0,full,full,2,2
conf_sphere_r05,3,1430,"3,8,31",-6.432763047133969,-6.432808355035652,0,0,full,full,3,3
conf_sphere_r05,3,1431,"3,9,10",-6.352323605596974,-6.352438567174218,0,0,full,full,0,0
conf_sphere_r05,3,1432,"3,9,11",-7.100485287013944,-7.100283452709552,0,0,full,full,7,7
conf_sphere_r05,3,1433,"3,9,12",-6.772587903146154,-6.772446377882578,0,0,full,full,2,2
conf_sphere_r05,3,1434,"3,9,13",-6.374595661080481,-6.374540834062691,0,0,full,full,0,0
conf_sphere_r05,3,1435,"3,9,14",-7.018344649912079,-7.017946448847585,0,0,full,full,4,4
conf_sphere_r05,3,1436,"3,9,15",-6.470680089424592,-6.470757895267106,0,0,full,full,0,0
conf_sphere_r05,3,1437,"3,9,16",-6.769638464767024,-6.769311819368077,0,0,full,full,2,2
conf_sphere_r05,3,1438,"3,9,17",-6.897967999795995,-6.897737379575422,0,0,full,full,4,4
conf_sphere_r05,3,1439,"3,9,18",-6.380440030298384,-6.380446685282276,0,0,full,full,0,0
conf_sphere_r05,3,1440,"3,9,19",-7.057046072556042,-7.056743861282684,0,0,full,full,7,7
conf_sphere_r05,3,1441,"3,9,20",-6.631848194454123,-6.631747591227334,0,0,full,full,0,0
conf_sphere_r05,3,1442,"3,9,21",-6.5123660520347615,-6.512251760495245,0,0,full,full,1,1
conf_sphere_r05,3,1443,"3,9,22",-6.971872842599088,-6.97174094777942,0,0,full,full,4,4
conf_sphere_r05,3,1444,"3,9,23",-6.462930857442695,-6.463052523672493,0,0,full,full,0,0
conf_sphere_r05,3,1445,"3,9,24",-6.897011740528968,-6.896998258626505,0,0,full,full,3,3
conf_sphere_r05,3,1446,"3,9,25",-6.777295360433653,-6.777295537140308,0,0,full,full,2,2
conf_sphere_r05,3,1447,"3,9,26",-6.466358880113224,-6.466306602231516,0,0,full,full,0,0
conf_sphere_r05,3,1448,"3,9,27",-6.97487214460561,-6.974866195767938,0,0,full,full,4,4
conf_sphere_r05,3,1449,"3,9,28",-6.580246374338174,-6.580307418662079,0,0,full,full,0,0
conf_sphere_r05,3,1450,"3,9,29",-6.679195676422226,-6.679157473977645,0,0,full,full,1,1
conf_sphere_r05,3,1451,"3,9,30",-6.845759877943926,-6.845779373209915,0,0,full,full,3,3
conf_sphere_r05,3,1452,"3,9,31",-6.519431978232521,-6.519456088066505,0,0,full,full,0,0
conf_sphere_r05,3,1453,"3,10,11",-6.412626776457882,-6.412841487203084,0,0,full,full,0,0
conf_sphere_r05,3,1454,"3,10,12",-6.358996867551361,-6.3590021331365225,0,0,full,full,0,0
conf_sphere_r05,3,1455,"3,10,13",-6.3537736383474765,-6.35392185067935,0,0,full,full,0,0
conf_sphere_r05,3,1456,"3,10,14",-6.3690189912159,-6.369114958034834,0,0,full,full,0,0
conf_sphere_r05,3,1457,"3,10,15",-6.400538694523354,-6.400721129970158,0,0,full,full,1,1
conf_sphere_r05,3,1458,"3,10,16",-6.405587600791525,-6.405662755061489,0,0,full,full,1,1
conf_sphere_r05,3,1459,"3,10,17",-6.3570837231789,-6.357040696541109,0,0,full,full,0,0
conf_sphere_r05,3,1460,"3,10,18",-6.397948378234008,-6.398053346488759,0,0,full,full,2,2
conf_sphere_r05,3,1461,"3,10,19",-6.4050070741762335,-6.405208655829456,0,0,full,full,0,0
conf_sphere_r05,3,1462,"3,10,20",-6.378769912798876,-6.3787467224158,0,0,full,full,0,0
conf_sphere_r05,3,1463,"3,10,21",-6.391702022459857,-6.391827556108487,0,0,full,full,0,0
conf_sphere_r05,3,1464,"3,10,22",-6.368741027242193,-6.368786502263533,0,0,full,full,0,0
conf_sphere_r05,3,1465,"3,10,23",-6.414584263369269,-6.414761752710017,0,0,full,full,1,1
conf_sphere_r05,3,1466,"3,10,24",-6.421282501508369,-6.421448118936693,0,0,full,full,0,0
conf_sphere_r05,3,1467,"3,10,25",-6.37123078332847,-6.371381156284908,0,0,full,full,0,0
conf_sphere_r05,3,1468,"3,10,26",-6.408710784345848,-6.408815418682331,0,0,full,full,1,1
conf_sphere_r05,3,1469,"3,10,27",-6.395493785261461,-6.395698522893704,0,0,full,full,0,0
conf_sphere_r05,3,1470,"3,10,28",-6.403221201352973,-6.403426016897981,0,0,full,full,1,1
conf_sphere_r05,3,1471,"3,10,29",-6.42014976936438,-6.420271618023982,0,0,full,full,0,0
conf_sphere_r05,3,1472,"3,10,30",-6.381538357653932,-6.381738167715064,0,0,full,full,0,0
conf_sphere_r05,3,1473,"3,10,31",-6.420051671853192,-6.420224357354394,0,0,full,full,1,1
conf_sphere_r05,3,1474,"3,11,12",-6.9037130811833824,-6.903817933965385,0,0,full,full,4,4
conf_sphere_r05,3,1475,"3,11,13",-6.435276172018101,-6.435303788237691,0,0,full,full,3,3
conf_sphere_r05,3,1476,"3,11,14",-7.113466525659903,-7.113305713723031,0,0,full,full,8,8
conf_sphere_r05,3,1477,"3,11,15",-6.570609658711061,-6.570915096476399,0,0,full,full,1,1
conf_sphere_r05,3,1478,"3,11,16",-6.879114506351215,-6.879210859224117,0,0,full,full,5,5
conf_sphere_r05,3,1479,"3,11,17",-7.025622784138857,-7.025633477848769,0,0,full,full,6,6
conf_sphere_r05,3,1480,"3,11,18",-6.4382873891585435,-6.438344949482434,0,0,full,full,2,2
conf_sphere_r05,3,1481,"3,11,19",-7.127893896870243,-7.127833199804183,1,1,deficient,deficient,10,10
conf_sphere_r05,3,1482,"3,11,20",-6.765120797310958,-6.765378021503774,0,0,full,full,3,3
conf_sphere_r05,3,1483,"3,11,21",-6.592539742092524,-6.592571177916966,0,0,full,full,3,3
conf_sphere_r05,3,1484,"3,11,22",-7.089304015891482,-7.088960457269304,0,0,full,full,8,8
conf_sphere_r05,3,1485,"3,11,23",-6.542942785467188,-6.543261705509715,0,0,full,full,1,2
conf_sphere_r05,3,1486,"3,11,24",-6.999868456022054,-7.000090726938768,0,0,full,full,7,7
conf_sphere_r05,3,1487,"3,11,25",-6.899550287389588,-6.899791149365293,0,0,full,full,5,5
conf_sphere_r05,3,1488,"3,11,26",-6.536788834585433,-6.536844832257609,0,0,full,full,3,3
conf_sphere_r05,3,1489,"3,11,27",-7.065029880488079,-7.065238928474303,1,1,deficient,deficient,8,8
conf_sphere_r05,3,1490,"3,11,28",-6.6904625443168815,-6.690967426633122,0,0,full,full,3,3
conf_sphere_r05,3,1491,"3,11,29",-6.781656654825451,-6.781917275352555,0,0,full,full,6,5
conf_sphere_r05,3,1492,"3,11,30",-6.965319326989633,-6.965716184293565,0,0,full,full,7,7
conf_sphere_r05,3,1493,"3,11,31",-6.600703085318245,-6.6010580630298,0,0,full,full,2,2
conf_sphere_r05,3,1494,"3,12,13",-6.365434104458134,-6.365366517463435,0,0,full,full,0,0
conf_sphere_r05,3,1495,"3,12,14",-6.8221614250518146,-6.822126673965996,0,0,full,full,1,2
conf_sphere_r05,3,1496,"3,12,15",-6.4809407946204285,-6.480963892740136,0,0,full,full,0,0
conf_sphere_r05,3,1497,"3,12,16",-6.7082767961336245,-6.708260502128784,0,0,full,full,2,2
conf_sphere_r05,3,1498,"3,12,17",-6.767644307162257,-6.7676242622543645,0,0,full,full,3,4
conf_sphere_r05,3,1499,"3,12,18",-6.384760874688521,-6.3847035821498315,0,0,full,full,0,0
conf_sphere_r05,3,1500,"3,12,19",-6.880887855643322,-6.880925745445864,0,0,full,full,4,4
conf_sphere_r05,3,1501,"3,12,20",-6.642673675249592,-6.642868352563329,0,0,full,full,2,2
conf_sphere_r05,3,1502,"3,12,21",-6.496708295132791,-6.496616489013321,0,0,full,full,0,0
conf_sphere_r05,3,1503,"3,12,22",-6.80195870878221,-6.8015358722968156,0,0,full,full,3,3
conf_sphere_r05,3,1504,"3,12,23",-6.472582536581508,-6.4726747337841966,0,0,full,full,0,0
conf_sphere_r05,3,1505,"3,12,24",-6.810221767519036,-6.810256110865619,0,0,full,full,4,3
conf_sphere_r05,3,1506,"3,12,25",-6.73815480979417,-6.738313446413644,0,0,full,full,3,4
conf_sphere_r05,3,1507,"3,12,26",-6.46619384874583,-6.466144546243212,0,0,full,full,0,0
conf_sphere_r05,3,1508,"3,12,27",-6.838657481648099,-6.838756244714794,0,0,full,full,3,4
conf_sphere_r05,3,1509,"3,12,28",-6.594238034462876,-6.594526375067184,0,0,full,full,1,1
conf_sphere_r05,3,1510,"3,12,29",-6.664816822374334,-6.664931263412308,0,0,full,full,3,3
conf_sphere_r05,3,1511,"3,12,30",-6.777268170271579,-6.777381599230487,0,0,full,full,3,4
conf_sphere_r05,3,1512,"3,12,31",-6.525744651160698,-6.525882756172981,0,0,full,full,1,1
conf_sphere_r05,3,1513,"3,13,14",-6.387612374715862,-6.387505110743871,0,0,full,full,0,0
conf_sphere_r05,3,1514,"3,13,15",-6.3614312806122415,-6.361513937158919,0,0,full,full,1,1
conf_sphere_r05,3,1515,"3,13,16",-6.445150983751617,-6.445001092827561,0,0,full,full,3,3
conf_sphere_r05,3,1516,"3,13,17",-6.372283362947935,-6.372121046667719,0,0,full,full,0,0
conf_sphere_r05,3,1517,"3,13,18",-6.376858208397238,-6.376810826707729,0,0,full,full,3,3
conf_sphere_r05,3,1518,"3,13,19",-6.420159860595901,-6.4201703273312365,0,0,full,full,2,2
conf_sphere_r05,3,1519,"3,13,20",-6.363844473083096,-6.363700719028622,0,0,full,full,0,0
conf_sphere_r05,3,1520,"3,13,21",-6.422976295564203,-6.42281230816927,0,0,full,full,3,3
conf_sphere_r05,3,1521,"3,13,22",-6.3829058959069025,-6.382761165107476,0,0,full,full,0,0
conf_sphere_r05,3,1522,"3,13,23",-6.376249555612998,-6.376329791543861,0,0,full,full,1,1
conf_sphere_r05,3,1523,"3,13,24",-6.438620464782944,-6.438575103044199,0,0,full,full,3,3
conf_sphere_r05,3,1524,"3,13,25",-6.372488000206992,-6.372569255355686,0,0,full,full,0,0
conf_sphere_r05,3,1525,"3,13,26",-6.40446690412448,-6.404314553143861,0,0,full,full,3,3
conf_sphere_r05,3,1526,"3,13,27",-6.405404007656817,-6.405446008999975,0,0,full,full,1,1
conf_sphere_r05,3,1527,"3,13,28",-6.37722253084746,-6.3773252572092884,0,0,full,full,1,1
conf_sphere_r05,3,1528,"3,13,29",-6.432910777036545,-6.43281930960286,0,0,full,full,3,3
conf_sphere_r05,3,1529,"3,13,30",-6.386325340530015,-6.386428651197777,0,0,full,full,1,1
conf_sphere_r05,3,1530,"3,13,31",-6.3959656373605815,-6.3960210810579765,0,0,full,full,1,1
conf_sphere_r05,3,1531,"3,14,15",-6.504286110163558,-6.504348974934726,0,0,full,full,0,0
conf_sphere_r05,3,1532,"3,14,16",-6.799594368161755,-6.799375233995656,0,0,full,full,3,3
conf_sphere_r05,3,1533,"3,14,17",-6.950563228958102,-6.950456686981396,0,0,full,full,3,3
conf_sphere_r05,3,1534,"3,14,18",-6.396681886705402,-6.396668560968315,0,0,full,full,0,0
conf_sphere_r05,3,1535,"3,14,19",-7.091163223172481,-7.090957994526539,0,0,full,full,8,8
conf_sphere_r05,3,1536,"3,14,20",-6.678691135079351,-6.678527268431795,0,0,full,full,0,0
conf_sphere_r05,3,1537,"3,14,21",-6.534244874208783,-6.5341003548648775,0,0,full,full,2,2
conf_sphere_r05,3,1538,"3,14,22",-7.027178257272761,-7.0269929699104186,0,0,full,full,4,4
conf_sphere_r05,3,1539,"3,14,23",-6.490084227292791,-6.490213661814756,0,0,full,full,0,0
conf_sphere_r05,3,1540,"3,14,24",-6.935756697439704,-6.935816837269563,0,0,full,full,5,5
conf_sphere_r05,3,1541,"3,14,25",-6.827399054545538,-6.82740037443589,0,0,full,full,2,2
conf_sphere_r05,3,1542,"3,14,26",-6.487988456484642,-6.487935717831622,0,0,full,full,0,0
conf_sphere_r05,3,1543,"3,14,27",-7.026063469449002,-7.026130288644245,0,0,full,full,5,5
conf_sphere_r05,3,1544,"3,14,28",-6.619915590667682,-6.620037476887229,0,0,full,full,0,0
conf_sphere_r05,3,1545,"3,14,29",-6.711597117060221,-6.711593248058031,0,0,full,full,2,2
conf_sphere_r05,3,1546,"3,14,30",-6.896488808436419,-6.896587220062294,0,0,full,full,4,4
conf_sphere_r05,3,1547,"3,14,31",-6.547764027013035,-6.547846489948513,0,0,full,full,0,0
conf_sphere_r05,3,1548,"3,15,16",-6.518063671039888,-6.518199048870671,0,0,full,full,2,2
conf_sphere_r05,3,1549,"3,15,17",-6.482952187227714,-6.482950635321636,0,0,full,full,0,0
conf_sphere_r05,3,1550,"3,15,18",-6.412620317622867,-6.412680299165013,0,0,full,full,1,1
conf_sphere_r05,3,1551,"3,15,19",-6.561258899859732,-6.561518021308288,0,0,full,full,1,1
conf_sphere_r05,3,1552,"3,15,20",-6.5024757875232275,-6.502437140380051,0,0,full,full,0,0
conf_sphere_r05,3,1553,"3,15,21",-6.449935929717428,-6.450068858339619,0,0,full,full,1,1
conf_sphere_r05,3,1554,"3,15,22",-6.505693942199391,-6.505771717637408,0,0,full,full,0,0
conf_sphere_r05,3,1555,"3,15,23",-6.486802771563506,-6.487114334418671,0,0,full,full,2,2
conf_sphere_r05,3,1556,"3,15,24",-6.566613287978292,-6.566849302290697,0,0,full,full,1,1
conf_sphere_r05,3,1557,"3,15,25",-6.503881357914002,-6.504073751362774,0,0,full,full,0,0
conf_sphere_r05,3,1558,"3,15,26",-6.461163745762443,-6.461282334803866,0,0,full,full,1,1
conf_sphere_r05,3,1559,"3,15,27",-6.546053142444917,-6.546335383017343,0,0,full,full,1,1
conf_sphere_r05,3,1560,"3,15,28",-6.521233896396369,-6.521498940336944,0,0,full,full,1,2
conf_sphere_r05,3,1561,"3,15,29",-6.533510677343556,-6.533708586799182,0,0,full,full,1,1
conf_sphere_r05,3,1562,"3,15,30",-6.522156318949128,-6.522425944663165,0,0,full,full,1,1
conf_sphere_r05,3,1563,"3,15,31",-6.50713488789505,-6.507419469455462,0,0,full,full,2,2
conf_sphere_r05,3,1564,"3,16,17",-6.754228898005826,-6.754138729670719,0,0,full,full,3,3
conf_sphere_r05,3,1565,"3,16,18",-6.438242035792136,-6.438160348904335,0,0,full,full,3,3
conf_sphere_r05,3,1566,"3,16,19",-6.852135310995452,-6.852182887002728,0,0,full,full,5,5
conf_sphere_r05,3,1567,"3,16,20",-6.639598206566978,-6.639583110972636,0,0,full,full,2,2
conf_sphere_r05,3,1568,"3,16,21",-6.5812006590923415,-6.581000405278142,0,0,full,full,3,3
conf_sphere_r05,3,1569,"3,16,22",-6.785652376425754,-6.78542600159807,0,0,full,full,4,4
conf_sphere_r05,3,1570,"3,16,23",-6.510633851951911,-6.510789620882348,0,0,full,full,3,3
conf_sphere_r05,3,1571,"3,16,24",-6.825951603097445,-6.8260677841430155,0,0,full,full,5,5
conf_sphere_r05,3,1572,"3,16,25",-6.715278303980318,-6.7154023226927,0,0,full,full,4,4
conf_sphere_r05,3,1573,"3,16,26",-6.525987251757851,-6.525881786489127,0,0,full,full,3,3
conf_sphere_r05,3,1574,"3,16,27",-6.812275636477969,-6.812472321759926,0,0,full,full,5,5
conf_sphere_r05,3,1575,"3,16,28",-6.608724838524015,-6.608972136934963,0,0,full,full,3,3
conf_sphere_r05,3,1576,"3,16,29",-6.711412600756731,-6.711414474607662,0,0,full,full,5,5
conf_sphere_r05,3,1577,"3,16,30",-6.753192983643011,-6.753439730974883,0,0,full,full,4,5
conf_sphere_r05,3,1578,"3,16,31",-6.5643275419202425,-6.564509655369456,0,0,full,full,3,3
conf_sphere_r05,3,1579,"3,17,18",-6.3860454315924455,-6.385892549231352,0,0,full,full,0,0
conf_sphere_r05,3,1580,"3,17,19",-7.001263584096762,-7.001147497521358,0,0,full,full,6,6
conf_sphere_r05,3,1581,"3,17,20",-6.6556753735024206,-6.655767884508094,0,0,full,full,2,2
conf_sphere_r05,3,1582,"3,17,21",-6.511924407297443,-6.511769112237981,0,0,full,full,1,1
conf_sphere_r05,3,1583,"3,17,22",-6.920519422212431,-6.919801238875294,0,0,full,full,5,5
conf_sphere_r05,3,1584,"3,17,23",-6.475131125345882,-6.475163437452123,0,0,full,full,0,0
conf_sphere_r05,3,1585,"3,17,24",-6.872611979026205,-6.8725804401661,0,0,full,full,5,5
conf_sphere_r05,3,1586,"3,17,25",-6.7806894139398715,-6.780695679841941,0,0,full,full,4,4
conf_sphere_r05,3,1587,"3,17,26",-6.473138447040524,-6.472986639869345,0,0,full,full,0,0
conf_sphere_r05,3,1588,"3,17,27",-6.942783270152043,-6.942716742323853,0,0,full,full,6,6
conf_sphere_r05,3,1589,"3,17,28",-6.602751429256015,-6.602963049557946,0,0,full,full,1,1
conf_sphere_r05,3,1590,"3,17,29",-6.689198989659794,-6.6892533136666925,0,0,full,full,4,4
conf_sphere_r05,3,1591,"3,17,30",-6.844153084688289,-6.844187821684208,0,0,full,full,5,5
conf_sphere_r05,3,1592,"3,17,31",-6.532571010809332,-6.532621952178481,0,0,full,full,0,0
conf_sphere_r05,3,1593,"3,18,19",-6.432830590100387,-6.432885199986034,0,0,full,full,1,1
conf_sphere_r05,3,1594,"3,18,20",-6.40159805235703,-6.401494083514644,0,0,full,full,0,0
conf_sphere_r05,3,1595,"3,18,21",-6.424123561136838,-6.424091070886338,0,0,full,full,3,3
conf_sphere_r05,3,1596,"3,18,22",-6.398320044972815,-6.39824943153483,0,0,full,full,0,0
conf_sphere_r05,3,1597,"3,18,23",-6.431971959450106,-6.432032592026209,0,0,full,full,1,1
conf_sphere_r05,3,1598,"3,18,24",-6.453296546783166,-6.453307697572631,0,0,full,full,1,1
conf_sphere_r05,3,1599,"3,18,25",-6.399532483731026,-6.399612511895855,0,0,full,full,0,0
conf_sphere_r05,3,1600,"3,18,26",-6.4381370891597,-6.4380800908730045,0,0,full,full,3,3
conf_sphere_r05,3,1601,"3,18,27",-6.425371551446255,-6.425427391309277,0,0,full,full,1,1
conf_sphere_r05,3,1602,"3,18,28",-6.4261954406075255,-6.426280472887921,0,0,full,full,1,1
conf_sphere_r05,3,1603,"3,18,29",-6.45424871749311,-6.454219370828434,0,0,full,full,2,2
conf_sphere_r05,3,1604,"3,18,30",-6.411423793514679,-6.411480917375583,0,0,full,full,1,1
conf_sphere_r05,3,1605,"3,18,31",-6.44614322748527,-6.446173723684659,0,0,full,full,2,2
conf_sphere_r05,3,1606,"3,19,20",-6.753345983278543,-6.753569833673031,0,0,full,full,3,3
conf_sphere_r05,3,1607,"3,19,21",-6.578115944674469,-6.578118536682364,0,0,full,full,3,3
conf_sphere_r05,3,1608,"3,19,22",-7.068739627830851,-7.0681405154540915,0,0,full,full,8,8
conf_sphere_r05,3,1609,"3,19,23",-6.539648801055675,-6.5399405660901575,0,0,full,full,1,1
conf_sphere_r05,3,1610,"3,19,24",-6.984487457371526,-6.984684986311493,0,0,full,full,7,7
conf_sphere_r05,3,1611,"3,19,25",-6.887687457087826,-6.887867906279015,0,0,full,full,5,5
conf_sphere_r05,3,1612,"3,19,26",-6.531299407319206,-6.5313418916706745,0,0,full,full,2,2
conf_sphere_r05,3,1613,"3,19,27",-7.055120707603958,-7.05521733993024,1,1,deficient,deficient,7,7
conf_sphere_r05,3,1614,"3,19,28",-6.686157434182619,-6.686618614102333,0,0,full,full,3,3
conf_sphere_r05,3,1615,"3,19,29",-6.772098843764701,-6.77235035227467,0,0,full,full,5,5
conf_sphere_r05,3,1616,"3,19,30",-6.957116532212055,-6.95745298507166,0,0,full,full,7,7
conf_sphere_r05,3,1617,"3,19,31",-6.5989384387165755,-6.599267800136902,0,0,full,full,1,2
conf_sphere_r05,3,1618,"3,20,21",-6.486776838305321,-6.486599343736894,0,0,full,full,0,0
conf_sphere_r05,3,1619,"3,20,22",-6.685958876666916,-6.685880408715358,0,0,full,full,1,1
conf_sphere_r05,3,1620,"3,20,23",-6.495923933109514,-6.495940054887203,0,0,full,full,0,0
conf_sphere_r05,3,1621,"3,20,24",-6.7319588796163226,-6.732169999500353,0,0,full,full,3,3
conf_sphere_r05,3,1622,"3,20,25",-6.669439342382276,-6.669737324304806,0,0,full,full,3,3
conf_sphere_r05,3,1623,"3,20,26",-6.476361204752083,-6.476231162016093,0,0,full,full,0,0
conf_sphere_r05,3,1624,"3,20,27",-6.730898692515584,-6.731173121766558,0,0,full,full,3,3
conf_sphere_r05,3,1625,"3,20,28",-6.604990816575626,-6.605194015596338,0,0,full,full,2,2
conf_sphere_r05,3,1626,"3,20,29",-6.637362632509002,-6.637499391455182,0,0,full,full,2,2
conf_sphere_r05,3,1627,"3,20,30",-6.694638257377768,-6.6949330302761485,0,0,full,full,3,3
conf_sphere_r05,3,1628,"3,20,31",-6.541429800508592,-6.541461018256429,0,0,full,full,0,0
conf_sphere_r05,3,1629,"3,21,22",-6.530250419576712,-6.530089885426933,0,0,full,full,2,1
conf_sphere_r05,3,1630,"3,21,23",-6.461354339402384,-6.461487354454929,0,0,full,full,1,1
conf_sphere_r05,3,1631,"3,21,24",-6.593476253244461,-6.593410876058163,0,0,full,full,3,3
conf_sphere_r05,3,1632,"3,21,25",-6.510203906840702,-6.510270366050858,0,0,full,full,1,1
conf_sphere_r05,3,1633,"3,21,26",-6.486619911636706,-6.486519016741659,0,0,full,full,3,3
conf_sphere_r05,3,1634,"3,21,27",-6.56014184035504,-6.560175756741735,0,0,full,full,3,3
conf_sphere_r05,3,1635,"3,21,28",-6.494161287482071,-6.4942591880067475,0,0,full,full,1,1
conf_sphere_r05,3,1636,"3,21,29",-6.5682481704750675,-6.568093825352979,0,0,full,full,3,3
conf_sphere_r05,3,1637,"3,21,30",-6.531969658324748,-6.532077698959537,0,0,full,full,2,2
conf_sphere_r05,3,1638,"3,21,31",-6.497663950917219,-6.497711948857964,0,0,full,full,3,3
conf_sphere_r05,3,1639,"3,22,23",-6.49448800207277,-6.494595575596265,0,0,full,full,0,0
conf_sphere_r05,3,1640,"3,22,24",-6.911913840340703,-6.911698116708523,0,0,full,full,5,5
conf_sphere_r05,3,1641,"3,22,25",-6.8168233499817426,-6.816403264858077,0,0,full,full,4,4
conf_sphere_r05,3,1642,"3,22,26",-6.490067192977606,-6.48996629105665,0,0,full,full,0,0
conf_sphere_r05,3,1643,"3,22,27",-6.999218507577235,-6.99871630627175,0,0,full,full,6,6
conf_sphere_r05,3,1644,"3,22,28",-6.628635687848939,-6.628822362106985,0,0,full,full,1,1
conf_sphere_r05,3,1645,"3,22,29",-6.714618464597328,-6.714597976119536,0,0,full,full,4,4
conf_sphere_r05,3,1646,"3,22,30",-6.884357672023496,-6.883879007865161,0,0,full,full,5,5
conf_sphere_r05,3,1647,"3,22,31",-6.553288945727024,-6.553380429172859,0,0,full,full,0,0
conf_sphere_r05,3,1648,"3,23,24",-6.553458569463957,-6.5537115102399035,0,0,full,full,1,1
conf_sphere_r05,3,1649,"3,23,25",-6.496238535748747,-6.496479253675688,0,0,full,full,0,0
conf_sphere_r05,3,1650,"3,23,26",-6.47878980346386,-6.478927149054102,0,0,full,full,2,2
conf_sphere_r05,3,1651,"3,23,27",-6.531036559930158,-6.531336864447527,0,0,full,full,1,1
conf_sphere_r05,3,1652,"3,23,28",-6.521050505838686,-6.5213415752422765,0,0,full,full,2,2
conf_sphere_r05,3,1653,"3,23,29",-6.535425270717471,-6.535636406027584,0,0,full,full,1,2
conf_sphere_r05,3,1654,"3,23,30",-6.512730090197647,-6.513019673423029,0,0,full,full,1,1
conf_sphere_r05,3,1655,"3,23,31",-6.51991119466086,-6.520221648200212,0,0,full,full,3,3
conf_sphere_r05,3,1656,"3,24,25",-6.826740489649286,-6.826915118015405,0,0,full,full,5,5
conf_sphere_r05,3,1657,"3,24,26",-6.551218430828149,-6.551208841313403,0,0,full,full,3,3
conf_sphere_r05,3,1658,"3,24,27",-6.945438858619492,-6.945763651263741,0,0,full,full,7,7
conf_sphere_r05,3,1659,"3,24,28",-6.684721410585756,-6.6851560706724396,0,0,full,full,3,3
conf_sphere_r05,3,1660,"3,24,29",-6.774815868777693,-6.775000688280386,0,0,full,full,6,6
conf_sphere_r05,3,1661,"3,24,30",-6.876094780777743,-6.876417919865963,0,0,full,full,6,6
conf_sphere_r05,3,1662,"3,24,31",-6.612983683114153,-6.6132623913404815,0,0,full,full,3,3
conf_sphere_r05,3,1663,"3,25,26",-6.485093136770251,-6.485192242496233,0,0,full,full,0,0
conf_sphere_r05,3,1664,"3,25,27",-6.85771618542868,-6.857958539054506,0,0,full,full,5,5
conf_sphere_r05,3,1665,"3,25,28",-6.623975681687727,-6.624422887004017,0,0,full,full,2,2
conf_sphere_r05,3,1666,"3,25,29",-6.6847465409028946,-6.685023340067561,0,0,full,full,4,4
conf_sphere_r05,3,1667,"3,25,30",-6.806189784570761,-6.8064802636260024,0,0,full,full,5,5
conf_sphere_r05,3,1668,"3,25,31",-6.5508869731381445,-6.551171443663539,0,0,full,full,0,1
conf_sphere_r05,3,1669,"3,26,27",-6.521894095971805,-6.521932870216923,0,0,full,full,1,1
conf_sphere_r05,3,1670,"3,26,28",-6.49681303883314,-6.4968919113230355,0,0,full,full,1,1
conf_sphere_r05,3,1671,"3,26,29",-6.541263989348747,-6.5412043468460475,0,0,full,full,3,3
conf_sphere_r05,3,1672,"3,26,30",-6.502309591351604,-6.502370220168549,0,0,full,full,1,1
conf_sphere_r05,3,1673,"3,26,31",-6.508745948079055,-6.508784548441217,0,0,full,full,3,3
conf_sphere_r05,3,1674,"3,27,28",-6.67318795785508,-6.6736852292434445,0,0,full,full,3,3
conf_sphere_r05,3,1675,"3,27,29",-6.752422974980852,-6.752689530910299,0,0,full,full,5,5
conf_sphere_r05,3,1676,"3,27,30",-6.902745229332122,-6.902853060013787,1,1,deficient,deficient,5,5
conf_sphere_r05,3,1677,"3,27,31",-6.590746550364082,-6.591071435510136,0,0,full,full,1,1
conf_sphere_r05,3,1678,"3,28,29",-6.626788840054174,-6.627158132643301,0,0,full,full,3,3
conf_sphere_r05,3,1679,"3,28,30",-6.647183222532606,-6.647708393322719,0,0,full,full,3,3
conf_sphere_r05,3,1680,"3,28,31",-6.562211117802564,-6.562516789297029,0,0,full,full,2,2
conf_sphere_r05,3,1681,"3,29,30",-6.714997525965369,-6.715354592297798,0,0,full,full,5,5
conf_sphere_r05,3,1682,"3,29,31",-6.589155581976049,-6.589388016046321,0,0,full,full,3,3
conf_sphere_r05,3,1683,"3,30,31",-6.5702595835170605,-6.570583963123926,0,0,full,full,1,2
conf_sphere_r05,3,1684,"4,5,6",-6.374004243495308,-6.373808376868078,0,0,full,full,0,0
conf_sphere_r05,3,1685,"4,5,7",-6.596018952416612,-6.5953911868601205,0,0,full,full,1,1
conf_sphere_r05,3,1686,"4,5,8",-6.346241533892095,-6.345997420853859,0,0,full,full,1,1
conf_sphere_r05,3,1687,"4,5,9",-6.514037140977135,-6.513805312590966,0,0,full,full,1,1
conf_sphere_r05,3,1688,"4,5,10",-6.673741921951411,-6.673425154060242,0,0,full,full,1,1
conf_sphere_r05,3,1689,"4,5,11",-6.336095907094945,-6.336061830507084,0,0,full,full,0,0
conf_sphere_r05,3,1690,"4,5,12",-6.564619781451516,-6.564014108526729,0,0,full,full,1,1
conf_sphere_r05,3,1691,"4,5,13",-6.459103606552836,-6.458732247356413,0,0,full,full,1,1
conf_sphere_r05,3,1692,"4,5,14",-6.429760600469038,-6.429676843673272,0,0,full,full,0,0
conf_sphere_r05,3,1693,"4,5,15",-6.636599560196029,-6.6362563901846565,0,0,full,full,2,2
conf_sphere_r05,3,1694,"4,5,16",-6.35181476395687,-6.351577050298004,0,0,full,full,1,1
conf_sphere_r05,3,1695,"4,5,17",-6.52754409120902,-6.527140367734739,0,0,full,full,1,1
conf_sphere_r05,3,1696,"4,5,18",-6.60871461283151,-6.608306334053297,0,0,full,full,1,1
conf_sphere_r05,3,1697,"4,5,19",-6.380185777252397,-6.380079199575751,0,0,full,full,0,0
conf_sphere_r05,3,1698,"4,5,20",-6.58469735608811,-6.584124744047803,0,0,full,full,2,2
conf_sphere_r05,3,1699,"4,5,21",-6.419775745082522,-6.4194584286853145,0,0,full,full,1,1
conf_sphere_r05,3,1700,"4,5,22",-6.467031153136505,-6.466922157929671,0,0,full,full,1,1
conf_sphere_r05,3,1701,"4,5,23",-6.6299020808920135,-6.629717845720741,0,0,full,full,1,1
conf_sphere_r05,3,1702,"4,5,24",-6.385779201241092,-6.385652973471505,0,0,full,full,0,0
conf_sphere_r05,3,1703,"4,5,25",-6.538731587938255,-6.538581982680877,0,0,full,full,1,1
conf_sphere_r05,3,1704,"4,5,26",-6.525470401439433,-6.525110210381376,0,0,full,full,1,1
conf_sphere_r05,3,1705,"4,5,27",-6.431675621180617,-6.431728694392787,0,0,full,full,1,1
conf_sphere_r05,3,1706,"4,5,28",-6.59166463789373,-6.5915004356834554,0,0,full,full,1,1
conf_sphere_r05,3,1707,"4,5,29",-6.429741714047279,-6.42952767510621,0,0,full,full,1,1
conf_sphere_r05,3,1708,"4,5,30",-6.500964376424093,-6.500960380020312,0,0,full,full,1,1
conf_sphere_r05,3,1709,"4,5,31",-6.571363362696673,-6.57123352500086,0,0,full,full,1,1
conf_sphere_r05,3,1710,"4,6,7",-7.486697255713048,-7.485941982931091,0,0,full,full,9,9
conf_sphere_r05,3,1711,"4,6,8",-6.464560258718675,-6.464302656465874,0,0,full,full,1,1
conf_sphere_r05,3,1712,"4,6,9",-7.9349214650464255,-7.93425663427916,1,1,deficient,deficient,15,15
conf_sphere_r05,3,1713,"4,6,10",-6.617793208605274,-6.617647299004564,0,0,full,full,0,0
conf_sphere_r05,3,1714,"4,6,11",-7.5056083762548225,-7.483178623547008,1,2,deficient,deficient,13,12
conf_sphere_r05,3,1715,"4,6,12",-7.751634951371797,-7.751294834022815,2,2,deficient,deficient,15,15
conf_sphere_r05,3,1716,"4,6,13",-6.387723246056069,-6.387542220220169,0,0,full,full,0,0
conf_sphere_r05,3,1717,"4,6,14",-8.014365983883755,-8.01389082148202,1,1,deficient,deficient,17,17
conf_sphere_r05,3,1718,"4,6,15",-7.056251848041986,-7.05616596377175,0,0,full,full,0,0
conf_sphere_r05,3,1719,"4,6,16",-6.7828334670901675,-6.782337059516428,0,0,full,full,1,1
conf_sphere_r05,3,1720,"4,6,17",-7.742944626234984,-7.742779786498369,2,2,deficient,deficient,11,11
conf_sphere_r05,3,1721,"4,6,18",-6.556504271299943,-6.556299714236273,0,0,full,full,0,0
conf_sphere_r05,3,1722,"4,6,19",-7.70677769906813,-7.684223965520274,1,2,deficient,deficient,13,12
conf_sphere_r05,3,1723,"4,6,20",-7.57247154543523,-7.571887124417904,1,1,deficient,deficient,14,14
conf_sphere_r05,3,1724,"4,6,21",-6.542843087626722,-6.542636610281165,0,0,full,full,1,1
conf_sphere_r05,3,1725,"4,6,22",-7.86059332161883,-7.8602661751619385,1,1,deficient,deficient,15,15
conf_sphere_r05,3,1726,"4,6,23",-6.886203395612884,-6.886277334502731,0,0,full,full,0,0
conf_sphere_r05,3,1727,"4,6,24",-7.159862673513257,-7.136595367482494,1,2,deficient,deficient,7,6
conf_sphere_r05,3,1728,"4,6,25",-7.723191127286596,-7.72320004201942,1,1,deficient,deficient,15,15
conf_sphere_r05,3,1729,"4,6,26",-6.623276025483443,-6.623119725142923,0,0,full,full,0,0
conf_sphere_r05,3,1730,"4,6,27",-7.791652196350648,-7.791768487144979,2,2,deficient,deficient,15,14
conf_sphere_r05,3,1731,"4,6,28",-7.267568060890985,-7.267761192757906,0,0,full,full,3,3
conf_sphere_r05,3,1732,"4,6,29",-6.866257785378665,-6.842742512405368,0,1,full,deficient,2,1
conf_sphere_r05,3,1733,"4,6,30",-7.703181530945091,-7.703181828900987,2,2,deficient,deficient,12,12
conf_sphere_r05,3,1734,"4,6,31",-6.871947202822522,-6.872093191672005,0,0,full,full,0,0
conf_sphere_r05,3,1735,"4,7,8",-6.374281331746395,-6.373923525076175,0,0,full,full,0,0
conf_sphere_r05,3,1736,"4,7,9",-8.048338499988146,-8.047175971144283,0,0,full,full,17,17
conf_sphere_r05,3,1737,"4,7,10",-7.160369917136812,-7.159867828611856,0,0,full,full,5,5
conf_sphere_r05,3,1738,"4,7,11",-6.900749388987356,-6.9006884677643985,0,0,full,full,2,2
conf_sphere_r05,3,1739,"4,7,12",-8.28684620125147,-8.285641789896408,3,3,deficient,deficient,23,23
conf_sphere_r05,3,1740,"4,7,13",-6.445174115525913,-6.444687007663473,0,0,full,full,0,0
conf_sphere_r05,3,1741,"4,7,14",-7.835969201098998,-7.835025968840711,0,0,full,full,11,11
conf_sphere_r05,3,1742,"4,7,15",-7.896233272096661,-7.895904971776849,1,1,deficient,deficient,13,13
conf_sphere_r05,3,1743,"4,7,16",-6.567843096663426,-6.567541916057823,0,0,full,full,0,0
conf_sphere_r05,3,1744,"4,7,17",-8.193628004013602,-8.192261830330345,1,1,deficient,deficient,20,20
conf_sphere_r05,3,1745,"4,7,18",-6.828277415821164,-6.8275378723558555,0,0,full,full,1,1
conf_sphere_r05,3,1746,"4,7,19",-7.223174341086363,-7.222730248346272,0,0,full,full,4,4
conf_sphere_r05,3,1747,"4,7,20",-8.28368653230005,-8.282733004909353,2,2,deficient,deficient,22,22
conf_sphere_r05,3,1748,"4,7,21",-6.519969413464343,-6.519504348581138,0,0,full,full,0,0
conf_sphere_r05,3,1749,"4,7,22",-8.039819536323247,-8.03865498314995,1,1,deficient,deficient,18,18
conf_sphere_r05,3,1750,"4,7,23",-7.3560918705581875,-7.355813157996194,0,0,full,full,3,3
conf_sphere_r05,3,1751,"4,7,24",-6.873185236488954,-6.87299793459529,0,0,full,full,2,2
conf_sphere_r05,3,1752,"4,7,25",-8.233760921695897,-8.232994242317254,1,1,deficient,deficient,22,22
conf_sphere_r05,3,1753,"4,7,26",-6.736909174503442,-6.736268299315312,0,0,full,full,0,0
conf_sphere_r05,3,1754,"4,7,27",-7.526636146919545,-7.526465518458776,0,0,full,full,6,6
conf_sphere_r05,3,1755,"4,7,28",-7.8557076497820555,-7.855337664933115,0,0,full,full,11,11
conf_sphere_r05,3,1756,"4,7,29",-6.761456844667023,-6.761131684442491,0,0,full,full,0,0
conf_sphere_r05,3,1757,"4,7,30",-8.091733119917071,-8.091320835557129,2,2,deficient,deficient,26,26
conf_sphere_r05,3,1758,"4,7,31",-7.121928492398673,-7.1217971685074986,0,0,full,full,1,1
conf_sphere_r05,3,1759,"4,8,9",-6.438965229084586,-6.438598502614721,0,0,full,full,0,0
conf_sphere_r05,3,1760,"4,8,10",-6.350051402253308,-6.349921521479516,0,0,full,full,0,0
conf_sphere_r05,3,1761,"4,8,11",-6.515322972082523,-6.515342282697248,0,0,full,full,1,1
conf_sphere_r05,3,1762,"4,8,12",-6.412695565648047,-6.412435398984635,0,0,full,full,0,1
conf_sphere_r05,3,1763,"4,8,13",-6.3907707116348655,-6.39049432120863,0,0,full,full,1,1
conf_sphere_r05,3,1764,"4,8,14",-6.453334132198065,-6.453155595900424,0,0,full,full,0,0
conf_sphere_r05,3,1765,"4,8,15",-6.368541360704578,-6.368459902437817,0,0,full,full,1,1
conf_sphere_r05,3,1766,"4,8,16",-6.513411845735872,-6.51307279897851,0,0,full,full,1,1
conf_sphere_r05,3,1767,"4,8,17",-6.4326965892596,-6.432426588484318,0,0,full,full,1,1
conf_sphere_r05,3,1768,"4,8,18",-6.378654818206226,-6.37844182065492,0,0,full,full,1,1
conf_sphere_r05,3,1769,"4,8,19",-6.49790503920767,-6.497824062843658,0,0,full,full,1,1
conf_sphere_r05,3,1770,"4,8,20",-6.395044850708741,-6.394839612312969,0,0,full,full,1,1
conf_sphere_r05,3,1771,"4,8,21",-6.451585514729886,-6.451318150386526,0,0,full,full,1,1
conf_sphere_r05,3,1772,"4,8,22",-6.4496071612361145,-6.4494391486916145,0,0,full,full,1,1
conf_sphere_r05,3,1773,"4,8,23",-6.388437420605555,-6.388414852347098,0,0,full,full,1,1
conf_sphere_r05,3,1774,"4,8,24",-6.512859038853637,-6.51283669354303,0,0,full,full,1,1
conf_sphere_r05,3,1775,"4,8,25",-6.422243739314772,-6.422230844463786,0,0,full,full,1,1
conf_sphere_r05,3,1776,"4,8,26",-6.4199619000040915,-6.419749749281831,0,0,full,full,1,1
conf_sphere_r05,3,1777,"4,8,27",-6.477290754013699,-6.477345570978647,0,0,full,full,1,1
conf_sphere_r05,3,1778,"4,8,28",-6.405305543151889,-6.40535871814255,0,0,full,full,1,1
conf_sphere_r05,3,1779,"4,8,29",-6.483987466312927,-6.483871975722249,0,0,full,full,1,1
conf_sphere_r05,3,1780,"4,8,30",-6.445078261163418,-6.445137904889899,0,0,full,full,1,1
conf_sphere_r05,3,1781,"4,8,31",-6.4197045599835265,-6.4196843774464725,0,0,full,full,1,1
conf_sphere_r05,3,1782,"4,9,10",-6.97891488481035,-6.978776014510301,1,1,deficient,deficient,4,4
conf_sphere_r05,3,1783,"4,9,11",-7.406578333193204,-7.406759845067136,0,0,full,full,11,11
conf_sphere_r05,3,1784,"4,9,12",-8.165860495975783,-8.165188210536659,2,2,deficient,deficient,10,10
conf_sphere_r05,3,1785,"4,9,13",-6.425930692068602,-6.425618185589027,0,0,full,full,0,0
conf_sphere_r05,3,1786,"4,9,14",-8.173433346391855,-8.173076461214729,1,1,deficient,deficient,14,14
conf_sphere_r05,3,1787,"4,9,15",-7.617637625644463,-7.617344392705044,2,2,deficient,deficient,13,13
conf_sphere_r05,3,1788,"4,9,16",-6.715317035089751,-6.7147582365771985,0,0,full,full,1,1
conf_sphere_r05,3,1789,"4,9,17",-8.204518499815933,-8.203474075658,2,2,deficient,deficient,9,9
conf_sphere_r05,3,1790,"4,9,18",-6.768178814936287,-6.767684586583414,0,0,full,full,3,3
conf_sphere_r05,3,1791,"4,9,19",-7.653907756187942,-7.653590048350361,0,0,full,full,11,11
conf_sphere_r05,3,1792,"4,9,20",-8.095234643284645,-8.094502199376379,3,3,deficient,deficient,17,17
conf_sphere_r05,3,1793,"4,9,21",-6.537408604367933,-6.536847453753369,0,0,full,full,0,0
conf_sphere_r05,3,1794,"4,9,22",-8.307508033132391,-8.306907709573093,2,2,deficient,deficient,21,21
conf_sphere_r05,3,1795,"4,9,23",-7.178817649462628,-7.178712440520856,2,2,deficient,deficient,3,3
conf_sphere_r05,3,1796,"4,9,24",-7.096752083499647,-7.096565072555432,0,0,full,full,3,3
conf_sphere_r05,3,1797,"4,9,25",-8.298412298171788,-8.297963825700522,3,3,deficient,deficient,23,23
conf_sphere_r05,3,1798,"4,9,26",-6.704340774565084,-6.703636899473093,0,0,full,full,1,0
conf_sphere_r05,3,1799,"4,9,27",-7.862344713216593,-7.8623905281684845,1,1,deficient,deficient,12,12
conf_sphere_r05,3,1800,"4,9,28",-7.6994795842223835,-7.699343344851873,2,2,deficient,deficient,10,10
conf_sphere_r05,3,1801,"4,9,29",-6.820592401906504,-6.820326458761637,0,0,full,full,1,1
conf_sphere_r05,3,1802,"4,9,30",-8.234075083833064,-8.255238811123805,3,2,deficient,deficient,23,24
conf_sphere_r05,3,1803,"4,9,31",-7.070466758237702,-7.070157710923348,0,0,full,full,3,3
conf_sphere_r05,3,1804,"4,10,11",-6.472684969844183,-6.472760584607898,0,0,full,full,0,0
conf_sphere_r05,3,1805,"4,10,12",-7.078619041210873,-7.078312742338384,0,0,full,full,4,4
conf_sphere_r05,3,1806,"4,10,13",-6.494397431176268,-6.494172234415672,0,0,full,full,1,1
conf_sphere_r05,3,1807,"4,10,14",-6.783877184180732,-6.783833402393232,0,0,full,full,0,0
conf_sphere_r05,3,1808,"4,10,15",-7.197574760593469,-7.197336554467489,1,1,deficient,deficient,6,7
conf_sphere_r05,3,1809,"4,10,16",-6.423624187158642,-6.423487730517404,0,0,full,full,0,0
conf_sphere_r05,3,1810,"4,10,17",-7.021948606624569,-7.021382645072534,0,0,full,full,5,5
conf_sphere_r05,3,1811,"4,10,18",-6.894256271258391,-6.893690812266639,0,0,full,full,5,4
conf_sphere_r05,3,1812,"4,10,19",-6.603404191561705,-6.603325394973067,0,0,full,full,0,0
conf_sphere_r05,3,1813,"4,10,20",-7.117323501838863,-7.116987226256603,1,1,deficient,deficient,6,6
conf_sphere_r05,3,1814,"4,10,21",-6.496450067778727,-6.496217051011744,0,0,full,full,1,1
conf_sphere_r05,3,1815,"4,10,22",-6.884716253393893,-6.884475619227464,1,1,deficient,deficient,2,2
conf_sphere_r05,3,1816,"4,10,23",-7.099409657627272,-7.099140913857365,1,1,deficient,deficient,5,5
conf_sphere_r05,3,1817,"4,10,24",-6.549628430197125,-6.549537584453174,0,0,full,full,0,0
conf_sphere_r05,3,1818,"4,10,25",-7.024929838962156,-7.024760580352173,1,1,deficient,deficient,5,4
conf_sphere_r05,3,1819,"4,10,26",-6.722976935475329,-6.722464861351604,0,0,full,full,1,1
conf_sphere_r05,3,1820,"4,10,27",-6.757038085943142,-6.757133500989411,0,0,full,full,0,1
conf_sphere_r05,3,1821,"4,10,28",-7.0757343171035725,-7.075585415624306,1,1,deficient,deficient,5,5
conf_sphere_r05,3,1822,"4,10,29",-6.592298439244281,-6.59208023122976,0,0,full,full,0,0
conf_sphere_r05,3,1823,"4,10,30",-6.969022087270379,-6.968906569981135,1,1,deficient,deficient,4,4
conf_sphere_r05,3,1824,"4,10,31",-6.940379761733813,-6.940193754105224,1,1,deficient,deficient,3,3
conf_sphere_r05,3,1825,"4,11,12",-7.147638892950828,-7.147421573269161,0,0,full,full,7,7
conf_sphere_r05,3,1826,"4,11,13",-6.397924982132081,-6.3979210671936295,0,0,full,full,1,1
conf_sphere_r05,3,1827,"4,11,14",-7.4912831396835164,-7.49158392112618,1,1,deficient,deficient,14,14
conf_sphere_r05,3,1828,"4,11,15",-6.7310055759065115,-6.731264814955348,0,0,full,full,0,0
conf_sphere_r05,3,1829,"4,11,16",-6.844229972532787,-6.844179365798629,0,0,full,full,3,3
conf_sphere_r05,3,1830,"4,11,17",-7.253628162579773,-7.253365944515094,0,0,full,full,8,8
conf_sphere_r05,3,1831,"4,11,18",-6.483643998863255,-6.483612547879058,0,0,full,full,0,0
conf_sphere_r05,3,1832,"4,11,19",-7.42049975249675,-7.420380049293388,0,0,full,full,12,12
conf_sphere_r05,3,1833,"4,11,20",-6.973921915474964,-6.9738266685367,0,0,full,full,4,4
conf_sphere_r05,3,1834,"4,11,21",-6.5703428879477,-6.570346368528558,0,0,full,full,1,1
conf_sphere_r05,3,1835,"4,11,22",-7.368075123648108,-7.36826984234911,1,1,deficient,deficient,12,12
conf_sphere_r05,3,1836,"4,11,23",-6.683250708850334,-6.683549374141684,0,0,full,full,0,0
conf_sphere_r05,3,1837,"4,11,24",-7.093772387387286,-7.093578752804114,0,0,full,full,4,4
conf_sphere_r05,3,1838,"4,11,25",-7.1355069609139745,-7.135432360308496,0,0,full,full,6,6
conf_sphere_r05,3,1839,"4,11,26",-6.586080001160993,-6.586096149618932,0,0,full,full,0,0
conf_sphere_r05,3,1840,"4,11,27",-7.330531169662348,-7.33038774896473,0,0,full,full,10,10
conf_sphere_r05,3,1841,"4,11,28",-6.900611815559597,-6.9007453830020715,0,0,full,full,2,2
conf_sphere_r05,3,1842,"4,11,29",-6.845086836808567,-6.845031371398981,0,0,full,full,2,2
conf_sphere_r05,3,1843,"4,11,30",-7.192011964297362,-7.192009549910346,0,0,full,full,7,7
conf_sphere_r05,3,1844,"4,11,31",-6.7376384876110595,-6.7379704034665036,0,0,full,full,0,1
conf_sphere_r05,3,1845,"4,12,13",-6.437928584391486,-6.437416569978887,0,0,full,full,1,1
conf_sphere_r05,3,1846,"4,12,14",-8.059156167223813,-8.058990419418796,2,2,deficient,deficient,16,16
conf_sphere_r05,3,1847,"4,12,15",-7.79058356924177,-7.812811212405463,1,0,deficient,full,12,13
conf_sphere_r05,3,1848,"4,12,16",-6.67995620674355,-6.679746656569396,0,0,full,full,2,2
conf_sphere_r05,3,1849,"4,12,17",-8.205752168632662,-8.204252511026963,1,1,deficient,deficient,14,14
conf_sphere_r05,3,1850,"4,12,18",-6.795659804607032,-6.79511212875466,0,0,full,full,1,1
conf_sphere_r05,3,1851,"4,12,19",-7.443270131119338,-7.44245973330646,0,0,full,full,9,9
conf_sphere_r05,3,1852,"4,12,20",-8.273627917877796,-8.272740439295324,3,3,deficient,deficient,21,21
conf_sphere_r05,3,1853,"4,12,21",-6.536849407194573,-6.536381994460081,0,0,full,full,1,1
conf_sphere_r05,3,1854,"4,12,22",-8.206398206983714,-8.205880417351972,3,3,deficient,deficient,21,21
conf_sphere_r05,3,1855,"4,12,23",-7.28926022484138,-7.289234477749682,0,0,full,full,3,3
conf_sphere_r05,3,1856,"4,12,24",-6.972871020465661,-6.972390475921834,0,0,full,full,2,2
conf_sphere_r05,3,1857,"4,12,25",-8.302965946359423,-8.302062335611199,2,2,deficient,deficient,22,22
conf_sphere_r05,3,1858,"4,12,26",-6.723820869845677,-6.723194233008942,0,0,full,full,0,0
conf_sphere_r05,3,1859,"4,12,27",-7.752366514093331,-7.752084297765489,0,0,full,full,13,13
conf_sphere_r05,3,1860,"4,12,28",-7.81432931101313,-7.813933556820822,0,0,full,full,10,10
conf_sphere_r05,3,1861,"4,12,29",-6.8158730162632555,-6.815243233257253,0,0,full,full,1,1
conf_sphere_r05,3,1862,"4,12,30",-8.191041440885959,-8.190422223536892,2,2,deficient,deficient,23,23
conf_sphere_r05,3,1863,"4,12,31",-7.104464343302541,-7.104562244377117,0,0,full,full,2,2
conf_sphere_r05,3,1864,"4,13,14",-6.410167746349793,-6.4100582984659455,0,0,full,full,0,0
conf_sphere_r05,3,1865,"4,13,15",-6.478575740046546,-6.478376210954195,0,0,full,full,1,1
conf_sphere_r05,3,1866,"4,13,16",-6.419604926913195,-6.41933246973553,0,0,full,full,1,1
conf_sphere_r05,3,1867,"4,13,17",-6.434092639219127,-6.433741316994581,0,0,full,full,1,1
conf_sphere_r05,3,1868,"4,13,18",-6.5032717547124,-6.502937886958591,0,0,full,full,1,1
conf_sphere_r05,3,1869,"4,13,19",-6.419965619443631,-6.41989919680732,0,0,full,full,1,1
conf_sphere_r05,3,1870,"4,13,20",-6.456989998463231,-6.456549717553899,0,0,full,full,2,2
conf_sphere_r05,3,1871,"4,13,21",-6.4568943993875125,-6.456494151185692,0,0,full,full,1,1
conf_sphere_r05,3,1872,"4,13,22",-6.427830687572181,-6.4276904715900365,0,0,full,full,1,1
conf_sphere_r05,3,1873,"4,13,23",-6.504626287516831,-6.504529121127362,0,0,full,full,1,1
conf_sphere_r05,3,1874,"4,13,24",-6.4428892748637745,-6.442803292693981,0,0,full,full,1,1
conf_sphere_r05,3,1875,"4,13,25",-6.448136993541143,-6.4480183091526735,0,0,full,full,2,1
conf_sphere_r05,3,1876,"4,13,26",-6.498944632787023,-6.498581294117063,0,0,full,full,1,1
conf_sphere_r05,3,1877,"4,13,27",-6.4384981113932875,-6.438578694075709,0,0,full,full,1,1
conf_sphere_r05,3,1878,"4,13,28",-6.485682850253911,-6.485584614504062,0,0,full,full,1,1
conf_sphere_r05,3,1879,"4,13,29",-6.469398408674809,-6.469193360212501,0,0,full,full,1,1
conf_sphere_r05,3,1880,"4,13,30",-6.4505609113430715,-6.450578442396522,0,0,full,full,1,1
conf_sphere_r05,3,1881,"4,13,31",-6.507643410262112,-6.507548376535999,0,0,full,full,1,1
conf_sphere_r05,3,1882,"4,14,15",-7.366740728818167,-7.366732389513948,0,0,full,full,0,0
conf_sphere_r05,3,1883,"4,14,16",-6.761746228712342,-6.761413817928106,0,0,full,full,1,1
conf_sphere_r05,3,1884,"4,14,17",-8.09820800385315,-8.098105770491312,1,1,deficient,deficient,13,13
conf_sphere_r05,3,1885,"4,14,18",-6.660484738085983,-6.660316949767098,0,0,full,full,0,0
conf_sphere_r05,3,1886,"4,14,19",-7.732631914420326,-7.7327151555419,1,1,deficient,deficient,14,14
conf_sphere_r05,3,1887,"4,14,20",-7.952501008465601,-7.9519427241608875,1,1,deficient,deficient,17,17
conf_sphere_r05,3,1888,"4,14,21",-6.554752861564239,-6.554485234153834,0,0,full,full,0,0
conf_sphere_r05,3,1889,"4,14,22",-8.226790355700611,-8.22635061455132,0,0,full,full,20,20
conf_sphere_r05,3,1890,"4,14,23",-7.087617367954434,-7.0877849005615055,0,0,full,full,0,0
conf_sphere_r05,3,1891,"4,14,24",-7.186448287713932,-7.186440586094149,1,1,deficient,deficient,7,7
conf_sphere_r05,3,1892,"4,14,25",-8.076081373643733,-8.076220953048237,3,3,deficient,deficient,16,16
conf_sphere_r05,3,1893,"4,14,26",-6.6906970338388305,-6.690405110949794,0,0,full,full,0,0
conf_sphere_r05,3,1894,"4,14,27",-7.939686938319868,-7.939947235940019,2,2,deficient,deficient,15,15
conf_sphere_r05,3,1895,"4,14,28",-7.550912342073245,-7.551097816895361,0,0,full,full,2,2
conf_sphere_r05,3,1896,"4,14,29",-6.870735842881352,-6.870612197430958,0,0,full,full,1,1
conf_sphere_r05,3,1897,"4,14,30",-8.083905177154326,-8.084190980710916,3,3,deficient,deficient,18,18
conf_sphere_r05,3,1898,"4,14,31",-7.00691955272041,-7.006916459663984,0,0,full,full,0,0
conf_sphere_r05,3,1899,"4,15,16",-6.529059513691537,-6.528967512656667,0,0,full,full,0,0
conf_sphere_r05,3,1900,"4,15,17",-7.6967498682900635,-7.696219349668404,1,1,deficient,deficient,14,14
conf_sphere_r05,3,1901,"4,15,18",-6.917269305794522,-6.916688905091719,0,0,full,full,5,4
conf_sphere_r05,3,1902,"4,15,19",-6.975053375453243,-6.975070311452579,0,0,full,full,0,0
conf_sphere_r05,3,1903,"4,15,20",-7.844986381596502,-7.844744343043361,1,1,deficient,deficient,14,14
conf_sphere_r05,3,1904,"4,15,21",-6.539118210142222,-6.53891798065841,0,0,full,full,1,1
conf_sphere_r05,3,1905,"4,15,22",-7.587828800984524,-7.587560057287597,1,1,deficient,deficient,11,11
conf_sphere_r05,3,1906,"4,15,23",-7.396507954376714,-7.396576058229408,1,1,deficient,deficient,4,4
conf_sphere_r05,3,1907,"4,15,24",-6.78420744332299,-6.784280982518023,0,0,full,full,0,0
conf_sphere_r05,3,1908,"4,15,25",-7.786913836535725,-7.786810417010306,1,1,deficient,deficient,18,18
conf_sphere_r05,3,1909,"4,15,26",-6.786957886266478,-6.786445180379685,0,0,full,full,1,1
conf_sphere_r05,3,1910,"4,15,27",-7.235177116557209,-7.23549468966021,0,0,full,full,0,0
conf_sphere_r05,3,1911,"4,15,28",-7.749799391034075,-7.7497684128479705,1,1,deficient,deficient,13,13
conf_sphere_r05,3,1912,"4,15,29",-6.748502329911796,-6.748396019682684,0,0,full,full,0,0
conf_sphere_r05,3,1913,"4,15,30",-7.651161121672136,-7.651221371466171,2,2,deficient,deficient,11,11
conf_sphere_r05,3,1914,"4,15,31",-7.162467994415972,-7.162502314706218,1,1,deficient,deficient,3,3
conf_sphere_r05,3,1915,"4,16,17",-6.72341843353759,-6.723126703347563,0,0,full,full,3,3
conf_sphere_r05,3,1916,"4,16,18",-6.45790051102882,-6.457663568193563,0,0,full,full,1,1
conf_sphere_r05,3,1917,"4,16,19",-6.840225317790988,-6.84007544929602,0,0,full,full,3,3
conf_sphere_r05,3,1918,"4,16,20",-6.638114882361008,-6.637864047743103,0,0,full,full,1,1
conf_sphere_r05,3,1919,"4,16,21",-6.55919971082027,-6.558831453561191,0,0,full,full,1,1
conf_sphere_r05,3,1920,"4,16,22",-6.763822523954716,-6.763221273140717,0,0,full,full,2,3
conf_sphere_r05,3,1921,"4,16,23",-6.542121522702096,-6.542078755367852,0,0,full,full,0,0
conf_sphere_r05,3,1922,"4,16,24",-6.823991255816637,-6.823853530414322,0,0,full,full,4,4
conf_sphere_r05,3,1923,"4,16,25",-6.709137336835815,-6.709135041128007,0,0,full,full,2,2
conf_sphere_r05,3,1924,"4,16,26",-6.542850013917402,-6.5425958501497075,0,0,full,full,1,1
conf_sphere_r05,3,1925,"4,16,27",-6.812563376409231,-6.812531008569685,0,0,full,full,3,3
conf_sphere_r05,3,1926,"4,16,28",-6.633447467711223,-6.633406674153272,0,0,full,full,1,1
conf_sphere_r05,3,1927,"4,16,29",-6.720168511675395,-6.719963827054073,0,0,full,full,3,3
conf_sphere_r05,3,1928,"4,16,30",-6.753476509364521,-6.753502627760367,0,0,full,full,3,2
conf_sphere_r05,3,1929,"4,16,31",-6.59940147568022,-6.599380136596871,0,0,full,full,1,1
conf_sphere_r05,3,1930,"4,17,18",-6.795766572269973,-6.7951488072284265,0,0,full,full,3,3
conf_sphere_r05,3,1931,"4,17,19",-7.504181918161643,-7.503468822814238,0,0,full,full,6,6
conf_sphere_r05,3,1932,"4,17,20",-8.188060034654326,-8.209451373988042,4,3,deficient,deficient,23,24
conf_sphere_r05,3,1933,"4,17,21",-6.548436890860567,-6.548071752390659,0,0,full,full,1,1
conf_sphere_r05,3,1934,"4,17,22",-8.23188381764606,-8.255143950480287,4,3,deficient,deficient,20,21
conf_sphere_r05,3,1935,"4,17,23",-7.23642803159634,-7.236280418941821,1,1,deficient,deficient,4,4
conf_sphere_r05,3,1936,"4,17,24",-7.036978286208348,-7.0364396672096605,0,0,full,full,3,3
conf_sphere_r05,3,1937,"4,17,25",-8.315390230812435,-8.337600755831865,3,2,deficient,deficient,23,24
conf_sphere_r05,3,1938,"4,17,26",-6.726557471211892,-6.725940036281087,0,0,full,full,1,1
conf_sphere_r05,3,1939,"4,17,27",-7.7986740350515165,-7.798372654623661,0,0,full,full,10,10
conf_sphere_r05,3,1940,"4,17,28",-7.796085980709393,-7.79557949458463,1,1,deficient,deficient,13,13
conf_sphere_r05,3,1941,"4,17,29",-6.8389229607287945,-6.838362646933697,0,0,full,full,1,1
conf_sphere_r05,3,1942,"4,17,30",-8.202576110958418,-8.223888991483186,4,3,deficient,deficient,22,23
conf_sphere_r05,3,1943,"4,17,31",-7.092644478883992,-7.115381958608313,1,0,deficient,full,3,4
conf_sphere_r05,3,1944,"4,18,19",-6.5802244634354805,-6.580095223135498,0,0,full,full,0,0
conf_sphere_r05,3,1945,"4,18,20",-6.869023168930493,-6.868258802416837,0,0,full,full,4,4
conf_sphere_r05,3,1946,"4,18,21",-6.523040015149444,-6.522684321969894,0,0,full,full,1,1
conf_sphere_r05,3,1947,"4,18,22",-6.747834087829172,-6.747406864211313,0,0,full,full,3,3
conf_sphere_r05,3,1948,"4,18,23",-6.9260701143830845,-6.925582587444608,0,0,full,full,5,4
conf_sphere_r05,3,1949,"4,18,24",-6.563436874837202,-6.563240247002039,0,0,full,full,0,0
conf_sphere_r05,3,1950,"4,18,25",-6.830450434083233,-6.830050096646183,0,0,full,full,3,3
conf_sphere_r05,3,1951,"4,18,26",-6.7113806853069224,-6.710720563652464,0,0,full,full,2,1
conf_sphere_r05,3,1952,"4,18,27",-6.682375899268284,-6.6823284075551435,0,0,full,full,1,1
conf_sphere_r05,3,1953,"4,18,28",-6.902421730053221,-6.9019691237218455,0,0,full,full,4,4
conf_sphere_r05,3,1954,"4,18,29",-6.6073679572869315,-6.607043016299694,0,0,full,full,1,1
conf_sphere_r05,3,1955,"4,18,30",-6.801134631485087,-6.800777477795735,0,0,full,full,3,3
conf_sphere_r05,3,1956,"4,18,31",-6.864903171239598,-6.864401344397122,0,0,full,full,4,4
conf_sphere_r05,3,1957,"4,19,20",-7.324871489355364,-7.324428520065759,1,1,deficient,deficient,7,7
conf_sphere_r05,3,1958,"4,19,21",-6.594633687275228,-6.594582924447335,0,0,full,full,1,1
conf_sphere_r05,3,1959,"4,19,22",-7.6361811590311435,-7.6361229112582505,1,1,deficient,deficient,12,12
conf_sphere_r05,3,1960,"4,19,23",-6.8758138212286966,-6.875944067074287,0,0,full,full,0,0
conf_sphere_r05,3,1961,"4,19,24",-7.168075321309598,-7.1677512534692545,0,0,full,full,4,4
conf_sphere_r05,3,1962,"4,19,25",-7.445852272916441,-7.4454160440559525,0,0,full,full,7,7
conf_sphere_r05,3,1963,"4,19,26",-6.669856713564654,-6.669781065789427,0,0,full,full,0,0
conf_sphere_r05,3,1964,"4,19,27",-7.576022055912385,-7.575748660254034,0,0,full,full,10,10
conf_sphere_r05,3,1965,"4,19,28",-7.183075839517721,-7.18297909527912,0,0,full,full,2,2
conf_sphere_r05,3,1966,"4,19,29",-6.911139247874683,-6.910957297591392,0,0,full,full,3,2
conf_sphere_r05,3,1967,"4,19,30",-7.501073699884635,-7.500761540317371,0,0,full,full,7,7
conf_sphere_r05,3,1968,"4,19,31",-6.900403048831315,-6.900596389059434,0,0,full,full,0,1
conf_sphere_r05,3,1969,"4,20,21",-6.553700647257701,-6.5533192608413495,0,0,full,full,1,1
conf_sphere_r05,3,1970,"4,20,22",-8.12070948827309,-8.120302233981246,4,4,deficient,deficient,24,24
conf_sphere_r05,3,1971,"4,20,23",-7.367676939959173,-7.3675104749240266,1,1,deficient,deficient,4,4
conf_sphere_r05,3,1972,"4,20,24",-6.929043726444084,-6.928769153352312,0,0,full,full,2,2
conf_sphere_r05,3,1973,"4,20,25",-8.297729038157454,-8.296901145496554,5,5,deficient,deficient,31,30
conf_sphere_r05,3,1974,"4,20,26",-6.7728374713805195,-6.772113630458135,0,0,full,full,1,1
conf_sphere_r05,3,1975,"4,20,27",-7.655919245674813,-7.655796398279409,2,2,deficient,deficient,13,13
conf_sphere_r05,3,1976,"4,20,28",-7.910449464141483,-7.909928457955287,1,1,deficient,deficient,13,13
conf_sphere_r05,3,1977,"4,20,29",-6.82744590432762,-6.826877338670783,0,0,full,full,1,1
conf_sphere_r05,3,1978,"4,20,30",-8.190263587721319,-8.189639813982547,4,4,deficient,deficient,32,32
conf_sphere_r05,3,1979,"4,20,31",-7.168352760690362,-7.168249705120566,1,1,deficient,deficient,3,3
conf_sphere_r05,3,1980,"4,21,22",-6.568016327190003,-6.567769310030336,0,0,full,full,1,1
conf_sphere_r05,3,1981,"4,21,23",-6.569445465163268,-6.569335075788424,0,0,full,full,1,1
conf_sphere_r05,3,1982,"4,21,24",-6.6149874192811815,-6.614883182525272,0,0,full,full,1,1
conf_sphere_r05,3,1983,"4,21,25",-6.5658504835364475,-6.5657254216835055,0,0,full,full,1,1
conf_sphere_r05,3,1984,"4,21,26",-6.571902580000303,-6.571554617107535,0,0,full,full,1,1
conf_sphere_r05,3,1985,"4,21,27",-6.60262552947818,-6.602665836821967,0,0,full,full,1,1
conf_sphere_r05,3,1986,"4,21,28",-6.585677065025081,-6.585587379717129,0,0,full,full,1,1
conf_sphere_r05,3,1987,"4,21,29",-6.616380616306848,-6.616076158576444,0,0,full,full,2,1
conf_sphere_r05,3,1988,"4,21,30",-6.587751132177687,-6.58774037942532,0,0,full,full,1,1
conf_sphere_r05,3,1989,"4,21,31",-6.601565746154824,-6.601477528671957,0,0,full,full,1,1
conf_sphere_r05,3,1990,"4,22,23",-7.211670077914187,-7.211650538835875,1,1,deficient,deficient,4,4
conf_sphere_r05,3,1991,"4,22,24",-7.118136359668467,-7.118078931421007,1,1,deficient,deficient,4,4
conf_sphere_r05,3,1992,"4,22,25",-8.23552722833616,-8.235192857161266,5,5,deficient,deficient,23,23
conf_sphere_r05,3,1993,"4,22,26",-6.731099045036701,-6.730630296309879,0,0,full,full,0,0
conf_sphere_r05,3,1994,"4,22,27",-7.899991401302585,-7.900182593067568,2,2,deficient,deficient,12,13
conf_sphere_r05,3,1995,"4,22,28",-7.736569361409544,-7.736680567894499,1,1,deficient,deficient,11,11
conf_sphere_r05,3,1996,"4,22,29",-6.896271489809842,-6.896217142252137,0,0,full,full,2,2
conf_sphere_r05,3,1997,"4,22,30",-8.229192134963032,-8.229033814630036,4,4,deficient,deficient,27,27
conf_sphere_r05,3,1998,"4,22,31",-7.079774180463378,-7.0797870386314266,1,1,deficient,deficient,2,2
conf_sphere_r05,3,1999,"4,23,24",-6.76403679189371,-6.764137817873323,0,0,full,full,0,0
conf_sphere_r05,3,2000,"4,23,25",-7.297235844352038,-7.297380093258052,1,1,deficient,deficient,4,4
conf_sphere_r05,3,2001,"4,23,26",-6.814625505090066,-6.814240550112672,0,0,full,full,1,1
conf_sphere_r05,3,2002,"4,23,27",-7.073100591421684,-7.0734759441164465,0,0,full,full,0,1
conf_sphere_r05,3,2003,"4,23,28",-7.37114783874095,-7.371241181699887,1,1,deficient,deficient,4,4
conf_sphere_r05,3,2004,"4,23,29",-6.7607436130641725,-6.760681642264157,0,0,full,full,0,0
conf_sphere_r05,3,2005,"4,23,30",-7.273347649246123,-7.273539981131515,2,2,deficient,deficient,4,4
conf_sphere_r05,3,2006,"4,23,31",-7.14336890901015,-7.143427577626499,1,1,deficient,deficient,3,3
conf_sphere_r05,3,2007,"4,24,25",-7.027215734041481,-7.0269250224016355,0,0,full,full,3,3
conf_sphere_r05,3,2008,"4,24,26",-6.663007217451578,-6.662839998240526,0,0,full,full,1,1
conf_sphere_r05,3,2009,"4,24,27",-7.159432823044053,-7.159147773903647,0,0,full,full,4,4
conf_sphere_r05,3,2010,"4,24,28",-6.931416094019119,-6.9313458739865474,0,0,full,full,2,2
conf_sphere_r05,3,2011,"4,24,29",-6.889237124205687,-6.888950194838619,0,0,full,full,3,3
conf_sphere_r05,3,2012,"4,24,30",-7.090431898798337,-7.090181549577179,0,0,full,full,3,3
conf_sphere_r05,3,2013,"4,24,31",-6.819401784056328,-6.819524725526842,0,0,full,full,1,1
conf_sphere_r05,3,2014,"4,25,26",-6.763291247610082,-6.762902719798931,0,0,full,full,1,1
conf_sphere_r05,3,2015,"4,25,27",-7.79619324769407,-7.796105486956303,0,0,full,full,11,11
conf_sphere_r05,3,2016,"4,25,28",-7.877758251588528,-7.877577956416926,1,1,deficient,deficient,13,13
conf_sphere_r05,3,2017,"4,25,29",-6.865714236843998,-6.865373532319429,0,0,full,full,1,1
conf_sphere_r05,3,2018,"4,25,30",-8.247652407336364,-8.247078706114534,3,3,deficient,deficient,26,26
conf_sphere_r05,3,2019,"4,25,31",-7.150232965485412,-7.150456377993979,1,1,deficient,deficient,3,3
conf_sphere_r05,3,2020,"4,26,27",-6.737899100587318,-6.7377962362401895,0,0,full,full,0,0
conf_sphere_r05,3,2021,"4,26,28",-6.818527336203891,-6.8180889174551185,0,0,full,full,1,1
conf_sphere_r05,3,2022,"4,26,29",-6.687777701119463,-6.687427466480457,0,0,full,full,1,1
conf_sphere_r05,3,2023,"4,26,30",-6.7709438409603075,-6.7706205824775125,0,0,full,full,1,2
conf_sphere_r05,3,2024,"4,26,31",-6.817722672030167,-6.817270651697834,0,0,full,full,2,2
conf_sphere_r05,3,2025,"4,27,28",-7.449397279906178,-7.4495776219528596,0,0,full,full,2,2
conf_sphere_r05,3,2026,"4,27,29",-6.930144782103041,-6.929942467064605,0,0,full,full,3,2
conf_sphere_r05,3,2027,"4,27,30",-7.8449683972506286,-7.844964274375277,0,0,full,full,13,13
conf_sphere_r05,3,2028,"4,27,31",-7.045054862068095,-7.045455282481574,0,0,full,full,1,1
conf_sphere_r05,3,2029,"4,28,29",-6.845982332259295,-6.8457011014009845,0,0,full,full,1,1
conf_sphere_r05,3,2030,"4,28,30",-7.798942366231664,-7.798870480481952,2,2,deficient,deficient,12,12
conf_sphere_r05,3,2031,"4,28,31",-7.213679305844107,-7.2138780355614935,1,1,deficient,deficient,3,4
conf_sphere_r05,3,2032,"4,29,30",-6.902588610889514,-6.902336701525927,0,0,full,full,2,2
conf_sphere_r05,3,2033,"4,29,31",-6.8083859675271405,-6.808340147650592,0,0,full,full,1,1
conf_sphere_r05,3,2034,"4,30,31",-7.145023375745781,-7.145268869964518,1,1,deficient,deficient,3,3
conf_sphere_r05,3,2035,"5,6,7",-6.394673608116696,-6.394337825097031,0,0,full,full,0,0
conf_sphere_r05,3,2036,"5,6,8",-6.332777949584494,-6.332532161199646,0,0,full,full,0,0
conf_sphere_r05,3,2037,"5,6,9",-6.375445709370055,-6.375246339189801,0,0,full,full,0,0
conf_sphere_r05,3,2038,"5,6,10",-6.4652718165004694,-6.46516470398837,0,0,full,full,0,0
conf_sphere_r05,3,2039,"5,6,11",-6.359251967466939,-6.359106041636548,0,0,full,full,2,1
conf_sphere_r05,3,2040,"5,6,12",-6.375997124297306,-6.37573171669936,0,0,full,full,0,0
conf_sphere_r05,3,2041,"5,6,13",-6.389147256019908,-6.388852381602654,0,0,full,full,1,1
conf_sphere_r05,3,2042,"5,6,14",-6.383012685543635,-6.382701173609969,0,0,full,full,1,0
conf_sphere_r05,3,2043,"5,6,15",-6.432240534881281,-6.432067110482648,0,0,full,full,0,0
conf_sphere_r05,3,2044,"5,6,16",-6.359332832008435,-6.359075779559088,0,0,full,full,1,0
conf_sphere_r05,3,2045,"5,6,17",-6.377226022283652,-6.376899528731278,0,0,full,full,0,0
conf_sphere_r05,3,2046,"5,6,18",-6.455004816928363,-6.454744648160977,0,0,full,full,1,1
conf_sphere_r05,3,2047,"5,6,19",-6.385851087435663,-6.385662018022158,0,0,full,full,2,2
conf_sphere_r05,3,2048,"5,6,20",-6.398169850357594,-6.397851526929444,0,0,full,full,0,0
conf_sphere_r05,3,2049,"5,6,21",-6.3893615523498015,-6.389080584573427,0,0,full,full,0,0
conf_sphere_r05,3,2050,"5,6,22",-6.384993119738848,-6.384686278273941,0,0,full,full,0,0
conf_sphere_r05,3,2051,"5,6,23",-6.452560409423535,-6.452416999443783,0,0,full,full,0,0
conf_sphere_r05,3,2052,"5,6,24",-6.389704277469933,-6.389554506220761,0,0,full,full,2,2
conf_sphere_r05,3,2053,"5,6,25",-6.38967695439504,-6.389565215510841,0,0,full,full,0,0
conf_sphere_r05,3,2054,"5,6,26",-6.436473556767165,-6.436203479586187,0,0,full,full,0,0
conf_sphere_r05,3,2055,"5,6,27",-6.397150225396726,-6.396994668337197,0,0,full,full,1,1
conf_sphere_r05,3,2056,"5,6,28",-6.426894796938251,-6.426777050835537,0,0,full,full,0,0
conf_sphere_r05,3,2057,"5,6,29",-6.40719719281852,-6.407027389737006,0,0,full,full,1,1
conf_sphere_r05,3,2058,"5,6,30",-6.397019102570219,-6.396914734757975,0,0,full,full,1,1
conf_sphere_r05,3,2059,"5,6,31",-6.447781432211218,-6.447633510992667,0,0,full,full,0,0
conf_sphere_r05,3,2060,"5,7,8",-6.346568683413891,-6.346236215961617,0,0,full,full,0,0
conf_sphere_r05,3,2061,"5,7,9",-6.542372516052508,-6.5420666424516725,0,0,full,full,1,1
conf_sphere_r05,3,2062,"5,7,10",-6.7131401668072925,-6.712758276654076,0,0,full,full,3,3
conf_sphere_r05,3,2063,"5,7,11",-6.344438315102783,-6.34430103636165,0,0,full,full,0,0
conf_sphere_r05,3,2064,"5,7,12",-6.605323494609301,-6.604519971592616,0,0,full,full,1,1
conf_sphere_r05,3,2065,"5,7,13",-6.470302548156303,-6.469807913320914,0,0,full,full,3,3
conf_sphere_r05,3,2066,"5,7,14",-6.453598250506728,-6.453388655922769,0,0,full,full,0,0
conf_sphere_r05,3,2067,"5,7,15",-6.685816874077648,-6.685355426193893,0,0,full,full,3,3
conf_sphere_r05,3,2068,"5,7,16",-6.354592476337171,-6.354253097762356,0,0,full,full,0,0
conf_sphere_r05,3,2069,"5,7,17",-6.558805129087797,-6.558117634388287,0,0,full,full,1,1
conf_sphere_r05,3,2070,"5,7,18",-6.634570501737925,-6.634009661434603,0,0,full,full,3,3
conf_sphere_r05,3,2071,"5,7,19",-6.394573467353127,-6.394328131482015,0,0,full,full,0,0
conf_sphere_r05,3,2072,"5,7,20",-6.627894372367404,-6.627132564217701,0,0,full,full,3,3
conf_sphere_r05,3,2073,"5,7,21",-6.428929017919148,-6.4284884269987,0,0,full,full,2,1
conf_sphere_r05,3,2074,"5,7,22",-6.492914335254683,-6.492666291629601,0,0,full,full,0,0
conf_sphere_r05,3,2075,"5,7,23",-6.66587574699192,-6.665548480309894,0,0,full,full,3,3
conf_sphere_r05,3,2076,"5,7,24",-6.3947230194920435,-6.394477392526709,0,0,full,full,0,0
conf_sphere_r05,3,2077,"5,7,25",-6.572810268122569,-6.572442243256487,0,0,full,full,2,2
conf_sphere_r05,3,2078,"5,7,26",-6.544522533780539,-6.544010328700665,0,0,full,full,2,2
conf_sphere_r05,3,2079,"5,7,27",-6.4510007381302215,-6.450902115595556,0,0,full,full,0,0
conf_sphere_r05,3,2080,"5,7,28",-6.627837336820685,-6.6275135049503335,0,0,full,full,3,3
conf_sphere_r05,3,2081,"5,7,29",-6.441054234285125,-6.440703181891831,0,0,full,full,0,0
conf_sphere_r05,3,2082,"5,7,30",-6.528673655518331,-6.528486192270904,0,0,full,full,1,1
conf_sphere_r05,3,2083,"5,7,31",-6.597869937362949,-6.597598477394851,0,0,full,full,3,2
conf_sphere_r05,3,2084,"5,8,9",-6.339292187668899,-6.339093799131757,0,0,full,full,0,0
conf_sphere_r05,3,2085,"5,8,10",-6.382501165965649,-6.382416802112017,0,0,full,full,3,3
conf_sphere_r05,3,2086,"5,8,11",-6.344071672577499,-6.344023055519349,0,0,full,full,2,2
conf_sphere_r05,3,2087,"5,8,12",-6.340212702828204,-6.339925700290514,0,0,full,full,1,0
conf_sphere_r05,3,2088,"5,8,13",-6.392040170701088,-6.391720892868898,0,0,full,full,3,3
conf_sphere_r05,3,2089,"5,8,14",-6.332882332643724,-6.332697868519327,0,0,full,full,0,0
conf_sphere_r05,3,2090,"5,8,15",-6.3592239439191465,-6.359103510219363,0,0,full,full,2,2
conf_sphere_r05,3,2091,"5,8,16",-6.367969215142902,-6.367657124823611,0,0,full,full,3,3
conf_sphere_r05,3,2092,"5,8,17",-6.337585743632971,-6.337201539306077,0,0,full,full,0,0
conf_sphere_r05,3,2093,"5,8,18",-6.3910216598947605,-6.390685721837321,0,0,full,full,3,3
conf_sphere_r05,3,2094,"5,8,19",-6.342103855107129,-6.34202060804194,0,0,full,full,1,1
conf_sphere_r05,3,2095,"5,8,20",-6.3427466208489385,-6.342411814548283,0,0,full,full,0,0
conf_sphere_r05,3,2096,"5,8,21",-6.385035430969396,-6.384704446492518,0,0,full,full,3,3
conf_sphere_r05,3,2097,"5,8,22",-6.333573259630797,-6.333299376609433,0,0,full,full,0,0
conf_sphere_r05,3,2098,"5,8,23",-6.371342194417977,-6.371227519928143,0,0,full,full,3,3
conf_sphere_r05,3,2099,"5,8,24",-6.358184695952813,-6.358050289472313,0,0,full,full,3,2
conf_sphere_r05,3,2100,"5,8,25",-6.338483898064015,-6.338382947822537,0,0,full,full,0,0
conf_sphere_r05,3,2101,"5,8,26",-6.386632283623452,-6.386321809293139,0,0,full,full,3,3
conf_sphere_r05,3,2102,"5,8,27",-6.340869470108175,-6.340784595093811,0,0,full,full,1,1
conf_sphere_r05,3,2103,"5,8,28",-6.3557430390249445,-6.3556792972094645,0,0,full,full,1,1
conf_sphere_r05,3,2104,"5,8,29",-6.372114002538788,-6.371873939844853,0,0,full,full,3,3
conf_sphere_r05,3,2105,"5,8,30",-6.340942757311521,-6.340844840919786,0,0,full,full,1,1
conf_sphere_r05,3,2106,"5,8,31",-6.374728520822407,-6.374621046031292,0,0,full,full,3,3
conf_sphere_r05,3,2107,"5,9,10",-6.623231635763161,-6.623144272212609,0,0,full,full,1,1
conf_sphere_r05,3,2108,"5,9,11",-6.3385493453144335,-6.338519163911788,0,0,full,full,0,0
conf_sphere_r05,3,2109,"5,9,12",-6.5180930263509484,-6.517721204364643,0,0,full,full,1,1
conf_sphere_r05,3,2110,"5,9,13",-6.443590401195251,-6.4433217934755485,0,0,full,full,1,1
conf_sphere_r05,3,2111,"5,9,14",-6.431753644046853,-6.431702636977799,0,0,full,full,0,0
conf_sphere_r05,3,2112,"5,9,15",-6.587156968291694,-6.587114121105361,0,0,full,full,1,1
conf_sphere_r05,3,2113,"5,9,16",-6.351563518083681,-6.351374208988785,0,0,full,full,0,0
conf_sphere_r05,3,2114,"5,9,17",-6.507816645508524,-6.507469686080004,0,0,full,full,1,1
conf_sphere_r05,3,2115,"5,9,18",-6.579798576442507,-6.579565667512855,0,0,full,full,1,1
conf_sphere_r05,3,2116,"5,9,19",-6.384738793164389,-6.384636210542997,0,0,full,full,0,0
conf_sphere_r05,3,2117,"5,9,20",-6.544474763164433,-6.544186401704932,0,0,full,full,1,1
conf_sphere_r05,3,2118,"5,9,21",-6.414990898811969,-6.4147484410528355,0,0,full,full,1,1
conf_sphere_r05,3,2119,"5,9,22",-6.46740166370175,-6.467361916792068,0,0,full,full,1,1
conf_sphere_r05,3,2120,"5,9,23",-6.59603244941375,-6.59603047771279,0,0,full,full,1,1
conf_sphere_r05,3,2121,"5,9,24",-6.388636505475483,-6.3885598325328825,0,0,full,full,0,0
conf_sphere_r05,3,2122,"5,9,25",-6.5200045479816655,-6.520026567466933,0,0,full,full,1,1
conf_sphere_r05,3,2123,"5,9,26",-6.515003773607963,-6.514768036233082,0,0,full,full,1,1
conf_sphere_r05,3,2124,"5,9,27",-6.43570779174622,-6.4357897067020735,0,0,full,full,1,1
conf_sphere_r05,3,2125,"5,9,28",-6.564786943857848,-6.564803730088549,0,0,full,full,1,1
conf_sphere_r05,3,2126,"5,9,29",-6.429609808222631,-6.429468677579925,0,0,full,full,1,1
conf_sphere_r05,3,2127,"5,9,30",-6.497107622195599,-6.49721362006562,0,0,full,full,2,2
conf_sphere_r05,3,2128,"5,9,31",-6.557294532137067,-6.557293691090972,0,0,full,full,1,1
conf_sphere_r05,3,2129,"5,10,11",-6.391070397144894,-6.3911805742706,0,0,full,full,1,1
conf_sphere_r05,3,2130,"5,10,12",-6.678676698051548,-6.678127602491698,0,0,full,full,2,1
conf_sphere_r05,3,2131,"5,10,13",-6.5225384265286594,-6.522380967644743,0,0,full,full,3,3
conf_sphere_r05,3,2132,"5,10,14",-6.52996850430441,-6.529984022233272,0,0,full,full,1,1
conf_sphere_r05,3,2133,"5,10,15",-6.748579690337862,-6.748584763722791,0,0,full,full,3,3
conf_sphere_r05,3,2134,"5,10,16",-6.390666757028528,-6.3905511585586,0,0,full,full,3,3
conf_sphere_r05,3,2135,"5,10,17",-6.63664181778678,-6.636165062879732,0,0,full,full,2,2
conf_sphere_r05,3,2136,"5,10,18",-6.6994588309226515,-6.699150660218752,0,0,full,full,3,3
conf_sphere_r05,3,2137,"5,10,19",-6.451758546529639,-6.45177962486825,0,0,full,full,1,1
conf_sphere_r05,3,2138,"5,10,20",-6.693907528534953,-6.693358553430033,0,0,full,full,3,3
conf_sphere_r05,3,2139,"5,10,21",-6.474509320065734,-6.474324994264215,0,0,full,full,3,3
conf_sphere_r05,3,2140,"5,10,22",-6.568184640485759,-6.568092135012868,0,0,full,full,2,2
conf_sphere_r05,3,2141,"5,10,23",-6.729295624576657,-6.729269537032767,0,0,full,full,3,3
conf_sphere_r05,3,2142,"5,10,24",-6.438933395832289,-6.438914546650316,0,0,full,full,2,2
conf_sphere_r05,3,2143,"5,10,25",-6.644811802434911,-6.644742625240594,0,0,full,full,3,3
conf_sphere_r05,3,2144,"5,10,26",-6.6004853664697825,-6.6002056908650095,0,0,full,full,3,3
conf_sphere_r05,3,2145,"5,10,27",-6.514972340706039,-6.51513517669048,0,0,full,full,2,2
conf_sphere_r05,3,2146,"5,10,28",-6.692082968343405,-6.692113678154944,0,0,full,full,3,3
conf_sphere_r05,3,2147,"5,10,29",-6.486407213915564,-6.486261767301581,0,0,full,full,3,3
conf_sphere_r05,3,2148,"5,10,30",-6.600408411809656,-6.600515498873122,0,0,full,full,2,2
conf_sphere_r05,3,2149,"5,10,31",-6.656919088699699,-6.656910114970581,0,0,full,full,3,3
conf_sphere_r05,3,2150,"5,11,12",-6.335276782719721,-6.335204792455567,0,0,full,full,0,0
conf_sphere_r05,3,2151,"5,11,13",-6.367906660697787,-6.367864341271833,0,0,full,full,3,3
conf_sphere_r05,3,2152,"5,11,14",-6.354062486550808,-6.3539707584372245,0,0,full,full,0,0
conf_sphere_r05,3,2153,"5,11,15",-6.369807555830345,-6.36985197846338,0,0,full,full,1,1
conf_sphere_r05,3,2154,"5,11,16",-6.377262195941223,-6.377189020568192,0,0,full,full,2,2
conf_sphere_r05,3,2155,"5,11,17",-6.339106564035981,-6.338949120474898,0,0,full,full,0,0
conf_sphere_r05,3,2156,"5,11,18",-6.397472038640743,-6.397400750943293,0,0,full,full,2,2
conf_sphere_r05,3,2157,"5,11,19",-6.380757760089776,-6.380778861998877,0,0,full,full,2,2
conf_sphere_r05,3,2158,"5,11,20",-6.3488276880631,-6.348697679175136,0,0,full,full,0,0
conf_sphere_r05,3,2159,"5,11,21",-6.383044040671912,-6.382965910175371,0,0,full,full,2,2
conf_sphere_r05,3,2160,"5,11,22",-6.351692263233942,-6.351561142120341,0,0,full,full,0,0
conf_sphere_r05,3,2161,"5,11,23",-6.390133329173467,-6.390196169811737,0,0,full,full,0,0
conf_sphere_r05,3,2162,"5,11,24",-6.393130150555841,-6.393128410712033,0,0,full,full,2,2
conf_sphere_r05,3,2163,"5,11,25",-6.347435292940652,-6.347514637261809,0,0,full,full,0,0
conf_sphere_r05,3,2164,"5,11,26",-6.3994122203249635,-6.399327120422596,0,0,full,full,2,2
conf_sphere_r05,3,2165,"5,11,27",-6.374730382220679,-6.374786987626933,0,0,full,full,1,1
conf_sphere_r05,3,2166,"5,11,28",-6.37334356940095,-6.373441746204906,0,0,full,full,1,1
conf_sphere_r05,3,2167,"5,11,29",-6.397667824165933,-6.39763911785939,0,0,full,full,2,2
conf_sphere_r05,3,2168,"5,11,30",-6.360235043269291,-6.360334813112626,0,0,full,full,1,1
conf_sphere_r05,3,2169,"5,11,31",-6.398121098795819,-6.398178513163994,0,0,full,full,1,1
conf_sphere_r05,3,2170,"5,12,13",-6.456855356169244,-6.456395504391011,0,0,full,full,1,1
conf_sphere_r05,3,2171,"5,12,14",-6.434673285760363,-6.434521013901746,0,0,full,full,0,0
conf_sphere_r05,3,2172,"5,12,15",-6.647530702336511,-6.6468522988487235,0,0,full,full,2,2
conf_sphere_r05,3,2173,"5,12,16",-6.349643982192523,-6.349359946084472,0,0,full,full,0,0
conf_sphere_r05,3,2174,"5,12,17",-6.535781994178684,-6.5351007091174615,0,0,full,full,1,1
conf_sphere_r05,3,2175,"5,12,18",-6.612702133115575,-6.612138831427332,0,0,full,full,1,1
conf_sphere_r05,3,2176,"5,12,19",-6.383395346785012,-6.3831982395310085,0,0,full,full,0,0
conf_sphere_r05,3,2177,"5,12,20",-6.597658689729504,-6.596819207070257,0,0,full,full,1,1
conf_sphere_r05,3,2178,"5,12,21",-6.420167115670461,-6.419759892367841,0,0,full,full,1,1
conf_sphere_r05,3,2179,"5,12,22",-6.4748330366766025,-6.474561194993845,0,0,full,full,1,1
conf_sphere_r05,3,2180,"5,12,23",-6.639748660572704,-6.6393202691138695,0,0,full,full,1,1
conf_sphere_r05,3,2181,"5,12,24",-6.387786608662422,-6.387585851768703,0,0,full,full,0,0
conf_sphere_r05,3,2182,"5,12,25",-6.5502437042935,-6.549828607017483,0,0,full,full,1,1
conf_sphere_r05,3,2183,"5,12,26",-6.530030881131759,-6.529536954160358,0,0,full,full,1,1
conf_sphere_r05,3,2184,"5,12,27",-6.438174433838852,-6.43810338179962,0,0,full,full,0,0
conf_sphere_r05,3,2185,"5,12,28",-6.603791135813946,-6.603366596509508,0,0,full,full,1,1
conf_sphere_r05,3,2186,"5,12,29",-6.4329245419012,-6.432607202769141,0,0,full,full,1,1
conf_sphere_r05,3,2187,"5,12,30",-6.5108961872467,-6.510674032852538,0,0,full,full,1,1
conf_sphere_r05,3,2188,"5,12,31",-6.579883601799453,-6.579574427982299,0,0,full,full,1,1
conf_sphere_r05,3,2189,"5,13,14",-6.41366937587498,-6.413457341743645,0,0,full,full,2,2
conf_sphere_r05,3,2190,"5,13,15",-6.492649666245547,-6.492493441925541,0,0,full,full,3,3
conf_sphere_r05,3,2191,"5,13,16",-6.387896269329561,-6.3875653691689065,0,0,full,full,3,3
conf_sphere_r05,3,2192,"5,13,17",-6.446938266617111,-6.446413225804787,0,0,full,full,2,2
conf_sphere_r05,3,2193,"5,13,18",-6.521733814864506,-6.52134959352312,0,0,full,full,3,3
conf_sphere_r05,3,2194,"5,13,19",-6.394071463290837,-6.3939573928655715,0,0,full,full,3,2
conf_sphere_r05,3,2195,"5,13,20",-6.46618989077209,-6.46571385595689,0,0,full,full,3,3
conf_sphere_r05,3,2196,"5,13,21",-6.447281694755199,-6.4468422913399595,0,0,full,full,3,3
conf_sphere_r05,3,2197,"5,13,22",-6.427172361493434,-6.4268617507346955,0,0,full,full,2,2
conf_sphere_r05,3,2198,"5,13,23",-6.504044691703015,-6.503922645711883,0,0,full,full,3,3
conf_sphere_r05,3,2199,"5,13,24",-6.402663688659381,-6.402493766471113,0,0,full,full,3,3
conf_sphere_r05,3,2200,"5,13,25",-6.4522192660268916,-6.452075903453657,0,0,full,full,3,3
conf_sphere_r05,3,2201,"5,13,26",-6.4932688923530035,-6.492883482417398,0,0,full,full,3,3
conf_sphere_r05,3,2202,"5,13,27",-6.417417585402112,-6.417375487610242,0,0,full,full,3,3
conf_sphere_r05,3,2203,"5,13,28",-6.480851217077184,-6.480776623258123,0,0,full,full,3,3
conf_sphere_r05,3,2204,"5,13,29",-6.43582609221732,-6.435512315042413,0,0,full,full,3,3
conf_sphere_r05,3,2205,"5,13,30",-6.444067956250499,-6.443971965359027,0,0,full,full,3,3
conf_sphere_r05,3,2206,"5,13,31",-6.493152124159062,-6.493040308200129,0,0,full,full,3,3
conf_sphere_r05,3,2207,"5,14,15",-6.497277195686305,-6.497270217503216,0,0,full,full,0,0
conf_sphere_r05,3,2208,"5,14,16",-6.359173852292684,-6.358976683352483,0,0,full,full,0,0
conf_sphere_r05,3,2209,"5,14,17",-6.437133372943057,-6.436900127516058,0,0,full,full,0,0
conf_sphere_r05,3,2210,"5,14,18",-6.513136448429042,-6.513015900670041,0,0,full,full,2,2
conf_sphere_r05,3,2211,"5,14,19",-6.398965047009041,-6.398843685034146,0,0,full,full,2,2
conf_sphere_r05,3,2212,"5,14,20",-6.461994393592973,-6.461817592586095,0,0,full,full,0,0
conf_sphere_r05,3,2213,"5,14,21",-6.406784156205199,-6.406581330475301,0,0,full,full,0,0
conf_sphere_r05,3,2214,"5,14,22",-6.439320649837784,-6.439145084111024,0,0,full,full,2,2
conf_sphere_r05,3,2215,"5,14,23",-6.518324379424672,-6.518361689778603,0,0,full,full,0,0
conf_sphere_r05,3,2216,"5,14,24",-6.400176131590308,-6.400078190496873,0,0,full,full,1,1
conf_sphere_r05,3,2217,"5,14,25",-6.4526379963300355,-6.452683368177005,0,0,full,full,0,0
conf_sphere_r05,3,2218,"5,14,26",-6.482264023094147,-6.4821261384967555,0,0,full,full,2,2
conf_sphere_r05,3,2219,"5,14,27",-6.436763788244289,-6.436796436740914,0,0,full,full,2,2
conf_sphere_r05,3,2220,"5,14,28",-6.492379416802058,-6.492428232980971,0,0,full,full,0,0
conf_sphere_r05,3,2221,"5,14,29",-6.429825968298842,-6.429724813131612,0,0,full,full,1,1
conf_sphere_r05,3,2222,"5,14,30",-6.456241350179534,-6.456303559363999,0,0,full,full,2,2
conf_sphere_r05,3,2223,"5,14,31",-6.506876991856549,-6.506906876804141,0,0,full,full,1,2
conf_sphere_r05,3,2224,"5,15,16",-6.373549057398377,-6.373368494467348,0,0,full,full,1,1
conf_sphere_r05,3,2225,"5,15,17",-6.605483290194838,-6.604928362448887,0,0,full,full,2,2
conf_sphere_r05,3,2226,"5,15,18",-6.669993082114391,-6.6697436975017625,0,0,full,full,3,3
conf_sphere_r05,3,2227,"5,15,19",-6.429072714822681,-6.42901404103315,0,0,full,full,1,1
conf_sphere_r05,3,2228,"5,15,20",-6.673579456528372,-6.6728803875295375,0,0,full,full,3,3
conf_sphere_r05,3,2229,"5,15,21",-6.453309411466951,-6.453080628207787,0,0,full,full,3,3
conf_sphere_r05,3,2230,"5,15,22",-6.539296266795392,-6.53927853385911,0,0,full,full,1,1
conf_sphere_r05,3,2231,"5,15,23",-6.71277748370046,-6.712827049823469,0,0,full,full,3,3
conf_sphere_r05,3,2232,"5,15,24",-6.422623886992162,-6.422537314765499,0,0,full,full,1,1
conf_sphere_r05,3,2233,"5,15,25",-6.620936521532395,-6.620913903841572,0,0,full,full,3,3
conf_sphere_r05,3,2234,"5,15,26",-6.578702012689155,-6.578429051953886,0,0,full,full,3,3
conf_sphere_r05,3,2235,"5,15,27",-6.492249904854337,-6.492402588973698,0,0,full,full,1,1
conf_sphere_r05,3,2236,"5,15,28",-6.677801874212032,-6.677876811931236,0,0,full,full,3,3
conf_sphere_r05,3,2237,"5,15,29",-6.470300558143981,-6.470105023372383,0,0,full,full,2,2
conf_sphere_r05,3,2238,"5,15,30",-6.576974234111248,-6.577133200349917,0,0,full,full,2,2
conf_sphere_r05,3,2239,"5,15,31",-6.639922474681981,-6.639958418779999,0,0,full,full,3,3
conf_sphere_r05,3,2240,"5,16,17",-6.352596508182428,-6.352225733648501,0,0,full,full,0,0
conf_sphere_r05,3,2241,"5,16,18",-6.404268887533152,-6.403956224563258,0,0,full,full,3,3
conf_sphere_r05,3,2242,"5,16,19",-6.381109443690282,-6.380986519302465,0,0,full,full,2,2
conf_sphere_r05,3,2243,"5,16,20",-6.3587294030656265,-6.358400077547459,0,0,full,full,0,0
conf_sphere_r05,3,2244,"5,16,21",-6.403495373904521,-6.403186196449484,0,0,full,full,3,3
conf_sphere_r05,3,2245,"5,16,22",-6.359977379697471,-6.359698886582311,0,0,full,full,0,0
conf_sphere_r05,3,2246,"5,16,23",-6.392784210780452,-6.392621127666638,0,0,full,full,1,1
conf_sphere_r05,3,2247,"5,16,24",-6.400438690667927,-6.400275318435604,0,0,full,full,3,3
conf_sphere_r05,3,2248,"5,16,25",-6.358775574106361,-6.35867577717456,0,0,full,full,0,0
conf_sphere_r05,3,2249,"5,16,26",-6.410541743879779,-6.41022911912649,0,0,full,full,3,3
conf_sphere_r05,3,2250,"5,16,27",-6.378484941216542,-6.378362535332902,0,0,full,full,1,1
conf_sphere_r05,3,2251,"5,16,28",-6.379280550952157,-6.379166262119108,0,0,full,full,1,1
conf_sphere_r05,3,2252,"5,16,29",-6.410378962449713,-6.410121336731955,0,0,full,full,3,3
conf_sphere_r05,3,2253,"5,16,30",-6.368971026061829,-6.368861425779025,0,0,full,full,1,1
conf_sphere_r05,3,2254,"5,16,31",-6.403608698791506,-6.403459169102349,0,0,full,full,2,2
conf_sphere_r05,3,2255,"5,17,18",-6.591443694724287,-6.590862613685912,0,0,full,full,2,2
conf_sphere_r05,3,2256,"5,17,19",-6.389121534705788,-6.388849900258293,0,0,full,full,0,0
conf_sphere_r05,3,2257,"5,17,20",-6.565224970093356,-6.564399050676311,0,0,full,full,2,1
conf_sphere_r05,3,2258,"5,17,21",-6.419175726651612,-6.418702092062366,0,0,full,full,1,1
conf_sphere_r05,3,2259,"5,17,22",-6.477137509871016,-6.476769105816924,0,0,full,full,1,1
conf_sphere_r05,3,2260,"5,17,23",-6.613907997669181,-6.613448305437153,0,0,full,full,2,2
conf_sphere_r05,3,2261,"5,17,24",-6.393183376852944,-6.392914471219229,0,0,full,full,0,0
conf_sphere_r05,3,2262,"5,17,25",-6.539389225413293,-6.538797154180029,0,0,full,full,3,3
conf_sphere_r05,3,2263,"5,17,26",-6.524141898479671,-6.523604976301711,0,0,full,full,2,1
conf_sphere_r05,3,2264,"5,17,27",-6.443982524753659,-6.443836917293461,0,0,full,full,1,1
conf_sphere_r05,3,2265,"5,17,28",-6.584835442231209,-6.58431120437016,0,0,full,full,2,2
conf_sphere_r05,3,2266,"5,17,29",-6.4359935164101785,-6.435616095413756,0,0,full,full,1,1
conf_sphere_r05,3,2267,"5,17,30",-6.511201163771388,-6.510858444279762,0,0,full,full,2,2
conf_sphere_r05,3,2268,"5,17,31",-6.571292709722397,-6.570913757048091,0,0,full,full,2,2
conf_sphere_r05,3,2269,"5,18,19",-6.454281290982174,-6.454134762057727,0,0,full,full,2,2
conf_sphere_r05,3,2270,"5,18,20",-6.631399273882635,-6.630806125693316,0,0,full,full,3,3
conf_sphere_r05,3,2271,"5,18,21",-6.48542740002938,-6.485040067259688,0,0,full,full,3,3
conf_sphere_r05,3,2272,"5,18,22",-6.547014274615077,-6.546783435884075,0,0,full,full,3,2
conf_sphere_r05,3,2273,"5,18,23",-6.676976808321504,-6.676785326155389,0,0,full,full,3,3
conf_sphere_r05,3,2274,"5,18,24",-6.449608514756579,-6.4494242375843305,0,0,full,full,3,3
conf_sphere_r05,3,2275,"5,18,25",-6.602789506764192,-6.602609836086256,0,0,full,full,3,3
conf_sphere_r05,3,2276,"5,18,26",-6.599707810756497,-6.5992415601887675,0,0,full,full,3,3
conf_sphere_r05,3,2277,"5,18,27",-6.510838880230382,-6.510868813104885,0,0,full,full,3,3
conf_sphere_r05,3,2278,"5,18,28",-6.646051791122703,-6.645952104225275,0,0,full,full,3,3
conf_sphere_r05,3,2279,"5,18,29",-6.496884117819344,-6.4965674965014175,0,0,full,full,3,3
conf_sphere_r05,3,2280,"5,18,30",-6.57711205358236,-6.577078329647997,0,0,full,full,3,3
conf_sphere_r05,3,2281,"5,18,31",-6.637909043704683,-6.6377788583578035,0,0,full,full,3,3
conf_sphere_r05,3,2282,"5,19,20",-6.404394664816149,-6.404132905112419,0,0,full,full,0,0
conf_sphere_r05,3,2283,"5,19,21",-6.40720503622714,-6.407084769376756,0,0,full,full,2,2
conf_sphere_r05,3,2284,"5,19,22",-6.403152560326443,-6.402934534795124,0,0,full,full,1,0
conf_sphere_r05,3,2285,"5,19,23",-6.45337186285578,-6.453333977753351,0,0,full,full,1,1
conf_sphere_r05,3,2286,"5,19,24",-6.418822359765377,-6.418826662518198,0,0,full,full,3,3
conf_sphere_r05,3,2287,"5,19,25",-6.402531480451459,-6.402526807334594,0,0,full,full,0,0
conf_sphere_r05,3,2288,"5,19,26",-6.449510903624531,-6.4493579152258755,0,0,full,full,2,2
conf_sphere_r05,3,2289,"5,19,27",-6.424637117631577,-6.42463560470684,0,0,full,full,2,2
conf_sphere_r05,3,2290,"5,19,28",-6.4349387847252375,-6.43491946583765,0,0,full,full,1,1
conf_sphere_r05,3,2291,"5,19,29",-6.433083171353955,-6.433034232653469,0,0,full,full,2,2
conf_sphere_r05,3,2292,"5,19,30",-6.41684577592998,-6.416858963380107,0,0,full,full,1,1
conf_sphere_r05,3,2293,"5,19,31",-6.458753505509325,-6.4587068912251455,0,0,full,full,1,1
conf_sphere_r05,3,2294,"5,20,21",-6.433185845031288,-6.432753495093971,0,0,full,full,2,1
conf_sphere_r05,3,2295,"5,20,22",-6.505505033605642,-6.505252272675619,0,0,full,full,1,1
conf_sphere_r05,3,2296,"5,20,23",-6.667478278335821,-6.667037242519336,0,0,full,full,3,3
conf_sphere_r05,3,2297,"5,20,24",-6.404614162932075,-6.404363012097147,0,0,full,full,0,0
conf_sphere_r05,3,2298,"5,20,25",-6.584891012989298,-6.584421610606708,0,0,full,full,3,3
conf_sphere_r05,3,2299,"5,20,26",-6.55061683464114,-6.5500972818732865,0,0,full,full,3,3
conf_sphere_r05,3,2300,"5,20,27",-6.464857702000868,-6.464755302171397,0,0,full,full,0,0
conf_sphere_r05,3,2301,"5,20,28",-6.637473272777936,-6.636993745707935,0,0,full,full,3,3
conf_sphere_r05,3,2302,"5,20,29",-6.45116785259949,-6.4508091901905456,0,0,full,full,0,0
conf_sphere_r05,3,2303,"5,20,30",-6.543248184638625,-6.5430185061469865,0,0,full,full,3,3
conf_sphere_r05,3,2304,"5,20,31",-6.607352947471999,-6.607039864048886,0,0,full,full,3,3
conf_sphere_r05,3,2305,"5,21,22",-6.416413734421283,-6.416104546718371,0,0,full,full,1,1
conf_sphere_r05,3,2306,"5,21,23",-6.473117001431489,-6.4729212776084175,0,0,full,full,3,3
conf_sphere_r05,3,2307,"5,21,24",-6.422157696785263,-6.421991157668357,0,0,full,full,3,3
conf_sphere_r05,3,2308,"5,21,25",-6.427961805265558,-6.427826673536067,0,0,full,full,1,1
conf_sphere_r05,3,2309,"5,21,26",-6.4814385956162095,-6.481073834355716,0,0,full,full,3,3
conf_sphere_r05,3,2310,"5,21,27",-6.423074977882461,-6.4229938787854985,0,0,full,full,2,2
conf_sphere_r05,3,2311,"5,21,28",-6.455378515492121,-6.455245148174697,0,0,full,full,3,3
conf_sphere_r05,3,2312,"5,21,29",-6.451286483088533,-6.450980500733851,0,0,full,full,3,3
conf_sphere_r05,3,2313,"5,21,30",-6.431806487854447,-6.431681581133428,0,0,full,full,2,2
conf_sphere_r05,3,2314,"5,21,31",-6.477699780800859,-6.47754571276699,0,0,full,full,3,3
conf_sphere_r05,3,2315,"5,22,23",-6.559979738599943,-6.559968331118684,0,0,full,full,2,2
conf_sphere_r05,3,2316,"5,22,24",-6.405154057632292,-6.404971783205021,0,0,full,full,0,0
conf_sphere_r05,3,2317,"5,22,25",-6.495733772612597,-6.495761607092212,0,0,full,full,2,2
conf_sphere_r05,3,2318,"5,22,26",-6.506973154711086,-6.5066975981038855,0,0,full,full,2,2
conf_sphere_r05,3,2319,"5,22,27",-6.453542660574823,-6.453507263960418,0,0,full,full,3,3
conf_sphere_r05,3,2320,"5,22,28",-6.535860763645661,-6.535862099371581,0,0,full,full,2,2
conf_sphere_r05,3,2321,"5,22,29",-6.441008514210592,-6.440783300047933,0,0,full,full,1,1
conf_sphere_r05,3,2322,"5,22,30",-6.494651124868331,-6.4946610709258294,0,0,full,full,3,3
conf_sphere_r05,3,2323,"5,22,31",-6.5429336305988,-6.542883454613215,0,0,full,full,2,2
conf_sphere_r05,3,2324,"5,23,24",-6.44657960163041,-6.4465067542993095,0,0,full,full,1,1
conf_sphere_r05,3,2325,"5,23,25",-6.630959517500964,-6.631003409018502,0,0,full,full,3,3
conf_sphere_r05,3,2326,"5,23,26",-6.59854826386477,-6.598289950191045,0,0,full,full,3,3
conf_sphere_r05,3,2327,"5,23,27",-6.51753039686124,-6.517708277110157,0,0,full,full,1,1
conf_sphere_r05,3,2328,"5,23,28",-6.685713791249079,-6.685867598047066,0,0,full,full,3,3
conf_sphere_r05,3,2329,"5,23,29",-6.494385833703285,-6.494194686751846,0,0,full,full,3,3
conf_sphere_r05,3,2330,"5,23,30",-6.596636838276685,-6.596814500879446,0,0,full,full,3,3
conf_sphere_r05,3,2331,"5,23,31",-6.659887731026699,-6.659927113215327,0,0,full,full,3,3
conf_sphere_r05,3,2332,"5,24,25",-6.404889879848143,-6.404877785470731,0,0,full,full,0,0
conf_sphere_r05,3,2333,"5,24,26",-6.453425250971476,-6.45322912380812,0,0,full,full,3,3
conf_sphere_r05,3,2334,"5,24,27",-6.426641951396829,-6.426665667564815,0,0,full,full,2,2
conf_sphere_r05,3,2335,"5,24,28",-6.432024239102806,-6.431992043775826,0,0,full,full,1,1
conf_sphere_r05,3,2336,"5,24,29",-6.447189858678444,-6.447042370298236,0,0,full,full,3,3
conf_sphere_r05,3,2337,"5,24,30",-6.418304761201342,-6.418322203335399,0,0,full,full,1,1
conf_sphere_r05,3,2338,"5,24,31",-6.457116227296508,-6.457041043189707,0,0,full,full,3,3
conf_sphere_r05,3,2339,"5,25,26",-6.537660753906106,-6.537507491252857,0,0,full,full,3,3
conf_sphere_r05,3,2340,"5,25,27",-6.461438563067727,-6.461632137418615,0,0,full,full,1,1
conf_sphere_r05,3,2341,"5,25,28",-6.606600573945064,-6.606651170345224,0,0,full,full,3,3
conf_sphere_r05,3,2342,"5,25,29",-6.448937392969826,-6.44886698965285,0,0,full,full,1,1
conf_sphere_r05,3,2343,"5,25,30",-6.532794682872402,-6.532975835216647,0,0,full,full,3,3
conf_sphere_r05,3,2344,"5,25,31",-6.589464926214183,-6.589545258250859,0,0,full,full,3,3
conf_sphere_r05,3,2345,"5,26,27",-6.4940330258674175,-6.494040091873711,0,0,full,full,2,2
conf_sphere_r05,3,2346,"5,26,28",-6.575768529819058,-6.575613283158881,0,0,full,full,3,3
conf_sphere_r05,3,2347,"5,26,29",-6.496584494085787,-6.496228399760897,0,0,full,full,3,3
conf_sphere_r05,3,2348,"5,26,30",-6.531777754650833,-6.531680423077466,0,0,full,full,3,3
conf_sphere_r05,3,2349,"5,26,31",-6.5906828447083985,-6.590495271706035,0,0,full,full,3,3
conf_sphere_r05,3,2350,"5,27,28",-6.498343709448348,-6.498533460635936,0,0,full,full,1,1
conf_sphere_r05,3,2351,"5,27,29",-6.454012058235078,-6.454008295385489,0,0,full,full,2,2
conf_sphere_r05,3,2352,"5,27,30",-6.473721862984906,-6.473972842734615,0,0,full,full,2,2
conf_sphere_r05,3,2353,"5,27,31",-6.516770238438876,-6.516940227751954,0,0,full,full,2,2
conf_sphere_r05,3,2354,"5,28,29",-6.478715550179629,-6.478577822573465,0,0,full,full,2,2
conf_sphere_r05,3,2355,"5,28,30",-6.575502225673734,-6.575684988041182,0,0,full,full,3,3
conf_sphere_r05,3,2356,"5,28,31",-6.63607371933322,-6.636210654275146,0,0,full,full,3,3
conf_sphere_r05,3,2357,"5,29,30",-6.45828209577696,-6.458222906012505,0,0,full,full,2,2
conf_sphere_r05,3,2358,"5,29,31",-6.502755075268058,-6.50255733549355,0,0,full,full,3,3
conf_sphere_r05,3,2359,"5,30,31",-6.575703642368834,-6.575840435477973,0,0,full,full,3,3
conf_sphere_r05,3,2360,"6,7,8",-6.387912581155312,-6.387540508978861,0,0,full,full,0,0
conf_sphere_r05,3,2361,"6,7,9",-7.576521522131324,-7.5756873726151435,1,1,deficient,deficient,15,15
conf_sphere_r05,3,2362,"6,7,10",-6.693503601584387,-6.693469508509781,0,0,full,full,1,1
conf_sphere_r05,3,2363,"6,7,11",-7.031448494440115,-7.031237279733768,0,0,full,full,4,4
conf_sphere_r05,3,2364,"6,7,12",-7.442467505979006,-7.441252349040108,1,1,deficient,deficient,15,15
conf_sphere_r05,3,2365,"6,7,13",-6.38679648532509,-6.3864425256601445,0,0,full,full,0,0
conf_sphere_r05,3,2366,"6,7,14",-7.405760565950828,-7.404671370396816,1,1,deficient,deficient,13,13
conf_sphere_r05,3,2367,"6,7,15",-7.117368641555401,-7.116918399925902,0,0,full,full,5,5
conf_sphere_r05,3,2368,"6,7,16",-6.6222972934223385,-6.621957525122245,0,0,full,full,0,0
conf_sphere_r05,3,2369,"6,7,17",-7.562659266073151,-7.561044736504756,2,2,deficient,deficient,18,18
conf_sphere_r05,3,2370,"6,7,18",-6.602231830770546,-6.601914425135874,0,0,full,full,0,0
conf_sphere_r05,3,2371,"6,7,19",-7.158895826214255,-7.15840260059683,0,0,full,full,6,6
conf_sphere_r05,3,2372,"6,7,20",-7.354096280115467,-7.353204240744941,1,1,deficient,deficient,15,14
conf_sphere_r05,3,2373,"6,7,21",-6.517588536935825,-6.517245913644965,0,0,full,full,0,0
conf_sphere_r05,3,2374,"6,7,22",-7.405832134933793,-7.4280851242670565,2,1,deficient,deficient,13,14
conf_sphere_r05,3,2375,"6,7,23",-6.943478674397098,-6.94334226596406,1,1,deficient,deficient,4,4
conf_sphere_r05,3,2376,"6,7,24",-6.975694155950485,-6.975551350849902,0,0,full,full,5,5
conf_sphere_r05,3,2377,"6,7,25",-7.4178915804356595,-7.417575856696128,2,2,deficient,deficient,15,15
conf_sphere_r05,3,2378,"6,7,26",-6.6508850286377905,-6.65056777879156,0,0,full,full,1,1
conf_sphere_r05,3,2379,"6,7,27",-7.272391419933929,-7.271923323798094,0,0,full,full,9,9
conf_sphere_r05,3,2380,"6,7,28",-7.159846576802102,-7.159543380325662,0,0,full,full,5,5
conf_sphere_r05,3,2381,"6,7,29",-6.799972504537954,-6.7998278934329335,0,0,full,full,2,2
conf_sphere_r05,3,2382,"6,7,30",-7.36294010913765,-7.362383314939646,2,2,deficient,deficient,13,13
conf_sphere_r05,3,2383,"6,7,31",-6.881524189046341,-6.881453178122438,1,1,deficient,deficient,2,2
conf_sphere_r05,3,2384,"6,8,9",-6.477377989121879,-6.47697838477544,0,0,full,full,1,1
conf_sphere_r05,3,2385,"6,8,10",-6.340776213568999,-6.3406791241106895,0,0,full,full,0,0
conf_sphere_r05,3,2386,"6,8,11",-6.573609736584705,-6.573334308880902,0,0,full,full,3,3
conf_sphere_r05,3,2387,"6,8,12",-6.432136506600316,-6.431838346353889,0,0,full,full,0,0
conf_sphere_r05,3,2388,"6,8,13",-6.388614868485564,-6.388291809930449,0,0,full,full,2,2
conf_sphere_r05,3,2389,"6,8,14",-6.508788105290564,-6.508199392273825,0,0,full,full,3,3
conf_sphere_r05,3,2390,"6,8,15",-6.372034683477554,-6.371912364594097,0,0,full,full,0,0
conf_sphere_r05,3,2391,"6,8,16",-6.547538469476309,-6.547027592410556,0,0,full,full,3,3
conf_sphere_r05,3,2392,"6,8,17",-6.462059330135849,-6.4616970342353754,0,0,full,full,1,1
conf_sphere_r05,3,2393,"6,8,18",-6.370688218539022,-6.370475017660216,0,0,full,full,0,0
conf_sphere_r05,3,2394,"6,8,19",-6.553285142976522,-6.55292679682492,0,0,full,full,3,3
conf_sphere_r05,3,2395,"6,8,20",-6.408223319475238,-6.407910432064629,0,0,full,full,0,0
conf_sphere_r05,3,2396,"6,8,21",-6.463376483869815,-6.462986238732369,0,0,full,full,3,3
conf_sphere_r05,3,2397,"6,8,22",-6.491708196534663,-6.491314304813547,0,0,full,full,3,3
conf_sphere_r05,3,2398,"6,8,23",-6.387163331211025,-6.387083656875928,0,0,full,full,0,0
conf_sphere_r05,3,2399,"6,8,24",-6.552590876555956,-6.552392825209035,0,0,full,full,3,3
conf_sphere_r05,3,2400,"6,8,25",-6.444474489299429,-6.444276203508371,0,0,full,full,0,0
conf_sphere_r05,3,2401,"6,8,26",-6.421846514734987,-6.42156661653566,0,0,full,full,1,1
conf_sphere_r05,3,2402,"6,8,27",-6.521215638693464,-6.521015575829227,0,0,full,full,3,3
conf_sphere_r05,3,2403,"6,8,28",-6.412905789211946,-6.412832747454833,0,0,full,full,0,0
conf_sphere_r05,3,2404,"6,8,29",-6.506296835636924,-6.506017164666314,0,0,full,full,3,3
conf_sphere_r05,3,2405,"6,8,30",-6.473895084928776,-6.473733059511864,0,0,full,full,2,2
conf_sphere_r05,3,2406,"6,8,31",-6.422841244565007,-6.4227178859753185,0,0,full,full,0,0
conf_sphere_r05,3,2407,"6,9,10",-6.634878489331353,-6.635050726967065,0,0,full,full,1,1
conf_sphere_r05,3,2408,"6,9,11",-7.558649835724012,-7.5581405048356896,0,0,full,full,11,11
conf_sphere_r05,3,2409,"6,9,12",-7.917605895352718,-7.916354816898241,3,3,deficient,deficient,21,21
conf_sphere_r05,3,2410,"6,9,13",-6.392515179952876,-6.392238709842431,0,0,full,full,0,0
conf_sphere_r05,3,2411,"6,9,14",-8.137271168694355,-8.136706969676274,2,2,deficient,deficient,22,22
conf_sphere_r05,3,2412,"6,9,15",-7.131996057709978,-7.1318690680478065,0,0,full,full,3,3
conf_sphere_r05,3,2413,"6,9,16",-6.797718576938634,-6.797111815257114,0,0,full,full,2,2
conf_sphere_r05,3,2414,"6,9,17",-7.934486859702954,-7.933075084758221,3,3,deficient,deficient,17,17
conf_sphere_r05,3,2415,"6,9,18",-6.567954287830061,-6.567813717781449,0,0,full,full,1,1
conf_sphere_r05,3,2416,"6,9,19",-7.844596790596154,-7.843939783216672,0,0,full,full,13,13
conf_sphere_r05,3,2417,"6,9,20",-7.648098000675334,-7.647099647424133,2,2,deficient,deficient,17,17
conf_sphere_r05,3,2418,"6,9,21",-6.552046767926936,-6.551547713128837,0,0,full,full,1,1
conf_sphere_r05,3,2419,"6,9,22",-8.038193768209338,-8.037596882577647,2,2,deficient,deficient,20,20
conf_sphere_r05,3,2420,"6,9,23",-6.928860493927249,-6.9289934993239415,0,0,full,full,1,1
conf_sphere_r05,3,2421,"6,9,24",-7.2142591521404285,-7.214125917462809,0,0,full,full,4,4
conf_sphere_r05,3,2422,"6,9,25",-7.891165892770145,-7.890379989616848,2,2,deficient,deficient,21,21
conf_sphere_r05,3,2423,"6,9,26",-6.638037156472211,-6.637781334808785,0,0,full,full,1,1
conf_sphere_r05,3,2424,"6,9,27",-8.00051614595332,-8.000183856086396,2,2,deficient,deficient,20,20
conf_sphere_r05,3,2425,"6,9,28",-7.338792431469383,-7.338781388684451,0,0,full,full,5,5
conf_sphere_r05,3,2426,"6,9,29",-6.866857805254525,-6.8667029538460715,0,0,full,full,1,1
conf_sphere_r05,3,2427,"6,9,30",-7.878768947825602,-7.878434238295481,3,3,deficient,deficient,19,19
conf_sphere_r05,3,2428,"6,9,31",-6.903791029218183,-6.903766421587688,0,0,full,full,1,1
conf_sphere_r05,3,2429,"6,10,11",-6.512174637519056,-6.512187932875732,0,0,full,full,0,0
conf_sphere_r05,3,2430,"6,10,12",-6.645843548084072,-6.645487288769418,0,0,full,full,0,0
conf_sphere_r05,3,2431,"6,10,13",-6.4191327699266685,-6.419013000747972,0,0,full,full,0,0
conf_sphere_r05,3,2432,"6,10,14",-6.65606485988094,-6.656177911318389,0,0,full,full,1,1
conf_sphere_r05,3,2433,"6,10,15",-6.754221960866823,-6.754427404240469,0,0,full,full,2,2
conf_sphere_r05,3,2434,"6,10,16",-6.440067120868104,-6.43994085807399,0,0,full,full,0,0
conf_sphere_r05,3,2435,"6,10,17",-6.6465236937767544,-6.646173405118059,0,0,full,full,0,0
conf_sphere_r05,3,2436,"6,10,18",-6.622807052013284,-6.6227376091616,0,0,full,full,2,2
conf_sphere_r05,3,2437,"6,10,19",-6.620343873249534,-6.620630935690345,0,0,full,full,2,2
conf_sphere_r05,3,2438,"6,10,20",-6.706987960256217,-6.706900615111557,0,0,full,full,1,1
conf_sphere_r05,3,2439,"6,10,21",-6.467751635404602,-6.467607240513511,0,0,full,full,0,0
conf_sphere_r05,3,2440,"6,10,22",-6.6697840021790284,-6.669868926247735,0,0,full,full,1,1
conf_sphere_r05,3,2441,"6,10,23",-6.753631746659306,-6.753846100106386,0,0,full,full,3,3
conf_sphere_r05,3,2442,"6,10,24",-6.565635366580462,-6.565659582079421,0,0,full,full,1,1
conf_sphere_r05,3,2443,"6,10,25",-6.685245169248382,-6.685341219740362,0,0,full,full,1,1
conf_sphere_r05,3,2444,"6,10,26",-6.601525158844086,-6.601463007496327,0,0,full,full,1,1
conf_sphere_r05,3,2445,"6,10,27",-6.675989576306684,-6.676229663957562,0,0,full,full,2,2
conf_sphere_r05,3,2446,"6,10,28",-6.747459948830236,-6.747707898317354,0,0,full,full,1,1
conf_sphere_r05,3,2447,"6,10,29",-6.573631858131335,-6.573641569931598,0,0,full,full,1,1
conf_sphere_r05,3,2448,"6,10,30",-6.696631855684105,-6.6968936485803,0,0,full,full,1,1
conf_sphere_r05,3,2449,"6,10,31",-6.71588025685218,-6.716096353441312,0,0,full,full,2,2
conf_sphere_r05,3,2450,"6,11,12",-7.327649148536383,-7.3049615055381105,2,3,deficient,deficient,10,9
conf_sphere_r05,3,2451,"6,11,13",-6.430997630109045,-6.430781825194252,0,0,full,full,3,3
conf_sphere_r05,3,2452,"6,11,14",-7.591865819575213,-7.614027019414645,2,1,deficient,deficient,15,16
conf_sphere_r05,3,2453,"6,11,15",-6.832022254081134,-6.832201608889292,0,0,full,full,3,3
conf_sphere_r05,3,2454,"6,11,16",-6.923564060478922,-6.922981400070162,0,0,full,full,5,4
conf_sphere_r05,3,2455,"6,11,17",-7.477211383965373,-7.454246283251682,1,2,deficient,deficient,12,11
conf_sphere_r05,3,2456,"6,11,18",-6.5174727899921185,-6.517306314835909,0,0,full,full,2,2
conf_sphere_r05,3,2457,"6,11,19",-7.525232340651963,-7.5246048608623575,3,3,deficient,deficient,16,16
conf_sphere_r05,3,2458,"6,11,20",-7.133063930902984,-7.109621468239382,0,1,full,deficient,9,8
conf_sphere_r05,3,2459,"6,11,21",-6.619250424452266,-6.618910897662843,0,0,full,full,3,3
conf_sphere_r05,3,2460,"6,11,22",-7.4986018524441205,-7.49869927044439,2,2,deficient,deficient,13,14
conf_sphere_r05,3,2461,"6,11,23",-6.754858939068148,-6.7551238437686,0,0,full,full,3,3
conf_sphere_r05,3,2462,"6,11,24",-7.250162826276074,-7.249810268875344,2,2,deficient,deficient,10,10
conf_sphere_r05,3,2463,"6,11,25",-7.300320075141388,-7.300015009111199,2,2,deficient,deficient,11,11
conf_sphere_r05,3,2464,"6,11,26",-6.631171191909902,-6.630944660575118,0,0,full,full,3,3
conf_sphere_r05,3,2465,"6,11,27",-7.485090720148973,-7.484882211758227,3,3,deficient,deficient,15,15
conf_sphere_r05,3,2466,"6,11,28",-7.011397293033302,-6.988380468109033,0,1,full,deficient,6,5
conf_sphere_r05,3,2467,"6,11,29",-6.918172045460645,-6.917532023762154,1,1,deficient,deficient,4,4
conf_sphere_r05,3,2468,"6,11,30",-7.354309605275153,-7.3541413781694365,2,2,deficient,deficient,13,13
conf_sphere_r05,3,2469,"6,11,31",-6.807459329703315,-6.807697319795774,0,0,full,full,3,3
conf_sphere_r05,3,2470,"6,12,13",-6.385592024523246,-6.385307149743367,0,0,full,full,0,0
conf_sphere_r05,3,2471,"6,12,14",-7.778506128290058,-7.777780737283183,3,3,deficient,deficient,18,18
conf_sphere_r05,3,2472,"6,12,15",-7.181917685641789,-7.181364428608183,0,0,full,full,8,8
conf_sphere_r05,3,2473,"6,12,16",-6.740197314424161,-6.7396706081287,0,0,full,full,1,1
conf_sphere_r05,3,2474,"6,12,17",-7.770183755284329,-7.769420075188286,4,4,deficient,deficient,19,19
conf_sphere_r05,3,2475,"6,12,18",-6.575796776167055,-6.57541313898363,0,0,full,full,0,0
conf_sphere_r05,3,2476,"6,12,19",-7.5358091905214515,-7.512098601227291,2,3,deficient,deficient,16,15
conf_sphere_r05,3,2477,"6,12,20",-7.456609311831662,-7.455721223768301,2,2,deficient,deficient,18,18
conf_sphere_r05,3,2478,"6,12,21",-6.539722074799043,-6.539360952395373,0,0,full,full,1,1
conf_sphere_r05,3,2479,"6,12,22",-7.689864640836141,-7.689243706100976,3,3,deficient,deficient,17,18
conf_sphere_r05,3,2480,"6,12,23",-6.974862141048317,-6.974684848170075,0,0,full,full,3,3
conf_sphere_r05,3,2481,"6,12,24",-7.125427877908493,-7.124923975965303,2,2,deficient,deficient,7,7
conf_sphere_r05,3,2482,"6,12,25",-7.581091789120847,-7.58090004135179,2,2,deficient,deficient,18,18
conf_sphere_r05,3,2483,"6,12,26",-6.642059554061337,-6.641675222451321,0,0,full,full,0,0
conf_sphere_r05,3,2484,"6,12,27",-7.6134971932387305,-7.589819930792307,2,3,deficient,deficient,18,17
conf_sphere_r05,3,2485,"6,12,28",-7.272400876607662,-7.271885803875085,1,1,deficient,deficient,9,9
conf_sphere_r05,3,2486,"6,12,29",-6.878120350271376,-6.854449989162432,0,1,full,deficient,3,2
conf_sphere_r05,3,2487,"6,12,30",-7.557431819674852,-7.5573072841392,3,3,deficient,deficient,17,17
conf_sphere_r05,3,2488,"6,12,31",-6.942224277184899,-6.942147971046087,0,0,full,full,3,3
conf_sphere_r05,3,2489,"6,13,14",-6.413777622422602,-6.4133120828933174,0,0,full,full,3,3
conf_sphere_r05,3,2490,"6,13,15",-6.412595551077738,-6.412449879906814,0,0,full,full,0,0
conf_sphere_r05,3,2491,"6,13,16",-6.4348057598232975,-6.43444565965874,0,0,full,full,2,2
conf_sphere_r05,3,2492,"6,13,17",-6.394889471512291,-6.394554970954894,0,0,full,full,0,0
conf_sphere_r05,3,2493,"6,13,18",-6.438592231295041,-6.438336613923378,0,0,full,full,1,1
conf_sphere_r05,3,2494,"6,13,19",-6.443724917111511,-6.44344335039733,0,0,full,full,3,3
conf_sphere_r05,3,2495,"6,13,20",-6.400919773691598,-6.400572311231126,0,0,full,full,0,0
conf_sphere_r05,3,2496,"6,13,21",-6.44238049728385,-6.4419652729454375,0,0,full,full,3,3
conf_sphere_r05,3,2497,"6,13,22",-6.413483472988633,-6.413132687375121,0,0,full,full,1,1
conf_sphere_r05,3,2498,"6,13,23",-6.440070790239688,-6.439956744724512,0,0,full,full,0,0
conf_sphere_r05,3,2499,"6,13,24",-6.45895212869002,-6.4587528910724545,0,0,full,full,3,2
conf_sphere_r05,3,2500,"6,13,25",-6.405890985161478,-6.405752443768248,0,0,full,full,0,0
conf_sphere_r05,3,2501,"6,13,26",-6.457172642560824,-6.456835100296976,0,0,full,full,3,3
conf_sphere_r05,3,2502,"6,13,27",-6.441013615795692,-6.440813945959837,0,0,full,full,3,3
conf_sphere_r05,3,2503,"6,13,28",-6.429688186938711,-6.429563266940613,0,0,full,full,0,0
conf_sphere_r05,3,2504,"6,13,29",-6.4652070569973095,-6.464952905674608,0,0,full,full,2,2
conf_sphere_r05,3,2505,"6,13,30",-6.423224552242036,-6.423106219405189,0,0,full,full,2,2
conf_sphere_r05,3,2506,"6,13,31",-6.458004316106834,-6.457841583470298,0,0,full,full,1,1
conf_sphere_r05,3,2507,"6,14,15",-7.099631543777511,-7.0990529902814,0,0,full,full,5,5
conf_sphere_r05,3,2508,"6,14,16",-6.85173569101533,-6.850932961392953,0,0,full,full,2,3
conf_sphere_r05,3,2509,"6,14,17",-7.900133371402472,-7.898953017326476,3,3,deficient,deficient,18,18
conf_sphere_r05,3,2510,"6,14,18",-6.591606939238807,-6.5912193629012075,0,0,full,full,2,2
conf_sphere_r05,3,2511,"6,14,19",-7.667310312015134,-7.666737035822487,1,1,deficient,deficient,16,16
conf_sphere_r05,3,2512,"6,14,20",-7.461084755816142,-7.460517182550646,2,2,deficient,deficient,17,17
conf_sphere_r05,3,2513,"6,14,21",-6.589166043322117,-6.588414691029696,0,0,full,full,3,3
conf_sphere_r05,3,2514,"6,14,22",-7.783935733706248,-7.783318133227222,1,1,deficient,deficient,17,17
conf_sphere_r05,3,2515,"6,14,23",-6.9325452766518385,-6.932504072415121,1,1,deficient,deficient,4,4
conf_sphere_r05,3,2516,"6,14,24",-7.306995523205812,-7.306950113975202,2,2,deficient,deficient,11,10
conf_sphere_r05,3,2517,"6,14,25",-7.665670208486147,-7.665529860580423,2,2,deficient,deficient,18,18
conf_sphere_r05,3,2518,"6,14,26",-6.676689330017433,-6.676079056789542,0,0,full,full,3,3
conf_sphere_r05,3,2519,"6,14,27",-7.701087324017336,-7.724879201899024,2,1,deficient,deficient,16,17
conf_sphere_r05,3,2520,"6,14,28",-7.2269757210036145,-7.226928867188064,0,0,full,full,6,6
conf_sphere_r05,3,2521,"6,14,29",-6.940874400086368,-6.940601086858408,0,0,full,full,4,3
conf_sphere_r05,3,2522,"6,14,30",-7.601259667771557,-7.601061040943993,2,2,deficient,deficient,15,15
conf_sphere_r05,3,2523,"6,14,31",-6.906183986440132,-6.90594469853217,1,1,deficient,deficient,3,3
conf_sphere_r05,3,2524,"6,15,16",-6.565464685922459,-6.565348045266192,0,0,full,full,0,0
conf_sphere_r05,3,2525,"6,15,17",-7.195573980633339,-7.194859608667546,0,0,full,full,5,5
conf_sphere_r05,3,2526,"6,15,18",-6.65385690996697,-6.653775254495803,0,0,full,full,1,1
conf_sphere_r05,3,2527,"6,15,19",-6.965131099913817,-6.965123801425522,0,0,full,full,4,4
conf_sphere_r05,3,2528,"6,15,20",-7.171451477440416,-7.171012167724518,0,0,full,full,6,6
conf_sphere_r05,3,2529,"6,15,21",-6.524435509641099,-6.524339858453539,0,0,full,full,0,0
conf_sphere_r05,3,2530,"6,15,22",-7.14045669668263,-7.1399284000515495,0,0,full,full,6,6
conf_sphere_r05,3,2531,"6,15,23",-6.982670678157916,-6.982840574013254,1,1,deficient,deficient,5,5
conf_sphere_r05,3,2532,"6,15,24",-6.849808662411072,-6.84996339278014,0,0,full,full,4,4
conf_sphere_r05,3,2533,"6,15,25",-7.191116920694871,-7.191227632399289,0,0,full,full,7,7
conf_sphere_r05,3,2534,"6,15,26",-6.683074071287472,-6.683069252190421,0,0,full,full,1,1
conf_sphere_r05,3,2535,"6,15,27",-7.101600068054989,-7.101538347713155,0,0,full,full,6,6
conf_sphere_r05,3,2536,"6,15,28",-7.142101382459857,-7.142040147200048,0,0,full,full,6,6
conf_sphere_r05,3,2537,"6,15,29",-6.765998635985883,-6.766076571090656,0,0,full,full,2,2
conf_sphere_r05,3,2538,"6,15,30",-7.154359658950954,-7.154226931644027,0,0,full,full,5,5
conf_sphere_r05,3,2539,"6,15,31",-6.9016336478499465,-6.901773728721794,1,1,deficient,deficient,3,3
conf_sphere_r05,3,2540,"6,16,17",-6.790771055152604,-6.790121126234113,0,0,full,full,2,2
conf_sphere_r05,3,2541,"6,16,18",-6.47113443660742,-6.470863147835749,0,0,full,full,1,1
conf_sphere_r05,3,2542,"6,16,19",-6.918875680538819,-6.918159607813712,0,0,full,full,4,4
conf_sphere_r05,3,2543,"6,16,20",-6.6882638844550515,-6.687841900083292,0,0,full,full,1,1
conf_sphere_r05,3,2544,"6,16,21",-6.586253544862451,-6.585703146725731,0,0,full,full,3,3
conf_sphere_r05,3,2545,"6,16,22",-6.838685302989785,-6.837978057199617,0,0,full,full,3,3
conf_sphere_r05,3,2546,"6,16,23",-6.56726243164901,-6.567187956644873,0,0,full,full,0,0
conf_sphere_r05,3,2547,"6,16,24",-6.880705806072045,-6.880267168804685,0,0,full,full,5,5
conf_sphere_r05,3,2548,"6,16,25",-6.765055942943553,-6.764609209519123,0,0,full,full,2,2
conf_sphere_r05,3,2549,"6,16,26",-6.563073335012359,-6.562724846714928,0,0,full,full,2,2
conf_sphere_r05,3,2550,"6,16,27",-6.880912179223864,-6.880415851246866,0,0,full,full,4,4
conf_sphere_r05,3,2551,"6,16,28",-6.671014290841738,-6.670862587434248,0,0,full,full,2,2
conf_sphere_r05,3,2552,"6,16,29",-6.757550031973158,-6.757039915043503,0,0,full,full,4,4
conf_sphere_r05,3,2553,"6,16,30",-6.810915069045392,-6.810491646049857,0,0,full,full,3,3
conf_sphere_r05,3,2554,"6,16,31",-6.6247387088375955,-6.624635475252732,0,0,full,full,2,2
conf_sphere_r05,3,2555,"6,17,18",-6.580243919939816,-6.579794142247311,0,0,full,full,0,0
conf_sphere_r05,3,2556,"6,17,19",-7.702406760779582,-7.678554436922714,3,4,deficient,deficient,16,15
conf_sphere_r05,3,2557,"6,17,20",-7.587113948791908,-7.562474100421392,3,4,deficient,deficient,20,19
conf_sphere_r05,3,2558,"6,17,21",-6.557948753456493,-6.557528232473822,0,0,full,full,2,2
conf_sphere_r05,3,2559,"6,17,22",-7.792485285949416,-7.791469066487738,4,4,deficient,deficient,17,17
conf_sphere_r05,3,2560,"6,17,23",-6.961111955977069,-6.9607403141409945,0,0,full,full,1,1
conf_sphere_r05,3,2561,"6,17,24",-7.178066874550814,-7.177207588160494,2,2,deficient,deficient,6,6
conf_sphere_r05,3,2562,"6,17,25",-7.745039573284804,-7.720391647662743,3,4,deficient,deficient,20,18
conf_sphere_r05,3,2563,"6,17,26",-6.651345232439731,-6.650870742991182,0,0,full,full,1,1
conf_sphere_r05,3,2564,"6,17,27",-7.746373544025204,-7.72221581452959,4,5,deficient,deficient,16,15
conf_sphere_r05,3,2565,"6,17,28",-7.37828456256827,-7.377339306098531,3,3,deficient,deficient,11,11
conf_sphere_r05,3,2566,"6,17,29",-6.876833712595776,-6.876007226664858,1,1,deficient,deficient,2,2
conf_sphere_r05,3,2567,"6,17,30",-7.680063516926004,-7.678937428789809,5,5,deficient,deficient,17,17
conf_sphere_r05,3,2568,"6,17,31",-6.93440056322488,-6.934121923387017,0,0,full,full,1,1
conf_sphere_r05,3,2569,"6,18,19",-6.593411097104595,-6.5932008691800466,0,0,full,full,3,3
conf_sphere_r05,3,2570,"6,18,20",-6.622638651749635,-6.622289752629226,0,0,full,full,0,0
conf_sphere_r05,3,2571,"6,18,21",-6.496298090586229,-6.495991840770124,0,0,full,full,1,1
conf_sphere_r05,3,2572,"6,18,22",-6.60334950896586,-6.602975799736012,0,0,full,full,1,1
conf_sphere_r05,3,2573,"6,18,23",-6.6779049245861115,-6.677818939490359,0,0,full,full,2,2
conf_sphere_r05,3,2574,"6,18,24",-6.575076797159351,-6.5748852880444595,0,0,full,full,2,2
conf_sphere_r05,3,2575,"6,18,25",-6.6130849256666355,-6.612971887288423,0,0,full,full,1,1
conf_sphere_r05,3,2576,"6,18,26",-6.605189186049541,-6.604872163071774,0,0,full,full,3,3
conf_sphere_r05,3,2577,"6,18,27",-6.626486405986343,-6.626220824684119,0,0,full,full,2,2
conf_sphere_r05,3,2578,"6,18,28",-6.666543234708898,-6.6664479207942575,0,0,full,full,2,2
conf_sphere_r05,3,2579,"6,18,29",-6.5879335943967625,-6.587745016294766,0,0,full,full,2,2
conf_sphere_r05,3,2580,"6,18,30",-6.628577644984725,-6.628381597363734,0,0,full,full,2,2
conf_sphere_r05,3,2581,"6,18,31",-6.673405048800721,-6.67321999066371,0,0,full,full,3,3
conf_sphere_r05,3,2582,"6,19,20",-7.278404655320711,-7.277888878495995,1,1,deficient,deficient,11,11
conf_sphere_r05,3,2583,"6,19,21",-6.637955338035526,-6.63753531163149,0,0,full,full,3,3
conf_sphere_r05,3,2584,"6,19,22",-7.591751412461762,-7.591663368034532,1,1,deficient,deficient,13,14
conf_sphere_r05,3,2585,"6,19,23",-6.877473983644247,-6.8776543401776555,1,1,deficient,deficient,5,6
conf_sphere_r05,3,2586,"6,19,24",-7.306755829861253,-7.306335359106516,3,3,deficient,deficient,10,10
conf_sphere_r05,3,2587,"6,19,25",-7.440908592276635,-7.4170584631178755,2,3,deficient,deficient,12,11
conf_sphere_r05,3,2588,"6,19,26",-6.702814820963833,-6.702468008670295,0,0,full,full,3,3
conf_sphere_r05,3,2589,"6,19,27",-7.5257494970796595,-7.5253909549633935,2,2,deficient,deficient,13,13
conf_sphere_r05,3,2590,"6,19,28",-7.089470000677464,-7.089007313180289,1,1,deficient,deficient,6,6
conf_sphere_r05,3,2591,"6,19,29",-6.986543764534245,-6.985756871935114,1,1,deficient,deficient,5,5
conf_sphere_r05,3,2592,"6,19,30",-7.409348406485444,-7.409065380974096,3,3,deficient,deficient,9,9
conf_sphere_r05,3,2593,"6,19,31",-6.896421349868759,-6.896545990357522,1,1,deficient,deficient,4,4
conf_sphere_r05,3,2594,"6,20,21",-6.549612107934659,-6.549254046765444,0,0,full,full,1,1
conf_sphere_r05,3,2595,"6,20,22",-7.460458648446505,-7.45986079933171,2,2,deficient,deficient,17,17
conf_sphere_r05,3,2596,"6,20,23",-7.000028825691112,-6.999909818099262,1,1,deficient,deficient,5,5
conf_sphere_r05,3,2597,"6,20,24",-7.0412663939955005,-7.040706575777844,1,1,deficient,deficient,7,6
conf_sphere_r05,3,2598,"6,20,25",-7.444310158720343,-7.44320685251821,3,3,deficient,deficient,17,17
conf_sphere_r05,3,2599,"6,20,26",-6.682730184460391,-6.6823463778017755,0,0,full,full,1,1
conf_sphere_r05,3,2600,"6,20,27",-7.3642711770529905,-7.363814169973511,2,2,deficient,deficient,17,17
conf_sphere_r05,3,2601,"6,20,28",-7.242137679726768,-7.241757662370414,1,1,deficient,deficient,7,7
conf_sphere_r05,3,2602,"6,20,29",-6.860513932995854,-6.859938662211055,1,1,deficient,deficient,3,3
conf_sphere_r05,3,2603,"6,20,30",-7.41730254785856,-7.416548329651929,3,3,deficient,deficient,16,16
conf_sphere_r05,3,2604,"6,20,31",-6.948659493023191,-6.948627996857398,1,1,deficient,deficient,3,3
conf_sphere_r05,3,2605,"6,21,22",-6.589755464956007,-6.5892576080811684,0,0,full,full,3,3
conf_sphere_r05,3,2606,"6,21,23",-6.548845903755795,-6.548790980156941,0,0,full,full,0,0
conf_sphere_r05,3,2607,"6,21,24",-6.645798550885854,-6.645499154474616,0,0,full,full,3,3
conf_sphere_r05,3,2608,"6,21,25",-6.570189464488949,-6.569977349394181,0,0,full,full,2,2
conf_sphere_r05,3,2609,"6,21,26",-6.557159679803531,-6.556811811267676,0,0,full,full,3,3
conf_sphere_r05,3,2610,"6,21,27",-6.630243117584507,-6.629930883642071,0,0,full,full,3,3
conf_sphere_r05,3,2611,"6,21,28",-6.574271155215333,-6.5741582781623356,0,0,full,full,1,1
conf_sphere_r05,3,2612,"6,21,29",-6.627861774640159,-6.627459604903407,0,0,full,full,3,3
conf_sphere_r05,3,2613,"6,21,30",-6.598221450451208,-6.598027985420453,0,0,full,full,2,2
conf_sphere_r05,3,2614,"6,21,31",-6.586070938980804,-6.58592972717188,0,0,full,full,2,2
conf_sphere_r05,3,2615,"6,22,23",-6.9727679999791405,-6.972623326151467,1,1,deficient,deficient,5,5
conf_sphere_r05,3,2616,"6,22,24",-7.273597370674196,-7.273556848672287,2,2,deficient,deficient,11,10
conf_sphere_r05,3,2617,"6,22,25",-7.630396241117118,-7.630489254432886,2,2,deficient,deficient,16,17
conf_sphere_r05,3,2618,"6,22,26",-6.686807514567472,-6.686318196194027,0,0,full,full,3,3
conf_sphere_r05,3,2619,"6,22,27",-7.6582244318344745,-7.658339691198549,2,2,deficient,deficient,16,16
conf_sphere_r05,3,2620,"6,22,28",-7.239667553806852,-7.239578708895686,1,1,deficient,deficient,7,7
conf_sphere_r05,3,2621,"6,22,29",-6.951185076288559,-6.950734488934993,0,0,full,full,5,5
conf_sphere_r05,3,2622,"6,22,30",-7.5637642962149885,-7.563800809534709,3,3,deficient,deficient,13,13
conf_sphere_r05,3,2623,"6,22,31",-6.944550022127079,-6.94433890669735,1,1,deficient,deficient,4,4
conf_sphere_r05,3,2624,"6,23,24",-6.805194113912878,-6.8054017845207495,0,0,full,full,4,4
conf_sphere_r05,3,2625,"6,23,25",-7.021642840813904,-7.0220416642885075,1,1,deficient,deficient,6,6
conf_sphere_r05,3,2626,"6,23,26",-6.70798247979466,-6.708014088088582,0,0,full,full,2,2
conf_sphere_r05,3,2627,"6,23,27",-6.967649825717472,-6.967803462373507,1,1,deficient,deficient,6,6
conf_sphere_r05,3,2628,"6,23,28",-7.019959027899565,-7.020083769133449,1,1,deficient,deficient,6,6
conf_sphere_r05,3,2629,"6,23,29",-6.766199965363503,-6.766298470248019,0,0,full,full,3,3
conf_sphere_r05,3,2630,"6,23,30",-6.989137571815129,-6.9892784337587,1,1,deficient,deficient,5,5
conf_sphere_r05,3,2631,"6,23,31",-6.882639109988368,-6.882770383082801,1,1,deficient,deficient,3,3
conf_sphere_r05,3,2632,"6,24,25",-7.1792312729887255,-7.1787367642343245,2,2,deficient,deficient,10,10
conf_sphere_r05,3,2633,"6,24,26",-6.687432052985356,-6.687165144350153,0,0,full,full,3,3
conf_sphere_r05,3,2634,"6,24,27",-7.283787374049053,-7.283524211284431,3,3,deficient,deficient,10,10
conf_sphere_r05,3,2635,"6,24,28",-7.003772233220237,-7.003618811857795,1,1,deficient,deficient,6,6
conf_sphere_r05,3,2636,"6,24,29",-6.9464814317640435,-6.9457830604430795,1,1,deficient,deficient,5,5
conf_sphere_r05,3,2637,"6,24,30",-7.204181187302916,-7.2038803875205435,3,3,deficient,deficient,9,9
conf_sphere_r05,3,2638,"6,24,31",-6.860389518980606,-6.860550900206188,0,0,full,full,5,5
conf_sphere_r05,3,2639,"6,25,26",-6.685466084992103,-6.6853131564829775,0,0,full,full,2,2
conf_sphere_r05,3,2640,"6,25,27",-7.543771063861259,-7.5438991764822,2,2,deficient,deficient,16,16
conf_sphere_r05,3,2641,"6,25,28",-7.2884864981827056,-7.288614303268236,1,1,deficient,deficient,8,8
conf_sphere_r05,3,2642,"6,25,29",-6.9049026235899955,-6.904358039411063,1,1,deficient,deficient,4,3
conf_sphere_r05,3,2643,"6,25,30",-7.504694646927419,-7.504935522246763,3,3,deficient,deficient,14,14
conf_sphere_r05,3,2644,"6,25,31",-6.983654865139768,-6.984094096884654,1,1,deficient,deficient,5,5
conf_sphere_r05,3,2645,"6,26,27",-6.723995088875516,-6.723624709161113,0,0,full,full,3,3
conf_sphere_r05,3,2646,"6,26,28",-6.723371127663972,-6.723289724952454,0,0,full,full,2,2
conf_sphere_r05,3,2647,"6,26,29",-6.683926651239216,-6.683609340615696,0,0,full,full,3,3
conf_sphere_r05,3,2648,"6,26,30",-6.710367525059547,-6.710124388271212,0,0,full,full,2,2
conf_sphere_r05,3,2649,"6,26,31",-6.728749904014602,-6.728576980049624,0,0,full,full,3,3
conf_sphere_r05,3,2650,"6,27,28",-7.214562904963108,-7.190767318913252,1,2,deficient,deficient,6,5
conf_sphere_r05,3,2651,"6,27,29",-6.986498777342196,-6.985761488500509,1,1,deficient,deficient,5,5
conf_sphere_r05,3,2652,"6,27,30",-7.5047061700565525,-7.504529048739711,3,3,deficient,deficient,15,15
conf_sphere_r05,3,2653,"6,27,31",-6.9572442088891115,-6.957340402591737,1,1,deficient,deficient,4,4
conf_sphere_r05,3,2654,"6,28,29",-6.865308254421721,-6.8650578809755585,1,1,deficient,deficient,3,3
conf_sphere_r05,3,2655,"6,28,30",-7.261676512209254,-7.261493989307746,1,1,deficient,deficient,6,6
conf_sphere_r05,3,2656,"6,28,31",-6.968420324850939,-6.968605575225941,1,1,deficient,deficient,4,4
conf_sphere_r05,3,2657,"6,29,30",-6.944956552793752,-6.944361784684,1,1,deficient,deficient,5,5
conf_sphere_r05,3,2658,"6,29,31",-6.816758150124676,-6.8167968542901605,0,0,full,full,4,4
conf_sphere_r05,3,2659,"6,30,31",-6.957311997756555,-6.957468694285836,1,1,deficient,deficient,4,4
conf_sphere_r05,3,2660,"7,8,9",-6.369791237992103,-6.36943348036846,0,0,full,full,0,0
conf_sphere_r05,3,2661,"7,8,10",-6.366877012510424,-6.366628888265342,0,0,full,full,2,1
conf_sphere_r05,3,2662,"7,8,11",-6.432317696759849,-6.4321430136026905,0,0,full,full,0,0
conf_sphere_r05,3,2663,"7,8,12",-6.37628294620911,-6.3757701117395635,0,0,full,full,1,1
conf_sphere_r05,3,2664,"7,8,13",-6.37740311064658,-6.377000121960614,0,0,full,full,2,2
conf_sphere_r05,3,2665,"7,8,14",-6.380924980940673,-6.380622195216413,0,0,full,full,0,0
conf_sphere_r05,3,2666,"7,8,15",-6.384444567985263,-6.384201939936251,0,0,full,full,3,3
conf_sphere_r05,3,2667,"7,8,16",-6.445869644469683,-6.445407772414458,0,0,full,full,1,1
conf_sphere_r05,3,2668,"7,8,17",-6.375692778685376,-6.375147435675428,0,0,full,full,0,0
conf_sphere_r05,3,2669,"7,8,18",-6.38698135330043,-6.386662995726425,0,0,full,full,2,2
conf_sphere_r05,3,2670,"7,8,19",-6.421622899748981,-6.421361659590107,0,0,full,full,0,0
conf_sphere_r05,3,2671,"7,8,20",-6.38770566119716,-6.387209962286035,0,0,full,full,2,2
conf_sphere_r05,3,2672,"7,8,21",-6.422609898034423,-6.4221981117556,0,0,full,full,2,2
conf_sphere_r05,3,2673,"7,8,22",-6.384880378830553,-6.384519943258994,0,0,full,full,0,0
conf_sphere_r05,3,2674,"7,8,23",-6.400717280150115,-6.400550026669753,0,0,full,full,2,2
conf_sphere_r05,3,2675,"7,8,24",-6.447159832313123,-6.446915439959848,0,0,full,full,0,0
conf_sphere_r05,3,2676,"7,8,25",-6.387504957149218,-6.387213620167394,0,0,full,full,0,0
conf_sphere_r05,3,2677,"7,8,26",-6.414841475570217,-6.41451489029663,0,0,full,full,2,1
conf_sphere_r05,3,2678,"7,8,27",-6.412007954027105,-6.411808956762307,0,0,full,full,0,0
conf_sphere_r05,3,2679,"7,8,28",-6.4047723376714565,-6.404528952667899,0,0,full,full,2,2
conf_sphere_r05,3,2680,"7,8,29",-6.444554298766918,-6.444255016356213,0,0,full,full,1,1
conf_sphere_r05,3,2681,"7,8,30",-6.397693851469204,-6.397440008907357,0,0,full,full,1,1
conf_sphere_r05,3,2682,"7,8,31",-6.41952560418306,-6.419357409301164,0,0,full,full,2,2
conf_sphere_r05,3,2683,"7,9,10",-7.09633168018349,-7.09637434203272,0,0,full,full,7,7
conf_sphere_r05,3,2684,"7,9,11",-6.9021501944708685,-6.901930519867028,0,0,full,full,0,0
conf_sphere_r05,3,2685,"7,9,12",-8.011246037338124,-8.010008943411062,0,0,full,full,19,19
conf_sphere_r05,3,2686,"7,9,13",-6.431140351149332,-6.43077531513332,0,0,full,full,1,1
conf_sphere_r05,3,2687,"7,9,14",-7.70602938983106,-7.705549871926851,1,1,deficient,deficient,13,13
conf_sphere_r05,3,2688,"7,9,15",-7.593902852196241,-7.593924303467699,1,1,deficient,deficient,10,10
conf_sphere_r05,3,2689,"7,9,16",-6.571585173918131,-6.571138494972876,0,0,full,full,0,0
conf_sphere_r05,3,2690,"7,9,17",-7.867847946990787,-7.8666171955906075,1,1,deficient,deficient,16,16
conf_sphere_r05,3,2691,"7,9,18",-6.804402822836352,-6.804041213189977,0,0,full,full,2,2
conf_sphere_r05,3,2692,"7,9,19",-7.259301461702324,-7.259050203389887,0,0,full,full,2,2
conf_sphere_r05,3,2693,"7,9,20",-7.885094595131045,-7.883719827944438,2,2,deficient,deficient,17,17
conf_sphere_r05,3,2694,"7,9,21",-6.51997850552077,-6.519565716115359,0,0,full,full,1,1
conf_sphere_r05,3,2695,"7,9,22",-7.770038941713624,-7.769706704472438,2,2,deficient,deficient,14,14
conf_sphere_r05,3,2696,"7,9,23",-7.322441866379638,-7.322588606097746,0,0,full,full,7,7
conf_sphere_r05,3,2697,"7,9,24",-6.880853203987211,-6.880613739018425,0,0,full,full,0,0
conf_sphere_r05,3,2698,"7,9,25",-7.935011207092088,-7.934631095464291,0,0,full,full,18,18
conf_sphere_r05,3,2699,"7,9,26",-6.740363981692073,-6.739992679803604,0,0,full,full,1,1
conf_sphere_r05,3,2700,"7,9,27",-7.613235303972229,-7.6132255236959985,1,1,deficient,deficient,14,14
conf_sphere_r05,3,2701,"7,9,28",-7.6994733342833035,-7.6994345815183465,1,1,deficient,deficient,14,14
conf_sphere_r05,3,2702,"7,9,29",-6.772613861213815,-6.772298722247675,0,0,full,full,1,1
conf_sphere_r05,3,2703,"7,9,30",-7.817600487635273,-7.817555038754004,2,2,deficient,deficient,19,19
conf_sphere_r05,3,2704,"7,9,31",-7.146455509085716,-7.146484856178717,0,0,full,full,5,5
conf_sphere_r05,3,2705,"7,10,11",-6.511281968775477,-6.511264763418109,0,0,full,full,0,0
conf_sphere_r05,3,2706,"7,10,12",-7.180442828738932,-7.179564406727906,1,1,deficient,deficient,5,5
conf_sphere_r05,3,2707,"7,10,13",-6.521065420918948,-6.520707305622957,0,0,full,full,3,3
conf_sphere_r05,3,2708,"7,10,14",-6.881945678190428,-6.882051976284383,0,0,full,full,4,4
conf_sphere_r05,3,2709,"7,10,15",-7.297544402952463,-7.320398122971833,2,1,deficient,deficient,11,12
conf_sphere_r05,3,2710,"7,10,16",-6.446109107518215,-6.445846802075385,0,0,full,full,0,0
conf_sphere_r05,3,2711,"7,10,17",-7.1342077121304746,-7.1334702173270905,0,0,full,full,7,7
conf_sphere_r05,3,2712,"7,10,18",-6.921646766927172,-6.921247703115161,0,0,full,full,4,4
conf_sphere_r05,3,2713,"7,10,19",-6.6616680911838095,-6.661844825563948,0,0,full,full,1,1
conf_sphere_r05,3,2714,"7,10,20",-7.262728016635316,-7.261962141160587,0,0,full,full,11,11
conf_sphere_r05,3,2715,"7,10,21",-6.52269830779642,-6.522337909990385,0,0,full,full,2,2
conf_sphere_r05,3,2716,"7,10,22",-6.995764015175929,-6.995869363673221,0,0,full,full,6,6
conf_sphere_r05,3,2717,"7,10,23",-7.177596854214032,-7.1777587899749715,2,2,deficient,deficient,9,9
conf_sphere_r05,3,2718,"7,10,24",-6.587473897215482,-6.587407236029281,0,0,full,full,1,1
conf_sphere_r05,3,2719,"7,10,25",-7.159572050781854,-7.159621008134488,0,0,full,full,9,9
conf_sphere_r05,3,2720,"7,10,26",-6.764571518439904,-6.764171604271727,0,0,full,full,3,3
conf_sphere_r05,3,2721,"7,10,27",-6.832202001481134,-6.832499347520295,0,0,full,full,3,3
conf_sphere_r05,3,2722,"7,10,28",-7.182064624855031,-7.182325982983371,1,1,deficient,deficient,9,9
conf_sphere_r05,3,2723,"7,10,29",-6.629226261793774,-6.629033028722494,0,0,full,full,2,2
conf_sphere_r05,3,2724,"7,10,30",-7.077612813827328,-7.077966443235983,0,0,full,full,8,8
conf_sphere_r05,3,2725,"7,10,31",-7.027299338523081,-7.027514937434597,0,0,full,full,7,7
conf_sphere_r05,3,2726,"7,11,12",-6.934078329602434,-6.933992998818799,0,0,full,full,3,3
conf_sphere_r05,3,2727,"7,11,13",-6.387167481776911,-6.387012027200288,0,0,full,full,0,0
conf_sphere_r05,3,2728,"7,11,14",-7.006128233565854,-7.005779277502021,0,0,full,full,3,3
conf_sphere_r05,3,2729,"7,11,15",-6.794692507533588,-6.794865308390649,0,0,full,full,3,2
conf_sphere_r05,3,2730,"7,11,16",-6.671184617042206,-6.671110687568219,0,0,full,full,1,1
conf_sphere_r05,3,2731,"7,11,17",-6.955602594350602,-6.955314500253124,0,0,full,full,3,3
conf_sphere_r05,3,2732,"7,11,18",-6.507090693149441,-6.506970436663225,0,0,full,full,0,0
conf_sphere_r05,3,2733,"7,11,19",-7.0716199964940785,-7.0716169653199,0,0,full,full,5,5
conf_sphere_r05,3,2734,"7,11,20",-6.94932191900346,-6.949153563672499,0,0,full,full,4,4
conf_sphere_r05,3,2735,"7,11,21",-6.533225477097471,-6.533072696507138,0,0,full,full,0,0
conf_sphere_r05,3,2736,"7,11,22",-7.0066200307574125,-7.006345177393957,0,0,full,full,4,4
conf_sphere_r05,3,2737,"7,11,23",-6.732613417271218,-6.732853166593458,0,0,full,full,1,1
conf_sphere_r05,3,2738,"7,11,24",-6.945827828961552,-6.9459296179303145,0,0,full,full,5,5
conf_sphere_r05,3,2739,"7,11,25",-6.982946227227532,-6.982999557686124,0,0,full,full,3,3
conf_sphere_r05,3,2740,"7,11,26",-6.591225089418384,-6.591117779977597,0,0,full,full,0,0
conf_sphere_r05,3,2741,"7,11,27",-7.060887039281565,-7.061005263563718,0,0,full,full,5,5
conf_sphere_r05,3,2742,"7,11,28",-6.913894965202285,-6.914109177856792,0,0,full,full,5,5
conf_sphere_r05,3,2743,"7,11,29",-6.77346690666655,-6.773563231952692,0,0,full,full,1,2
conf_sphere_r05,3,2744,"7,11,30",-7.019903888641631,-7.020045135209565,0,0,full,full,5,5
conf_sphere_r05,3,2745,"7,11,31",-6.761763884075329,-6.762023570300912,0,0,full,full,2,2
conf_sphere_r05,3,2746,"7,12,13",-6.45446681088441,-6.453759685535702,0,0,full,full,1,1
conf_sphere_r05,3,2747,"7,12,14",-7.621237044357471,-7.620292501540156,2,2,deficient,deficient,12,12
conf_sphere_r05,3,2748,"7,12,15",-7.845451883664621,-7.844480252791679,3,3,deficient,deficient,15,15
conf_sphere_r05,3,2749,"7,12,16",-6.579238414445715,-6.5787367570274915,0,0,full,full,1,1
conf_sphere_r05,3,2750,"7,12,17",-8.055442617804415,-8.0538935397715,2,2,deficient,deficient,21,21
conf_sphere_r05,3,2751,"7,12,18",-6.849996707746849,-6.849192686548078,0,0,full,full,1,1
conf_sphere_r05,3,2752,"7,12,19",-7.2144942139633494,-7.213681783244259,0,0,full,full,9,9
conf_sphere_r05,3,2753,"7,12,20",-7.9906401835087335,-7.9892108780600255,2,2,deficient,deficient,21,21
conf_sphere_r05,3,2754,"7,12,21",-6.534006782851429,-6.533302729318514,0,0,full,full,1,1
conf_sphere_r05,3,2755,"7,12,22",-7.743466292710839,-7.742324440431142,2,2,deficient,deficient,16,16
conf_sphere_r05,3,2756,"7,12,23",-7.4519413031944355,-7.451609463427889,1,1,deficient,deficient,8,8
conf_sphere_r05,3,2757,"7,12,24",-6.9350154565799675,-6.934764638524504,0,0,full,full,4,4
conf_sphere_r05,3,2758,"7,12,25",-7.939786631437379,-7.939042507158473,2,2,deficient,deficient,21,21
conf_sphere_r05,3,2759,"7,12,26",-6.762765032022486,-6.761960943703332,0,0,full,full,1,1
conf_sphere_r05,3,2760,"7,12,27",-7.498173822539813,-7.49798822076919,0,0,full,full,15,15
conf_sphere_r05,3,2761,"7,12,28",-7.772459900885458,-7.771893853110291,3,3,deficient,deficient,18,18
conf_sphere_r05,3,2762,"7,12,29",-6.797429416964128,-6.796983292960168,0,0,full,full,1,2
conf_sphere_r05,3,2763,"7,12,30",-7.796025792655653,-7.7956459026433755,2,2,deficient,deficient,22,22
conf_sphere_r05,3,2764,"7,12,31",-7.202672620059354,-7.2024738242827135,0,0,full,full,5,5
conf_sphere_r05,3,2765,"7,13,14",-6.411853074409073,-6.4116172902345285,0,0,full,full,0,0
conf_sphere_r05,3,2766,"7,13,15",-6.511498286731173,-6.511127836437278,0,0,full,full,3,3
conf_sphere_r05,3,2767,"7,13,16",-6.406494272806314,-6.4061000411764555,0,0,full,full,0,0
conf_sphere_r05,3,2768,"7,13,17",-6.443040699308975,-6.442316800459841,0,0,full,full,1,1
conf_sphere_r05,3,2769,"7,13,18",-6.521206066195576,-6.52072264655059,0,0,full,full,3,3
conf_sphere_r05,3,2770,"7,13,19",-6.41411340524929,-6.4138453607498525,0,0,full,full,0,0
conf_sphere_r05,3,2771,"7,13,20",-6.48301735422898,-6.482372396982587,0,0,full,full,3,3
conf_sphere_r05,3,2772,"7,13,21",-6.453636772233841,-6.453094514477642,0,0,full,full,3,3
conf_sphere_r05,3,2773,"7,13,22",-6.432196368248402,-6.4318747475619364,0,0,full,full,1,1
conf_sphere_r05,3,2774,"7,13,23",-6.530352154874334,-6.5301047560880505,0,0,full,full,3,3
conf_sphere_r05,3,2775,"7,13,24",-6.434395572544142,-6.43413618709259,0,0,full,full,0,0
conf_sphere_r05,3,2776,"7,13,25",-6.4633880029614525,-6.463031812091325,0,0,full,full,2,2
conf_sphere_r05,3,2777,"7,13,26",-6.5085868327225,-6.50806784187643,0,0,full,full,3,3
conf_sphere_r05,3,2778,"7,13,27",-6.437578263863364,-6.437430860251509,0,0,full,full,0,0
conf_sphere_r05,3,2779,"7,13,28",-6.509014485015304,-6.508714720899665,0,0,full,full,3,3
conf_sphere_r05,3,2780,"7,13,29",-6.46655264752929,-6.466176485823452,0,0,full,full,2,1
conf_sphere_r05,3,2781,"7,13,30",-6.458341278693777,-6.458076456167678,0,0,full,full,2,2
conf_sphere_r05,3,2782,"7,13,31",-6.524311227821866,-6.524073834103115,0,0,full,full,3,3
conf_sphere_r05,3,2783,"7,14,15",-7.315501913820797,-7.315186065408911,1,1,deficient,deficient,6,6
conf_sphere_r05,3,2784,"7,14,16",-6.611568247401866,-6.611125994934042,0,0,full,full,0,0
conf_sphere_r05,3,2785,"7,14,17",-7.679310291406254,-7.677810094614112,3,3,deficient,deficient,14,14
conf_sphere_r05,3,2786,"7,14,18",-6.711447758929435,-6.711135503530091,0,0,full,full,1,1
conf_sphere_r05,3,2787,"7,14,19",-7.1772204050234505,-7.176661497522305,0,0,full,full,5,5
conf_sphere_r05,3,2788,"7,14,20",-7.468100388209465,-7.467594823961411,1,1,deficient,deficient,11,11
conf_sphere_r05,3,2789,"7,14,21",-6.532812334702645,-6.532484118435444,0,0,full,full,0,0
conf_sphere_r05,3,2790,"7,14,22",-7.485802570831429,-7.484985537215775,2,2,deficient,deficient,11,11
conf_sphere_r05,3,2791,"7,14,23",-7.169750932211485,-7.169765692466727,1,1,deficient,deficient,8,8
conf_sphere_r05,3,2792,"7,14,24",-6.978943199257186,-6.978664720221944,0,0,full,full,5,5
conf_sphere_r05,3,2793,"7,14,25",-7.538861032030777,-7.53865262252727,2,2,deficient,deficient,12,12
conf_sphere_r05,3,2794,"7,14,26",-6.723362636825115,-6.72305392290118,0,0,full,full,2,2
conf_sphere_r05,3,2795,"7,14,27",-7.391431185038415,-7.391054835588846,1,1,deficient,deficient,13,14
conf_sphere_r05,3,2796,"7,14,28",-7.3297382045351975,-7.329499013965116,1,1,deficient,deficient,7,7
conf_sphere_r05,3,2797,"7,14,29",-6.824271714548449,-6.82401359152914,0,0,full,full,3,2
conf_sphere_r05,3,2798,"7,14,30",-7.498209195793755,-7.497699268846822,1,1,deficient,deficient,14,15
conf_sphere_r05,3,2799,"7,14,31",-7.0318060676805265,-7.031748835971025,1,1,deficient,deficient,4,4
conf_sphere_r05,3,2800,"7,15,16",-6.548561740055025,-6.548256414238124,0,0,full,full,2,2
conf_sphere_r05,3,2801,"7,15,17",-7.679961068203284,-7.6792606756752635,1,1,deficient,deficient,11,11
conf_sphere_r05,3,2802,"7,15,18",-6.959372056104947,-6.958923274257741,0,0,full,full,4,4
conf_sphere_r05,3,2803,"7,15,19",-6.978978143489475,-6.97893159791441,0,0,full,full,4,4
conf_sphere_r05,3,2804,"7,15,20",-7.711794572188451,-7.711194988506441,1,1,deficient,deficient,13,13
conf_sphere_r05,3,2805,"7,15,21",-6.569375270142624,-6.568983881859029,0,0,full,full,3,3
conf_sphere_r05,3,2806,"7,15,22",-7.443674786704761,-7.44347771510768,0,0,full,full,10,10
conf_sphere_r05,3,2807,"7,15,23",-7.445076365116746,-7.445315898940649,3,3,deficient,deficient,10,10
conf_sphere_r05,3,2808,"7,15,24",-6.845181082140013,-6.845227356233889,0,0,full,full,5,5
conf_sphere_r05,3,2809,"7,15,25",-7.657532659670599,-7.65795978872787,2,2,deficient,deficient,17,17
conf_sphere_r05,3,2810,"7,15,26",-6.842411562671842,-6.841900996071975,0,0,full,full,3,3
conf_sphere_r05,3,2811,"7,15,27",-7.239343303244604,-7.239580869415229,1,1,deficient,deficient,9,9
conf_sphere_r05,3,2812,"7,15,28",-7.595821011644033,-7.596093530647018,2,2,deficient,deficient,14,14
conf_sphere_r05,3,2813,"7,15,29",-6.8050663670883695,-6.804877934599406,0,0,full,full,4,4
conf_sphere_r05,3,2814,"7,15,30",-7.467454807161413,-7.46776532011474,1,1,deficient,deficient,8,8
conf_sphere_r05,3,2815,"7,15,31",-7.202326374578048,-7.202496761919431,2,2,deficient,deficient,6,6
conf_sphere_r05,3,2816,"7,16,17",-6.587187996742508,-6.586677964897661,0,0,full,full,0,0
conf_sphere_r05,3,2817,"7,16,18",-6.4698381126300815,-6.469486460660212,0,0,full,full,1,1
conf_sphere_r05,3,2818,"7,16,19",-6.675960325212743,-6.675729663244225,0,0,full,full,1,1
conf_sphere_r05,3,2819,"7,16,20",-6.597075470457012,-6.5964939247384455,0,0,full,full,2,2
conf_sphere_r05,3,2820,"7,16,21",-6.523321571471334,-6.52285082358437,0,0,full,full,2,2
conf_sphere_r05,3,2821,"7,16,22",-6.617456622881181,-6.61705083609663,0,0,full,full,1,1
conf_sphere_r05,3,2822,"7,16,23",-6.557518273352038,-6.5573194098753085,0,0,full,full,2,2
conf_sphere_r05,3,2823,"7,16,24",-6.684675714168846,-6.684432043350614,0,0,full,full,2,2
conf_sphere_r05,3,2824,"7,16,25",-6.610190519133168,-6.6098682886128,0,0,full,full,1,1
conf_sphere_r05,3,2825,"7,16,26",-6.537557550980094,-6.537183836621169,0,0,full,full,2,1
conf_sphere_r05,3,2826,"7,16,27",-6.664614132210561,-6.664426310963406,0,0,full,full,1,1
conf_sphere_r05,3,2827,"7,16,28",-6.6140599462477185,-6.613792564327277,0,0,full,full,2,2
conf_sphere_r05,3,2828,"7,16,29",-6.642731110487507,-6.642442950108414,0,0,full,full,3,3
conf_sphere_r05,3,2829,"7,16,30",-6.634607929983925,-6.634354392904156,0,0,full,full,1,1
conf_sphere_r05,3,2830,"7,16,31",-6.595553439273104,-6.595424315391045,0,0,full,full,2,2
conf_sphere_r05,3,2831,"7,17,18",-6.83049290016637,-6.829745593119328,0,0,full,full,2,2
conf_sphere_r05,3,2832,"7,17,19",-7.308751085310439,-7.308008544499322,2,2,deficient,deficient,10,10
conf_sphere_r05,3,2833,"7,17,20",-7.893187073823253,-7.890879339779736,3,3,deficient,deficient,20,20
conf_sphere_r05,3,2834,"7,17,21",-6.534769370707077,-6.534043657141044,0,0,full,full,1,1
conf_sphere_r05,3,2835,"7,17,22",-7.773258885239917,-7.771849178989839,3,3,deficient,deficient,17,17
conf_sphere_r05,3,2836,"7,17,23",-7.353705115554149,-7.3531625759706,1,1,deficient,deficient,6,6
conf_sphere_r05,3,2837,"7,17,24",-6.928413590163935,-6.927914906138457,0,0,full,full,2,2
conf_sphere_r05,3,2838,"7,17,25",-7.919962115076793,-7.919282722937645,3,3,deficient,deficient,21,21
conf_sphere_r05,3,2839,"7,17,26",-6.760831951019617,-6.760026660759901,0,0,full,full,2,2
conf_sphere_r05,3,2840,"7,17,27",-7.568044758872871,-7.567619382724467,3,3,deficient,deficient,15,15
conf_sphere_r05,3,2841,"7,17,28",-7.763003472011479,-7.7623609531221005,4,4,deficient,deficient,19,19
conf_sphere_r05,3,2842,"7,17,29",-6.799147726369241,-6.798559021794573,0,0,full,full,2,1
conf_sphere_r05,3,2843,"7,17,30",-7.819688201073349,-7.819112580626815,3,3,deficient,deficient,21,22
conf_sphere_r05,3,2844,"7,17,31",-7.187612230890269,-7.187102831114889,0,0,full,full,5,5
conf_sphere_r05,3,2845,"7,18,19",-6.614611054596028,-6.614453945561192,0,0,full,full,1,1
conf_sphere_r05,3,2846,"7,18,20",-6.9099263865208576,-6.9089873057016185,0,0,full,full,3,3
conf_sphere_r05,3,2847,"7,18,21",-6.53961729571717,-6.539111632915623,0,0,full,full,3,3
conf_sphere_r05,3,2848,"7,18,22",-6.777709899727369,-6.777343572314636,0,0,full,full,2,2
conf_sphere_r05,3,2849,"7,18,23",-6.955186638661746,-6.95493770330467,0,0,full,full,4,4
conf_sphere_r05,3,2850,"7,18,24",-6.58634334357634,-6.586069134150381,0,0,full,full,1,1
conf_sphere_r05,3,2851,"7,18,25",-6.86558690839965,-6.865180537287609,0,0,full,full,3,3
conf_sphere_r05,3,2852,"7,18,26",-6.740321686572428,-6.739604622659299,0,0,full,full,3,3
conf_sphere_r05,3,2853,"7,18,27",-6.722923537550548,-6.722761505443448,0,0,full,full,2,2
conf_sphere_r05,3,2854,"7,18,28",-6.934616653889509,-6.93427581492749,0,0,full,full,4,4
conf_sphere_r05,3,2855,"7,18,29",-6.6307187124987506,-6.630299203523991,0,0,full,full,2,2
conf_sphere_r05,3,2856,"7,18,30",-6.829852771296308,-6.829599170245447,0,0,full,full,3,3
conf_sphere_r05,3,2857,"7,18,31",-6.884299898170806,-6.883989625672342,0,0,full,full,4,4
conf_sphere_r05,3,2858,"7,19,20",-7.14874844598724,-7.148205764329385,0,0,full,full,7,7
conf_sphere_r05,3,2859,"7,19,21",-6.563384168552975,-6.5631051562197165,0,0,full,full,1,1
conf_sphere_r05,3,2860,"7,19,22",-7.210487301328626,-7.209841368113958,0,0,full,full,7,7
conf_sphere_r05,3,2861,"7,19,23",-6.901841811675875,-6.901959133683796,1,1,deficient,deficient,4,4
conf_sphere_r05,3,2862,"7,19,24",-7.036667157687622,-7.036732712626465,0,0,full,full,6,6
conf_sphere_r05,3,2863,"7,19,25",-7.200825084817491,-7.200985886247682,1,1,deficient,deficient,8,8
conf_sphere_r05,3,2864,"7,19,26",-6.687469766262148,-6.6873223074815895,0,0,full,full,1,1
conf_sphere_r05,3,2865,"7,19,27",-7.218553610325408,-7.218613909179503,0,0,full,full,7,7
conf_sphere_r05,3,2866,"7,19,28",-7.061901366290828,-7.061928928061918,0,0,full,full,5,5
conf_sphere_r05,3,2867,"7,19,29",-6.857177848413038,-6.857221958757904,0,0,full,full,3,3
conf_sphere_r05,3,2868,"7,19,30",-7.209568346271359,-7.209558350264136,0,0,full,full,7,7
conf_sphere_r05,3,2869,"7,19,31",-6.888761899924962,-6.888897426532457,1,1,deficient,deficient,3,3
conf_sphere_r05,3,2870,"7,20,21",-6.56792647639931,-6.567298561333316,0,0,full,full,3,3
conf_sphere_r05,3,2871,"7,20,22",-7.60734113354845,-7.606464870299039,0,0,full,full,18,18
conf_sphere_r05,3,2872,"7,20,23",-7.460538062209713,-7.4600069338085815,2,2,deficient,deficient,12,12
conf_sphere_r05,3,2873,"7,20,24",-6.9414414546086585,-6.941220627368744,1,1,deficient,deficient,5,5
conf_sphere_r05,3,2874,"7,20,25",-7.800617632754027,-7.799520653738316,3,3,deficient,deficient,24,24
conf_sphere_r05,3,2875,"7,20,26",-6.822072777901113,-6.821206635821812,0,0,full,full,3,3
conf_sphere_r05,3,2876,"7,20,27",-7.409122436520097,-7.409198430556134,1,1,deficient,deficient,16,16
conf_sphere_r05,3,2877,"7,20,28",-7.688730905198447,-7.6879844003937405,2,2,deficient,deficient,15,15
conf_sphere_r05,3,2878,"7,20,29",-6.848617986919612,-6.8481051189106426,0,0,full,full,4,4
conf_sphere_r05,3,2879,"7,20,30",-7.6589115682154905,-7.658647273035448,1,1,deficient,deficient,19,19
conf_sphere_r05,3,2880,"7,20,31",-7.242395982802932,-7.2418885137621825,1,1,deficient,deficient,7,7
conf_sphere_r05,3,2881,"7,21,22",-6.549144526800652,-6.5487674330028085,0,0,full,full,1,1
conf_sphere_r05,3,2882,"7,21,23",-6.592687149201526,-6.592427108636463,0,0,full,full,3,3
conf_sphere_r05,3,2883,"7,21,24",-6.582955812168061,-6.58267552375287,0,0,full,full,1,1
conf_sphere_r05,3,2884,"7,21,25",-6.562673002111063,-6.562338913839087,0,0,full,full,3,3
conf_sphere_r05,3,2885,"7,21,26",-6.576223158485131,-6.5756682366306425,0,0,full,full,3,3
conf_sphere_r05,3,2886,"7,21,27",-6.577677741930889,-6.577481987293851,0,0,full,full,1,1
conf_sphere_r05,3,2887,"7,21,28",-6.600601934726912,-6.600310816069502,0,0,full,full,3,3
conf_sphere_r05,3,2888,"7,21,29",-6.596170149157157,-6.595708501683205,0,0,full,full,3,3
conf_sphere_r05,3,2889,"7,21,30",-6.574698830021814,-6.574411791933879,0,0,full,full,2,2
conf_sphere_r05,3,2890,"7,21,31",-6.612328514940651,-6.612134668622772,0,0,full,full,3,3
conf_sphere_r05,3,2891,"7,22,23",-7.293716084420252,-7.293672786624772,1,1,deficient,deficient,10,10
conf_sphere_r05,3,2892,"7,22,24",-6.988892244941248,-6.9885691119573465,1,1,deficient,deficient,5,5
conf_sphere_r05,3,2893,"7,22,25",-7.635595243439983,-7.635458490335566,2,2,deficient,deficient,16,16
conf_sphere_r05,3,2894,"7,22,26",-6.7641047149227385,-6.763670851298653,0,0,full,full,2,2
conf_sphere_r05,3,2895,"7,22,27",-7.452215934243886,-7.451947063615087,1,1,deficient,deficient,15,15
conf_sphere_r05,3,2896,"7,22,28",-7.500371220823469,-7.500266813349485,0,0,full,full,13,13
conf_sphere_r05,3,2897,"7,22,29",-6.844133805809089,-6.843870648337592,0,0,full,full,3,2
conf_sphere_r05,3,2898,"7,22,30",-7.58292421787723,-7.582671970091413,1,1,deficient,deficient,18,18
conf_sphere_r05,3,2899,"7,22,31",-7.135066948012421,-7.135044925573189,1,1,deficient,deficient,7,7
conf_sphere_r05,3,2900,"7,23,24",-6.809593437630456,-6.809711042016463,0,0,full,full,4,4
conf_sphere_r05,3,2901,"7,23,25",-7.414334706847616,-7.414772360462406,2,2,deficient,deficient,13,13
conf_sphere_r05,3,2902,"7,23,26",-6.8592855297843265,-6.858959203096827,0,0,full,full,3,3
conf_sphere_r05,3,2903,"7,23,27",-7.113781764812534,-7.114072727854463,1,1,deficient,deficient,7,7
conf_sphere_r05,3,2904,"7,23,28",-7.401900480170033,-7.402178962604559,3,3,deficient,deficient,10,10
conf_sphere_r05,3,2905,"7,23,29",-6.808016242696516,-6.807917219905412,0,0,full,full,4,4
conf_sphere_r05,3,2906,"7,23,30",-7.32954247142623,-7.329868529667307,2,2,deficient,deficient,11,11
conf_sphere_r05,3,2907,"7,23,31",-7.159768523303336,-7.159956616287657,2,2,deficient,deficient,6,6
conf_sphere_r05,3,2908,"7,24,25",-6.997784247114223,-6.997666009641954,0,0,full,full,7,7
conf_sphere_r05,3,2909,"7,24,26",-6.670474927710471,-6.670228926887156,0,0,full,full,2,2
conf_sphere_r05,3,2910,"7,24,27",-7.024810753255237,-7.024906720674909,1,1,deficient,deficient,5,5
conf_sphere_r05,3,2911,"7,24,28",-6.947137956683642,-6.947232954112988,1,1,deficient,deficient,6,6
conf_sphere_r05,3,2912,"7,24,29",-6.834829422907338,-6.834790624247894,0,0,full,full,4,4
conf_sphere_r05,3,2913,"7,24,30",-6.995160949048596,-6.995238307450798,1,1,deficient,deficient,6,6
conf_sphere_r05,3,2914,"7,24,31",-6.84196318763329,-6.84211367402108,0,0,full,full,4,4
conf_sphere_r05,3,2915,"7,25,26",-6.802991781717081,-6.802501439648425,0,0,full,full,3,3
conf_sphere_r05,3,2916,"7,25,27",-7.483969115319346,-7.484617329287165,1,1,deficient,deficient,16,16
conf_sphere_r05,3,2917,"7,25,28",-7.67470019540504,-7.675308196304512,2,2,deficient,deficient,17,17
conf_sphere_r05,3,2918,"7,25,29",-6.850595746150563,-6.850460877981359,0,0,full,full,3,3
conf_sphere_r05,3,2919,"7,25,30",-7.688283279110417,-7.689021655549055,3,3,deficient,deficient,18,18
conf_sphere_r05,3,2920,"7,25,31",-7.223626169992577,-7.224059068404427,2,2,deficient,deficient,8,8
conf_sphere_r05,3,2921,"7,26,27",-6.761990246246543,-6.761850406271654,0,0,full,full,2,2
conf_sphere_r05,3,2922,"7,26,28",-6.86254882391495,-6.862118731358423,0,0,full,full,3,3
conf_sphere_r05,3,2923,"7,26,29",-6.69877229092159,-6.698340441668731,0,0,full,full,3,3
conf_sphere_r05,3,2924,"7,26,30",-6.804122811951129,-6.803752871102167,0,0,full,full,3,3
conf_sphere_r05,3,2925,"7,26,31",-6.8510373459940155,-6.850738718688073,0,0,full,full,3,3
conf_sphere_r05,3,2926,"7,27,28",-7.307461898519007,-7.307823240261001,1,1,deficient,deficient,9,9
conf_sphere_r05,3,2927,"7,27,29",-6.885580779142656,-6.885612894121047,0,0,full,full,3,3
conf_sphere_r05,3,2928,"7,27,30",-7.459060753205836,-7.45947273833883,1,1,deficient,deficient,16,16
conf_sphere_r05,3,2929,"7,27,31",-7.043738125295909,-7.044016054003993,1,1,deficient,deficient,5,5
conf_sphere_r05,3,2930,"7,28,29",-6.8798776202748835,-6.879796551946307,0,0,full,full,4,4
conf_sphere_r05,3,2931,"7,28,30",-7.516460571945665,-7.51691649609418,2,2,deficient,deficient,13,13
conf_sphere_r05,3,2932,"7,28,31",-7.234182772227029,-7.234487358922506,2,2,deficient,deficient,7,7
conf_sphere_r05,3,2933,"7,29,30",-6.875826305470923,-6.875762124594072,0,0,full,full,4,4
conf_sphere_r05,3,2934,"7,29,31",-6.83637642159192,-6.836336189731491,0,0,full,full,4,4
conf_sphere_r05,3,2935,"7,30,31",-7.178531857484364,-7.178796214875329,1,1,deficient,deficient,7,7
conf_sphere_r05,3,2936,"8,9,10",-6.343549949504727,-6.3434770962594635,0,0,full,full,0,0
conf_sphere_r05,3,2937,"8,9,11",-6.526586863096274,-6.526501790567286,0,0,full,full,1,1
conf_sphere_r05,3,2938,"8,9,12",-6.411003758917629,-6.41060465234536,0,0,full,full,1,0
conf_sphere_r05,3,2939,"8,9,13",-6.387046597135147,-6.386766611601256,0,0,full,full,1,1
conf_sphere_r05,3,2940,"8,9,14",-6.466918767890453,-6.4666274914356325,0,0,full,full,1,1
conf_sphere_r05,3,2941,"8,9,15",-6.363797322254893,-6.3637185524808935,0,0,full,full,0,0
conf_sphere_r05,3,2942,"8,9,16",-6.519376159725123,-6.5189755712579185,0,0,full,full,1,1
conf_sphere_r05,3,2943,"8,9,17",-6.437571367865938,-6.437099142347931,0,0,full,full,1,1
conf_sphere_r05,3,2944,"8,9,18",-6.373928049182894,-6.373745120012261,0,0,full,full,0,0
conf_sphere_r05,3,2945,"8,9,19",-6.510284002914768,-6.510046466424717,0,0,full,full,1,1
conf_sphere_r05,3,2946,"8,9,20",-6.393012039274682,-6.392717700073769,0,0,full,full,0,0
conf_sphere_r05,3,2947,"8,9,21",-6.451725422490465,-6.451387483893538,0,0,full,full,1,1
conf_sphere_r05,3,2948,"8,9,22",-6.460275232134369,-6.459947878714357,0,0,full,full,1,1
conf_sphere_r05,3,2949,"8,9,23",-6.384651406370131,-6.384624006090448,0,0,full,full,0,0
conf_sphere_r05,3,2950,"8,9,24",-6.521082524390643,-6.5209930015445225,0,0,full,full,1,1
conf_sphere_r05,3,2951,"8,9,25",-6.424341023944433,-6.42416390185432,0,0,full,full,1,1
conf_sphere_r05,3,2952,"8,9,26",-6.41822903148748,-6.418000266802418,0,0,full,full,1,1
conf_sphere_r05,3,2953,"8,9,27",-6.487879066163086,-6.487792749428035,0,0,full,full,1,1
conf_sphere_r05,3,2954,"8,9,28",-6.403604738847879,-6.403584783008878,0,0,full,full,1,1
conf_sphere_r05,3,2955,"8,9,29",-6.487417306996998,-6.48723230260814,0,0,full,full,1,1
conf_sphere_r05,3,2956,"8,9,30",-6.450650290639654,-6.450541862674557,0,0,full,full,1,1
conf_sphere_r05,3,2957,"8,9,31",-6.418223786904956,-6.418172112210077,0,0,full,full,1,1
conf_sphere_r05,3,2958,"8,10,11",-6.358241903705024,-6.358346965344028,0,0,full,full,0,0
conf_sphere_r05,3,2959,"8,10,12",-6.352501481468225,-6.352260036698088,0,0,full,full,1,1
conf_sphere_r05,3,2960,"8,10,13",-6.385323603943009,-6.385251548552646,0,0,full,full,3,3
conf_sphere_r05,3,2961,"8,10,14",-6.341797023210428,-6.341763572276324,0,0,full,full,0,0
conf_sphere_r05,3,2962,"8,10,15",-6.39112132054489,-6.391084291176454,0,0,full,full,2,2
conf_sphere_r05,3,2963,"8,10,16",-6.379002890600792,-6.378871397761525,0,0,full,full,3,3
conf_sphere_r05,3,2964,"8,10,17",-6.347612406352913,-6.347321717763627,0,0,full,full,0,0
conf_sphere_r05,3,2965,"8,10,18",-6.413247875156045,-6.413170397735091,0,0,full,full,3,3
conf_sphere_r05,3,2966,"8,10,19",-6.359180504229153,-6.359246841487744,0,0,full,full,1,1
conf_sphere_r05,3,2967,"8,10,20",-6.3671073582269075,-6.36683688532175,0,0,full,full,0,0
conf_sphere_r05,3,2968,"8,10,21",-6.395756484455849,-6.3956297052273845,0,0,full,full,3,3
conf_sphere_r05,3,2969,"8,10,22",-6.346709935167147,-6.346579917949078,0,0,full,full,0,0
conf_sphere_r05,3,2970,"8,10,23",-6.407291958518301,-6.407264196062322,0,0,full,full,3,3
conf_sphere_r05,3,2971,"8,10,24",-6.37995501738549,-6.379985637802687,0,0,full,full,1,1
conf_sphere_r05,3,2972,"8,10,25",-6.35752168522752,-6.3574913729507205,0,0,full,full,0,0
conf_sphere_r05,3,2973,"8,10,26",-6.41060981770091,-6.410522836329213,0,0,full,full,3,3
conf_sphere_r05,3,2974,"8,10,27",-6.360267819735096,-6.3603335131254894,0,0,full,full,1,1
conf_sphere_r05,3,2975,"8,10,28",-6.388296442521841,-6.3883088978375575,0,0,full,full,2,2
conf_sphere_r05,3,2976,"8,10,29",-6.396193162422429,-6.39613636413596,0,0,full,full,3,3
conf_sphere_r05,3,2977,"8,10,30",-6.360628586759519,-6.360640953042815,0,0,full,full,1,1
conf_sphere_r05,3,2978,"8,10,31",-6.408993858319768,-6.4089988402007485,0,0,full,full,3,3
conf_sphere_r05,3,2979,"8,11,12",-6.481881284610006,-6.481813656008774,0,0,full,full,1,1
conf_sphere_r05,3,2980,"8,11,13",-6.40902204640876,-6.4089734679618,0,0,full,full,3,3
conf_sphere_r05,3,2981,"8,11,14",-6.553663066647615,-6.553485168252439,0,0,full,full,3,3
conf_sphere_r05,3,2982,"8,11,15",-6.405606760699219,-6.405706972321353,0,0,full,full,1,1
conf_sphere_r05,3,2983,"8,11,16",-6.5890434123940755,-6.58885553855486,0,0,full,full,3,3
conf_sphere_r05,3,2984,"8,11,17",-6.511614190428945,-6.511513300588198,0,0,full,full,1,1
conf_sphere_r05,3,2985,"8,11,18",-6.388270719416531,-6.388245481997646,0,0,full,full,1,1
conf_sphere_r05,3,2986,"8,11,19",-6.60023515215299,-6.600315862586725,0,0,full,full,3,3
conf_sphere_r05,3,2987,"8,11,20",-6.451054388811615,-6.450920632372318,0,0,full,full,0,0
conf_sphere_r05,3,2988,"8,11,21",-6.492799279941308,-6.492672906916792,0,0,full,full,3,3
conf_sphere_r05,3,2989,"8,11,22",-6.537468437896841,-6.537372025171888,0,0,full,full,3,3
conf_sphere_r05,3,2990,"8,11,23",-6.413436243269642,-6.413553558942615,0,0,full,full,1,1
conf_sphere_r05,3,2991,"8,11,24",-6.596163998221413,-6.59624824464955,0,0,full,full,3,3
conf_sphere_r05,3,2992,"8,11,25",-6.490355996619395,-6.490446528805131,0,0,full,full,1,1
conf_sphere_r05,3,2993,"8,11,26",-6.44565622470097,-6.445562391528434,0,0,full,full,3,3
conf_sphere_r05,3,2994,"8,11,27",-6.565934943483737,-6.566089779381459,0,0,full,full,3,3
conf_sphere_r05,3,2995,"8,11,28",-6.448779138981566,-6.448946311631083,0,0,full,full,1,1
conf_sphere_r05,3,2996,"8,11,29",-6.541442768994237,-6.5413937040534185,0,0,full,full,3,3
conf_sphere_r05,3,2997,"8,11,30",-6.520212266289546,-6.52040063581001,0,0,full,full,2,2
conf_sphere_r05,3,2998,"8,11,31",-6.449702567881822,-6.449788505858082,0,0,full,full,2,2
conf_sphere_r05,3,2999,"8,12,13",-6.38228173026013,-6.3819540428235495,0,0,full,full,1,1
conf_sphere_r05,3,3000,"8,12,14",-6.424923088468223,-6.424727620675252,0,0,full,full,0,0
conf_sphere_r05,3,3001,"8,12,15",-6.374841387790096,-6.374581700400766,0,0,full,full,1,1
conf_sphere_r05,3,3002,"8,12,16",-6.487299669096539,-6.4869121072219285,0,0,full,full,1,1
conf_sphere_r05,3,3003,"8,12,17",-6.415236195789723,-6.414752870472401,0,0,full,full,1,1
conf_sphere_r05,3,3004,"8,12,18",-6.380232162627304,-6.3799339769324,0,0,full,full,1,1
conf_sphere_r05,3,3005,"8,12,19",-6.469724052211891,-6.469530342251086,0,0,full,full,1,1
conf_sphere_r05,3,3006,"8,12,20",-6.399559007278071,-6.399150805327211,0,0,full,full,1,1
conf_sphere_r05,3,3007,"8,12,21",-6.4410533622023,-6.4407343126355405,0,0,full,full,1,1
conf_sphere_r05,3,3008,"8,12,22",-6.428106460333281,-6.42777755889792,0,0,full,full,1,1
conf_sphere_r05,3,3009,"8,12,23",-6.3945434641921075,-6.394378180109194,0,0,full,full,1,1
conf_sphere_r05,3,3010,"8,12,24",-6.490809401082242,-6.49064866779664,0,0,full,full,1,1
conf_sphere_r05,3,3011,"8,12,25",-6.418384788856991,-6.418143480780735,0,0,full,full,1,1
conf_sphere_r05,3,3012,"8,12,26",-6.419595127365513,-6.4193132978359975,0,0,full,full,1,1
conf_sphere_r05,3,3013,"8,12,27",-6.4564681763908105,-6.456342084648386,0,0,full,full,1,1
conf_sphere_r05,3,3014,"8,12,28",-6.411399655683375,-6.41125820703236,0,0,full,full,1,1
conf_sphere_r05,3,3015,"8,12,29",-6.473586741548144,-6.473387989623752,0,0,full,full,1,1
conf_sphere_r05,3,3016,"8,12,30",-6.434789800062017,-6.434575527160088,0,0,full,full,1,1
conf_sphere_r05,3,3017,"8,12,31",-6.423508867593687,-6.423374835923425,0,0,full,full,1,1
conf_sphere_r05,3,3018,"8,13,14",-6.387403327254085,-6.387121478190736,0,0,full,full,2,2
conf_sphere_r05,3,3019,"8,13,15",-6.383433370202405,-6.38331215237093,0,0,full,full,3,3
conf_sphere_r05,3,3020,"8,13,16",-6.43488850069844,-6.434524541661746,0,0,full,full,3,3
conf_sphere_r05,3,3021,"8,13,17",-6.385692783790023,-6.38526331312793,0,0,full,full,1,1
conf_sphere_r05,3,3022,"8,13,18",-6.408000957548561,-6.407707631360938,0,0,full,full,3,3
conf_sphere_r05,3,3023,"8,13,19",-6.405356584908123,-6.405254974783717,0,0,full,full,3,3
conf_sphere_r05,3,3024,"8,13,20",-6.381041174406622,-6.380636850797775,0,0,full,full,2,2
conf_sphere_r05,3,3025,"8,13,21",-6.441821060527959,-6.4414459486726265,0,0,full,full,3,3
conf_sphere_r05,3,3026,"8,13,22",-6.387600001663915,-6.38725416663261,0,0,full,full,2,2
conf_sphere_r05,3,3027,"8,13,23",-6.397604556592713,-6.397488576210686,0,0,full,full,3,3
conf_sphere_r05,3,3028,"8,13,24",-6.424378083783746,-6.4242134800790245,0,0,full,full,3,3
conf_sphere_r05,3,3029,"8,13,25",-6.3857467152445,-6.385616611399879,0,0,full,full,2,2
conf_sphere_r05,3,3030,"8,13,26",-6.42645147190444,-6.42606874507537,0,0,full,full,3,3
conf_sphere_r05,3,3031,"8,13,27",-6.400989315690505,-6.4008971612222965,0,0,full,full,3,3
conf_sphere_r05,3,3032,"8,13,28",-6.393770702653234,-6.393679499084788,0,0,full,full,3,3
conf_sphere_r05,3,3033,"8,13,29",-6.433134697434462,-6.432853948037006,0,0,full,full,3,3
conf_sphere_r05,3,3034,"8,13,30",-6.394477056407413,-6.394380044459129,0,0,full,full,3,3
conf_sphere_r05,3,3035,"8,13,31",-6.412682479243529,-6.412556788552375,0,0,full,full,3,3
conf_sphere_r05,3,3036,"8,14,15",-6.37064920933939,-6.370603587886276,0,0,full,full,0,0
conf_sphere_r05,3,3037,"8,14,16",-6.536384882458769,-6.535938286902703,0,0,full,full,3,3
conf_sphere_r05,3,3038,"8,14,17",-6.45554955948944,-6.455213609177471,0,0,full,full,1,1
conf_sphere_r05,3,3039,"8,14,18",-6.373704843849467,-6.373556771218203,0,0,full,full,0,0
conf_sphere_r05,3,3040,"8,14,19",-6.540607070584954,-6.540303889560514,0,0,full,full,3,3
conf_sphere_r05,3,3041,"8,14,20",-6.405499446809909,-6.405282921524444,0,0,full,full,0,0
conf_sphere_r05,3,3042,"8,14,21",-6.460656694061042,-6.460321584605297,0,0,full,full,3,3
conf_sphere_r05,3,3043,"8,14,22",-6.486089433457196,-6.485718455352426,0,0,full,full,3,3
conf_sphere_r05,3,3044,"8,14,23",-6.389530109327598,-6.3895353921684315,0,0,full,full,0,0
conf_sphere_r05,3,3045,"8,14,24",-6.5442555613926086,-6.544129543492483,0,0,full,full,3,3
conf_sphere_r05,3,3046,"8,14,25",-6.441730352127411,-6.441581358753568,0,0,full,full,2,2
conf_sphere_r05,3,3047,"8,14,26",-6.424071105204277,-6.423865595897038,0,0,full,full,1,1
conf_sphere_r05,3,3048,"8,14,27",-6.515967093202804,-6.51580244253634,0,0,full,full,3,3
conf_sphere_r05,3,3049,"8,14,28",-6.414035777638043,-6.414064727226945,0,0,full,full,0,0
conf_sphere_r05,3,3050,"8,14,29",-6.50351796118789,-6.50331833685808,0,0,full,full,2,2
conf_sphere_r05,3,3051,"8,14,30",-6.4719386493384174,-6.4718350120953865,0,0,full,full,2,2
conf_sphere_r05,3,3052,"8,14,31",-6.425942875902314,-6.4259149722619435,0,0,full,full,0,0
conf_sphere_r05,3,3053,"8,15,16",-6.423310174481639,-6.423156026146315,0,0,full,full,2,2
conf_sphere_r05,3,3054,"8,15,17",-6.37205719709523,-6.371767272134427,0,0,full,full,0,0
conf_sphere_r05,3,3055,"8,15,18",-6.40772498066791,-6.407597724655887,0,0,full,full,2,2
conf_sphere_r05,3,3056,"8,15,19",-6.403120400204883,-6.4031747217362165,0,0,full,full,1,1
conf_sphere_r05,3,3057,"8,15,20",-6.3938661096647875,-6.393574050994623,0,0,full,full,2,2
conf_sphere_r05,3,3058,"8,15,21",-6.420192389683573,-6.42006695038077,0,0,full,full,3,3
conf_sphere_r05,3,3059,"8,15,22",-6.377469585982465,-6.377370679227998,0,0,full,full,0,0
conf_sphere_r05,3,3060,"8,15,23",-6.424156389585875,-6.424230508141717,0,0,full,full,3,3
conf_sphere_r05,3,3061,"8,15,24",-6.4284964716020925,-6.4285320521643525,0,0,full,full,1,1
conf_sphere_r05,3,3062,"8,15,25",-6.387383792886603,-6.387384318333832,0,0,full,full,0,1
conf_sphere_r05,3,3063,"8,15,26",-6.427008114122996,-6.42691311178225,0,0,full,full,2,2
conf_sphere_r05,3,3064,"8,15,27",-6.40098747289872,-6.401088722893687,0,0,full,full,1,1
conf_sphere_r05,3,3065,"8,15,28",-6.418766000399829,-6.418818643467719,0,0,full,full,3,3
conf_sphere_r05,3,3066,"8,15,29",-6.437031912392801,-6.436993024879166,0,0,full,full,2,2
conf_sphere_r05,3,3067,"8,15,30",-6.3956307161165205,-6.395680814542551,0,0,full,full,1,1
conf_sphere_r05,3,3068,"8,15,31",-6.434552631587141,-6.43462606262958,0,0,full,full,3,3
conf_sphere_r05,3,3069,"8,16,17",-6.510169196620372,-6.509714949528061,0,0,full,full,2,2
conf_sphere_r05,3,3070,"8,16,18",-6.4111555167746666,-6.41088874207553,0,0,full,full,3,3
conf_sphere_r05,3,3071,"8,16,19",-6.573958140045155,-6.5737573471120445,0,0,full,full,3,3
conf_sphere_r05,3,3072,"8,16,20",-6.46329111870565,-6.462854279303808,0,0,full,full,2,2
conf_sphere_r05,3,3073,"8,16,21",-6.514356938699538,-6.513900650351112,0,0,full,full,3,3
conf_sphere_r05,3,3074,"8,16,22",-6.528105658224374,-6.527691615312964,0,0,full,full,3,3
conf_sphere_r05,3,3075,"8,16,23",-6.431942632296859,-6.431815310862197,0,0,full,full,3,3
conf_sphere_r05,3,3076,"8,16,24",-6.586209331758597,-6.585939306717388,0,0,full,full,3,3
conf_sphere_r05,3,3077,"8,16,25",-6.495552168436671,-6.495365950832113,0,0,full,full,3,3
conf_sphere_r05,3,3078,"8,16,26",-6.466760446276368,-6.466402828710206,0,0,full,full,3,3
conf_sphere_r05,3,3079,"8,16,27",-6.5525658046353294,-6.552393648733434,0,0,full,full,3,3
conf_sphere_r05,3,3080,"8,16,28",-6.463171382666102,-6.463090685102359,0,0,full,full,3,3
conf_sphere_r05,3,3081,"8,16,29",-6.551329581012091,-6.551023341971581,0,0,full,full,3,3
conf_sphere_r05,3,3082,"8,16,30",-6.52013066369053,-6.520042216714911,0,0,full,full,3,3
conf_sphere_r05,3,3083,"8,16,31",-6.4666746248610645,-6.466504650180034,0,0,full,full,3,3
conf_sphere_r05,3,3084,"8,17,18",-6.37868210890497,-6.378282953094724,0,0,full,full,0,0
conf_sphere_r05,3,3085,"8,17,19",-6.500369758628497,-6.500108847624883,0,0,full,full,2,2
conf_sphere_r05,3,3086,"8,17,20",-6.402694643448849,-6.402189115156843,0,0,full,full,1,1
conf_sphere_r05,3,3087,"8,17,21",-6.4512540916802426,-6.450814956171532,0,0,full,full,2,2
conf_sphere_r05,3,3088,"8,17,22",-6.457117804852441,-6.45662523351005,0,0,full,full,2,2
conf_sphere_r05,3,3089,"8,17,23",-6.3934094354411295,-6.393160975289139,0,0,full,full,0,0
conf_sphere_r05,3,3090,"8,17,24",-6.51616964848812,-6.515979418226262,0,0,full,full,2,2
conf_sphere_r05,3,3091,"8,17,25",-6.432859148358944,-6.432435210734939,0,0,full,full,2,2
conf_sphere_r05,3,3092,"8,17,26",-6.423382874621064,-6.422971054048653,0,0,full,full,2,1
conf_sphere_r05,3,3093,"8,17,27",-6.485260045965228,-6.485065307225483,0,0,full,full,2,2
conf_sphere_r05,3,3094,"8,17,28",-6.4141842572342735,-6.413941729870435,0,0,full,full,1,1
conf_sphere_r05,3,3095,"8,17,29",-6.488932241974044,-6.488613029456097,0,0,full,full,2,2
conf_sphere_r05,3,3096,"8,17,30",-6.456405459563797,-6.45610056130895,0,0,full,full,2,2
conf_sphere_r05,3,3097,"8,17,31",-6.426701061580352,-6.4264283421507225,0,0,full,full,2,1
conf_sphere_r05,3,3098,"8,18,19",-6.391609642205808,-6.391551379694883,0,0,full,full,1,1
conf_sphere_r05,3,3099,"8,18,20",-6.392795979745782,-6.392444769703834,0,0,full,full,1,1
conf_sphere_r05,3,3100,"8,18,21",-6.427053714715488,-6.4267715938397805,0,0,full,full,3,3
conf_sphere_r05,3,3101,"8,18,22",-6.379646099317421,-6.379398999827255,0,0,full,full,0,0
conf_sphere_r05,3,3102,"8,18,23",-6.427898100418408,-6.427768829751751,0,0,full,full,3,3
conf_sphere_r05,3,3103,"8,18,24",-6.4135424235496075,-6.413440066610605,0,0,full,full,3,3
conf_sphere_r05,3,3104,"8,18,25",-6.388384438268245,-6.388287273575129,0,0,full,full,1,1
conf_sphere_r05,3,3105,"8,18,26",-6.441111357492222,-6.440876132438986,0,0,full,full,3,3
conf_sphere_r05,3,3106,"8,18,27",-6.394055800725108,-6.39399543396771,0,0,full,full,1,1
conf_sphere_r05,3,3107,"8,18,28",-6.414493395961681,-6.4144066840148595,0,0,full,full,3,3
conf_sphere_r05,3,3108,"8,18,29",-6.430188051443167,-6.429995486503708,0,0,full,full,3,3
conf_sphere_r05,3,3109,"8,18,30",-6.39372835836767,-6.393619741816048,0,0,full,full,2,2
conf_sphere_r05,3,3110,"8,18,31",-6.437258392458694,-6.437133068760602,0,0,full,full,3,3
conf_sphere_r05,3,3111,"8,19,20",-6.445807133569771,-6.445591978100016,0,0,full,full,0,0
conf_sphere_r05,3,3112,"8,19,21",-6.489212695212942,-6.489080857929158,0,0,full,full,3,3
conf_sphere_r05,3,3113,"8,19,22",-6.5302119630434685,-6.529986123092728,0,0,full,full,3,3
conf_sphere_r05,3,3114,"8,19,23",-6.416486913427578,-6.416578480238608,0,0,full,full,1,1
conf_sphere_r05,3,3115,"8,19,24",-6.590187799222208,-6.590289994991924,0,0,full,full,3,3
conf_sphere_r05,3,3116,"8,19,25",-6.4848333547923565,-6.4848044812990775,0,0,full,full,2,2
conf_sphere_r05,3,3117,"8,19,26",-6.448940874023466,-6.44884085756022,0,0,full,full,3,3
conf_sphere_r05,3,3118,"8,19,27",-6.564610323756356,-6.564685676636341,0,0,full,full,3,3
conf_sphere_r05,3,3119,"8,19,28",-6.449786953014951,-6.4499090544290585,0,0,full,full,1,1
conf_sphere_r05,3,3120,"8,19,29",-6.540362102242883,-6.540315985846161,0,0,full,full,3,3
conf_sphere_r05,3,3121,"8,19,30",-6.517649005937982,-6.5177326330524386,0,0,full,full,3,3
conf_sphere_r05,3,3122,"8,19,31",-6.454512178910053,-6.45456624769009,0,0,full,full,2,2
conf_sphere_r05,3,3123,"8,20,21",-6.436151055652332,-6.435769555782466,0,0,full,full,2,2
conf_sphere_r05,3,3124,"8,20,22",-6.413669489606165,-6.413407774504693,0,0,full,full,1,1
conf_sphere_r05,3,3125,"8,20,23",-6.413415240897181,-6.413199061864464,0,0,full,full,2,2
conf_sphere_r05,3,3126,"8,20,24",-6.4709012143342814,-6.470675663584522,0,0,full,full,1,1
conf_sphere_r05,3,3127,"8,20,25",-6.418171779419768,-6.4180090598537,0,0,full,full,3,3
conf_sphere_r05,3,3128,"8,20,26",-6.428134084705209,-6.427783840691769,0,0,full,full,2,2
conf_sphere_r05,3,3129,"8,20,27",-6.440313650383483,-6.440191148483751,0,0,full,full,1,1
conf_sphere_r05,3,3130,"8,20,28",-6.4283545930901775,-6.4281470658394655,0,0,full,full,3,3
conf_sphere_r05,3,3131,"8,20,29",-6.466719353633205,-6.466449563218985,0,0,full,full,2,2
conf_sphere_r05,3,3132,"8,20,30",-6.4286577867137975,-6.428494378414072,0,0,full,full,2,2
conf_sphere_r05,3,3133,"8,20,31",-6.437801976974072,-6.437607009268561,0,0,full,full,2,2
conf_sphere_r05,3,3134,"8,21,22",-6.460860654437661,-6.460490396846259,0,0,full,full,3,3
conf_sphere_r05,3,3135,"8,21,23",-6.435556033066933,-6.435459613068325,0,0,full,full,3,3
conf_sphere_r05,3,3136,"8,21,24",-6.5103953281006435,-6.510205732607317,0,0,full,full,3,3
conf_sphere_r05,3,3137,"8,21,25",-6.451018153758315,-6.450909773188964,0,0,full,full,3,3
conf_sphere_r05,3,3138,"8,21,26",-6.470407359521562,-6.470052490305749,0,0,full,full,3,3
conf_sphere_r05,3,3139,"8,21,27",-6.482069374889484,-6.481995132675031,0,0,full,full,3,3
conf_sphere_r05,3,3140,"8,21,28",-6.44797266277843,-6.447919748776817,0,0,full,full,3,3
conf_sphere_r05,3,3141,"8,21,29",-6.5115441126068525,-6.511275038482361,0,0,full,full,3,3
conf_sphere_r05,3,3142,"8,21,30",-6.4672117460035246,-6.467170784815798,0,0,full,full,3,3
conf_sphere_r05,3,3143,"8,21,31",-6.463132659314776,-6.4630112066001315,0,0,full,full,3,3
conf_sphere_r05,3,3144,"8,22,23",-6.398001344990877,-6.397931391920019,0,0,full,full,0,0
conf_sphere_r05,3,3145,"8,22,24",-6.539489849375026,-6.539368698216459,0,0,full,full,3,3
conf_sphere_r05,3,3146,"8,22,25",-6.449424232448681,-6.449235756883288,0,0,full,full,3,2
conf_sphere_r05,3,3147,"8,22,26",-6.429812362537386,-6.429528814278962,0,0,full,full,2,2
conf_sphere_r05,3,3148,"8,22,27",-6.514909217912921,-6.514802847423385,0,0,full,full,3,3
conf_sphere_r05,3,3149,"8,22,28",-6.423476346069971,-6.423435814570356,0,0,full,full,1,1
conf_sphere_r05,3,3150,"8,22,29",-6.504950579829561,-6.504708443837345,0,0,full,full,3,3
conf_sphere_r05,3,3151,"8,22,30",-6.478398936696596,-6.478220619538789,0,0,full,full,3,3
conf_sphere_r05,3,3152,"8,22,31",-6.434498170059779,-6.4343871734025075,0,0,full,full,1,1
conf_sphere_r05,3,3153,"8,23,24",-6.440927167960623,-6.440974553846489,0,0,full,full,2,2
conf_sphere_r05,3,3154,"8,23,25",-6.408795453716846,-6.408860765404312,0,0,full,full,2,2
conf_sphere_r05,3,3155,"8,23,26",-6.448179621607956,-6.448105168640969,0,0,full,full,3,3
conf_sphere_r05,3,3156,"8,23,27",-6.418626151724791,-6.418760669100767,0,0,full,full,1,1
conf_sphere_r05,3,3157,"8,23,28",-6.440107341921563,-6.44021538285132,0,0,full,full,3,3
conf_sphere_r05,3,3158,"8,23,29",-6.453325363284317,-6.453300118146077,0,0,full,full,3,3
conf_sphere_r05,3,3159,"8,23,30",-6.4165296428679905,-6.416622665867558,0,0,full,full,2,2
conf_sphere_r05,3,3160,"8,23,31",-6.458312866360419,-6.458380140922771,0,0,full,full,3,3
conf_sphere_r05,3,3161,"8,24,25",-6.50575239991141,-6.505758146524883,0,0,full,full,2,2
conf_sphere_r05,3,3162,"8,24,26",-6.472499897212928,-6.472343099081032,0,0,full,full,3,3
conf_sphere_r05,3,3163,"8,24,27",-6.571537176387252,-6.571657978550252,0,0,full,full,3,3
conf_sphere_r05,3,3164,"8,24,28",-6.474771441130346,-6.474877595428259,0,0,full,full,2,2
conf_sphere_r05,3,3165,"8,24,29",-6.5630387484480845,-6.562899353853746,0,0,full,full,3,3
conf_sphere_r05,3,3166,"8,24,30",-6.5347314929230365,-6.534882178219552,0,0,full,full,3,3
conf_sphere_r05,3,3167,"8,24,31",-6.4787239096027,-6.4787177961144256,0,0,full,full,3,3
conf_sphere_r05,3,3168,"8,25,26",-6.432427664353838,-6.432348407073238,0,0,full,full,2,2
conf_sphere_r05,3,3169,"8,25,27",-6.477261134923302,-6.477318828719042,0,0,full,full,2,2
conf_sphere_r05,3,3170,"8,25,28",-6.431300863851757,-6.431418360016752,0,0,full,full,3,3
conf_sphere_r05,3,3171,"8,25,29",-6.489511502414251,-6.4895065409718775,0,0,full,full,3,3
conf_sphere_r05,3,3172,"8,25,30",-6.459892169500939,-6.459907925929251,0,0,full,full,3,3
conf_sphere_r05,3,3173,"8,25,31",-6.440757365116058,-6.4408297006213,0,0,full,full,3,3
conf_sphere_r05,3,3174,"8,26,27",-6.449643082684785,-6.449573139438984,0,0,full,full,3,3
conf_sphere_r05,3,3175,"8,26,28",-6.449047188340465,-6.448984369678073,0,0,full,full,3,3
conf_sphere_r05,3,3176,"8,26,29",-6.484672425430033,-6.484429291588369,0,0,full,full,3,3
conf_sphere_r05,3,3177,"8,26,30",-6.443748735330422,-6.443663256666982,0,0,full,full,3,2
conf_sphere_r05,3,3178,"8,26,31",-6.471723990690363,-6.471606972276647,0,0,full,full,3,3
conf_sphere_r05,3,3179,"8,27,28",-6.449617030531928,-6.449823517696452,0,0,full,full,2,2
conf_sphere_r05,3,3180,"8,27,29",-6.533066106659942,-6.5330764269175585,0,0,full,full,3,3
conf_sphere_r05,3,3181,"8,27,30",-6.511375355278006,-6.511569413366052,0,0,full,full,3,3
conf_sphere_r05,3,3182,"8,27,31",-6.4568984133852565,-6.457006403032463,0,0,full,full,2,2
conf_sphere_r05,3,3183,"8,28,29",-6.477975354338787,-6.478028595827241,0,0,full,full,3,3
conf_sphere_r05,3,3184,"8,28,30",-6.4433862755972475,-6.443561623017502,0,0,full,full,2,2
conf_sphere_r05,3,3185,"8,28,31",-6.463324827368792,-6.463440656231979,0,0,full,full,3,3
conf_sphere_r05,3,3186,"8,29,30",-6.511913270063612,-6.512004872843061,0,0,full,full,3,3
conf_sphere_r05,3,3187,"8,29,31",-6.488462792458034,-6.488379747903204,0,0,full,full,3,3
conf_sphere_r05,3,3188,"8,30,31",-6.45237067515952,-6.452439636100725,0,0,full,full,3,3
conf_sphere_r05,3,3189,"9,10,11",-6.479796055376492,-6.479903185970811,0,0,full,full,0,0
conf_sphere_r05,3,3190,"9,10,12",-7.003337554156103,-7.003194022032448,1,1,deficient,deficient,2,2
conf_sphere_r05,3,3191,"9,10,13",-6.479090807421459,-6.478961268081399,0,0,full,full,1,1
conf_sphere_r05,3,3192,"9,10,14",-6.794998413931148,-6.795027165735902,1,1,deficient,deficient,2,2
conf_sphere_r05,3,3193,"9,10,15",-7.049797650711561,-7.049642004038856,2,2,deficient,deficient,5,5
conf_sphere_r05,3,3194,"9,10,16",-6.42514413812505,-6.425072718423087,0,0,full,full,0,0
conf_sphere_r05,3,3195,"9,10,17",-6.923575542128698,-6.923089105321533,2,2,deficient,deficient,4,4
conf_sphere_r05,3,3196,"9,10,18",-6.851305592672295,-6.850771214753929,1,1,deficient,deficient,5,5
conf_sphere_r05,3,3197,"9,10,19",-6.622141165472848,-6.622518762893266,0,0,full,full,1,1
conf_sphere_r05,3,3198,"9,10,20",-7.004233494431738,-7.004078434711686,4,4,deficient,deficient,5,5
conf_sphere_r05,3,3199,"9,10,21",-6.493442969233366,-6.493308425290435,0,0,full,full,1,1
conf_sphere_r05,3,3200,"9,10,22",-6.85594862946071,-6.8556237367429445,0,0,full,full,4,4
conf_sphere_r05,3,3201,"9,10,23",-6.980533111180546,-6.980389971380747,2,2,deficient,deficient,6,6
conf_sphere_r05,3,3202,"9,10,24",-6.559794671296986,-6.559878962991778,0,0,full,full,0,0
conf_sphere_r05,3,3203,"9,10,25",-6.932080898315252,-6.931907779536273,2,2,deficient,deficient,4,4
conf_sphere_r05,3,3204,"9,10,26",-6.7218059887527035,-6.721706483844997,0,0,full,full,2,2
conf_sphere_r05,3,3205,"9,10,27",-6.7791387530273735,-6.779269279160786,0,0,full,full,3,4
conf_sphere_r05,3,3206,"9,10,28",-6.989416811322283,-6.989333011770415,2,2,deficient,deficient,5,5
conf_sphere_r05,3,3207,"9,10,29",-6.59962591358564,-6.599638510839321,0,0,full,full,1,1
conf_sphere_r05,3,3208,"9,10,30",-6.910387897447907,-6.910286619957306,1,1,deficient,deficient,5,5
conf_sphere_r05,3,3209,"9,10,31",-6.860332814177104,-6.883613327601419,1,0,deficient,full,4,4
conf_sphere_r05,3,3210,"9,11,12",-7.2718901201132775,-7.271940846226754,0,0,full,full,7,7
conf_sphere_r05,3,3211,"9,11,13",-6.40216939176039,-6.4021115741839685,0,0,full,full,1,1
conf_sphere_r05,3,3212,"9,11,14",-7.513006530001316,-7.5127883354515905,0,0,full,full,10,10
conf_sphere_r05,3,3213,"9,11,15",-6.743551290121846,-6.743707962946895,0,0,full,full,0,0
conf_sphere_r05,3,3214,"9,11,16",-6.854664298315259,-6.854308293406369,0,0,full,full,2,2
conf_sphere_r05,3,3215,"9,11,17",-7.38816304983924,-7.388192732884209,0,0,full,full,9,9
conf_sphere_r05,3,3216,"9,11,18",-6.489776567418877,-6.48974578219404,0,0,full,full,0,0
conf_sphere_r05,3,3217,"9,11,19",-7.526547949286228,-7.526491079866543,0,0,full,full,12,12
conf_sphere_r05,3,3218,"9,11,20",-7.02696034341818,-7.026923899243639,0,0,full,full,0,0
conf_sphere_r05,3,3219,"9,11,21",-6.577448956955656,-6.577244297851804,0,0,full,full,1,1
conf_sphere_r05,3,3220,"9,11,22",-7.4549678336458305,-7.455117611371058,0,0,full,full,9,9
conf_sphere_r05,3,3221,"9,11,23",-6.694138956683656,-6.694346745493927,0,0,full,full,0,0
conf_sphere_r05,3,3222,"9,11,24",-7.199481575132933,-7.199684170163879,0,0,full,full,4,4
conf_sphere_r05,3,3223,"9,11,25",-7.262565489614379,-7.262744053640342,0,0,full,full,6,6
conf_sphere_r05,3,3224,"9,11,26",-6.593661776932878,-6.593570681881891,0,0,full,full,0,0
conf_sphere_r05,3,3225,"9,11,27",-7.477274560593781,-7.477541837042076,0,0,full,full,10,10
conf_sphere_r05,3,3226,"9,11,28",-6.917695475174071,-6.917909718740422,0,0,full,full,0,0
conf_sphere_r05,3,3227,"9,11,29",-6.860384096453833,-6.860446487325805,0,0,full,full,1,1
conf_sphere_r05,3,3228,"9,11,30",-7.322790177923772,-7.323099905449944,0,0,full,full,7,7
conf_sphere_r05,3,3229,"9,11,31",-6.745842884880012,-6.745906033908438,0,0,full,full,0,0
conf_sphere_r05,3,3230,"9,12,13",-6.426468187717359,-6.425978108652764,0,0,full,full,1,0
conf_sphere_r05,3,3231,"9,12,14",-8.050949563942805,-8.050275865155852,3,3,deficient,deficient,18,18
conf_sphere_r05,3,3232,"9,12,15",-7.618616576993232,-7.618153432519793,1,1,deficient,deficient,12,12
conf_sphere_r05,3,3233,"9,12,16",-6.678727685985515,-6.678128082574429,0,0,full,full,1,1
conf_sphere_r05,3,3234,"9,12,17",-8.12449580624258,-8.12344676070955,2,2,deficient,deficient,16,16
conf_sphere_r05,3,3235,"9,12,18",-6.771192580389257,-6.770757032652745,0,0,full,full,1,1
conf_sphere_r05,3,3236,"9,12,19",-7.614099544148796,-7.613314116599748,1,1,deficient,deficient,11,11
conf_sphere_r05,3,3237,"9,12,20",-8.003702312180437,-8.003071203267817,4,4,deficient,deficient,17,17
conf_sphere_r05,3,3238,"9,12,21",-6.538259827894801,-6.537623307662201,0,0,full,full,0,0
conf_sphere_r05,3,3239,"9,12,22",-8.16745343389308,-8.166784950452385,3,3,deficient,deficient,24,24
conf_sphere_r05,3,3240,"9,12,23",-7.284963096531701,-7.28482895665621,1,1,deficient,deficient,4,4
conf_sphere_r05,3,3241,"9,12,24",-7.069504442471463,-7.069325474394122,0,0,full,full,2,2
conf_sphere_r05,3,3242,"9,12,25",-8.224184857407911,-8.223748457955562,3,3,deficient,deficient,24,24
conf_sphere_r05,3,3243,"9,12,26",-6.724166365613646,-6.723415266083517,0,0,full,full,1,1
conf_sphere_r05,3,3244,"9,12,27",-7.9823232540630125,-7.982182429516469,2,2,deficient,deficient,23,23
conf_sphere_r05,3,3245,"9,12,28",-7.784558967709388,-7.784218655011288,1,1,deficient,deficient,16,16
conf_sphere_r05,3,3246,"9,12,29",-6.831446309688555,-6.831057948667179,0,0,full,full,0,1
conf_sphere_r05,3,3247,"9,12,30",-8.13596796375226,-8.135563926902535,3,3,deficient,deficient,25,25
conf_sphere_r05,3,3248,"9,12,31",-7.118231253182925,-7.117946697835815,0,0,full,full,2,2
conf_sphere_r05,3,3249,"9,13,14",-6.415858279971391,-6.415692539234208,0,0,full,full,1,1
conf_sphere_r05,3,3250,"9,13,15",-6.46480243740727,-6.464712184186063,0,0,full,full,1,1
conf_sphere_r05,3,3251,"9,13,16",-6.420912770090524,-6.420637970531163,0,0,full,full,1,1
conf_sphere_r05,3,3252,"9,13,17",-6.431203522409522,-6.430735949263133,0,0,full,full,1,1
conf_sphere_r05,3,3253,"9,13,18",-6.491665937541866,-6.491393951317302,0,0,full,full,1,1
conf_sphere_r05,3,3254,"9,13,19",-6.425877099462615,-6.425732873227419,0,0,full,full,1,1
conf_sphere_r05,3,3255,"9,13,20",-6.447017604107208,-6.446685481397111,0,0,full,full,1,1
conf_sphere_r05,3,3256,"9,13,21",-6.454188271303797,-6.453838315898731,0,0,full,full,1,1
conf_sphere_r05,3,3257,"9,13,22",-6.43247137378278,-6.432282404671988,0,0,full,full,2,2
conf_sphere_r05,3,3258,"9,13,23",-6.4936580726706215,-6.493630913168499,0,0,full,full,1,1
conf_sphere_r05,3,3259,"9,13,24",-6.4467807539068085,-6.446679825343078,0,0,full,full,1,1
conf_sphere_r05,3,3260,"9,13,25",-6.444717985924424,-6.444619207499622,0,0,full,full,1,1
conf_sphere_r05,3,3261,"9,13,26",-6.493388887971546,-6.493074853239076,0,0,full,full,1,1
conf_sphere_r05,3,3262,"9,13,27",-6.44410353946662,-6.444123162635177,0,0,full,full,1,1
conf_sphere_r05,3,3263,"9,13,28",-6.477722792292717,-6.477695164127463,0,0,full,full,1,1
conf_sphere_r05,3,3264,"9,13,29",-6.470617954526881,-6.470431649272747,0,0,full,full,1,1
conf_sphere_r05,3,3265,"9,13,30",-6.452211851622564,-6.452210927118364,0,0,full,full,2,2
conf_sphere_r05,3,3266,"9,13,31",-6.501921590635775,-6.501875948198674,0,0,full,full,1,1
conf_sphere_r05,3,3267,"9,14,15",-7.298319185413975,-7.298153988154249,2,2,deficient,deficient,4,4
conf_sphere_r05,3,3268,"9,14,16",-6.781383823595823,-6.780949106992629,0,0,full,full,1,1
conf_sphere_r05,3,3269,"9,14,17",-8.017085964597056,-8.016967324465812,4,4,deficient,deficient,14,14
conf_sphere_r05,3,3270,"9,14,18",-6.681821381985045,-6.681726666986852,0,0,full,full,2,2
conf_sphere_r05,3,3271,"9,14,19",-7.846359068548233,-7.846209091156317,0,0,full,full,12,12
conf_sphere_r05,3,3272,"9,14,20",-7.760300762399853,-7.760055827389448,3,3,deficient,deficient,12,12
conf_sphere_r05,3,3273,"9,14,21",-6.565228754790347,-6.564799225293135,0,0,full,full,1,1
conf_sphere_r05,3,3274,"9,14,22",-8.089290339359081,-8.088963929350134,3,3,deficient,deficient,18,18
conf_sphere_r05,3,3275,"9,14,23",-7.103491466216769,-7.1034806335169085,2,2,deficient,deficient,4,4
conf_sphere_r05,3,3276,"9,14,24",-7.209040063334144,-7.209121702310013,0,0,full,full,3,4
conf_sphere_r05,3,3277,"9,14,25",-7.992383102706593,-7.991873450365128,4,4,deficient,deficient,18,18
conf_sphere_r05,3,3278,"9,14,26",-6.709555216600089,-6.709273221013133,0,0,full,full,2,2
conf_sphere_r05,3,3279,"9,14,27",-8.106879247849745,-8.106688431439002,3,3,deficient,deficient,23,23
conf_sphere_r05,3,3280,"9,14,28",-7.480350749608735,-7.4804801531369165,2,2,deficient,deficient,6,6
conf_sphere_r05,3,3281,"9,14,29",-6.886281675672707,-6.886232162387454,0,0,full,full,1,1
conf_sphere_r05,3,3282,"9,14,30",-7.995504346734031,-7.995463306286213,4,4,deficient,deficient,19,19
conf_sphere_r05,3,3283,"9,14,31",-7.003659815266074,-7.003482059511604,2,2,deficient,deficient,2,2
conf_sphere_r05,3,3284,"9,15,16",-6.532259588491779,-6.532125939048431,0,0,full,full,0,0
conf_sphere_r05,3,3285,"9,15,17",-7.4117991504489975,-7.3872286781314935,1,2,deficient,deficient,8,7
conf_sphere_r05,3,3286,"9,15,18",-6.877879068973288,-6.877350798673795,1,1,deficient,deficient,5,5
conf_sphere_r05,3,3287,"9,15,19",-7.023908144113433,-7.0242241280642155,0,0,full,full,2,2
conf_sphere_r05,3,3288,"9,15,20",-7.531544937531607,-7.531261617649103,3,3,deficient,deficient,8,8
conf_sphere_r05,3,3289,"9,15,21",-6.53814614099369,-6.538005834581903,0,0,full,full,1,1
conf_sphere_r05,3,3290,"9,15,22",-7.333922744043297,-7.333511782716277,0,0,full,full,5,5
conf_sphere_r05,3,3291,"9,15,23",-7.268660621957941,-7.268627110303043,1,1,deficient,deficient,5,5
conf_sphere_r05,3,3292,"9,15,24",-6.800576916925317,-6.800683765492118,0,0,full,full,0,0
conf_sphere_r05,3,3293,"9,15,25",-7.473925072603469,-7.4736094532855954,1,1,deficient,deficient,11,11
conf_sphere_r05,3,3294,"9,15,26",-6.790556797265375,-6.790471844872788,0,0,full,full,2,2
conf_sphere_r05,3,3295,"9,15,27",-7.278237350691768,-7.278327260121312,1,1,deficient,deficient,7,7
conf_sphere_r05,3,3296,"9,15,28",-7.498364205908293,-7.498252894255481,1,1,deficient,deficient,11,11
conf_sphere_r05,3,3297,"9,15,29",-6.760145127722454,-6.7601451110959125,0,0,full,full,1,1
conf_sphere_r05,3,3298,"9,15,30",-7.405914211880807,-7.405740519356966,0,0,full,full,6,6
conf_sphere_r05,3,3299,"9,15,31",-7.0952993247162555,-7.095126592807032,0,0,full,full,4,4
conf_sphere_r05,3,3300,"9,16,17",-6.727667465797814,-6.726986762779407,0,0,full,full,2,2
conf_sphere_r05,3,3301,"9,16,18",-6.459356435236472,-6.459153036388743,0,0,full,full,0,0
conf_sphere_r05,3,3302,"9,16,19",-6.850924590307945,-6.850392514714686,0,0,full,full,2,2
conf_sphere_r05,3,3303,"9,16,20",-6.636848703469799,-6.636446492247156,0,0,full,full,0,0
conf_sphere_r05,3,3304,"9,16,21",-6.562725394966788,-6.562266745298942,0,0,full,full,1,1
conf_sphere_r05,3,3305,"9,16,22",-6.775823207393197,-6.77530915989267,0,0,full,full,2,2
conf_sphere_r05,3,3306,"9,16,23",-6.54460483413961,-6.544523918472597,0,0,full,full,0,0
conf_sphere_r05,3,3307,"9,16,24",-6.829087894192331,-6.828736194375145,0,0,full,full,2,2
conf_sphere_r05,3,3308,"9,16,25",-6.709024372040706,-6.70861968969749,0,0,full,full,1,1
conf_sphere_r05,3,3309,"9,16,26",-6.5453979629813155,-6.545097553227386,0,0,full,full,1,1
conf_sphere_r05,3,3310,"9,16,27",-6.82044771529419,-6.820082073126219,0,0,full,full,2,2
conf_sphere_r05,3,3311,"9,16,28",-6.631564068571454,-6.631356697227916,0,0,full,full,1,0
conf_sphere_r05,3,3312,"9,16,29",-6.719444304374851,-6.719053298762509,0,0,full,full,2,2
conf_sphere_r05,3,3313,"9,16,30",-6.7552673575947,-6.754883791205869,0,0,full,full,2,2
conf_sphere_r05,3,3314,"9,16,31",-6.601098067821466,-6.60091521949102,0,0,full,full,1,1
conf_sphere_r05,3,3315,"9,17,18",-6.776623420507477,-6.775713293108691,1,1,deficient,deficient,5,4
conf_sphere_r05,3,3316,"9,17,19",-7.7117756220361935,-7.711442687666749,0,0,full,full,10,10
conf_sphere_r05,3,3317,"9,17,20",-7.83269266988076,-7.831766452383066,5,5,deficient,deficient,14,14
conf_sphere_r05,3,3318,"9,17,21",-6.554025447489192,-6.55329359284262,0,0,full,full,1,1
conf_sphere_r05,3,3319,"9,17,22",-8.046777232242121,-8.046521904799123,3,3,deficient,deficient,19,19
conf_sphere_r05,3,3320,"9,17,23",-7.170935797285019,-7.146865559762514,1,2,deficient,deficient,4,3
conf_sphere_r05,3,3321,"9,17,24",-7.138203203425737,-7.137829040616089,0,0,full,full,3,3
conf_sphere_r05,3,3322,"9,17,25",-8.113638010313297,-8.087827012396625,3,4,deficient,deficient,22,21
conf_sphere_r05,3,3323,"9,17,26",-6.736368979986671,-6.735483567391257,0,0,full,full,2,2
conf_sphere_r05,3,3324,"9,17,27",-7.999583666759214,-7.999017349890783,4,4,deficient,deficient,21,21
conf_sphere_r05,3,3325,"9,17,28",-7.600407154694394,-7.59958310870758,2,2,deficient,deficient,11,11
conf_sphere_r05,3,3326,"9,17,29",-6.857079985631813,-6.856631180947365,0,0,full,full,2,1
conf_sphere_r05,3,3327,"9,17,30",-8.027420828446601,-8.026767372946184,3,3,deficient,deficient,21,21
conf_sphere_r05,3,3328,"9,17,31",-7.032054246088273,-7.030961416945783,1,1,deficient,deficient,2,2
conf_sphere_r05,3,3329,"9,18,19",-6.592715989246882,-6.59274550295751,0,0,full,full,1,1
conf_sphere_r05,3,3330,"9,18,20",-6.8549790354237246,-6.854043306090344,0,0,full,full,6,6
conf_sphere_r05,3,3331,"9,18,21",-6.52062898472792,-6.520323484593839,0,0,full,full,1,1
conf_sphere_r05,3,3332,"9,18,22",-6.7706403129314605,-6.7467287636782896,0,1,full,deficient,6,4
conf_sphere_r05,3,3333,"9,18,23",-6.893227263418815,-6.892727621132908,1,1,deficient,deficient,5,5
conf_sphere_r05,3,3334,"9,18,24",-6.571274357765427,-6.571153758115268,0,0,full,full,1,1
conf_sphere_r05,3,3335,"9,18,25",-6.811806392962251,-6.811329245189385,1,1,deficient,deficient,5,5
conf_sphere_r05,3,3336,"9,18,26",-6.709616415025288,-6.709139199227693,0,0,full,full,2,2
conf_sphere_r05,3,3337,"9,18,27",-6.7037052278853855,-6.703733006856914,0,0,full,full,2,2
conf_sphere_r05,3,3338,"9,18,28",-6.875872610023741,-6.875379976214112,1,1,deficient,deficient,5,5
conf_sphere_r05,3,3339,"9,18,29",-6.612631544143301,-6.612409395944679,0,0,full,full,1,1
conf_sphere_r05,3,3340,"9,18,30",-6.79561647470867,-6.795149185870746,1,1,deficient,deficient,5,5
conf_sphere_r05,3,3341,"9,18,31",-6.847089870148765,-6.84653006311318,1,1,deficient,deficient,5,5
conf_sphere_r05,3,3342,"9,19,20",-7.416951686150058,-7.416667174822511,0,0,full,full,5,5
conf_sphere_r05,3,3343,"9,19,21",-6.603488928571732,-6.603139967792749,0,0,full,full,1,1
conf_sphere_r05,3,3344,"9,19,22",-7.805769320062014,-7.806011040476322,0,0,full,full,12,12
conf_sphere_r05,3,3345,"9,19,23",-6.912053936526749,-6.912468211220661,0,0,full,full,2,2
conf_sphere_r05,3,3346,"9,19,24",-7.279336978606733,-7.27951734952946,0,0,full,full,4,4
conf_sphere_r05,3,3347,"9,19,25",-7.649176003837359,-7.649389834113266,0,0,full,full,11,11
conf_sphere_r05,3,3348,"9,19,26",-6.68457462250779,-6.68452367433724,0,0,full,full,1,1
conf_sphere_r05,3,3349,"9,19,27",-7.781365958459151,-7.781810712421748,1,1,deficient,deficient,13,13
conf_sphere_r05,3,3350,"9,19,28",-7.234062520701666,-7.234461391245925,0,0,full,full,2,2
conf_sphere_r05,3,3351,"9,19,29",-6.932754747729951,-6.932836613282829,0,0,full,full,2,2
conf_sphere_r05,3,3352,"9,19,30",-7.689793580081421,-7.690265170396847,1,1,deficient,deficient,10,11
conf_sphere_r05,3,3353,"9,19,31",-6.929194103803647,-6.929451534703807,0,0,full,full,1,2
conf_sphere_r05,3,3354,"9,20,21",-6.55508729152016,-6.554647949424249,0,0,full,full,1,1
conf_sphere_r05,3,3355,"9,20,22",-7.794504095194327,-7.794108927954045,4,4,deficient,deficient,14,14
conf_sphere_r05,3,3356,"9,20,23",-7.264684752860983,-7.264521260199339,3,3,deficient,deficient,5,5
conf_sphere_r05,3,3357,"9,20,24",-6.9917839123636805,-6.991692629286179,0,0,full,full,0,0
conf_sphere_r05,3,3358,"9,20,25",-7.93309349430215,-7.932813487564869,6,6,deficient,deficient,19,19
conf_sphere_r05,3,3359,"9,20,26",-6.778625278836726,-6.778052197312188,0,0,full,full,2,2
conf_sphere_r05,3,3360,"9,20,27",-7.7751199930665,-7.77509707252703,3,3,deficient,deficient,20,20
conf_sphere_r05,3,3361,"9,20,28",-7.716297398361103,-7.716085454672288,3,3,deficient,deficient,12,12
conf_sphere_r05,3,3362,"9,20,29",-6.845413413264235,-6.845229560981836,0,0,full,full,1,1
conf_sphere_r05,3,3363,"9,20,30",-7.880297724892414,-7.880036142223816,4,4,deficient,deficient,21,21
conf_sphere_r05,3,3364,"9,20,31",-7.119202786365146,-7.118878431346966,2,2,deficient,deficient,5,5
conf_sphere_r05,3,3365,"9,21,22",-6.577317991008925,-6.5768552475341355,0,0,full,full,2,2
conf_sphere_r05,3,3366,"9,21,23",-6.568413041531858,-6.568340718792242,0,0,full,full,1,1
conf_sphere_r05,3,3367,"9,21,24",-6.62123801185185,-6.620988330259553,0,0,full,full,1,1
conf_sphere_r05,3,3368,"9,21,25",-6.57043206906161,-6.570153498459641,0,0,full,full,1,2
conf_sphere_r05,3,3369,"9,21,26",-6.57144688566878,-6.571042597323761,0,0,full,full,1,1
conf_sphere_r05,3,3370,"9,21,27",-6.611331373539783,-6.611077206804596,0,0,full,full,1,1
conf_sphere_r05,3,3371,"9,21,28",-6.586709367334333,-6.586588756116913,0,0,full,full,1,1
conf_sphere_r05,3,3372,"9,21,29",-6.619915358668519,-6.619563812396401,0,0,full,full,1,1
conf_sphere_r05,3,3373,"9,21,30",-6.594357996037429,-6.59411388500923,0,0,full,full,2,2
conf_sphere_r05,3,3374,"9,21,31",-6.6019275845653915,-6.601814993227011,0,0,full,full,1,1
conf_sphere_r05,3,3375,"9,22,23",-7.156655371865086,-7.156370666839158,0,0,full,full,5,5
conf_sphere_r05,3,3376,"9,22,24",-7.21298398871204,-7.213059966244029,0,0,full,full,4,4
conf_sphere_r05,3,3377,"9,22,25",-8.032334422332946,-8.031756627883755,3,3,deficient,deficient,21,21
conf_sphere_r05,3,3378,"9,22,26",-6.7496906348916035,-6.749399235981975,0,0,full,full,2,2
conf_sphere_r05,3,3379,"9,22,27",-8.12879516298913,-8.128705778251964,3,3,deficient,deficient,25,25
conf_sphere_r05,3,3380,"9,22,28",-7.55979616803695,-7.559568925372357,0,0,full,full,10,10
conf_sphere_r05,3,3381,"9,22,29",-6.903649984298313,-6.903571273150339,0,0,full,full,2,3
conf_sphere_r05,3,3382,"9,22,30",-8.024370595784701,-8.024075520880094,2,2,deficient,deficient,23,23
conf_sphere_r05,3,3383,"9,22,31",-7.034872732224076,-7.034402218047841,0,0,full,full,3,3
conf_sphere_r05,3,3384,"9,23,24",-6.779101995595163,-6.779234110529716,0,0,full,full,1,1
conf_sphere_r05,3,3385,"9,23,25",-7.210760395944849,-7.210568337422939,1,1,deficient,deficient,4,4
conf_sphere_r05,3,3386,"9,23,26",-6.8182896112372715,-6.818268098845215,0,0,full,full,2,2
conf_sphere_r05,3,3387,"9,23,27",-7.10859479694397,-7.108780852651183,0,0,full,full,5,5
conf_sphere_r05,3,3388,"9,23,28",-7.26642402926557,-7.2663862628711415,1,1,deficient,deficient,5,5
conf_sphere_r05,3,3389,"9,23,29",-6.7714003625498975,-6.7714268601228484,0,0,full,full,1,1
conf_sphere_r05,3,3390,"9,23,30",-7.232949012564708,-7.232832848358164,0,0,full,full,6,6
conf_sphere_r05,3,3391,"9,23,31",-7.072889812719461,-7.072720604804679,0,0,full,full,4,4
conf_sphere_r05,3,3392,"9,24,25",-7.126360999666237,-7.126488263234907,0,0,full,full,3,3
conf_sphere_r05,3,3393,"9,24,26",-6.672452450395876,-6.67227424498358,0,0,full,full,1,1
conf_sphere_r05,3,3394,"9,24,27",-7.267603989948394,-7.267856052461327,0,0,full,full,4,4
conf_sphere_r05,3,3395,"9,24,28",-6.9556736999008235,-6.955818723429578,0,0,full,full,1,1
conf_sphere_r05,3,3396,"9,24,29",-6.906289198171997,-6.906277653783038,0,0,full,full,2,2
conf_sphere_r05,3,3397,"9,24,30",-7.191936255682291,-7.192090840306138,0,0,full,full,4,4
conf_sphere_r05,3,3398,"9,24,31",-6.831682016689788,-6.831681300857315,0,0,full,full,1,1
conf_sphere_r05,3,3399,"9,25,26",-6.774109362036942,-6.773897408761835,0,0,full,full,2,2
conf_sphere_r05,3,3400,"9,25,27",-7.970308391933917,-7.991898431823079,4,3,deficient,deficient,21,22
conf_sphere_r05,3,3401,"9,25,28",-7.680760085178012,-7.680505672530475,1,1,deficient,deficient,12,12
conf_sphere_r05,3,3402,"9,25,29",-6.88454046337479,-6.884582188454637,0,0,full,full,2,2
conf_sphere_r05,3,3403,"9,25,30",-8.010503315891608,-8.010168100277644,3,3,deficient,deficient,20,20
conf_sphere_r05,3,3404,"9,25,31",-7.092076282332268,-7.091696654216517,0,0,full,full,3,3
conf_sphere_r05,3,3405,"9,26,27",-6.75577357660435,-6.755710320440164,0,0,full,full,2,2
conf_sphere_r05,3,3406,"9,26,28",-6.8254987449066284,-6.8254580826389155,0,0,full,full,2,2
conf_sphere_r05,3,3407,"9,26,29",-6.694952748179771,-6.694655498653839,0,0,full,full,1,1
conf_sphere_r05,3,3408,"9,26,30",-6.786528724150668,-6.7864152934437065,0,0,full,full,2,2
conf_sphere_r05,3,3409,"9,26,31",-6.824279876221082,-6.824141433801525,0,0,full,full,2,2
conf_sphere_r05,3,3410,"9,27,28",-7.508462728131325,-7.508630580899148,1,1,deficient,deficient,9,9
conf_sphere_r05,3,3411,"9,27,29",-6.951966941513002,-6.952029522879846,0,0,full,full,2,3
conf_sphere_r05,3,3412,"9,27,30",-8.025244259301234,-8.02542920273949,4,4,deficient,deficient,25,25
conf_sphere_r05,3,3413,"9,27,31",-7.069856193429658,-7.069874314628467,0,0,full,full,4,4
conf_sphere_r05,3,3414,"9,28,29",-6.864636691894518,-6.864672367386274,0,0,full,full,1,1
conf_sphere_r05,3,3415,"9,28,30",-7.645460543315809,-7.645413777147574,0,0,full,full,11,11
conf_sphere_r05,3,3416,"9,28,31",-7.148718302634198,-7.1485686532956185,0,0,full,full,4,4
conf_sphere_r05,3,3417,"9,29,30",-6.92265663225078,-6.922757729453563,0,0,full,full,3,3
conf_sphere_r05,3,3418,"9,29,31",-6.8173049427907175,-6.817202376214053,0,0,full,full,1,1
conf_sphere_r05,3,3419,"9,30,31",-7.094993206974855,-7.094670648843214,0,0,full,full,4,3
conf_sphere_r05,3,3420,"10,11,12",-6.488693847439587,-6.488681502072253,0,0,full,full,0,0
conf_sphere_r05,3,3421,"10,11,13",-6.393030059297053,-6.393156862502456,0,0,full,full,1,1
conf_sphere_r05,3,3422,"10,11,14",-6.509379149207386,-6.509443032281043,0,0,full,full,0,0
conf_sphere_r05,3,3423,"10,11,15",-6.551199947345336,-6.551398094739987,0,0,full,full,1,1
conf_sphere_r05,3,3424,"10,11,16",-6.457934136572429,-6.458038092295324,0,0,full,full,1,1
conf_sphere_r05,3,3425,"10,11,17",-6.490020486861416,-6.489924369703279,0,0,full,full,0,0
conf_sphere_r05,3,3426,"10,11,18",-6.505990740133185,-6.506110305306536,0,0,full,full,2,2
conf_sphere_r05,3,3427,"10,11,19",-6.542624448964601,-6.542821856950043,0,0,full,full,1,1
conf_sphere_r05,3,3428,"10,11,20",-6.523814616554493,-6.523788977251231,0,0,full,full,0,0
conf_sphere_r05,3,3429,"10,11,21",-6.454169424024261,-6.454275576973241,0,0,full,full,1,1
conf_sphere_r05,3,3430,"10,11,22",-6.513130700753356,-6.513150188876972,0,0,full,full,0,0
conf_sphere_r05,3,3431,"10,11,23",-6.56701482203274,-6.567214986208977,0,0,full,full,1,1
conf_sphere_r05,3,3432,"10,11,24",-6.537810607942804,-6.538003279271801,0,0,full,full,2,2
conf_sphere_r05,3,3433,"10,11,25",-6.51582718672096,-6.515981330718564,0,0,full,full,0,0
conf_sphere_r05,3,3434,"10,11,26",-6.518995804787732,-6.519097467542525,0,0,full,full,1,1
conf_sphere_r05,3,3435,"10,11,27",-6.546287543714801,-6.5464814740057955,0,0,full,full,1,1
conf_sphere_r05,3,3436,"10,11,28",-6.559598081893563,-6.5598225085435535,0,0,full,full,1,1
conf_sphere_r05,3,3437,"10,11,29",-6.531929844778788,-6.532072416305654,0,0,full,full,1,1
conf_sphere_r05,3,3438,"10,11,30",-6.532487789667678,-6.532688258129346,0,0,full,full,1,1
conf_sphere_r05,3,3439,"10,11,31",-6.567589004984752,-6.567768084589622,0,0,full,full,1,1
conf_sphere_r05,3,3440,"10,12,13",-6.499874692169836,-6.499469485207193,0,0,full,full,1,1
conf_sphere_r05,3,3441,"10,12,14",-6.81459793965481,-6.814421761468585,0,0,full,full,0,0
conf_sphere_r05,3,3442,"10,12,15",-7.22865806952959,-7.228239691670646,1,1,deficient,deficient,5,5
conf_sphere_r05,3,3443,"10,12,16",-6.431913182326948,-6.431659767941233,0,0,full,full,0,0
conf_sphere_r05,3,3444,"10,12,17",-7.048056025809499,-7.047509671872056,0,0,full,full,4,4
conf_sphere_r05,3,3445,"10,12,18",-6.886942524784515,-6.886476677454204,0,0,full,full,3,3
conf_sphere_r05,3,3446,"10,12,19",-6.6266379396462405,-6.626332426199159,0,0,full,full,0,0
conf_sphere_r05,3,3447,"10,12,20",-7.1674398595875495,-7.1669491191036006,0,0,full,full,6,6
conf_sphere_r05,3,3448,"10,12,21",-6.505112895050882,-6.5047091538186494,0,0,full,full,1,1
conf_sphere_r05,3,3449,"10,12,22",-6.932774271822486,-6.932620139152451,0,0,full,full,2,2
conf_sphere_r05,3,3450,"10,12,23",-7.139471396853834,-7.1392644291835,0,0,full,full,5,5
conf_sphere_r05,3,3451,"10,12,24",-6.566087854796782,-6.565894180169775,0,0,full,full,0,0
conf_sphere_r05,3,3452,"10,12,25",-7.0744727075187,-7.074389713233471,0,0,full,full,4,4
conf_sphere_r05,3,3453,"10,12,26",-6.735289854884323,-6.734705398874689,0,0,full,full,1,1
conf_sphere_r05,3,3454,"10,12,27",-6.78313355720594,-6.78310397043512,0,0,full,full,0,0
conf_sphere_r05,3,3455,"10,12,28",-7.12053085673443,-7.12045811060654,0,0,full,full,4,4
conf_sphere_r05,3,3456,"10,12,29",-6.607088886046138,-6.606746167567314,0,0,full,full,0,0
conf_sphere_r05,3,3457,"10,12,30",-7.016567461077359,-7.016555298337705,0,0,full,full,4,4
conf_sphere_r05,3,3458,"10,12,31",-6.977604509021016,-6.9775353338654424,0,0,full,full,3,3
conf_sphere_r05,3,3459,"10,13,14",-6.449490214909313,-6.449449534459414,0,0,full,full,0,0
conf_sphere_r05,3,3460,"10,13,15",-6.556881338824524,-6.556820865830583,0,0,full,full,3,3
conf_sphere_r05,3,3461,"10,13,16",-6.404863378840299,-6.4047710330411,0,0,full,full,3,3
conf_sphere_r05,3,3462,"10,13,17",-6.487587014140074,-6.487147852411007,0,0,full,full,1,1
conf_sphere_r05,3,3463,"10,13,18",-6.5693866660150375,-6.5692483127853585,0,0,full,full,3,3
conf_sphere_r05,3,3464,"10,13,19",-6.429363818393351,-6.429392561454603,0,0,full,full,1,1
conf_sphere_r05,3,3465,"10,13,20",-6.52064031851407,-6.520230928812326,0,0,full,full,3,3
conf_sphere_r05,3,3466,"10,13,21",-6.467652345767613,-6.4674386337933205,0,0,full,full,3,3
conf_sphere_r05,3,3467,"10,13,22",-6.468318917101888,-6.468151350851603,0,0,full,full,0,0
conf_sphere_r05,3,3468,"10,13,23",-6.570932765834353,-6.570882458492001,0,0,full,full,3,3
conf_sphere_r05,3,3469,"10,13,24",-6.4372982642393115,-6.437298921409099,0,0,full,full,2,2
conf_sphere_r05,3,3470,"10,13,25",-6.500624097925248,-6.500542126622545,0,0,full,full,2,2
conf_sphere_r05,3,3471,"10,13,26",-6.5363456124462775,-6.536118523396024,0,0,full,full,3,3
conf_sphere_r05,3,3472,"10,13,27",-6.459896848341361,-6.459991495168983,0,0,full,full,1,1
conf_sphere_r05,3,3473,"10,13,28",-6.542640088306065,-6.542624748661524,0,0,full,full,3,3
conf_sphere_r05,3,3474,"10,13,29",-6.473760578752015,-6.473627833690933,0,0,full,full,3,3
conf_sphere_r05,3,3475,"10,13,30",-6.491242331578216,-6.491255000017145,0,0,full,full,2,2
conf_sphere_r05,3,3476,"10,13,31",-6.552943330481012,-6.552918701315677,0,0,full,full,3,3
conf_sphere_r05,3,3477,"10,14,15",-6.927039246875016,-6.92713638007087,1,1,deficient,deficient,4,4
conf_sphere_r05,3,3478,"10,14,16",-6.440660916641146,-6.44059262360058,0,0,full,full,0,0
conf_sphere_r05,3,3479,"10,14,17",-6.810079748607752,-6.809446541609595,2,2,deficient,deficient,2,2
conf_sphere_r05,3,3480,"10,14,18",-6.743269521727079,-6.743209272223256,0,0,full,full,3,3
conf_sphere_r05,3,3481,"10,14,19",-6.651267198490272,-6.65165903206505,0,0,full,full,2,2
conf_sphere_r05,3,3482,"10,14,20",-6.892416547552023,-6.892504513240149,1,1,deficient,deficient,5,5
conf_sphere_r05,3,3483,"10,14,21",-6.489621483870703,-6.489537750222158,0,0,full,full,0,0
conf_sphere_r05,3,3484,"10,14,22",-6.820700726470573,-6.820661349507834,1,1,deficient,deficient,4,4
conf_sphere_r05,3,3485,"10,14,23",-6.912673662859921,-6.912790417431787,1,1,deficient,deficient,5,5
conf_sphere_r05,3,3486,"10,14,24",-6.582389053835244,-6.58242962884549,0,0,full,full,0,1
conf_sphere_r05,3,3487,"10,14,25",-6.852496760056047,-6.852429014555005,1,1,deficient,deficient,3,3
conf_sphere_r05,3,3488,"10,14,26",-6.681553258738155,-6.681498054338208,0,0,full,full,2,2
conf_sphere_r05,3,3489,"10,14,27",-6.781682924286776,-6.7818349006945216,0,0,full,full,4,4
conf_sphere_r05,3,3490,"10,14,28",-6.915322757666488,-6.915470847764897,1,1,deficient,deficient,4,4
conf_sphere_r05,3,3491,"10,14,29",-6.607288833742139,-6.6073005928937105,0,0,full,full,1,1
conf_sphere_r05,3,3492,"10,14,30",-6.853993896502466,-6.854166806426711,1,1,deficient,deficient,4,4
conf_sphere_r05,3,3493,"10,14,31",-6.842074368763834,-6.842188854055196,1,1,deficient,deficient,4,4
conf_sphere_r05,3,3494,"10,15,16",-6.476455756389542,-6.476353230703247,0,0,full,full,2,2
conf_sphere_r05,3,3495,"10,15,17",-7.109128307039111,-7.108159824432157,1,1,deficient,deficient,6,6
conf_sphere_r05,3,3496,"10,15,18",-6.978235277434814,-6.977666472834744,1,1,deficient,deficient,7,7
conf_sphere_r05,3,3497,"10,15,19",-6.713903977644021,-6.714396369734171,0,0,full,full,3,3
conf_sphere_r05,3,3498,"10,15,20",-7.216437047305881,-7.216196897454583,3,3,deficient,deficient,11,11
conf_sphere_r05,3,3499,"10,15,21",-6.559348040146814,-6.559213467932861,0,0,full,full,3,3
conf_sphere_r05,3,3500,"10,15,22",-6.967322102434653,-6.96711931662485,1,1,deficient,deficient,5,5
conf_sphere_r05,3,3501,"10,15,23",-7.132950637205381,-7.1328831716394765,2,2,deficient,deficient,8,8
conf_sphere_r05,3,3502,"10,15,24",-6.627931553255664,-6.6280852781345105,0,0,full,full,2,2
conf_sphere_r05,3,3503,"10,15,25",-7.107019481939098,-7.1068433281426024,1,1,deficient,deficient,7,7
conf_sphere_r05,3,3504,"10,15,26",-6.816532727636704,-6.816442822244549,0,0,full,full,4,4
conf_sphere_r05,3,3505,"10,15,27",-6.88633179809005,-6.886621519654876,0,0,full,full,5,5
conf_sphere_r05,3,3506,"10,15,28",-7.1444579870052545,-7.144463896583446,1,1,deficient,deficient,8,8
conf_sphere_r05,3,3507,"10,15,29",-6.67067938781818,-6.67070324014675,0,0,full,full,3,3
conf_sphere_r05,3,3508,"10,15,30",-7.047165737484858,-7.047220916308079,1,1,deficient,deficient,8,8
conf_sphere_r05,3,3509,"10,15,31",-6.979460541126273,-6.979355339056801,1,1,deficient,deficient,6,6
conf_sphere_r05,3,3510,"10,16,17",-6.432669748934721,-6.432360106078486,0,0,full,full,0,0
conf_sphere_r05,3,3511,"10,16,18",-6.474094682387717,-6.473950954724865,0,0,full,full,3,3
conf_sphere_r05,3,3512,"10,16,19",-6.471461019890793,-6.4714670275058115,0,0,full,full,1,1
conf_sphere_r05,3,3513,"10,16,20",-6.4556585741341035,-6.45539033182541,0,0,full,full,0,0
conf_sphere_r05,3,3514,"10,16,21",-6.454933853629546,-6.454835018168879,0,0,full,full,3,3
conf_sphere_r05,3,3515,"10,16,22",-6.44594025496092,-6.4457901620046,0,0,full,full,0,0
conf_sphere_r05,3,3516,"10,16,23",-6.497466937357603,-6.49736581782987,0,0,full,full,3,3
conf_sphere_r05,3,3517,"10,16,24",-6.489119510492926,-6.489098367158648,0,0,full,full,3,3
conf_sphere_r05,3,3518,"10,16,25",-6.450408768964041,-6.450366567785999,0,0,full,full,0,0
conf_sphere_r05,3,3519,"10,16,26",-6.488857757157811,-6.488737849568119,0,0,full,full,3,3
conf_sphere_r05,3,3520,"10,16,27",-6.472749726766636,-6.4727576856543205,0,0,full,full,1,1
conf_sphere_r05,3,3521,"10,16,28",-6.485858301452548,-6.485818727692185,0,0,full,full,1,1
conf_sphere_r05,3,3522,"10,16,29",-6.496616912017466,-6.49650454201406,0,0,full,full,3,3
conf_sphere_r05,3,3523,"10,16,30",-6.4628763907788365,-6.46284449259772,0,0,full,full,1,1
conf_sphere_r05,3,3524,"10,16,31",-6.506527594968184,-6.506463550057506,0,0,full,full,2,2
conf_sphere_r05,3,3525,"10,17,18",-6.86963828352048,-6.868698548007574,1,1,deficient,deficient,5,5
conf_sphere_r05,3,3526,"10,17,19",-6.633127627709778,-6.632989072222445,0,0,full,full,0,0
conf_sphere_r05,3,3527,"10,17,20",-7.044585936863246,-7.043779097027147,3,3,deficient,deficient,6,5
conf_sphere_r05,3,3528,"10,17,21",-6.502608499543788,-6.502160642526947,0,0,full,full,1,0
conf_sphere_r05,3,3529,"10,17,22",-6.874316394222797,-6.873382505586806,1,1,deficient,deficient,4,4
conf_sphere_r05,3,3530,"10,17,23",-7.006109725570691,-7.00519552688218,2,2,deficient,deficient,6,6
conf_sphere_r05,3,3531,"10,17,24",-6.57028400942199,-6.569989160212601,0,0,full,full,0,0
conf_sphere_r05,3,3532,"10,17,25",-6.9905091184504595,-6.989707137445351,1,1,deficient,deficient,6,5
conf_sphere_r05,3,3533,"10,17,26",-6.7340443422786915,-6.733410924740459,0,0,full,full,2,2
conf_sphere_r05,3,3534,"10,17,27",-6.793906811908548,-6.793431578450485,1,1,deficient,deficient,3,3
conf_sphere_r05,3,3535,"10,17,28",-7.043397409668892,-7.042446954701075,1,1,deficient,deficient,7,6
conf_sphere_r05,3,3536,"10,17,29",-6.6101012323735375,-6.609670120097234,0,0,full,full,0,0
conf_sphere_r05,3,3537,"10,17,30",-6.955935116647637,-6.9550555505636,1,1,deficient,deficient,6,5
conf_sphere_r05,3,3538,"10,17,31",-6.901308723003404,-6.900456562777545,1,1,deficient,deficient,4,4
conf_sphere_r05,3,3539,"10,18,19",-6.616147524663307,-6.616327963193651,0,0,full,full,2,2
conf_sphere_r05,3,3540,"10,18,20",-6.9257109684513,-6.924812705878222,1,1,deficient,deficient,6,6
conf_sphere_r05,3,3541,"10,18,21",-6.562946096957597,-6.5627500163312975,0,0,full,full,3,3
conf_sphere_r05,3,3542,"10,18,22",-6.806216435060463,-6.805631459917473,1,1,deficient,deficient,6,6
conf_sphere_r05,3,3543,"10,18,23",-6.9732948285313725,-6.972762490146423,1,1,deficient,deficient,7,7
conf_sphere_r05,3,3544,"10,18,24",-6.579338515275109,-6.579314608679796,0,0,full,full,3,3
conf_sphere_r05,3,3545,"10,18,25",-6.8900946726189485,-6.889596549580615,1,1,deficient,deficient,6,6
conf_sphere_r05,3,3546,"10,18,26",-6.767410582782637,-6.766938033666917,0,0,full,full,4,4
conf_sphere_r05,3,3547,"10,18,27",-6.7349703929119835,-6.735089287387019,0,0,full,full,4,4
conf_sphere_r05,3,3548,"10,18,28",-6.94489267311479,-6.944432179132813,1,1,deficient,deficient,7,7
conf_sphere_r05,3,3549,"10,18,29",-6.630938579934796,-6.63075254316673,0,0,full,full,3,3
conf_sphere_r05,3,3550,"10,18,30",-6.8504998006389295,-6.8501262012813395,1,1,deficient,deficient,6,6
conf_sphere_r05,3,3551,"10,18,31",-6.897376991107524,-6.896831013659481,1,1,deficient,deficient,8,8
conf_sphere_r05,3,3552,"10,19,20",-6.680247840332158,-6.680345700411287,0,0,full,full,1,1
conf_sphere_r05,3,3553,"10,19,21",-6.492302422822995,-6.492284442271527,0,0,full,full,1,1
conf_sphere_r05,3,3554,"10,19,22",-6.6635770050678,-6.663897026449261,0,0,full,full,1,1
conf_sphere_r05,3,3555,"10,19,23",-6.726755054673565,-6.7272669618553484,0,0,full,full,3,3
conf_sphere_r05,3,3556,"10,19,24",-6.600456368377724,-6.600631763562757,0,0,full,full,2,2
conf_sphere_r05,3,3557,"10,19,25",-6.668686704148429,-6.669056226946516,0,0,full,full,1,1
conf_sphere_r05,3,3558,"10,19,26",-6.615461050028459,-6.615625562340354,0,0,full,full,2,2
conf_sphere_r05,3,3559,"10,19,27",-6.688309123405315,-6.688872321169699,0,0,full,full,3,3
conf_sphere_r05,3,3560,"10,19,28",-6.723395845675704,-6.723929536437238,0,0,full,full,2,3
conf_sphere_r05,3,3561,"10,19,29",-6.604540214620728,-6.604664236106007,0,0,full,full,2,2
conf_sphere_r05,3,3562,"10,19,30",-6.689524263953052,-6.690082876663698,0,0,full,full,2,3
conf_sphere_r05,3,3563,"10,19,31",-6.712667380456172,-6.713157462943331,0,0,full,full,3,3
conf_sphere_r05,3,3564,"10,20,21",-6.531254936549858,-6.5308699052455195,0,0,full,full,2,2
conf_sphere_r05,3,3565,"10,20,22",-6.936124197468059,-6.9359390274586366,3,3,deficient,deficient,5,5
conf_sphere_r05,3,3566,"10,20,23",-7.118348113937854,-7.118067348220342,3,3,deficient,deficient,9,9
conf_sphere_r05,3,3567,"10,20,24",-6.604096953183573,-6.604000686027344,0,0,full,full,0,1
conf_sphere_r05,3,3568,"10,20,25",-7.073481987462688,-7.073151780108331,3,3,deficient,deficient,7,7
conf_sphere_r05,3,3569,"10,20,26",-6.777954118753279,-6.77734928011837,0,0,full,full,3,3
conf_sphere_r05,3,3570,"10,20,27",-6.864188916310742,-6.864405217204162,0,0,full,full,5,5
conf_sphere_r05,3,3571,"10,20,28",-7.111288362606124,-7.111103127824789,3,3,deficient,deficient,8,8
conf_sphere_r05,3,3572,"10,20,29",-6.644909158552053,-6.644667184116019,0,0,full,full,2,2
conf_sphere_r05,3,3573,"10,20,30",-7.018051320481562,-7.017977899084556,3,3,deficient,deficient,7,7
conf_sphere_r05,3,3574,"10,20,31",-6.954274626662771,-6.954073747227313,3,3,deficient,deficient,6,6
conf_sphere_r05,3,3575,"10,21,22",-6.503688303896712,-6.503479772772271,0,0,full,full,1,1
conf_sphere_r05,3,3576,"10,21,23",-6.581704142493606,-6.581573837807031,0,0,full,full,3,3
conf_sphere_r05,3,3577,"10,21,24",-6.503642465099102,-6.503618596117085,0,0,full,full,3,2
conf_sphere_r05,3,3578,"10,21,25",-6.52084074165841,-6.520757338387577,0,0,full,full,2,2
conf_sphere_r05,3,3579,"10,21,26",-6.561633365504488,-6.561403600820361,0,0,full,full,3,3
conf_sphere_r05,3,3580,"10,21,27",-6.514775397953282,-6.514801792232706,0,0,full,full,1,1
conf_sphere_r05,3,3581,"10,21,28",-6.562316545685522,-6.562254755970101,0,0,full,full,3,3
conf_sphere_r05,3,3582,"10,21,29",-6.532704606500019,-6.532515143803326,0,0,full,full,3,3
conf_sphere_r05,3,3583,"10,21,30",-6.525548222436484,-6.525490063833299,0,0,full,full,2,2
conf_sphere_r05,3,3584,"10,21,31",-6.58179371874279,-6.581710174078381,0,0,full,full,3,3
conf_sphere_r05,3,3585,"10,22,23",-6.942118624572397,-6.941910500943779,1,1,deficient,deficient,6,6
conf_sphere_r05,3,3586,"10,22,24",-6.592630973981946,-6.592612015614644,0,0,full,full,1,1
conf_sphere_r05,3,3587,"10,22,25",-6.91757919306897,-6.917124047696971,0,0,full,full,5,5
conf_sphere_r05,3,3588,"10,22,26",-6.719540128139369,-6.719338961809023,0,0,full,full,2,2
conf_sphere_r05,3,3589,"10,22,27",-6.817130551689003,-6.817201833847594,0,0,full,full,5,5
conf_sphere_r05,3,3590,"10,22,28",-6.952843370001432,-6.952663943396591,1,1,deficient,deficient,5,5
conf_sphere_r05,3,3591,"10,22,29",-6.623624809255942,-6.6235283821878275,0,0,full,full,1,1
conf_sphere_r05,3,3592,"10,22,30",-6.881719234216481,-6.881516056833633,1,1,deficient,deficient,4,4
conf_sphere_r05,3,3593,"10,22,31",-6.837957457155953,-6.837736481126076,1,1,deficient,deficient,4,4
conf_sphere_r05,3,3594,"10,23,24",-6.648432015373564,-6.64858095489291,0,0,full,full,3,3
conf_sphere_r05,3,3595,"10,23,25",-7.035464050627481,-7.035292536380782,1,1,deficient,deficient,7,7
conf_sphere_r05,3,3596,"10,23,26",-6.833676594241803,-6.833604628126615,0,0,full,full,5,5
conf_sphere_r05,3,3597,"10,23,27",-6.890403313544742,-6.890712573713796,0,0,full,full,6,6
conf_sphere_r05,3,3598,"10,23,28",-7.077651194625058,-7.077721329217882,2,2,deficient,deficient,8,8
conf_sphere_r05,3,3599,"10,23,29",-6.693261690679139,-6.693275255088082,0,0,full,full,3,3
conf_sphere_r05,3,3600,"10,23,30",-7.018381650462899,-7.018433721783892,1,1,deficient,deficient,8,8
conf_sphere_r05,3,3601,"10,23,31",-6.9796453432366015,-6.979555015974352,1,1,deficient,deficient,6,6
conf_sphere_r05,3,3602,"10,24,25",-6.5979849396920285,-6.598078107841741,0,0,full,full,0,0
conf_sphere_r05,3,3603,"10,24,26",-6.59335713148328,-6.593373854714204,0,0,full,full,3,3
conf_sphere_r05,3,3604,"10,24,27",-6.621167607747289,-6.621328432340776,0,0,full,full,2,2
conf_sphere_r05,3,3605,"10,24,28",-6.642077908019703,-6.642258570361428,0,0,full,full,2,2
conf_sphere_r05,3,3606,"10,24,29",-6.598395488366852,-6.598526219966831,0,0,full,full,3,3
conf_sphere_r05,3,3607,"10,24,30",-6.6149540183262765,-6.615121659845499,0,0,full,full,2,2
conf_sphere_r05,3,3608,"10,24,31",-6.651355840918742,-6.651496705237356,0,0,full,full,3,3
conf_sphere_r05,3,3609,"10,25,26",-6.7590858496887,-6.759026372605599,0,0,full,full,3,3
conf_sphere_r05,3,3610,"10,25,27",-6.834428988882456,-6.834532821312972,0,0,full,full,4,4
conf_sphere_r05,3,3611,"10,25,28",-7.056225693800981,-7.056094196975648,1,1,deficient,deficient,7,7
conf_sphere_r05,3,3612,"10,25,29",-6.636678396775706,-6.636711780481787,0,0,full,full,2,2
conf_sphere_r05,3,3613,"10,25,30",-6.9763931227978055,-6.976276295964374,1,1,deficient,deficient,6,6
conf_sphere_r05,3,3614,"10,25,31",-6.909794940273331,-6.9096461444464055,1,1,deficient,deficient,4,4
conf_sphere_r05,3,3615,"10,26,27",-6.696457638171427,-6.696552460414163,0,0,full,full,3,3
conf_sphere_r05,3,3616,"10,26,28",-6.81187245674567,-6.811871066606764,0,0,full,full,4,4
conf_sphere_r05,3,3617,"10,26,29",-6.637962948574484,-6.637843818049382,0,0,full,full,3,3
conf_sphere_r05,3,3618,"10,26,30",-6.752149130097215,-6.7521273150768035,0,0,full,full,3,3
conf_sphere_r05,3,3619,"10,26,31",-6.80940769157581,-6.809344252369047,0,0,full,full,5,5
conf_sphere_r05,3,3620,"10,27,28",-6.893300225020329,-6.893628675291934,0,0,full,full,5,5
conf_sphere_r05,3,3621,"10,27,29",-6.6406178100811895,-6.6406957866709355,0,0,full,full,2,2
conf_sphere_r05,3,3622,"10,27,30",-6.850377308405556,-6.850750817294629,0,0,full,full,5,5
conf_sphere_r05,3,3623,"10,27,31",-6.851160023805731,-6.851444450205388,0,0,full,full,6,6
conf_sphere_r05,3,3624,"10,28,29",-6.682329120715182,-6.682392816842815,0,0,full,full,3,3
conf_sphere_r05,3,3625,"10,28,30",-7.033834990717459,-7.033923080164391,1,1,deficient,deficient,8,8
conf_sphere_r05,3,3626,"10,28,31",-6.970152588561432,-6.970161298247301,1,1,deficient,deficient,6,6
conf_sphere_r05,3,3627,"10,29,30",-6.64837808586455,-6.648425462321263,0,0,full,full,2,2
conf_sphere_r05,3,3628,"10,29,31",-6.69405275547343,-6.694075130648578,0,0,full,full,3,3
conf_sphere_r05,3,3629,"10,30,31",-6.887415847353792,-6.887413129478862,1,1,deficient,deficient,5,5
conf_sphere_r05,3,3630,"11,12,13",-6.393091479280869,-6.393020554027158,0,0,full,full,0,0
conf_sphere_r05,3,3631,"11,12,14",-7.350523342431306,-7.350745067439273,1,1,deficient,deficient,12,12
conf_sphere_r05,3,3632,"11,12,15",-6.779066766257893,-6.779239478886979,0,0,full,full,1,1
conf_sphere_r05,3,3633,"11,12,16",-6.797499873268769,-6.79740872118234,0,0,full,full,3,3
conf_sphere_r05,3,3634,"11,12,17",-7.200469731984666,-7.200116213660435,0,0,full,full,9,9
conf_sphere_r05,3,3635,"11,12,18",-6.495432362987125,-6.495333792928274,0,0,full,full,0,0
conf_sphere_r05,3,3636,"11,12,19",-7.292372548831836,-7.292194354568885,1,1,deficient,deficient,11,11
conf_sphere_r05,3,3637,"11,12,20",-7.006825301467797,-7.006700611508091,0,0,full,full,5,5
conf_sphere_r05,3,3638,"11,12,21",-6.5629685716281285,-6.562858081560858,0,0,full,full,1,1
conf_sphere_r05,3,3639,"11,12,22",-7.249387116456952,-7.249603700982371,2,2,deficient,deficient,9,9
conf_sphere_r05,3,3640,"11,12,23",-6.720292505761222,-6.720553183742722,0,0,full,full,1,1
conf_sphere_r05,3,3641,"11,12,24",-7.059224076461435,-7.0590449202406615,0,0,full,full,6,6
conf_sphere_r05,3,3642,"11,12,25",-7.149195961407577,-7.149125400837272,0,0,full,full,6,6
conf_sphere_r05,3,3643,"11,12,26",-6.596980595826449,-6.596900168915393,0,0,full,full,1,1
conf_sphere_r05,3,3644,"11,12,27",-7.263872642931569,-7.263777250493574,1,1,deficient,deficient,11,11
conf_sphere_r05,3,3645,"11,12,28",-6.932786585734278,-6.93283528507416,0,0,full,full,4,4
conf_sphere_r05,3,3646,"11,12,29",-6.844894319406742,-6.844723323565799,0,0,full,full,3,3
conf_sphere_r05,3,3647,"11,12,30",-7.192517411579687,-7.192435297510822,1,1,deficient,deficient,9,9
conf_sphere_r05,3,3648,"11,12,31",-6.7695548015407745,-6.76984478209583,0,0,full,full,1,2
conf_sphere_r05,3,3649,"11,13,14",-6.423147350865535,-6.423000510669836,0,0,full,full,2,2
conf_sphere_r05,3,3650,"11,13,15",-6.400668817423413,-6.40075677693324,0,0,full,full,1,1
conf_sphere_r05,3,3651,"11,13,16",-6.4624486386487066,-6.462372665991256,0,0,full,full,3,3
conf_sphere_r05,3,3652,"11,13,17",-6.4028440135387825,-6.402697659852921,0,0,full,full,0,0
conf_sphere_r05,3,3653,"11,13,18",-6.416828911457299,-6.4168040107188205,0,0,full,full,3,3
conf_sphere_r05,3,3654,"11,13,19",-6.462140496876668,-6.462187787493475,0,0,full,full,3,3
conf_sphere_r05,3,3655,"11,13,20",-6.399335749330628,-6.399181037086422,0,0,full,full,0,0
conf_sphere_r05,3,3656,"11,13,21",-6.44943442060367,-6.449322672025193,0,0,full,full,3,3
conf_sphere_r05,3,3657,"11,13,22",-6.4202350943685955,-6.420091291671091,0,0,full,full,1,1
conf_sphere_r05,3,3658,"11,13,23",-6.421905943167116,-6.422009778541605,0,0,full,full,1,1
conf_sphere_r05,3,3659,"11,13,24",-6.47867014661446,-6.478700904539506,0,0,full,full,3,3
conf_sphere_r05,3,3660,"11,13,25",-6.408556198045979,-6.408655761637344,0,0,full,full,0,0
conf_sphere_r05,3,3661,"11,13,26",-6.446083448172979,-6.445966850066047,0,0,full,full,3,3
conf_sphere_r05,3,3662,"11,13,27",-6.449820813117586,-6.449911606376012,0,0,full,full,2,2
conf_sphere_r05,3,3663,"11,13,28",-6.4209190651120425,-6.421036131868335,0,0,full,full,1,1
conf_sphere_r05,3,3664,"11,13,29",-6.473332277014126,-6.4733176020722825,0,0,full,full,3,3
conf_sphere_r05,3,3665,"11,13,30",-6.427347694827151,-6.427501637056482,0,0,full,full,2,2
conf_sphere_r05,3,3666,"11,13,31",-6.44387364211195,-6.443948184380751,0,0,full,full,2,2
conf_sphere_r05,3,3667,"11,14,15",-6.822270500897958,-6.82246994892593,0,0,full,full,2,2
conf_sphere_r05,3,3668,"11,14,16",-6.8970334221772625,-6.89679867521921,0,0,full,full,3,3
conf_sphere_r05,3,3669,"11,14,17",-7.476726766094834,-7.47681276331881,1,1,deficient,deficient,13,13
conf_sphere_r05,3,3670,"11,14,18",-6.516350807611141,-6.516252652961044,0,0,full,full,0,0
conf_sphere_r05,3,3671,"11,14,19",-7.553324673794396,-7.553589224934545,2,2,deficient,deficient,17,17
conf_sphere_r05,3,3672,"11,14,20",-7.149630065643041,-7.1494998335755495,0,0,full,full,9,9
conf_sphere_r05,3,3673,"11,14,21",-6.608800771009189,-6.608530101456814,0,0,full,full,3,3
conf_sphere_r05,3,3674,"11,14,22",-7.513034368074443,-7.535810070334428,2,1,deficient,deficient,13,14
conf_sphere_r05,3,3675,"11,14,23",-6.752149174508324,-6.752426880842407,0,0,full,full,1,1
conf_sphere_r05,3,3676,"11,14,24",-7.288995651651684,-7.289398448170358,1,1,deficient,deficient,12,12
conf_sphere_r05,3,3677,"11,14,25",-7.336080733912027,-7.336420024388853,1,1,deficient,deficient,11,11
conf_sphere_r05,3,3678,"11,14,26",-6.627837165171411,-6.627666978293374,0,0,full,full,2,2
conf_sphere_r05,3,3679,"11,14,27",-7.522197889001038,-7.522787297124151,2,2,deficient,deficient,16,16
conf_sphere_r05,3,3680,"11,14,28",-7.007524274038694,-7.007897107120198,0,0,full,full,5,5
conf_sphere_r05,3,3681,"11,14,29",-6.916960512046547,-6.917083676247821,0,0,full,full,3,4
conf_sphere_r05,3,3682,"11,14,30",-7.37098845179975,-7.37159346921749,2,2,deficient,deficient,13,14
conf_sphere_r05,3,3683,"11,14,31",-6.804236997808836,-6.8043741974298175,0,0,full,full,3,3
conf_sphere_r05,3,3684,"11,15,16",-6.598990593172784,-6.5991776939618765,0,0,full,full,2,2
conf_sphere_r05,3,3685,"11,15,17",-6.77414933131154,-6.774183949571272,0,0,full,full,0,0
conf_sphere_r05,3,3686,"11,15,18",-6.539309434815754,-6.5393883657612175,0,0,full,full,1,1
conf_sphere_r05,3,3687,"11,15,19",-6.875406001040167,-6.875810764529857,0,0,full,full,4,4
conf_sphere_r05,3,3688,"11,15,20",-6.8260664985003885,-6.8261841633296685,0,0,full,full,2,2
conf_sphere_r05,3,3689,"11,15,21",-6.525275705692015,-6.525440713551475,0,0,full,full,1,1
conf_sphere_r05,3,3690,"11,15,22",-6.828418774063338,-6.828638739622814,0,0,full,full,2,2
conf_sphere_r05,3,3691,"11,15,23",-6.750035476807356,-6.750595107883444,0,0,full,full,3,3
conf_sphere_r05,3,3692,"11,15,24",-6.806668624642579,-6.807088180673676,0,0,full,full,4,4
conf_sphere_r05,3,3693,"11,15,25",-6.826645723831215,-6.82702211497106,0,0,full,full,2,2
conf_sphere_r05,3,3694,"11,15,26",-6.604487702872285,-6.604670613049999,0,0,full,full,1,1
conf_sphere_r05,3,3695,"11,15,27",-6.87807016419837,-6.878547423544487,0,0,full,full,4,4
conf_sphere_r05,3,3696,"11,15,28",-6.84825052853025,-6.848763839812517,0,0,full,full,4,4
conf_sphere_r05,3,3697,"11,15,29",-6.7204041993340695,-6.7207283846384245,0,0,full,full,2,3
conf_sphere_r05,3,3698,"11,15,30",-6.854808661560181,-6.855303004480716,0,0,full,full,3,3
conf_sphere_r05,3,3699,"11,15,31",-6.760124879766496,-6.760609432477167,0,0,full,full,3,3
conf_sphere_r05,3,3700,"11,16,17",-6.846486222755815,-6.84627749569078,0,0,full,full,4,4
conf_sphere_r05,3,3701,"11,16,18",-6.4891411530710545,-6.489096290822037,0,0,full,full,3,3
conf_sphere_r05,3,3702,"11,16,19",-6.942088802012983,-6.94172129389163,1,1,deficient,deficient,4,4
conf_sphere_r05,3,3703,"11,16,20",-6.732627618826738,-6.732520497344255,0,0,full,full,2,2
conf_sphere_r05,3,3704,"11,16,21",-6.620549166914959,-6.620379632215372,0,0,full,full,3,3
conf_sphere_r05,3,3705,"11,16,22",-6.886279872797435,-6.885821757974563,0,0,full,full,4,4
conf_sphere_r05,3,3706,"11,16,23",-6.590782587073169,-6.590994463301403,0,0,full,full,2,2
conf_sphere_r05,3,3707,"11,16,24",-6.924918282132461,-6.92507215587375,0,0,full,full,6,6
conf_sphere_r05,3,3708,"11,16,25",-6.813428584542652,-6.813484211334574,0,0,full,full,4,4
conf_sphere_r05,3,3709,"11,16,26",-6.586739708567639,-6.586672213972855,0,0,full,full,3,3
conf_sphere_r05,3,3710,"11,16,27",-6.923823300328045,-6.924037197241249,0,0,full,full,5,5
conf_sphere_r05,3,3711,"11,16,28",-6.70426104648836,-6.704431267585945,0,0,full,full,3,3
conf_sphere_r05,3,3712,"11,16,29",-6.792707946476434,-6.792639996031117,0,0,full,full,5,5
conf_sphere_r05,3,3713,"11,16,30",-6.857878927056292,-6.858058763920682,0,0,full,full,5,5
conf_sphere_r05,3,3714,"11,16,31",-6.6481732881821145,-6.648391619392543,0,0,full,full,3,3
conf_sphere_r05,3,3715,"11,17,18",-6.4991337305004775,-6.498904119534498,0,0,full,full,0,0
conf_sphere_r05,3,3716,"11,17,19",-7.418819996985931,-7.418439947558127,0,0,full,full,12,12
conf_sphere_r05,3,3717,"11,17,20",-7.031603274601359,-7.031259653328958,0,0,full,full,5,6
conf_sphere_r05,3,3718,"11,17,21",-6.580418803394695,-6.580246982610002,0,0,full,full,1,2
conf_sphere_r05,3,3719,"11,17,22",-7.381660017577295,-7.381579023397291,1,1,deficient,deficient,11,11
conf_sphere_r05,3,3720,"11,17,23",-6.717338862568434,-6.717416641978171,0,0,full,full,0,0
conf_sphere_r05,3,3721,"11,17,24",-7.115590331317121,-7.115204208279175,0,0,full,full,5,5
conf_sphere_r05,3,3722,"11,17,25",-7.192535413035044,-7.1922221736529295,0,0,full,full,6,6
conf_sphere_r05,3,3723,"11,17,26",-6.60441667887114,-6.604199497630628,0,0,full,full,0,0
conf_sphere_r05,3,3724,"11,17,27",-7.356201277054462,-7.355864653585895,0,0,full,full,11,11
conf_sphere_r05,3,3725,"11,17,28",-6.951749330808175,-6.951630871844206,0,0,full,full,3,3
conf_sphere_r05,3,3726,"11,17,29",-6.866088630209533,-6.865817689730514,0,0,full,full,3,3
conf_sphere_r05,3,3727,"11,17,30",-7.243237133551304,-7.243004255425771,0,0,full,full,9,9
conf_sphere_r05,3,3728,"11,17,31",-6.769871434701916,-6.769962474314277,0,0,full,full,1,1
conf_sphere_r05,3,3729,"11,18,19",-6.552258213484355,-6.552245757629271,0,0,full,full,3,3
conf_sphere_r05,3,3730,"11,18,20",-6.523665576728809,-6.523526922876042,0,0,full,full,0,0
conf_sphere_r05,3,3731,"11,18,21",-6.484928926605987,-6.484894148600996,0,0,full,full,3,2
conf_sphere_r05,3,3732,"11,18,22",-6.520798936406722,-6.520656070064547,0,0,full,full,0,0
conf_sphere_r05,3,3733,"11,18,23",-6.562248488946156,-6.56233008647267,0,0,full,full,2,2
conf_sphere_r05,3,3734,"11,18,24",-6.558737782180743,-6.5587272125198695,0,0,full,full,3,3
conf_sphere_r05,3,3735,"11,18,25",-6.521533380292893,-6.521590602269798,0,0,full,full,0,0
conf_sphere_r05,3,3736,"11,18,26",-6.539842812122838,-6.539760417973462,0,0,full,full,3,3
conf_sphere_r05,3,3737,"11,18,27",-6.554147452732765,-6.554149720370266,0,0,full,full,2,2
conf_sphere_r05,3,3738,"11,18,28",-6.557886586261243,-6.5579771181644535,0,0,full,full,1,1
conf_sphere_r05,3,3739,"11,18,29",-6.5567608245976565,-6.556741855502968,0,0,full,full,3,2
conf_sphere_r05,3,3740,"11,18,30",-6.538981962692834,-6.53901264234767,0,0,full,full,1,1
conf_sphere_r05,3,3741,"11,18,31",-6.574790378477257,-6.574809547578083,0,0,full,full,3,3
conf_sphere_r05,3,3742,"11,19,20",-7.135096991321662,-7.134890559416699,0,0,full,full,7,7
conf_sphere_r05,3,3743,"11,19,21",-6.661490003347564,-6.661527705323315,0,0,full,full,3,3
conf_sphere_r05,3,3744,"11,19,22",-7.4459966857612425,-7.446329013456094,2,2,deficient,deficient,14,14
conf_sphere_r05,3,3745,"11,19,23",-6.797510581076389,-6.798012832704882,0,0,full,full,3,3
conf_sphere_r05,3,3746,"11,19,24",-7.235319314314444,-7.235314637477526,1,1,deficient,deficient,8,8
conf_sphere_r05,3,3747,"11,19,25",-7.298146209495064,-7.2980306107709,0,0,full,full,11,11
conf_sphere_r05,3,3748,"11,19,26",-6.673861542543204,-6.67386680602891,0,0,full,full,3,3
conf_sphere_r05,3,3749,"11,19,27",-7.466745001463474,-7.46687746645278,1,1,deficient,deficient,14,14
conf_sphere_r05,3,3750,"11,19,28",-7.037161776427872,-7.0374115950448575,0,0,full,full,6,6
conf_sphere_r05,3,3751,"11,19,29",-6.9483425102698435,-6.948174960969696,1,1,deficient,deficient,5,5
conf_sphere_r05,3,3752,"11,19,30",-7.325649957809973,-7.325796916788886,1,1,deficient,deficient,12,12
conf_sphere_r05,3,3753,"11,19,31",-6.853821615854516,-6.854351661283038,0,0,full,full,4,4
conf_sphere_r05,3,3754,"11,20,21",-6.560790504079278,-6.560620596532645,0,0,full,full,0,0
conf_sphere_r05,3,3755,"11,20,22",-7.096908850405887,-7.0972178302280335,1,1,deficient,deficient,7,7
conf_sphere_r05,3,3756,"11,20,23",-6.762752575713255,-6.762940991960206,0,0,full,full,2,2
conf_sphere_r05,3,3757,"11,20,24",-6.981227654525107,-6.981171329020099,0,0,full,full,6,6
conf_sphere_r05,3,3758,"11,20,25",-7.059988433647176,-7.059920223128273,0,0,full,full,7,7
conf_sphere_r05,3,3759,"11,20,26",-6.617577158683187,-6.617418366642472,0,0,full,full,0,0
conf_sphere_r05,3,3760,"11,20,27",-7.132531569606049,-7.1324787149582285,0,0,full,full,7,7
conf_sphere_r05,3,3761,"11,20,28",-6.963434846454666,-6.963411244343516,0,0,full,full,5,5
conf_sphere_r05,3,3762,"11,20,29",-6.826731657899485,-6.826548582203525,0,0,full,full,3,3
conf_sphere_r05,3,3763,"11,20,30",-7.074413717825139,-7.097466227922322,1,0,deficient,full,6,7
conf_sphere_r05,3,3764,"11,20,31",-6.801286390597298,-6.80147939113024,0,0,full,full,2,2
conf_sphere_r05,3,3765,"11,21,22",-6.606555648778077,-6.606355377524609,0,0,full,full,3,3
conf_sphere_r05,3,3766,"11,21,23",-6.540540102243946,-6.540735699059136,0,0,full,full,1,1
conf_sphere_r05,3,3767,"11,21,24",-6.67041992004378,-6.670471850260569,0,0,full,full,3,3
conf_sphere_r05,3,3768,"11,21,25",-6.584863232856314,-6.5849323494198275,0,0,full,full,2,2
conf_sphere_r05,3,3769,"11,21,26",-6.553417943087012,-6.553383270589525,0,0,full,full,3,3
conf_sphere_r05,3,3770,"11,21,27",-6.6447744995412465,-6.64486780718823,0,0,full,full,3,3
conf_sphere_r05,3,3771,"11,21,28",-6.575520644436107,-6.575676240580742,0,0,full,full,1,1
conf_sphere_r05,3,3772,"11,21,29",-6.640276508865578,-6.64020454277681,0,0,full,full,3,3
conf_sphere_r05,3,3773,"11,21,30",-6.61214785999586,-6.612317363707104,0,0,full,full,2,2
conf_sphere_r05,3,3774,"11,21,31",-6.579070455053658,-6.579185482719406,0,0,full,full,3,3
conf_sphere_r05,3,3775,"11,22,23",-6.760247273312086,-6.760514110664064,0,0,full,full,2,2
conf_sphere_r05,3,3776,"11,22,24",-7.198862506308923,-7.199168059851367,1,1,deficient,deficient,9,9
conf_sphere_r05,3,3777,"11,22,25",-7.264260539833838,-7.264473506483575,1,1,deficient,deficient,9,9
conf_sphere_r05,3,3778,"11,22,26",-6.632177390496826,-6.63199989837525,0,0,full,full,2,2
conf_sphere_r05,3,3779,"11,22,27",-7.427963281978355,-7.428465145330141,2,2,deficient,deficient,14,14
conf_sphere_r05,3,3780,"11,22,28",-7.006430631476398,-7.007010188911337,0,0,full,full,5,5
conf_sphere_r05,3,3781,"11,22,29",-6.92546836346849,-6.925726405512384,0,0,full,full,6,6
conf_sphere_r05,3,3782,"11,22,30",-7.318929505354643,-7.319401141017337,1,1,deficient,deficient,12,12
conf_sphere_r05,3,3783,"11,22,31",-6.812838043133668,-6.81303832017399,0,0,full,full,3,3
conf_sphere_r05,3,3784,"11,23,24",-6.76479241652478,-6.765260168832162,0,0,full,full,4,4
conf_sphere_r05,3,3785,"11,23,25",-6.761874028949278,-6.762308784799825,0,0,full,full,2,2
conf_sphere_r05,3,3786,"11,23,26",-6.6232682017681475,-6.623495422963029,0,0,full,full,2,2
conf_sphere_r05,3,3787,"11,23,27",-6.804216890330891,-6.804738490478567,0,0,full,full,3,3
conf_sphere_r05,3,3788,"11,23,28",-6.796106713464027,-6.796642110738059,0,0,full,full,3,3
conf_sphere_r05,3,3789,"11,23,29",-6.713075711906351,-6.7134193371427475,0,0,full,full,3,3
conf_sphere_r05,3,3790,"11,23,30",-6.7861248302051385,-6.786653939079774,0,0,full,full,3,3
conf_sphere_r05,3,3791,"11,23,31",-6.757136552956434,-6.757654863752571,0,0,full,full,4,4
conf_sphere_r05,3,3792,"11,24,25",-7.088171184826495,-7.088097840456349,0,0,full,full,7,7
conf_sphere_r05,3,3793,"11,24,26",-6.678532041062342,-6.678536204120888,0,0,full,full,3,3
conf_sphere_r05,3,3794,"11,24,27",-7.199728383336232,-7.199879882134667,1,1,deficient,deficient,8,8
conf_sphere_r05,3,3795,"11,24,28",-6.954594522780005,-6.954852411385072,0,0,full,full,6,6
conf_sphere_r05,3,3796,"11,24,29",-6.947042402893174,-6.947009991357058,0,0,full,full,6,6
conf_sphere_r05,3,3797,"11,24,30",-7.146656885306649,-7.146735548576576,0,0,full,full,9,9
conf_sphere_r05,3,3798,"11,24,31",-6.826628444595988,-6.827107523296483,0,0,full,full,4,4
conf_sphere_r05,3,3799,"11,25,26",-6.626297289022322,-6.626373837601125,0,0,full,full,2,2
conf_sphere_r05,3,3800,"11,25,27",-7.285950764404345,-7.285963971370313,0,0,full,full,11,11
conf_sphere_r05,3,3801,"11,25,28",-6.98476082819583,-6.985016224749241,0,0,full,full,5,4
conf_sphere_r05,3,3802,"11,25,29",-6.876443450906146,-6.876417535581331,0,0,full,full,4,4
conf_sphere_r05,3,3803,"11,25,30",-7.232166200816078,-7.232213638676774,0,0,full,full,10,10
conf_sphere_r05,3,3804,"11,25,31",-6.809954529089011,-6.810420594148311,0,0,full,full,3,2
conf_sphere_r05,3,3805,"11,26,27",-6.671480912704321,-6.671500812067194,0,0,full,full,3,3
conf_sphere_r05,3,3806,"11,26,28",-6.646267846577207,-6.64639487776273,0,0,full,full,2,2
conf_sphere_r05,3,3807,"11,26,29",-6.660847483257846,-6.660814210818516,0,0,full,full,3,3
conf_sphere_r05,3,3808,"11,26,30",-6.64932742057741,-6.649400236100765,0,0,full,full,2,2
conf_sphere_r05,3,3809,"11,26,31",-6.652776603171136,-6.652842233921974,0,0,full,full,3,3
conf_sphere_r05,3,3810,"11,27,28",-7.042725125924139,-7.043071308644734,0,0,full,full,6,6
conf_sphere_r05,3,3811,"11,27,29",-6.955350294628898,-6.95537275975466,0,0,full,full,6,6
conf_sphere_r05,3,3812,"11,27,30",-7.311362033578862,-7.311615822844879,1,1,deficient,deficient,12,12
conf_sphere_r05,3,3813,"11,27,31",-6.858186423113671,-6.8587159247837395,0,0,full,full,4,4
conf_sphere_r05,3,3814,"11,28,29",-6.817855062889661,-6.817982732920787,0,0,full,full,4,4
conf_sphere_r05,3,3815,"11,28,30",-7.017892000224401,-7.018269599401166,0,0,full,full,6,6
conf_sphere_r05,3,3816,"11,28,31",-6.828936704217577,-6.829476886763933,0,0,full,full,4,4
conf_sphere_r05,3,3817,"11,29,30",-6.913280853374702,-6.913385651349591,0,0,full,full,5,5
conf_sphere_r05,3,3818,"11,29,31",-6.768318320961631,-6.768659652713561,0,0,full,full,4,4
conf_sphere_r05,3,3819,"11,30,31",-6.836617125873032,-6.837174306959615,0,0,full,full,3,3
conf_sphere_r05,3,3820,"12,13,14",-6.410340420500144,-6.410133307399021,0,0,full,full,0,0
conf_sphere_r05,3,3821,"12,13,15",-6.48869320437822,-6.488218474519753,0,0,full,full,1,1
conf_sphere_r05,3,3822,"12,13,16",-6.414099350302127,-6.413772568589765,0,0,full,full,1,1
conf_sphere_r05,3,3823,"12,13,17",-6.438514520440439,-6.437831735775333,0,0,full,full,1,1
conf_sphere_r05,3,3824,"12,13,18",-6.50719304697749,-6.506712829531506,0,0,full,full,1,1
conf_sphere_r05,3,3825,"12,13,19",-6.418390704968602,-6.4181881217105925,0,0,full,full,1,1
conf_sphere_r05,3,3826,"12,13,20",-6.468178853157341,-6.467452044217829,0,0,full,full,2,1
conf_sphere_r05,3,3827,"12,13,21",-6.454096092089088,-6.453597036967174,0,0,full,full,1,1
conf_sphere_r05,3,3828,"12,13,22",-6.430750718587666,-6.430345273300353,0,0,full,full,1,1
conf_sphere_r05,3,3829,"12,13,23",-6.513527048635312,-6.513202432130535,0,0,full,full,1,1
conf_sphere_r05,3,3830,"12,13,24",-6.440843238113164,-6.44065325017677,0,0,full,full,1,1
conf_sphere_r05,3,3831,"12,13,25",-6.4565924377823665,-6.456136580967174,0,0,full,full,2,2
conf_sphere_r05,3,3832,"12,13,26",-6.501775776724318,-6.501278554744822,0,0,full,full,1,1
conf_sphere_r05,3,3833,"12,13,27",-6.440141108084703,-6.440027832086839,0,0,full,full,1,1
conf_sphere_r05,3,3834,"12,13,28",-6.496129280743446,-6.4957515900619995,0,0,full,full,1,1
conf_sphere_r05,3,3835,"12,13,29",-6.469533140270313,-6.469212823524087,0,0,full,full,1,1
conf_sphere_r05,3,3836,"12,13,30",-6.456231624024092,-6.4559105571184725,0,0,full,full,1,1
conf_sphere_r05,3,3837,"12,13,31",-6.514762480021362,-6.5144791432056275,0,0,full,full,1,1
conf_sphere_r05,3,3838,"12,14,15",-7.444373954046704,-7.4438111194737075,1,1,deficient,deficient,10,10
conf_sphere_r05,3,3839,"12,14,16",-6.722951017199268,-6.722530661127541,0,0,full,full,1,1
conf_sphere_r05,3,3840,"12,14,17",-7.948284055986961,-7.947958157252423,4,4,deficient,deficient,17,17
conf_sphere_r05,3,3841,"12,14,18",-6.679287536111186,-6.6789773772121235,0,0,full,full,0,0
conf_sphere_r05,3,3842,"12,14,19",-7.600817780350191,-7.600550036988737,1,1,deficient,deficient,18,18
conf_sphere_r05,3,3843,"12,14,20",-7.677042916609188,-7.676533475292963,2,2,deficient,deficient,14,14
conf_sphere_r05,3,3844,"12,14,21",-6.554302007658035,-6.553906513783833,0,0,full,full,1,1
conf_sphere_r05,3,3845,"12,14,22",-7.873053890950349,-7.872612178807501,2,2,deficient,deficient,18,18
conf_sphere_r05,3,3846,"12,14,23",-7.196106208348543,-7.196188195307039,0,0,full,full,5,5
conf_sphere_r05,3,3847,"12,14,24",-7.180379518988224,-7.180407847319365,1,1,deficient,deficient,9,9
conf_sphere_r05,3,3848,"12,14,25",-7.771137510780416,-7.7714266702332795,4,4,deficient,deficient,14,14
conf_sphere_r05,3,3849,"12,14,26",-6.710163449614808,-6.709704481333701,0,0,full,full,1,0
conf_sphere_r05,3,3850,"12,14,27",-7.804122449317413,-7.804446682727754,2,2,deficient,deficient,22,22
conf_sphere_r05,3,3851,"12,14,28",-7.512900106907177,-7.512977432654403,2,2,deficient,deficient,11,11
conf_sphere_r05,3,3852,"12,14,29",-6.88558981049436,-6.885399216862718,0,0,full,full,1,2
conf_sphere_r05,3,3853,"12,14,30",-7.79082090918293,-7.791158307156124,3,3,deficient,deficient,20,20
conf_sphere_r05,3,3854,"12,14,31",-7.081432815952249,-7.0813720008897,0,0,full,full,3,3
conf_sphere_r05,3,3855,"12,15,16",-6.54341839399856,-6.543124932543892,0,0,full,full,1,1
conf_sphere_r05,3,3856,"12,15,17",-7.699132286478905,-7.698487433473442,1,1,deficient,deficient,13,13
conf_sphere_r05,3,3857,"12,15,18",-6.91874830323546,-6.918250084400449,0,0,full,full,3,2
conf_sphere_r05,3,3858,"12,15,19",-7.072849948499239,-7.072491526412764,0,0,full,full,8,8
conf_sphere_r05,3,3859,"12,15,20",-7.833578500124295,-7.832787244103244,1,1,deficient,deficient,17,17
conf_sphere_r05,3,3860,"12,15,21",-6.553248438097203,-6.552787521068437,0,0,full,full,1,1
conf_sphere_r05,3,3861,"12,15,22",-7.571615998822737,-7.571134211017729,1,1,deficient,deficient,14,14
conf_sphere_r05,3,3862,"12,15,23",-7.498080286154078,-7.4982968737813795,1,1,deficient,deficient,8,8
conf_sphere_r05,3,3863,"12,15,24",-6.838534946619892,-6.838495284690232,0,0,full,full,3,3
conf_sphere_r05,3,3864,"12,15,25",-7.757863815188885,-7.75787327857034,2,2,deficient,deficient,20,20
conf_sphere_r05,3,3865,"12,15,26",-6.809442478935127,-6.808793155877912,0,0,full,full,1,1
conf_sphere_r05,3,3866,"12,15,27",-7.367545408045514,-7.367737278567449,0,0,full,full,13,13
conf_sphere_r05,3,3867,"12,15,28",-7.7543601716342945,-7.754417279249992,2,2,deficient,deficient,20,20
conf_sphere_r05,3,3868,"12,15,29",-6.78254768461947,-6.782276141755199,0,0,full,full,1,1
conf_sphere_r05,3,3869,"12,15,30",-7.605415807728088,-7.605676709509835,3,3,deficient,deficient,13,13
conf_sphere_r05,3,3870,"12,15,31",-7.251782708662074,-7.251974705225913,0,0,full,full,6,6
conf_sphere_r05,3,3871,"12,16,17",-6.6999115979959205,-6.699499927645006,0,0,full,full,3,3
conf_sphere_r05,3,3872,"12,16,18",-6.463793173210622,-6.463460033731795,0,0,full,full,1,1
conf_sphere_r05,3,3873,"12,16,19",-6.800273915136236,-6.80001525741194,0,0,full,full,3,3
conf_sphere_r05,3,3874,"12,16,20",-6.649879323555047,-6.649409264337399,0,0,full,full,2,2
conf_sphere_r05,3,3875,"12,16,21",-6.550658434723071,-6.550196618257536,0,0,full,full,1,1
conf_sphere_r05,3,3876,"12,16,22",-6.73306908576707,-6.73229680451305,0,0,full,full,2,2
conf_sphere_r05,3,3877,"12,16,23",-6.554450917628621,-6.55424715496609,0,0,full,full,1,1
conf_sphere_r05,3,3878,"12,16,24",-6.794195650148099,-6.793946737787928,0,0,full,full,4,3
conf_sphere_r05,3,3879,"12,16,25",-6.707749677632383,-6.707510773826786,0,0,full,full,3,3
conf_sphere_r05,3,3880,"12,16,26",-6.546301596885952,-6.5459433734467005,0,0,full,full,1,1
conf_sphere_r05,3,3881,"12,16,27",-6.782835818119631,-6.782651250578193,0,0,full,full,3,3
conf_sphere_r05,3,3882,"12,16,28",-6.646220438718216,-6.645965210798622,0,0,full,full,2,2
conf_sphere_r05,3,3883,"12,16,29",-6.7102545961203885,-6.709923671534973,0,0,full,full,3,3
conf_sphere_r05,3,3884,"12,16,30",-6.7411739167301965,-6.740934430100675,0,0,full,full,3,3
conf_sphere_r05,3,3885,"12,16,31",-6.608199123387542,-6.608031332313377,0,0,full,full,1,1
conf_sphere_r05,3,3886,"12,17,18",-6.799942702222428,-6.79926461200387,0,0,full,full,1,1
conf_sphere_r05,3,3887,"12,17,19",-7.510583051039777,-7.509320903711462,2,2,deficient,deficient,13,13
conf_sphere_r05,3,3888,"12,17,20",-7.958201334677089,-7.956810109503243,4,4,deficient,deficient,19,18
conf_sphere_r05,3,3889,"12,17,21",-6.55325904671682,-6.552614294261278,0,0,full,full,1,2
conf_sphere_r05,3,3890,"12,17,22",-8.013809180624671,-8.012875231916931,4,4,deficient,deficient,20,20
conf_sphere_r05,3,3891,"12,17,23",-7.347955988076346,-7.347546708682104,0,0,full,full,5,5
conf_sphere_r05,3,3892,"12,17,24",-7.028079714889728,-7.027461181322998,0,0,full,full,4,4
conf_sphere_r05,3,3893,"12,17,25",-8.069961425827723,-8.068770390505591,3,3,deficient,deficient,20,20
conf_sphere_r05,3,3894,"12,17,26",-6.747818018335539,-6.747024860842943,0,0,full,full,1,1
conf_sphere_r05,3,3895,"12,17,27",-7.76420506482704,-7.76368706155652,3,3,deficient,deficient,18,18
conf_sphere_r05,3,3896,"12,17,28",-7.832945034594089,-7.832049286836524,4,4,deficient,deficient,20,20
conf_sphere_r05,3,3897,"12,17,29",-6.854476689003758,-6.853731206758547,0,0,full,full,2,2
conf_sphere_r05,3,3898,"12,17,30",-7.972673827987454,-7.971552602945723,3,3,deficient,deficient,21,21
conf_sphere_r05,3,3899,"12,17,31",-7.167725916693525,-7.167481642949812,0,0,full,full,3,3
conf_sphere_r05,3,3900,"12,18,19",-6.596266206396483,-6.595934371349848,0,0,full,full,0,0
conf_sphere_r05,3,3901,"12,18,20",-6.874160773269001,-6.8734225696325355,0,0,full,full,2,2
conf_sphere_r05,3,3902,"12,18,21",-6.529363701548919,-6.528854826469086,0,0,full,full,1,1
conf_sphere_r05,3,3903,"12,18,22",-6.75069608131937,-6.750339134289047,0,0,full,full,1,1
conf_sphere_r05,3,3904,"12,18,23",-6.923942315581453,-6.923588453589676,0,0,full,full,2,2
conf_sphere_r05,3,3905,"12,18,24",-6.5753398981725075,-6.575040898496222,0,0,full,full,0,0
conf_sphere_r05,3,3906,"12,18,25",-6.835090946192032,-6.834728371515181,0,0,full,full,1,1
conf_sphere_r05,3,3907,"12,18,26",-6.719961865757213,-6.7191998950520935,0,0,full,full,1,1
conf_sphere_r05,3,3908,"12,18,27",-6.6986792836637585,-6.698497017896959,0,0,full,full,1,1
conf_sphere_r05,3,3909,"12,18,28",-6.904165161874416,-6.903795402601492,0,0,full,full,2,2
conf_sphere_r05,3,3910,"12,18,29",-6.6182757568826265,-6.617818995637419,0,0,full,full,1,1
conf_sphere_r05,3,3911,"12,18,30",-6.803912602929602,-6.803627187672132,0,0,full,full,1,1
conf_sphere_r05,3,3912,"12,18,31",-6.860807827237272,-6.860424039530084,0,0,full,full,2,2
conf_sphere_r05,3,3913,"12,19,20",-7.2920395430649485,-7.2911318734124855,1,1,deficient,deficient,11,11
conf_sphere_r05,3,3914,"12,19,21",-6.591021366199062,-6.590760909071785,0,0,full,full,1,1
conf_sphere_r05,3,3915,"12,19,22",-7.510727511374602,-7.510226417567662,2,2,deficient,deficient,15,15
conf_sphere_r05,3,3916,"12,19,23",-6.950415204238307,-6.950318830442268,0,0,full,full,4,4
conf_sphere_r05,3,3917,"12,19,24",-7.155482454844898,-7.155160410710689,0,0,full,full,7,7
conf_sphere_r05,3,3918,"12,19,25",-7.395135610690066,-7.394303411622009,0,0,full,full,11,11
conf_sphere_r05,3,3919,"12,19,26",-6.6854382553938185,-6.685128360774804,0,0,full,full,1,1
conf_sphere_r05,3,3920,"12,19,27",-7.48313052956875,-7.482594723020498,1,1,deficient,deficient,15,15
conf_sphere_r05,3,3921,"12,19,28",-7.197159141695275,-7.196602023834622,0,0,full,full,9,9
conf_sphere_r05,3,3922,"12,19,29",-6.9198611926885425,-6.919532631104166,0,0,full,full,4,4
conf_sphere_r05,3,3923,"12,19,30",-7.443292992980224,-7.442582487819405,1,1,deficient,deficient,13,13
conf_sphere_r05,3,3924,"12,19,31",-6.961745685737161,-6.961726838069622,0,0,full,full,4,4
conf_sphere_r05,3,3925,"12,20,21",-6.568462593643252,-6.567814546920595,0,0,full,full,2,2
conf_sphere_r05,3,3926,"12,20,22",-7.762950164218707,-7.762720108218799,3,3,deficient,deficient,19,19
conf_sphere_r05,3,3927,"12,20,23",-7.47561847176447,-7.475478699469732,1,1,deficient,deficient,8,8
conf_sphere_r05,3,3928,"12,20,24",-6.989031966466601,-6.988710702361498,0,0,full,full,5,5
conf_sphere_r05,3,3929,"12,20,25",-7.911087692410076,-7.935997287161103,5,4,deficient,deficient,25,26
conf_sphere_r05,3,3930,"12,20,26",-6.7981040445655685,-6.797247087638558,0,0,full,full,1,1
conf_sphere_r05,3,3931,"12,20,27",-7.556490332315931,-7.556279850362419,2,2,deficient,deficient,20,20
conf_sphere_r05,3,3932,"12,20,28",-7.853091005656858,-7.852274506639004,2,2,deficient,deficient,20,19
conf_sphere_r05,3,3933,"12,20,29",-6.862243529329186,-6.86154035731443,0,0,full,full,2,2
conf_sphere_r05,3,3934,"12,20,30",-7.790976148442685,-7.814853478855074,4,3,deficient,deficient,23,24
conf_sphere_r05,3,3935,"12,20,31",-7.262887978724213,-7.262897887461442,0,0,full,full,6,6
conf_sphere_r05,3,3936,"12,21,22",-6.570245415186078,-6.569689021382558,0,0,full,full,1,1
conf_sphere_r05,3,3937,"12,21,23",-6.581353732363495,-6.581025974714622,0,0,full,full,1,1
conf_sphere_r05,3,3938,"12,21,24",-6.61061988708318,-6.6103749594864,0,0,full,full,1,1
conf_sphere_r05,3,3939,"12,21,25",-6.576256278928008,-6.575792075877211,0,0,full,full,2,2
conf_sphere_r05,3,3940,"12,21,26",-6.576046546083024,-6.575528060698517,0,0,full,full,2,2
conf_sphere_r05,3,3941,"12,21,27",-6.60290827876454,-6.602673326556705,0,0,full,full,1,1
conf_sphere_r05,3,3942,"12,21,28",-6.599226510528117,-6.598862631354896,0,0,full,full,2,2
conf_sphere_r05,3,3943,"12,21,29",-6.6151161208821,-6.614672953700382,0,0,full,full,2,2
conf_sphere_r05,3,3944,"12,21,30",-6.59380189688808,-6.593390524937386,0,0,full,full,2,2
conf_sphere_r05,3,3945,"12,21,31",-6.610857362048526,-6.610594154672093,0,0,full,full,1,1
conf_sphere_r05,3,3946,"12,22,23",-7.339109913142118,-7.339146777733402,0,0,full,full,7,7
conf_sphere_r05,3,3947,"12,22,24",-7.118189872863667,-7.118109920294817,1,1,deficient,deficient,7,7
conf_sphere_r05,3,3948,"12,22,25",-7.844159973940466,-7.844237115122669,4,4,deficient,deficient,17,17
conf_sphere_r05,3,3949,"12,22,26",-6.751468616676629,-6.750820656096282,0,0,full,full,1,1
conf_sphere_r05,3,3950,"12,22,27",-7.7474532924897686,-7.747699965479627,3,3,deficient,deficient,20,20
conf_sphere_r05,3,3951,"12,22,28",-7.671339692199566,-7.671578636272924,2,2,deficient,deficient,18,18
conf_sphere_r05,3,3952,"12,22,29",-6.9130923987580335,-6.912888978931417,0,0,full,full,3,3
conf_sphere_r05,3,3953,"12,22,30",-7.829614536475615,-7.855040170865654,3,2,deficient,deficient,21,23
conf_sphere_r05,3,3954,"12,22,31",-7.169567807727961,-7.169689019500465,0,0,full,full,5,5
conf_sphere_r05,3,3955,"12,23,24",-6.806995405243424,-6.807019836379408,0,0,full,full,2,3
conf_sphere_r05,3,3956,"12,23,25",-7.428756627550981,-7.4290201837068786,0,0,full,full,8,8
conf_sphere_r05,3,3957,"12,23,26",-6.833350580103841,-6.832856108749767,0,0,full,full,1,1
conf_sphere_r05,3,3958,"12,23,27",-7.16679010455329,-7.16711666059338,0,0,full,full,5,5
conf_sphere_r05,3,3959,"12,23,28",-7.472815859602161,-7.4730251387475075,1,1,deficient,deficient,9,9
conf_sphere_r05,3,3960,"12,23,29",-6.790200432654298,-6.789993929850276,0,0,full,full,1,1
conf_sphere_r05,3,3961,"12,23,30",-7.399644717467352,-7.399998995505141,1,1,deficient,deficient,9,9
conf_sphere_r05,3,3962,"12,23,31",-7.2220307846128105,-7.222278552944165,0,0,full,full,7,7
conf_sphere_r05,3,3963,"12,24,25",-7.067118807092262,-7.066763996758788,0,0,full,full,6,6
conf_sphere_r05,3,3964,"12,24,26",-6.674652880223202,-6.674370595184014,0,0,full,full,1,1
conf_sphere_r05,3,3965,"12,24,27",-7.158664502330763,-7.158351794915213,0,0,full,full,6,6
conf_sphere_r05,3,3966,"12,24,28",-6.989536567396557,-6.989362177702027,0,0,full,full,5,5
conf_sphere_r05,3,3967,"12,24,29",-6.895034485052967,-6.894670877337498,0,0,full,full,4,4
conf_sphere_r05,3,3968,"12,24,30",-7.113096784176598,-7.112760702314817,0,0,full,full,6,6
conf_sphere_r05,3,3969,"12,24,31",-6.857807162810025,-6.857856607779996,0,0,full,full,3,3
conf_sphere_r05,3,3970,"12,25,26",-6.7867604430500625,-6.786144005682394,0,0,full,full,2,1
conf_sphere_r05,3,3971,"12,25,27",-7.660586680466096,-7.660554606672364,1,1,deficient,deficient,17,17
conf_sphere_r05,3,3972,"12,25,28",-7.801414070806618,-7.801354296536585,3,3,deficient,deficient,19,19
conf_sphere_r05,3,3973,"12,25,29",-6.893986900655013,-6.893487527562937,0,0,full,full,3,3
conf_sphere_r05,3,3974,"12,25,30",-7.827767195964944,-7.827617706856218,3,3,deficient,deficient,18,18
conf_sphere_r05,3,3975,"12,25,31",-7.243589129217588,-7.243958302067247,0,0,full,full,6,6
conf_sphere_r05,3,3976,"12,26,27",-6.755262491945519,-6.754993338288586,0,0,full,full,1,1
conf_sphere_r05,3,3977,"12,26,28",-6.840624044920128,-6.840049668184117,0,0,full,full,2,2
conf_sphere_r05,3,3978,"12,26,29",-6.69857819855763,-6.69809216890477,0,0,full,full,1,1
conf_sphere_r05,3,3979,"12,26,30",-6.791778015427509,-6.79124353839072,0,0,full,full,2,2
conf_sphere_r05,3,3980,"12,26,31",-6.833531705507257,-6.8330099248821,0,0,full,full,2,2
conf_sphere_r05,3,3981,"12,27,28",-7.458555831604593,-7.458623357454379,1,1,deficient,deficient,13,13
conf_sphere_r05,3,3982,"12,27,29",-6.943731377625422,-6.94337923537872,0,0,full,full,4,4
conf_sphere_r05,3,3983,"12,27,30",-7.6974076875348745,-7.697418875296534,2,2,deficient,deficient,21,21
conf_sphere_r05,3,3984,"12,27,31",-7.112825078086689,-7.1131677584680775,0,0,full,full,4,4
conf_sphere_r05,3,3985,"12,28,29",-6.878315747190776,-6.8778780901080445,0,0,full,full,3,2
conf_sphere_r05,3,3986,"12,28,30",-7.726610077463439,-7.7266923812197,3,3,deficient,deficient,18,18
conf_sphere_r05,3,3987,"12,28,31",-7.302608556693911,-7.3030254084012975,0,0,full,full,7,7
conf_sphere_r05,3,3988,"12,29,30",-6.924411835578295,-6.923942408653166,0,0,full,full,3,4
conf_sphere_r05,3,3989,"12,29,31",-6.833969873932094,-6.833792510676465,0,0,full,full,2,2
conf_sphere_r05,3,3990,"12,30,31",-7.234681103620122,-7.235110506761278,0,0,full,full,6,6
conf_sphere_r05,3,3991,"13,14,15",-6.441916119304681,-6.441909302407126,0,0,full,full,0,0
conf_sphere_r05,3,3992,"13,14,16",-6.432733056349167,-6.432423799935156,0,0,full,full,2,2
conf_sphere_r05,3,3993,"13,14,17",-6.420736801233901,-6.420432138376439,0,0,full,full,1,1
conf_sphere_r05,3,3994,"13,14,18",-6.467993661105921,-6.4678046320779154,0,0,full,full,1,1
conf_sphere_r05,3,3995,"13,14,19",-6.447829719203644,-6.447614531119611,0,0,full,full,3,3
conf_sphere_r05,3,3996,"13,14,20",-6.429506530938842,-6.429300859540162,0,0,full,full,0,0
conf_sphere_r05,3,3997,"13,14,21",-6.453506432250873,-6.453164425103799,0,0,full,full,3,3
conf_sphere_r05,3,3998,"13,14,22",-6.438304312277514,-6.438019357294004,0,0,full,full,3,3
conf_sphere_r05,3,3999,"13,14,23",-6.4715739166428765,-6.471614161890317,0,0,full,full,0,0
conf_sphere_r05,3,4000,"13,14,24",-6.463399283563869,-6.463257157083945,0,0,full,full,2,2
conf_sphere_r05,3,4001,"13,14,25",-6.434341770205522,-6.434315557203472,0,0,full,full,2,2
conf_sphere_r05,3,4002,"13,14,26",-6.482192604755598,-6.481947272257109,0,0,full,full,2,2
conf_sphere_r05,3,4003,"13,14,27",-6.460020566793225,-6.45994550588749,0,0,full,full,3,3
conf_sphere_r05,3,4004,"13,14,28",-6.460657868354343,-6.46069542406502,0,0,full,full,1,2
conf_sphere_r05,3,4005,"13,14,29",-6.478075205871188,-6.477899517840108,0,0,full,full,2,2
conf_sphere_r05,3,4006,"13,14,30",-6.45100417436945,-6.451009948049342,0,0,full,full,3,2
conf_sphere_r05,3,4007,"13,14,31",-6.48790999375553,-6.487901969122902,0,0,full,full,2,2
conf_sphere_r05,3,4008,"13,15,16",-6.41485563795373,-6.414697129467077,0,0,full,full,2,2
conf_sphere_r05,3,4009,"13,15,17",-6.477418034103283,-6.476949798071872,0,0,full,full,2,1
conf_sphere_r05,3,4010,"13,15,18",-6.552890457287033,-6.552713613754933,0,0,full,full,3,3
conf_sphere_r05,3,4011,"13,15,19",-6.434945579462553,-6.434954104485533,0,0,full,full,1,1
conf_sphere_r05,3,4012,"13,15,20",-6.518517770982921,-6.518028023701684,0,0,full,full,3,3
conf_sphere_r05,3,4013,"13,15,21",-6.4697919757168005,-6.469599161021811,0,0,full,full,3,3
conf_sphere_r05,3,4014,"13,15,22",-6.463509667950174,-6.463434019856004,0,0,full,full,1,1
conf_sphere_r05,3,4015,"13,15,23",-6.571317915281221,-6.571384826210118,0,0,full,full,3,3
conf_sphere_r05,3,4016,"13,15,24",-6.449460328732788,-6.449443615728345,0,0,full,full,1,1
conf_sphere_r05,3,4017,"13,15,25",-6.497509392926519,-6.49748901347739,0,0,full,full,3,3
conf_sphere_r05,3,4018,"13,15,26",-6.535140942924082,-6.534926419882839,0,0,full,full,3,3
conf_sphere_r05,3,4019,"13,15,27",-6.464035145007814,-6.464197430345563,0,0,full,full,1,1
conf_sphere_r05,3,4020,"13,15,28",-6.547957176001636,-6.548029151123234,0,0,full,full,3,3
conf_sphere_r05,3,4021,"13,15,29",-6.484408627354675,-6.48428478132716,0,0,full,full,3,3
conf_sphere_r05,3,4022,"13,15,30",-6.492114280433931,-6.492231401658345,0,0,full,full,2,2
conf_sphere_r05,3,4023,"13,15,31",-6.557185259278486,-6.557256879217683,0,0,full,full,3,3
conf_sphere_r05,3,4024,"13,16,17",-6.421855477147422,-6.421426039223864,0,0,full,full,1,1
conf_sphere_r05,3,4025,"13,16,18",-6.43165595322281,-6.431387868227345,0,0,full,full,3,3
conf_sphere_r05,3,4026,"13,16,19",-6.4626962787767885,-6.462552073823996,0,0,full,full,3,3
conf_sphere_r05,3,4027,"13,16,20",-6.416958984774321,-6.416561022144772,0,0,full,full,0,0
conf_sphere_r05,3,4028,"13,16,21",-6.472126900095209,-6.471695404354167,0,0,full,full,3,3
conf_sphere_r05,3,4029,"13,16,22",-6.432997568729887,-6.432642154392698,0,0,full,full,2,2
conf_sphere_r05,3,4030,"13,16,23",-6.433484929854094,-6.433338640789216,0,0,full,full,3,3
conf_sphere_r05,3,4031,"13,16,24",-6.485265364207614,-6.4850482286378375,0,0,full,full,3,3
conf_sphere_r05,3,4032,"13,16,25",-6.425827969852081,-6.42569176599132,0,0,full,full,2,2
conf_sphere_r05,3,4033,"13,16,26",-6.461933405895539,-6.461547817721599,0,0,full,full,3,3
conf_sphere_r05,3,4034,"13,16,27",-6.456255281734226,-6.456102397112049,0,0,full,full,3,3
conf_sphere_r05,3,4035,"13,16,28",-6.434394861908953,-6.434262382843932,0,0,full,full,2,2
conf_sphere_r05,3,4036,"13,16,29",-6.4875232763425705,-6.487222738731522,0,0,full,full,3,3
conf_sphere_r05,3,4037,"13,16,30",-6.441043689041014,-6.440933280665293,0,0,full,full,2,2
conf_sphere_r05,3,4038,"13,16,31",-6.455420342532885,-6.45524940495246,0,0,full,full,3,3
conf_sphere_r05,3,4039,"13,17,18",-6.499866528526638,-6.499296334828811,0,0,full,full,2,2
conf_sphere_r05,3,4040,"13,17,19",-6.429688868263272,-6.429421264474829,0,0,full,full,1,1
conf_sphere_r05,3,4041,"13,17,20",-6.461520618659602,-6.460730260920929,0,0,full,full,2,2
conf_sphere_r05,3,4042,"13,17,21",-6.457643744514468,-6.457073232812085,0,0,full,full,2,2
conf_sphere_r05,3,4043,"13,17,22",-6.440899321148805,-6.440384824731088,0,0,full,full,2,2
conf_sphere_r05,3,4044,"13,17,23",-6.505932911330557,-6.505540373407661,0,0,full,full,2,2
conf_sphere_r05,3,4045,"13,17,24",-6.450781722762807,-6.450519360582828,0,0,full,full,1,1
conf_sphere_r05,3,4046,"13,17,25",-6.459101469615877,-6.4584792827759205,0,0,full,full,3,3
conf_sphere_r05,3,4047,"13,17,26",-6.501057126667703,-6.500458792270974,0,0,full,full,2,2
conf_sphere_r05,3,4048,"13,17,27",-6.451427804541102,-6.451239119923474,0,0,full,full,2,2
conf_sphere_r05,3,4049,"13,17,28",-6.492004339971804,-6.491526006032389,0,0,full,full,2,2
conf_sphere_r05,3,4050,"13,17,29",-6.47636068537208,-6.475952767019048,0,0,full,full,2,2
conf_sphere_r05,3,4051,"13,17,30",-6.464142168264923,-6.463722991596524,0,0,full,full,3,3
conf_sphere_r05,3,4052,"13,17,31",-6.513101704907882,-6.51270019798722,0,0,full,full,2,2
conf_sphere_r05,3,4053,"13,18,19",-6.452719444478295,-6.452603763257963,0,0,full,full,3,3
conf_sphere_r05,3,4054,"13,18,20",-6.525826151545776,-6.525302779934682,0,0,full,full,3,3
conf_sphere_r05,3,4055,"13,18,21",-6.493282537111076,-6.492892193453772,0,0,full,full,3,3
conf_sphere_r05,3,4056,"13,18,22",-6.485992899606268,-6.4856721695558175,0,0,full,full,2,2
conf_sphere_r05,3,4057,"13,18,23",-6.5733156617945445,-6.573145172584669,0,0,full,full,3,3
conf_sphere_r05,3,4058,"13,18,24",-6.463281267245655,-6.463124594967461,0,0,full,full,3,3
conf_sphere_r05,3,4059,"13,18,25",-6.5128092888951645,-6.512615783600461,0,0,full,full,3,3
conf_sphere_r05,3,4060,"13,18,26",-6.5581000714914515,-6.557715605859623,0,0,full,full,3,3
conf_sphere_r05,3,4061,"13,18,27",-6.48173058613595,-6.481688500936495,0,0,full,full,3,3
conf_sphere_r05,3,4062,"13,18,28",-6.550339581994676,-6.550225484233767,0,0,full,full,3,3
conf_sphere_r05,3,4063,"13,18,29",-6.499648490373116,-6.499351265387628,0,0,full,full,3,3
conf_sphere_r05,3,4064,"13,18,30",-6.508579423620944,-6.5084697759475025,0,0,full,full,3,3
conf_sphere_r05,3,4065,"13,18,31",-6.567550953018044,-6.567400177637746,0,0,full,full,3,3
conf_sphere_r05,3,4066,"13,19,20",-6.430666931411638,-6.430382911820675,0,0,full,full,0,0
conf_sphere_r05,3,4067,"13,19,21",-6.466419006303499,-6.466243700828768,0,0,full,full,3,3
conf_sphere_r05,3,4068,"13,19,22",-6.449708720142278,-6.449473040578663,0,0,full,full,3,3
conf_sphere_r05,3,4069,"13,19,23",-6.460532196045256,-6.460565377208499,0,0,full,full,1,1
conf_sphere_r05,3,4070,"13,19,24",-6.495890948185398,-6.495934244509476,0,0,full,full,3,3
conf_sphere_r05,3,4071,"13,19,25",-6.439752736954099,-6.439745485323374,0,0,full,full,1,1
conf_sphere_r05,3,4072,"13,19,26",-6.479352549788463,-6.479171506485704,0,0,full,full,3,3
conf_sphere_r05,3,4073,"13,19,27",-6.481782584703059,-6.481789833966486,0,0,full,full,3,3
conf_sphere_r05,3,4074,"13,19,28",-6.457850024054415,-6.457872905077591,0,0,full,full,1,1
conf_sphere_r05,3,4075,"13,19,29",-6.497373088010906,-6.497322772215195,0,0,full,full,3,3
conf_sphere_r05,3,4076,"13,19,30",-6.461146666675604,-6.46120438718857,0,0,full,full,2,2
conf_sphere_r05,3,4077,"13,19,31",-6.482476574264812,-6.482465457848416,0,0,full,full,2,2
conf_sphere_r05,3,4078,"13,20,21",-6.462955973831714,-6.462426614820174,0,0,full,full,3,3
conf_sphere_r05,3,4079,"13,20,22",-6.452955856088707,-6.452631460727186,0,0,full,full,2,1
conf_sphere_r05,3,4080,"13,20,23",-6.540865990105837,-6.540520218428456,0,0,full,full,3,3
conf_sphere_r05,3,4081,"13,20,24",-6.4498876375680245,-6.44961042627252,0,0,full,full,0,0
conf_sphere_r05,3,4082,"13,20,25",-6.485413405478147,-6.484984329256353,0,0,full,full,3,3
conf_sphere_r05,3,4083,"13,20,26",-6.519090272604832,-6.518538419132561,0,0,full,full,3,3
conf_sphere_r05,3,4084,"13,20,27",-6.457454582837996,-6.4573079112271845,0,0,full,full,1,1
conf_sphere_r05,3,4085,"13,20,28",-6.527306471377702,-6.526859421850308,0,0,full,full,3,3
conf_sphere_r05,3,4086,"13,20,29",-6.4815502570421835,-6.48115507141705,0,0,full,full,2,2
conf_sphere_r05,3,4087,"13,20,30",-6.480426862604626,-6.480130152118109,0,0,full,full,3,3
conf_sphere_r05,3,4088,"13,20,31",-6.5387417854670815,-6.538438459406116,0,0,full,full,3,3
conf_sphere_r05,3,4089,"13,21,22",-6.4607849777125175,-6.460399418000654,0,0,full,full,3,3
conf_sphere_r05,3,4090,"13,21,23",-6.490274596087438,-6.490110209507808,0,0,full,full,3,3
conf_sphere_r05,3,4091,"13,21,24",-6.486178273975981,-6.485948565231537,0,0,full,full,3,3
conf_sphere_r05,3,4092,"13,21,25",-6.465406144891889,-6.4652240301025845,0,0,full,full,3,3
conf_sphere_r05,3,4093,"13,21,26",-6.515619862150311,-6.515175046054972,0,0,full,full,3,3
conf_sphere_r05,3,4094,"13,21,27",-6.475114521000148,-6.4750169207897885,0,0,full,full,3,3
conf_sphere_r05,3,4095,"13,21,28",-6.484268333165451,-6.484147290311819,0,0,full,full,3,3
conf_sphere_r05,3,4096,"13,21,29",-6.509815236145228,-6.509448948998902,0,0,full,full,3,3
conf_sphere_r05,3,4097,"13,21,30",-6.475534252221641,-6.4754100400459755,0,0,full,full,3,3
conf_sphere_r05,3,4098,"13,21,31",-6.507150892838427,-6.506992323617435,0,0,full,full,3,3
conf_sphere_r05,3,4099,"13,22,23",-6.493448447727608,-6.493393770599098,0,0,full,full,2,2
conf_sphere_r05,3,4100,"13,22,24",-6.4667629801507305,-6.466579611374168,0,0,full,full,2,2
conf_sphere_r05,3,4101,"13,22,25",-6.457929302037228,-6.457820730062632,0,0,full,full,3,3
conf_sphere_r05,3,4102,"13,22,26",-6.497635997904437,-6.4972904439597166,0,0,full,full,3,3
conf_sphere_r05,3,4103,"13,22,27",-6.470603563959356,-6.470548071614433,0,0,full,full,3,3
conf_sphere_r05,3,4104,"13,22,28",-6.4842363599417325,-6.4841918658725,0,0,full,full,2,2
conf_sphere_r05,3,4105,"13,22,29",-6.486371044887102,-6.486119702947575,0,0,full,full,3,3
conf_sphere_r05,3,4106,"13,22,30",-6.472994821133782,-6.472911982120159,0,0,full,full,3,3
conf_sphere_r05,3,4107,"13,22,31",-6.508236305683987,-6.508136622300052,0,0,full,full,3,3
conf_sphere_r05,3,4108,"13,23,24",-6.472426736077827,-6.472413784279153,0,0,full,full,2,2
conf_sphere_r05,3,4109,"13,23,25",-6.525064565595134,-6.52511646703298,0,0,full,full,3,3
conf_sphere_r05,3,4110,"13,23,26",-6.558961907486337,-6.558758486039302,0,0,full,full,3,3
conf_sphere_r05,3,4111,"13,23,27",-6.492105602181185,-6.492299282130575,0,0,full,full,2,2
conf_sphere_r05,3,4112,"13,23,28",-6.573072226614831,-6.573213869221834,0,0,full,full,3,3
conf_sphere_r05,3,4113,"13,23,29",-6.507980291376502,-6.50785177626584,0,0,full,full,3,3
conf_sphere_r05,3,4114,"13,23,30",-6.520983589709703,-6.521143578835259,0,0,full,full,3,3
conf_sphere_r05,3,4115,"13,23,31",-6.584876162310371,-6.584951338524794,0,0,full,full,3,3
conf_sphere_r05,3,4116,"13,24,25",-6.459489877142462,-6.459493782235196,0,0,full,full,2,2
conf_sphere_r05,3,4117,"13,24,26",-6.494153225396729,-6.493921967123271,0,0,full,full,3,3
conf_sphere_r05,3,4118,"13,24,27",-6.49537064878583,-6.495431022762213,0,0,full,full,3,3
conf_sphere_r05,3,4119,"13,24,28",-6.473188741825649,-6.473191636553808,0,0,full,full,2,2
conf_sphere_r05,3,4120,"13,24,29",-6.518948160057745,-6.518815141679172,0,0,full,full,3,3
conf_sphere_r05,3,4121,"13,24,30",-6.478474314035482,-6.478558601620912,0,0,full,full,3,3
conf_sphere_r05,3,4122,"13,24,31",-6.495735784336316,-6.495678202212941,0,0,full,full,3,3
conf_sphere_r05,3,4123,"13,25,26",-6.514595529837436,-6.514383570257212,0,0,full,full,3,3
conf_sphere_r05,3,4124,"13,25,27",-6.465615055143204,-6.465760646632602,0,0,full,full,3,3
conf_sphere_r05,3,4125,"13,25,28",-6.515433783024325,-6.515480629903164,0,0,full,full,3,3
conf_sphere_r05,3,4126,"13,25,29",-6.487376133662902,-6.487299903221257,0,0,full,full,3,3
conf_sphere_r05,3,4127,"13,25,30",-6.48487706002104,-6.4849208565146075,0,0,full,full,3,3
conf_sphere_r05,3,4128,"13,25,31",-6.5315655118235165,-6.53160893654206,0,0,full,full,3,3
conf_sphere_r05,3,4129,"13,26,27",-6.503481772260542,-6.503425666696821,0,0,full,full,3,3
conf_sphere_r05,3,4130,"13,26,28",-6.546229287576363,-6.546092092352538,0,0,full,full,3,3
conf_sphere_r05,3,4131,"13,26,29",-6.52778487358825,-6.527413271819649,0,0,full,full,3,3
conf_sphere_r05,3,4132,"13,26,30",-6.519464814585196,-6.519365218610976,0,0,full,full,3,3
conf_sphere_r05,3,4133,"13,26,31",-6.570575233514945,-6.5703956631852805,0,0,full,full,3,3
conf_sphere_r05,3,4134,"13,27,28",-6.488321825661882,-6.488528233281546,0,0,full,full,2,2
conf_sphere_r05,3,4135,"13,27,29",-6.507984746238109,-6.508002162380575,0,0,full,full,3,3
conf_sphere_r05,3,4136,"13,27,30",-6.487733843533942,-6.488013368440533,0,0,full,full,3,3
conf_sphere_r05,3,4137,"13,27,31",-6.512218591122616,-6.512382571922746,0,0,full,full,3,3
conf_sphere_r05,3,4138,"13,28,29",-6.506206136972602,-6.506109437052631,0,0,full,full,3,3
conf_sphere_r05,3,4139,"13,28,30",-6.5149636920883935,-6.51516146373485,0,0,full,full,3,3
conf_sphere_r05,3,4140,"13,28,31",-6.572039738161114,-6.572194038017043,0,0,full,full,3,3
conf_sphere_r05,3,4141,"13,29,30",-6.502704823260184,-6.502700375333828,0,0,full,full,3,3
conf_sphere_r05,3,4142,"13,29,31",-6.5295053855700935,-6.529329642009495,0,0,full,full,3,3
conf_sphere_r05,3,4143,"13,30,31",-6.534730296273835,-6.534871763325417,0,0,full,full,3,3
conf_sphere_r05,3,4144,"14,15,16",-6.562049509373388,-6.5619326456611295,0,0,full,full,0,0
conf_sphere_r05,3,4145,"14,15,17",-7.3684782077746105,-7.3676601849434675,3,3,deficient,deficient,6,6
conf_sphere_r05,3,4146,"14,15,18",-6.776727802618574,-6.776685851287031,0,0,full,full,3,3
conf_sphere_r05,3,4147,"14,15,19",-6.997472719444272,-6.9974271862160755,0,0,full,full,4,4
conf_sphere_r05,3,4148,"14,15,20",-7.344949537512578,-7.344957060621052,3,3,deficient,deficient,6,7
conf_sphere_r05,3,4149,"14,15,21",-6.544272888018237,-6.5442216670281,0,0,full,full,0,0
conf_sphere_r05,3,4150,"14,15,22",-7.263305310663686,-7.26247946700057,3,3,deficient,deficient,6,6
conf_sphere_r05,3,4151,"14,15,23",-7.170821269817761,-7.170894208269183,3,3,deficient,deficient,8,8
conf_sphere_r05,3,4152,"14,15,24",-6.862830011806087,-6.863006856579896,0,0,full,full,4,4
conf_sphere_r05,3,4153,"14,15,25",-7.344028760216089,-7.3438421321653236,3,3,deficient,deficient,7,7
conf_sphere_r05,3,4154,"14,15,26",-6.762801104003832,-6.762761286842828,0,0,full,full,2,2
conf_sphere_r05,3,4155,"14,15,27",-7.211971634921688,-7.211581258912116,1,1,deficient,deficient,9,9
conf_sphere_r05,3,4156,"14,15,28",-7.251127471039453,-7.250963954356689,3,3,deficient,deficient,6,6
conf_sphere_r05,3,4157,"14,15,29",-6.797388469697784,-6.797477988223969,0,0,full,full,3,3
conf_sphere_r05,3,4158,"14,15,30",-7.276710527923361,-7.276236978812114,3,3,deficient,deficient,6,6
conf_sphere_r05,3,4159,"14,15,31",-7.012863549171353,-7.012862099870621,3,3,deficient,deficient,4,4
conf_sphere_r05,3,4160,"14,16,17",-6.7742088183360085,-6.773679576046592,0,0,full,full,2,2
conf_sphere_r05,3,4161,"14,16,18",-6.473477738402051,-6.473260216429527,0,0,full,full,0,0
conf_sphere_r05,3,4162,"14,16,19",-6.898628147397198,-6.898178414141151,0,0,full,full,3,3
conf_sphere_r05,3,4163,"14,16,20",-6.6769927579544275,-6.676539197438489,0,0,full,full,1,1
conf_sphere_r05,3,4164,"14,16,21",-6.582184302721589,-6.581656193613151,0,0,full,full,3,3
conf_sphere_r05,3,4165,"14,16,22",-6.825635357930722,-6.825064778928141,0,0,full,full,3,3
conf_sphere_r05,3,4166,"14,16,23",-6.568106321174164,-6.568051056938661,0,0,full,full,0,0
conf_sphere_r05,3,4167,"14,16,24",-6.865814359256827,-6.8656296420161285,0,0,full,full,4,3
conf_sphere_r05,3,4168,"14,16,25",-6.752716533640073,-6.75233555270279,0,0,full,full,2,2
conf_sphere_r05,3,4169,"14,16,26",-6.564224598717062,-6.563910337052827,0,0,full,full,2,2
conf_sphere_r05,3,4170,"14,16,27",-6.867740967438724,-6.867398609922581,0,0,full,full,3,3
conf_sphere_r05,3,4171,"14,16,28",-6.665346315809945,-6.665196911000761,0,0,full,full,1,1
conf_sphere_r05,3,4172,"14,16,29",-6.748892283840852,-6.748571707910416,0,0,full,full,3,3
conf_sphere_r05,3,4173,"14,16,30",-6.800007764294221,-6.799697530076588,0,0,full,full,2,2
conf_sphere_r05,3,4174,"14,16,31",-6.625550294541638,-6.625419756368946,0,0,full,full,2,2
conf_sphere_r05,3,4175,"14,17,18",-6.696762562286186,-6.6962775003982875,0,0,full,full,3,2
conf_sphere_r05,3,4176,"14,17,19",-7.745531726210026,-7.745239170228905,3,3,deficient,deficient,16,16
conf_sphere_r05,3,4177,"14,17,20",-7.736001192469107,-7.735143188645341,4,4,deficient,deficient,18,18
conf_sphere_r05,3,4178,"14,17,21",-6.573279432580448,-6.572736673004072,0,0,full,full,2,2
conf_sphere_r05,3,4179,"14,17,22",-7.901540272621667,-7.900311325239202,5,5,deficient,deficient,16,16
conf_sphere_r05,3,4180,"14,17,23",-7.139181105070201,-7.13861763531278,3,3,deficient,deficient,4,4
conf_sphere_r05,3,4181,"14,17,24",-7.233333093596901,-7.232963954117861,1,1,deficient,deficient,8,8
conf_sphere_r05,3,4182,"14,17,25",-7.902689223604008,-7.902462963700758,5,5,deficient,deficient,17,17
conf_sphere_r05,3,4183,"14,17,26",-6.724883862092791,-6.724197405696675,0,0,full,full,2,2
conf_sphere_r05,3,4184,"14,17,27",-7.916593900219799,-7.916089453089576,5,5,deficient,deficient,22,21
conf_sphere_r05,3,4185,"14,17,28",-7.550936570241983,-7.527595684029306,5,6,deficient,deficient,12,11
conf_sphere_r05,3,4186,"14,17,29",-6.908313869802913,-6.907827107196891,0,0,full,full,2,2
conf_sphere_r05,3,4187,"14,17,30",-7.854062670363391,-7.8536899539738005,6,6,deficient,deficient,19,19
conf_sphere_r05,3,4188,"14,17,31",-7.036118874473508,-7.035387412180371,3,3,deficient,deficient,2,2
conf_sphere_r05,3,4189,"14,18,19",-6.618190613465015,-6.618097656799146,0,0,full,full,2,2
conf_sphere_r05,3,4190,"14,18,20",-6.739522497250873,-6.739156811422749,0,0,full,full,2,2
conf_sphere_r05,3,4191,"14,18,21",-6.517872756734383,-6.517596048447351,0,0,full,full,1,1
conf_sphere_r05,3,4192,"14,18,22",-6.713854309750327,-6.71355223032068,0,0,full,full,4,4
conf_sphere_r05,3,4193,"14,18,23",-6.799644811251305,-6.799620482167614,0,0,full,full,3,3
conf_sphere_r05,3,4194,"14,18,24",-6.591171929117608,-6.590984477492118,0,0,full,full,2,2
conf_sphere_r05,3,4195,"14,18,25",-6.732883472440191,-6.732832242977108,0,0,full,full,3,3
conf_sphere_r05,3,4196,"14,18,26",-6.676875542888421,-6.676472437380412,0,0,full,full,3,3
conf_sphere_r05,3,4197,"14,18,27",-6.710594109475503,-6.71054257360444,0,0,full,full,4,4
conf_sphere_r05,3,4198,"14,18,28",-6.788890142341899,-6.788845334791905,0,0,full,full,3,3
conf_sphere_r05,3,4199,"14,18,29",-6.619492575608674,-6.619253116300411,0,0,full,full,2,2
conf_sphere_r05,3,4200,"14,18,30",-6.743931279113922,-6.743853877885617,0,0,full,full,4,4
conf_sphere_r05,3,4201,"14,18,31",-6.783856918281782,-6.783738228769209,0,0,full,full,4,4
conf_sphere_r05,3,4202,"14,19,20",-7.339692812443528,-7.339604270197968,1,1,deficient,deficient,12,12
conf_sphere_r05,3,4203,"14,19,21",-6.63763272305625,-6.637217197626711,0,0,full,full,3,3
conf_sphere_r05,3,4204,"14,19,22",-7.633443700833072,-7.633682190145368,2,2,deficient,deficient,13,13
conf_sphere_r05,3,4205,"14,19,23",-6.912673750785958,-6.912913518095078,1,1,deficient,deficient,4,4
conf_sphere_r05,3,4206,"14,19,24",-7.358118708137683,-7.358545816449314,2,2,deficient,deficient,11,12
conf_sphere_r05,3,4207,"14,19,25",-7.499923472044295,-7.500684810995003,2,2,deficient,deficient,13,13
conf_sphere_r05,3,4208,"14,19,26",-6.720527426902742,-6.720273353212882,0,0,full,full,3,3
conf_sphere_r05,3,4209,"14,19,27",-7.581799239814791,-7.582410930968238,2,2,deficient,deficient,13,13
conf_sphere_r05,3,4210,"14,19,28",-7.150630191042328,-7.150987603357816,0,0,full,full,7,7
conf_sphere_r05,3,4211,"14,19,29",-6.999041302528676,-6.999162240822876,0,0,full,full,4,5
conf_sphere_r05,3,4212,"14,19,30",-7.497810555215335,-7.498447170504879,2,2,deficient,deficient,11,11
conf_sphere_r05,3,4213,"14,19,31",-6.925144570499421,-6.925198161255769,1,1,deficient,deficient,4,4
conf_sphere_r05,3,4214,"14,20,21",-6.5681308241299945,-6.567808017681372,0,0,full,full,2,2
conf_sphere_r05,3,4215,"14,20,22",-7.573141305115092,-7.573155361768279,3,3,deficient,deficient,16,16
conf_sphere_r05,3,4216,"14,20,23",-7.201354335444347,-7.201703810303571,3,3,deficient,deficient,9,9
conf_sphere_r05,3,4217,"14,20,24",-7.084788327334864,-7.08465386729089,1,1,deficient,deficient,8,8
conf_sphere_r05,3,4218,"14,20,25",-7.610628185028514,-7.610750678605182,3,3,deficient,deficient,16,16
conf_sphere_r05,3,4219,"14,20,26",-6.759925805123884,-6.759473243463404,0,0,full,full,2,2
conf_sphere_r05,3,4220,"14,20,27",-7.535885427386875,-7.536197831368969,3,3,deficient,deficient,22,22
conf_sphere_r05,3,4221,"14,20,28",-7.4150811644570735,-7.415548214362661,3,3,deficient,deficient,8,9
conf_sphere_r05,3,4222,"14,20,29",-6.897718134664565,-6.897559588614277,0,0,full,full,3,3
conf_sphere_r05,3,4223,"14,20,30",-7.580915219340537,-7.58129338706718,3,3,deficient,deficient,19,19
conf_sphere_r05,3,4224,"14,20,31",-7.071959877955938,-7.0722074862721245,3,3,deficient,deficient,5,5
conf_sphere_r05,3,4225,"14,21,22",-6.605441034621767,-6.604854375668736,0,0,full,full,3,3
conf_sphere_r05,3,4226,"14,21,23",-6.571209416310917,-6.5712131299807535,0,0,full,full,1,1
conf_sphere_r05,3,4227,"14,21,24",-6.6470878588257465,-6.646802398853875,0,0,full,full,3,3
conf_sphere_r05,3,4228,"14,21,25",-6.588519916228277,-6.588278608090611,0,0,full,full,2,2
conf_sphere_r05,3,4229,"14,21,26",-6.575681738464738,-6.575326192700878,0,0,full,full,3,3
conf_sphere_r05,3,4230,"14,21,27",-6.642581317550386,-6.642226428541618,0,0,full,full,3,3
conf_sphere_r05,3,4231,"14,21,28",-6.595868970252478,-6.595845355754362,0,0,full,full,2,2
conf_sphere_r05,3,4232,"14,21,29",-6.636993428954326,-6.636636045924401,0,0,full,full,3,3
conf_sphere_r05,3,4233,"14,21,30",-6.616565902286522,-6.616329000945223,0,0,full,full,3,3
conf_sphere_r05,3,4234,"14,21,31",-6.60781753360626,-6.607762520053578,0,0,full,full,2,2
conf_sphere_r05,3,4235,"14,22,23",-7.139940909724138,-7.139649560929749,3,3,deficient,deficient,8,8
conf_sphere_r05,3,4236,"14,22,24",-7.320717473535826,-7.320847534131766,2,2,deficient,deficient,12,11
conf_sphere_r05,3,4237,"14,22,25",-7.718817497934476,-7.718980810864611,4,4,deficient,deficient,15,15
conf_sphere_r05,3,4238,"14,22,26",-6.758879563687296,-6.758322273539963,0,0,full,full,3,3
conf_sphere_r05,3,4239,"14,22,27",-7.82480758973357,-7.824857590140339,3,3,deficient,deficient,22,22
conf_sphere_r05,3,4240,"14,22,28",-7.3542504189548366,-7.354179015492506,4,4,deficient,deficient,7,7
conf_sphere_r05,3,4241,"14,22,29",-6.9691971457135615,-6.969035319245694,0,0,full,full,4,4
conf_sphere_r05,3,4242,"14,22,30",-7.69993291759825,-7.700040800804949,4,4,deficient,deficient,16,16
conf_sphere_r05,3,4243,"14,22,31",-7.041545377866424,-7.0410811397305615,3,3,deficient,deficient,5,5
conf_sphere_r05,3,4244,"14,23,24",-6.8222208963446915,-6.82242782098445,0,0,full,full,4,4
conf_sphere_r05,3,4245,"14,23,25",-7.204520927133968,-7.204790388055398,3,3,deficient,deficient,9,9
conf_sphere_r05,3,4246,"14,23,26",-6.788836676746044,-6.788860057063796,0,0,full,full,3,3
conf_sphere_r05,3,4247,"14,23,27",-7.084813733566605,-7.084816178581671,1,1,deficient,deficient,8,8
conf_sphere_r05,3,4248,"14,23,28",-7.202099850247987,-7.202132621921283,3,3,deficient,deficient,9,9
conf_sphere_r05,3,4249,"14,23,29",-6.800365780747911,-6.80048149245409,0,0,full,full,3,3
conf_sphere_r05,3,4250,"14,23,30",-7.162321864922918,-7.162333646733289,3,3,deficient,deficient,7,7
conf_sphere_r05,3,4251,"14,23,31",-6.987166856871197,-6.987162414049921,3,3,deficient,deficient,4,4
conf_sphere_r05,3,4252,"14,24,25",-7.242274791969997,-7.242412746072914,1,1,deficient,deficient,12,12
conf_sphere_r05,3,4253,"14,24,26",-6.700009537083556,-6.699727690228539,0,0,full,full,3,3
conf_sphere_r05,3,4254,"14,24,27",-7.346813574010424,-7.347291534161825,2,2,deficient,deficient,11,11
conf_sphere_r05,3,4255,"14,24,28",-7.045487914999944,-7.045798765226602,0,0,full,full,8,8
conf_sphere_r05,3,4256,"14,24,29",-6.959541976226212,-6.959566075431293,0,0,full,full,6,6
conf_sphere_r05,3,4257,"14,24,30",-7.270050130589443,-7.270452870097324,2,2,deficient,deficient,11,11
conf_sphere_r05,3,4258,"14,24,31",-6.87576863527512,-6.875834791132155,0,0,full,full,4,4
conf_sphere_r05,3,4259,"14,25,26",-6.762552075766033,-6.762364497272576,0,0,full,full,3,3
conf_sphere_r05,3,4260,"14,25,27",-7.702881500556384,-7.703470808804955,3,3,deficient,deficient,20,20
conf_sphere_r05,3,4261,"14,25,28",-7.419322213965944,-7.419769732416549,4,4,deficient,deficient,8,8
conf_sphere_r05,3,4262,"14,25,29",-6.941496646819834,-6.941534528434185,0,0,full,full,3,3
conf_sphere_r05,3,4263,"14,25,30",-7.674066145382884,-7.674878481196168,3,3,deficient,deficient,17,17
conf_sphere_r05,3,4264,"14,25,31",-7.089469705206936,-7.0896034739878715,3,3,deficient,deficient,6,6
conf_sphere_r05,3,4265,"14,26,27",-6.781143940316101,-6.78084215049709,0,0,full,full,3,3
conf_sphere_r05,3,4266,"14,26,28",-6.803674192123087,-6.803584137592534,0,0,full,full,3,2
conf_sphere_r05,3,4267,"14,26,29",-6.710437204679999,-6.710060383539554,0,0,full,full,3,3
conf_sphere_r05,3,4268,"14,26,30",-6.785594213545062,-6.785301373901248,0,0,full,full,3,3
conf_sphere_r05,3,4269,"14,26,31",-6.804503367290074,-6.804357302893132,0,0,full,full,3,3
conf_sphere_r05,3,4270,"14,27,28",-7.330827637135754,-7.330938129119037,2,2,deficient,deficient,10,10
conf_sphere_r05,3,4271,"14,27,29",-7.0167452535626635,-7.016858561737529,0,0,full,full,5,5
conf_sphere_r05,3,4272,"14,27,30",-7.690089858059326,-7.690514984047811,3,3,deficient,deficient,21,21
conf_sphere_r05,3,4273,"14,27,31",-7.047089150267969,-7.0468996342770245,1,1,deficient,deficient,6,6
conf_sphere_r05,3,4274,"14,28,29",-6.908620506928489,-6.908774315558829,0,0,full,full,3,3
conf_sphere_r05,3,4275,"14,28,30",-7.371602549418464,-7.371789508653618,4,4,deficient,deficient,6,6
conf_sphere_r05,3,4276,"14,28,31",-7.077457475853247,-7.077444341634768,3,3,deficient,deficient,5,5
conf_sphere_r05,3,4277,"14,29,30",-6.982080617756081,-6.982283023944524,0,0,full,full,5,5
conf_sphere_r05,3,4278,"14,29,31",-6.848562110381968,-6.848559209816552,0,0,full,full,4,4
conf_sphere_r05,3,4279,"14,30,31",-7.059007408056246,-7.058837970232707,3,3,deficient,deficient,4,4
conf_sphere_r05,3,4280,"15,16,17",-6.546729879756294,-6.546421458582048,0,0,full,full,0,0
conf_sphere_r05,3,4281,"15,16,18",-6.493598027607075,-6.493425443197943,0,0,full,full,2,2
conf_sphere_r05,3,4282,"15,16,19",-6.612253181090302,-6.612298560378104,0,0,full,full,1,1
conf_sphere_r05,3,4283,"15,16,20",-6.57183364090494,-6.571470476004276,0,0,full,full,2,2
conf_sphere_r05,3,4284,"15,16,21",-6.514169690580908,-6.514055455595444,0,0,full,full,3,3
conf_sphere_r05,3,4285,"15,16,22",-6.569697309433974,-6.569548083123308,0,0,full,full,0,0
conf_sphere_r05,3,4286,"15,16,23",-6.57567067287978,-6.575716465066548,0,0,full,full,3,3
conf_sphere_r05,3,4287,"15,16,24",-6.626041510161616,-6.626069420069339,0,0,full,full,3,3
conf_sphere_r05,3,4288,"15,16,25",-6.572267205346462,-6.57221222020885,0,0,full,full,2,2
conf_sphere_r05,3,4289,"15,16,26",-6.546118816993799,-6.5460310968084015,0,0,full,full,2,2
conf_sphere_r05,3,4290,"15,16,27",-6.609772044331482,-6.609833104265753,0,0,full,full,1,1
conf_sphere_r05,3,4291,"15,16,28",-6.602000700873943,-6.601973219544616,0,0,full,full,3,3
conf_sphere_r05,3,4292,"15,16,29",-6.609332806283462,-6.609269121460763,0,0,full,full,3,3
conf_sphere_r05,3,4293,"15,16,30",-6.5918531699806735,-6.591854071325013,0,0,full,full,2,2
conf_sphere_r05,3,4294,"15,16,31",-6.59857943751961,-6.598642235392389,0,0,full,full,3,2
conf_sphere_r05,3,4295,"15,17,18",-6.902310960199051,-6.9013236579843245,1,1,deficient,deficient,5,5
conf_sphere_r05,3,4296,"15,17,19",-7.076694016726248,-7.076467880974947,0,0,full,full,3,3
conf_sphere_r05,3,4297,"15,17,20",-7.620727062579594,-7.6197036594406455,2,2,deficient,deficient,10,10
conf_sphere_r05,3,4298,"15,17,21",-6.552371024254296,-6.551898082288327,0,0,full,full,2,1
conf_sphere_r05,3,4299,"15,17,22",-7.408491012452452,-7.407421686187079,1,1,deficient,deficient,8,7
conf_sphere_r05,3,4300,"15,17,23",-7.315344673101375,-7.314652915272584,1,1,deficient,deficient,6,6
conf_sphere_r05,3,4301,"15,17,24",-6.8294044986770075,-6.829165535746362,0,0,full,full,0,0
conf_sphere_r05,3,4302,"15,17,25",-7.57549172287684,-7.574651461250665,1,1,deficient,deficient,14,13
conf_sphere_r05,3,4303,"15,17,26",-6.808691828147814,-6.807955533321663,0,0,full,full,3,3
conf_sphere_r05,3,4304,"15,17,27",-7.34010219587414,-7.339644442859252,2,2,deficient,deficient,9,9
conf_sphere_r05,3,4305,"15,17,28",-7.5807116394963705,-7.57988248830097,1,1,deficient,deficient,15,14
conf_sphere_r05,3,4306,"15,17,29",-6.781309667596151,-6.780882068784453,0,0,full,full,2,2
conf_sphere_r05,3,4307,"15,17,30",-7.457204746194686,-7.456467872823736,2,2,deficient,deficient,6,6
conf_sphere_r05,3,4308,"15,17,31",-7.129990997943585,-7.1292204968989905,1,1,deficient,deficient,4,4
conf_sphere_r05,3,4309,"15,18,19",-6.65672625971745,-6.656861362914454,0,0,full,full,2,2
conf_sphere_r05,3,4310,"15,18,20",-6.972207577411793,-6.971174139106093,1,1,deficient,deficient,6,6
conf_sphere_r05,3,4311,"15,18,21",-6.569867199899417,-6.569634232995962,0,0,full,full,3,3
conf_sphere_r05,3,4312,"15,18,22",-6.844593735953784,-6.844031980508286,1,1,deficient,deficient,5,5
conf_sphere_r05,3,4313,"15,18,23",-7.017296389800506,-7.01689508414817,1,1,deficient,deficient,7,6
conf_sphere_r05,3,4314,"15,18,24",-6.617854424604199,-6.617800696149651,0,0,full,full,2,2
conf_sphere_r05,3,4315,"15,18,25",-6.933400678437431,-6.932921208159802,1,1,deficient,deficient,6,6
conf_sphere_r05,3,4316,"15,18,26",-6.7840304759438155,-6.783572134871046,0,0,full,full,4,4
conf_sphere_r05,3,4317,"15,18,27",-6.779734134379182,-6.779892537849922,0,0,full,full,3,3
conf_sphere_r05,3,4318,"15,18,28",-6.9996483337416855,-6.999224642991563,1,1,deficient,deficient,6,6
conf_sphere_r05,3,4319,"15,18,29",-6.663431806749052,-6.663220414205343,0,0,full,full,3,3
conf_sphere_r05,3,4320,"15,18,30",-6.896238207367094,-6.895869368181104,1,1,deficient,deficient,6,6
conf_sphere_r05,3,4321,"15,18,31",-6.9388547320544385,-6.938344804506903,1,1,deficient,deficient,7,7
conf_sphere_r05,3,4322,"15,19,20",-7.038186230064334,-7.0381112115113105,0,0,full,full,6,6
conf_sphere_r05,3,4323,"15,19,21",-6.562775987686364,-6.562828259993144,0,0,full,full,1,1
conf_sphere_r05,3,4324,"15,19,22",-7.034654804425133,-7.034632109693345,0,0,full,full,5,5
conf_sphere_r05,3,4325,"15,19,23",-6.926702077600931,-6.9272322199651,1,1,deficient,deficient,6,6
conf_sphere_r05,3,4326,"15,19,24",-6.899438940941395,-6.89983751315889,0,0,full,full,5,6
conf_sphere_r05,3,4327,"15,19,25",-7.049763410385365,-7.050322635349779,1,1,deficient,deficient,6,6
conf_sphere_r05,3,4328,"15,19,26",-6.709314811612783,-6.709546070561233,0,0,full,full,3,3
conf_sphere_r05,3,4329,"15,19,27",-7.0465976793341,-7.047067773441439,0,0,full,full,6,6
conf_sphere_r05,3,4330,"15,19,28",-7.0358873464177405,-7.036342330653687,0,0,full,full,6,6
conf_sphere_r05,3,4331,"15,19,29",-6.811687625340894,-6.811998112970058,0,0,full,full,4,4
conf_sphere_r05,3,4332,"15,19,30",-7.048234518405372,-7.048681818930724,0,0,full,full,6,6
conf_sphere_r05,3,4333,"15,19,31",-6.894051831015641,-6.894489000662116,1,1,deficient,deficient,4,4
conf_sphere_r05,3,4334,"15,20,21",-6.588060864269226,-6.587567752151422,0,0,full,full,3,3
conf_sphere_r05,3,4335,"15,20,22",-7.427863127406961,-7.4276745902363634,2,2,deficient,deficient,10,11
conf_sphere_r05,3,4336,"15,20,23",-7.397612604718428,-7.397784420279552,4,4,deficient,deficient,10,10
conf_sphere_r05,3,4337,"15,20,24",-6.879367462078762,-6.879306860653279,0,0,full,full,5,5
conf_sphere_r05,3,4338,"15,20,25",-7.60799044865911,-7.607919102356247,3,3,deficient,deficient,15,16
conf_sphere_r05,3,4339,"15,20,26",-6.866538948952503,-6.865455519192106,0,0,full,full,3,3
conf_sphere_r05,3,4340,"15,20,27",-7.314928422453049,-7.315415447094478,1,1,deficient,deficient,12,12
conf_sphere_r05,3,4341,"15,20,28",-7.5626195387857935,-7.562657639931817,3,3,deficient,deficient,14,14
conf_sphere_r05,3,4342,"15,20,29",-6.835494925037212,-6.835115877695184,0,0,full,full,4,4
conf_sphere_r05,3,4343,"15,20,30",-7.4519934355479025,-7.452320793647318,3,3,deficient,deficient,8,8
conf_sphere_r05,3,4344,"15,20,31",-7.189098138802337,-7.189144139763364,3,3,deficient,deficient,7,7
conf_sphere_r05,3,4345,"15,21,22",-6.56101658749699,-6.560874910606768,0,0,full,full,1,1
conf_sphere_r05,3,4346,"15,21,23",-6.627416099054175,-6.627501775464582,0,0,full,full,3,3
conf_sphere_r05,3,4347,"15,21,24",-6.577293002409722,-6.5773543509516905,0,0,full,full,2,2
conf_sphere_r05,3,4348,"15,21,25",-6.578702860452309,-6.578647047724444,0,0,full,full,3,3
conf_sphere_r05,3,4349,"15,21,26",-6.596460953025197,-6.596272084864178,0,0,full,full,3,3
conf_sphere_r05,3,4350,"15,21,27",-6.583237679006555,-6.583381593886615,0,0,full,full,2,2
conf_sphere_r05,3,4351,"15,21,28",-6.625495775929317,-6.625544618542543,0,0,full,full,3,3
conf_sphere_r05,3,4352,"15,21,29",-6.597594100530275,-6.597490870760693,0,0,full,full,3,3
conf_sphere_r05,3,4353,"15,21,30",-6.588924285222862,-6.588979512486672,0,0,full,full,2,2
conf_sphere_r05,3,4354,"15,21,31",-6.635564924359896,-6.635672957447148,0,0,full,full,3,3
conf_sphere_r05,3,4355,"15,22,23",-7.244007625239478,-7.243706136817786,1,1,deficient,deficient,10,10
conf_sphere_r05,3,4356,"15,22,24",-6.8965073560192724,-6.896538369776451,0,0,full,full,5,5
conf_sphere_r05,3,4357,"15,22,25",-7.4032962843050045,-7.4028924840165615,0,0,full,full,10,10
conf_sphere_r05,3,4358,"15,22,26",-6.805551552668569,-6.8054521405353166,0,0,full,full,2,2
conf_sphere_r05,3,4359,"15,22,27",-7.277338214477782,-7.277084818194644,1,1,deficient,deficient,10,10
conf_sphere_r05,3,4360,"15,22,28",-7.363725855224087,-7.36328966301107,0,0,full,full,12,12
conf_sphere_r05,3,4361,"15,22,29",-6.817006389937553,-6.817025713247836,0,0,full,full,3,3
conf_sphere_r05,3,4362,"15,22,30",-7.291237465269555,-7.290837327979226,1,1,deficient,deficient,7,7
conf_sphere_r05,3,4363,"15,22,31",-7.0633474384568355,-7.062975603462603,1,1,deficient,deficient,6,6
conf_sphere_r05,3,4364,"15,23,24",-6.828744834063347,-6.829210695964697,0,0,full,full,5,5
conf_sphere_r05,3,4365,"15,23,25",-7.341613878295634,-7.341800462141948,2,2,deficient,deficient,10,10
conf_sphere_r05,3,4366,"15,23,26",-6.8882078672976075,-6.887915848395364,1,1,deficient,deficient,3,3
conf_sphere_r05,3,4367,"15,23,27",-7.139865126896966,-7.140200519431282,1,1,deficient,deficient,9,9
conf_sphere_r05,3,4368,"15,23,28",-7.34350704351826,-7.343621715372567,2,2,deficient,deficient,9,9
conf_sphere_r05,3,4369,"15,23,29",-6.8370363728993855,-6.837334664934462,0,0,full,full,5,5
conf_sphere_r05,3,4370,"15,23,30",-7.272972491999256,-7.273104345226143,2,2,deficient,deficient,9,10
conf_sphere_r05,3,4371,"15,23,31",-7.125697605008917,-7.125562153391474,1,1,deficient,deficient,6,6
conf_sphere_r05,3,4372,"15,24,25",-6.894712570490943,-6.89487226749301,0,0,full,full,6,6
conf_sphere_r05,3,4373,"15,24,26",-6.6834218569262545,-6.68351148802126,0,0,full,full,2,2
conf_sphere_r05,3,4374,"15,24,27",-6.920346227930646,-6.920768512901417,0,0,full,full,5,5
conf_sphere_r05,3,4375,"15,24,28",-6.888691248313164,-6.889044762719255,1,1,deficient,deficient,5,5
conf_sphere_r05,3,4376,"15,24,29",-6.789088274844251,-6.78936774075265,0,0,full,full,5,5
conf_sphere_r05,3,4377,"15,24,30",-6.906262692264585,-6.906668031508423,0,0,full,full,5,6
conf_sphere_r05,3,4378,"15,24,31",-6.841869962171517,-6.842279539625007,0,0,full,full,5,5
conf_sphere_r05,3,4379,"15,25,26",-6.846855633201127,-6.846722079239898,0,0,full,full,3,3
conf_sphere_r05,3,4380,"15,25,27",-7.307415817803979,-7.30782240751798,2,2,deficient,deficient,11,11
conf_sphere_r05,3,4381,"15,25,28",-7.531566031009919,-7.531757079570958,1,1,deficient,deficient,15,15
conf_sphere_r05,3,4382,"15,25,29",-6.829139317825047,-6.829262733658288,0,0,full,full,4,4
conf_sphere_r05,3,4383,"15,25,30",-7.426889432030488,-7.427216983743331,2,2,deficient,deficient,8,8
conf_sphere_r05,3,4384,"15,25,31",-7.155063373192225,-7.155105315564976,2,2,deficient,deficient,7,7
conf_sphere_r05,3,4385,"15,26,27",-6.79226848859769,-6.792473408835088,0,0,full,full,3,3
conf_sphere_r05,3,4386,"15,26,28",-6.887651608774081,-6.8872850097552405,1,1,deficient,deficient,3,3
conf_sphere_r05,3,4387,"15,26,29",-6.715941786085834,-6.7158711951898935,0,0,full,full,3,3
conf_sphere_r05,3,4388,"15,26,30",-6.8460585750103595,-6.8461620509981005,0,0,full,full,4,4
conf_sphere_r05,3,4389,"15,26,31",-6.891418586336766,-6.891511447782796,0,0,full,full,5,5
conf_sphere_r05,3,4390,"15,27,28",-7.283213270418919,-7.2835004325663295,1,1,deficient,deficient,11,11
conf_sphere_r05,3,4391,"15,27,29",-6.847734416088729,-6.848039752630662,0,0,full,full,4,4
conf_sphere_r05,3,4392,"15,27,30",-7.298280698719828,-7.298574857242999,1,1,deficient,deficient,11,11
conf_sphere_r05,3,4393,"15,27,31",-7.049899248412979,-7.05012163346697,1,1,deficient,deficient,7,7
conf_sphere_r05,3,4394,"15,28,29",-6.876320317034544,-6.876576108511229,0,0,full,full,5,5
conf_sphere_r05,3,4395,"15,28,30",-7.399119126586382,-7.39924172226678,1,1,deficient,deficient,12,12
conf_sphere_r05,3,4396,"15,28,31",-7.185609412290269,-7.18552941240015,1,1,deficient,deficient,7,7
conf_sphere_r05,3,4397,"15,29,30",-6.849606107199939,-6.84983747588288,0,0,full,full,4,4
conf_sphere_r05,3,4398,"15,29,31",-6.848235256660399,-6.848519588202595,0,0,full,full,5,5
conf_sphere_r05,3,4399,"15,30,31",-7.102127657012332,-7.102052051654914,1,1,deficient,deficient,6,6
conf_sphere_r05,3,4400,"16,17,18",-6.466559746350277,-6.46611555450405,0,0,full,full,0,0
conf_sphere_r05,3,4401,"16,17,19",-6.84951446179812,-6.849087559107156,0,0,full,full,4,4
conf_sphere_r05,3,4402,"16,17,20",-6.660563259509692,-6.660037675786472,0,0,full,full,2,2
conf_sphere_r05,3,4403,"16,17,21",-6.564863444510319,-6.5643135082705095,0,0,full,full,2,2
conf_sphere_r05,3,4404,"16,17,22",-6.781401322153819,-6.78050086915532,0,0,full,full,3,3
conf_sphere_r05,3,4405,"16,17,23",-6.557806588607427,-6.557538874600043,0,0,full,full,0,0
conf_sphere_r05,3,4406,"16,17,24",-6.832481096766262,-6.8321490993633915,0,0,full,full,4,4
conf_sphere_r05,3,4407,"16,17,25",-6.732926959565974,-6.732491185679064,0,0,full,full,4,3
conf_sphere_r05,3,4408,"16,17,26",-6.553321852172981,-6.552841968913871,0,0,full,full,1,1
conf_sphere_r05,3,4409,"16,17,27",-6.828458327131663,-6.828106513736758,0,0,full,full,4,4
conf_sphere_r05,3,4410,"16,17,28",-6.65403327415197,-6.653702932126293,0,0,full,full,2,2
conf_sphere_r05,3,4411,"16,17,29",-6.730891846946225,-6.7304650808844375,0,0,full,full,3,3
conf_sphere_r05,3,4412,"16,17,30",-6.775653703716222,-6.775276832102234,0,0,full,full,4,4
conf_sphere_r05,3,4413,"16,17,31",-6.614867579154151,-6.614593891215998,0,0,full,full,2,2
conf_sphere_r05,3,4414,"16,18,19",-6.502937585507368,-6.502784528622263,0,0,full,full,2,2
conf_sphere_r05,3,4415,"16,18,20",-6.482816196177309,-6.482432131453827,0,0,full,full,1,0
conf_sphere_r05,3,4416,"16,18,21",-6.489164071861621,-6.488868348604463,0,0,full,full,3,3
conf_sphere_r05,3,4417,"16,18,22",-6.479230677554477,-6.478930658436348,0,0,full,full,0,0
conf_sphere_r05,3,4418,"16,18,23",-6.516612646671081,-6.516403106095562,0,0,full,full,3,3
conf_sphere_r05,3,4419,"16,18,24",-6.523095058600517,-6.5228766737142205,0,0,full,full,3,3
conf_sphere_r05,3,4420,"16,18,25",-6.482172640828523,-6.482022845741413,0,0,full,full,0,0
conf_sphere_r05,3,4421,"16,18,26",-6.519565280162006,-6.519190130136052,0,0,full,full,3,3
conf_sphere_r05,3,4422,"16,18,27",-6.505038133302371,-6.504881034127454,0,0,full,full,2,2
conf_sphere_r05,3,4423,"16,18,28",-6.510985695142411,-6.5108274716223455,0,0,full,full,2,2
conf_sphere_r05,3,4424,"16,18,29",-6.531450632783333,-6.531120270402143,0,0,full,full,3,3
conf_sphere_r05,3,4425,"16,18,30",-6.495546434450089,-6.495362026323238,0,0,full,full,2,2
conf_sphere_r05,3,4426,"16,18,31",-6.532931657992632,-6.53266894484831,0,0,full,full,3,3
conf_sphere_r05,3,4427,"16,19,20",-6.7431743780138556,-6.742883621082386,0,0,full,full,3,2
conf_sphere_r05,3,4428,"16,19,21",-6.6222069785333915,-6.621923945289028,0,0,full,full,3,3
conf_sphere_r05,3,4429,"16,19,22",-6.893468406664735,-6.892677509664981,0,0,full,full,4,4
conf_sphere_r05,3,4430,"16,19,23",-6.608673362202408,-6.608757183659916,0,0,full,full,2,2
conf_sphere_r05,3,4431,"16,19,24",-6.907430283426657,-6.9070926407335245,1,1,deficient,deficient,5,5
conf_sphere_r05,3,4432,"16,19,25",-6.824351593919217,-6.8242611359491,0,0,full,full,4,4
conf_sphere_r05,3,4433,"16,19,26",-6.599989592837015,-6.599794913334564,0,0,full,full,3,3
conf_sphere_r05,3,4434,"16,19,27",-6.916478042488697,-6.916055391875437,1,1,deficient,deficient,4,4
conf_sphere_r05,3,4435,"16,19,28",-6.721488322595227,-6.72151367328162,0,0,full,full,3,3
conf_sphere_r05,3,4436,"16,19,29",-6.802491614779516,-6.80232096814141,0,0,full,full,5,5
conf_sphere_r05,3,4437,"16,19,30",-6.872483884920638,-6.872521775115669,0,0,full,full,5,5
conf_sphere_r05,3,4438,"16,19,31",-6.66695552188085,-6.667036193187449,0,0,full,full,3,3
conf_sphere_r05,3,4439,"16,20,21",-6.546523800168471,-6.545984642191657,0,0,full,full,2,2
conf_sphere_r05,3,4440,"16,20,22",-6.689879890250401,-6.689358530093525,0,0,full,full,3,2
conf_sphere_r05,3,4441,"16,20,23",-6.580592047831079,-6.580312927286447,0,0,full,full,2,2
conf_sphere_r05,3,4442,"16,20,24",-6.748053982906458,-6.747753026253755,0,0,full,full,4,4
conf_sphere_r05,3,4443,"16,20,25",-6.685167043556452,-6.6848014461985805,0,0,full,full,3,3
conf_sphere_r05,3,4444,"16,20,26",-6.5589398215011805,-6.558495289276659,0,0,full,full,2,2
conf_sphere_r05,3,4445,"16,20,27",-6.7360792690963045,-6.7358406407797,0,0,full,full,3,3
conf_sphere_r05,3,4446,"16,20,28",-6.666183588463008,-6.665837888607372,0,0,full,full,3,3
conf_sphere_r05,3,4447,"16,20,29",-6.695054272731263,-6.694708811965289,0,0,full,full,4,4
conf_sphere_r05,3,4448,"16,20,30",-6.709405813988852,-6.7090679723372055,0,0,full,full,3,3
conf_sphere_r05,3,4449,"16,20,31",-6.626748088986752,-6.62647657604692,0,0,full,full,2,2
conf_sphere_r05,3,4450,"16,21,22",-6.582656529923985,-6.582142823607612,0,0,full,full,3,3
conf_sphere_r05,3,4451,"16,21,23",-6.529019116774788,-6.528911832439983,0,0,full,full,3,3
conf_sphere_r05,3,4452,"16,21,24",-6.643155384670444,-6.642756432502204,0,0,full,full,3,3
conf_sphere_r05,3,4453,"16,21,25",-6.5675496082004665,-6.567277776689392,0,0,full,full,3,3
conf_sphere_r05,3,4454,"16,21,26",-6.553345209171951,-6.552940652573321,0,0,full,full,3,3
conf_sphere_r05,3,4455,"16,21,27",-6.6128729810755,-6.6125913847773115,0,0,full,full,3,3
conf_sphere_r05,3,4456,"16,21,28",-6.55891139159764,-6.558722132067721,0,0,full,full,3,3
conf_sphere_r05,3,4457,"16,21,29",-6.6293516601583065,-6.628846496640989,0,0,full,full,3,3
conf_sphere_r05,3,4458,"16,21,30",-6.589851761673297,-6.589630141751973,0,0,full,full,3,3
conf_sphere_r05,3,4459,"16,21,31",-6.566060596290431,-6.56582818743266,0,0,full,full,3,3
conf_sphere_r05,3,4460,"16,22,23",-6.576741939869359,-6.576628956889018,0,0,full,full,1,1
conf_sphere_r05,3,4461,"16,22,24",-6.866510485745222,-6.866071419113674,0,0,full,full,5,5
conf_sphere_r05,3,4462,"16,22,25",-6.766723192963589,-6.7659300272846545,0,0,full,full,3,3
conf_sphere_r05,3,4463,"16,22,26",-6.569842565327244,-6.569469176863772,0,0,full,full,2,2
conf_sphere_r05,3,4464,"16,22,27",-6.8724405074394115,-6.871768263519663,0,0,full,full,4,4
conf_sphere_r05,3,4465,"16,22,28",-6.678381676728352,-6.6781629753461065,0,0,full,full,3,3
conf_sphere_r05,3,4466,"16,22,29",-6.754968984674974,-6.75449876489683,0,0,full,full,4,4
conf_sphere_r05,3,4467,"16,22,30",-6.812640501896284,-6.811889112118945,0,0,full,full,4,4
conf_sphere_r05,3,4468,"16,22,31",-6.634624394373119,-6.6344597666498135,0,0,full,full,2,2
conf_sphere_r05,3,4469,"16,23,24",-6.623908516162747,-6.6239514186711865,0,0,full,full,3,3
conf_sphere_r05,3,4470,"16,23,25",-6.581072101199264,-6.581076804945011,0,0,full,full,2,2
conf_sphere_r05,3,4471,"16,23,26",-6.566294992669803,-6.566202766465747,0,0,full,full,3,3
conf_sphere_r05,3,4472,"16,23,27",-6.610863980371346,-6.610956803263819,0,0,full,full,2,2
conf_sphere_r05,3,4473,"16,23,28",-6.611671986908004,-6.611691658424841,0,0,full,full,3,3
conf_sphere_r05,3,4474,"16,23,29",-6.6166452189532645,-6.616590814035976,0,0,full,full,3,3
conf_sphere_r05,3,4475,"16,23,30",-6.598167288613799,-6.598211961582575,0,0,full,full,2,2
conf_sphere_r05,3,4476,"16,23,31",-6.615886424596571,-6.61593762159443,0,0,full,full,3,3
conf_sphere_r05,3,4477,"16,24,25",-6.816711236227368,-6.81662607038653,0,0,full,full,5,5
conf_sphere_r05,3,4478,"16,24,26",-6.620470868516291,-6.620187396011568,0,0,full,full,3,3
conf_sphere_r05,3,4479,"16,24,27",-6.908600256207139,-6.908746283499776,0,0,full,full,6,5
conf_sphere_r05,3,4480,"16,24,28",-6.730349384432076,-6.730374056990265,0,0,full,full,4,4
conf_sphere_r05,3,4481,"16,24,29",-6.815739191957102,-6.815448214414099,0,0,full,full,5,5
conf_sphere_r05,3,4482,"16,24,30",-6.857608296953167,-6.857726372550111,0,0,full,full,5,5
conf_sphere_r05,3,4483,"16,24,31",-6.681920623749246,-6.681945691055061,0,0,full,full,3,3
conf_sphere_r05,3,4484,"16,25,26",-6.567398614496313,-6.567215397150217,0,0,full,full,2,2
conf_sphere_r05,3,4485,"16,25,27",-6.81419996206914,-6.814220877684233,0,0,full,full,4,4
conf_sphere_r05,3,4486,"16,25,28",-6.679507202468861,-6.679450833391529,0,0,full,full,3,3
conf_sphere_r05,3,4487,"16,25,29",-6.733415959359706,-6.733268029744362,0,0,full,full,4,4
conf_sphere_r05,3,4488,"16,25,30",-6.780468222919634,-6.780461920621638,0,0,full,full,4,4
conf_sphere_r05,3,4489,"16,25,31",-6.635150202233485,-6.63515981330211,0,0,full,full,3,3
conf_sphere_r05,3,4490,"16,26,27",-6.599920388626043,-6.599713594583899,0,0,full,full,3,3
conf_sphere_r05,3,4491,"16,26,28",-6.5828720198424,-6.582705258407038,0,0,full,full,3,3
conf_sphere_r05,3,4492,"16,26,29",-6.619511898916062,-6.619102162284833,0,0,full,full,3,3
conf_sphere_r05,3,4493,"16,26,30",-6.585479482036676,-6.585274403842465,0,0,full,full,3,3
conf_sphere_r05,3,4494,"16,26,31",-6.597540807849783,-6.597281048420472,0,0,full,full,3,3
conf_sphere_r05,3,4495,"16,27,28",-6.7209470895803065,-6.721009164181515,0,0,full,full,3,3
conf_sphere_r05,3,4496,"16,27,29",-6.793463482605058,-6.793313378676034,0,0,full,full,5,5
conf_sphere_r05,3,4497,"16,27,30",-6.840083677890507,-6.839721575088923,1,1,deficient,deficient,4,4
conf_sphere_r05,3,4498,"16,27,31",-6.66916801201633,-6.669244729426575,0,0,full,full,3,3
conf_sphere_r05,3,4499,"16,28,29",-6.696162527564661,-6.696116775962532,0,0,full,full,4,4
conf_sphere_r05,3,4500,"16,28,30",-6.702529879719128,-6.702541219978395,0,0,full,full,4,4
conf_sphere_r05,3,4501,"16,28,31",-6.65309447106722,-6.653112741991153,0,0,full,full,3,3
conf_sphere_r05,3,4502,"16,29,30",-6.763118776244944,-6.763047190071415,0,0,full,full,5,5
conf_sphere_r05,3,4503,"16,29,31",-6.669515623554028,-6.669442957884198,0,0,full,full,3,3
conf_sphere_r05,3,4504,"16,30,31",-6.654785283582285,-6.654824266563174,0,0,full,full,3,3
conf_sphere_r05,3,4505,"17,18,19",-6.604017934600308,-6.603726787105356,0,0,full,full,0,1
conf_sphere_r05,3,4506,"17,18,20",-6.882647404025163,-6.881329594729779,0,0,full,full,6,6
conf_sphere_r05,3,4507,"17,18,21",-6.52917259769258,-6.528560765117928,0,0,full,full,2,1
conf_sphere_r05,3,4508,"17,18,22",-6.7878593802523755,-6.78718154550305,0,0,full,full,6,6
conf_sphere_r05,3,4509,"17,18,23",-6.915098646387408,-6.914148716340071,1,1,deficient,deficient,6,5
conf_sphere_r05,3,4510,"17,18,24",-6.58099442445031,-6.580544100962786,0,0,full,full,0,0
conf_sphere_r05,3,4511,"17,18,25",-6.839023200761502,-6.837896168163306,1,1,deficient,deficient,5,5
conf_sphere_r05,3,4512,"17,18,26",-6.721312305444423,-6.72040296495088,0,0,full,full,3,3
conf_sphere_r05,3,4513,"17,18,27",-6.718091967676765,-6.717737837680414,0,0,full,full,3,2
conf_sphere_r05,3,4514,"17,18,28",-6.900655173216228,-6.899638313003388,1,1,deficient,deficient,5,5
conf_sphere_r05,3,4515,"17,18,29",-6.622652644195225,-6.622057131532662,0,0,full,full,2,1
conf_sphere_r05,3,4516,"17,18,30",-6.816331972532932,-6.81533971995153,1,1,deficient,deficient,5,5
conf_sphere_r05,3,4517,"17,18,31",-6.863917736018854,-6.862932404127067,1,1,deficient,deficient,6,6
conf_sphere_r05,3,4518,"17,19,20",-7.389890435997157,-7.388727882595553,3,3,deficient,deficient,12,12
conf_sphere_r05,3,4519,"17,19,21",-6.609769602383287,-6.609454565673379,0,0,full,full,2,2
conf_sphere_r05,3,4520,"17,19,22",-7.644379470917518,-7.643951318733755,4,4,deficient,deficient,13,13
conf_sphere_r05,3,4521,"17,19,23",-6.93948575558719,-6.939385216215553,0,0,full,full,2,1
conf_sphere_r05,3,4522,"17,19,24",-7.205707120595407,-7.2050495249947035,0,0,full,full,5,5
conf_sphere_r05,3,4523,"17,19,25",-7.515898745904832,-7.51519832181326,2,2,deficient,deficient,12,12
conf_sphere_r05,3,4524,"17,19,26",-6.69638542124676,-6.696062966269021,0,0,full,full,2,2
conf_sphere_r05,3,4525,"17,19,27",-7.604712845836953,-7.6040263627410045,2,2,deficient,deficient,14,13
conf_sphere_r05,3,4526,"17,19,28",-7.292592882872715,-7.292146784750957,2,2,deficient,deficient,10,10
conf_sphere_r05,3,4527,"17,19,29",-6.941793665801568,-6.941332632164268,0,0,full,full,3,3
conf_sphere_r05,3,4528,"17,19,30",-7.561016590307922,-7.560350614089888,2,2,deficient,deficient,13,13
conf_sphere_r05,3,4529,"17,19,31",-6.9557137426315565,-6.955648573761845,0,0,full,full,3,2
conf_sphere_r05,3,4530,"17,20,21",-6.57177139030136,-6.5710150218824666,0,0,full,full,2,2
conf_sphere_r05,3,4531,"17,20,22",-7.737719387196988,-7.737011943752665,5,5,deficient,deficient,18,19
conf_sphere_r05,3,4532,"17,20,23",-7.319054013348324,-7.318395390464805,2,2,deficient,deficient,6,6
conf_sphere_r05,3,4533,"17,20,24",-6.984580482786491,-6.983954790755443,0,0,full,full,3,3
conf_sphere_r05,3,4534,"17,20,25",-7.863154978173083,-7.861950349986603,6,6,deficient,deficient,24,24
conf_sphere_r05,3,4535,"17,20,26",-6.800067547585786,-6.798947035380102,0,0,full,full,2,2
conf_sphere_r05,3,4536,"17,20,27",-7.63901837924806,-7.63840944669809,5,5,deficient,deficient,21,21
conf_sphere_r05,3,4537,"17,20,28",-7.765002729749091,-7.763855234963642,5,5,deficient,deficient,18,18
conf_sphere_r05,3,4538,"17,20,29",-6.866025872470847,-6.865100895428241,0,0,full,full,3,2
conf_sphere_r05,3,4539,"17,20,30",-7.732556807896524,-7.731616227887277,7,7,deficient,deficient,19,19
conf_sphere_r05,3,4540,"17,20,31",-7.162490397026531,-7.161877150372847,2,2,deficient,deficient,4,4
conf_sphere_r05,3,4541,"17,21,22",-6.5887428829414905,-6.5880513203364135,0,0,full,full,2,3
conf_sphere_r05,3,4542,"17,21,23",-6.581496083072667,-6.581100183159766,0,0,full,full,2,2
conf_sphere_r05,3,4543,"17,21,24",-6.626855639341355,-6.626547311727728,0,0,full,full,2,2
conf_sphere_r05,3,4544,"17,21,25",-6.587214669308281,-6.586551503403067,0,0,full,full,2,3
conf_sphere_r05,3,4545,"17,21,26",-6.580013507887537,-6.579382102908979,0,0,full,full,2,2
conf_sphere_r05,3,4546,"17,21,27",-6.621370486020687,-6.621062385417623,0,0,full,full,2,2
conf_sphere_r05,3,4547,"17,21,28",-6.602469939607062,-6.601990287395713,0,0,full,full,2,2
conf_sphere_r05,3,4548,"17,21,29",-6.626833351604003,-6.626302667747625,0,0,full,full,3,3
conf_sphere_r05,3,4549,"17,21,30",-6.609182490556528,-6.608688256985541,0,0,full,full,2,3
conf_sphere_r05,3,4550,"17,21,31",-6.614267188709686,-6.61386433882524,0,0,full,full,2,2
conf_sphere_r05,3,4551,"17,22,23",-7.195313622920007,-7.194437645557024,1,1,deficient,deficient,5,5
conf_sphere_r05,3,4552,"17,22,24",-7.167731011385327,-7.167205337895026,1,1,deficient,deficient,5,5
conf_sphere_r05,3,4553,"17,22,25",-7.837342703019409,-7.836328762522462,5,5,deficient,deficient,16,16
conf_sphere_r05,3,4554,"17,22,26",-6.766918382648076,-6.766033229695892,0,0,full,full,3,3
conf_sphere_r05,3,4555,"17,22,27",-7.855818614791038,-7.855195541163904,6,6,deficient,deficient,20,20
conf_sphere_r05,3,4556,"17,22,28",-7.60279166117338,-7.602066041351482,4,4,deficient,deficient,16,16
conf_sphere_r05,3,4557,"17,22,29",-6.935909386758294,-6.935434168157221,0,0,full,full,4,4
conf_sphere_r05,3,4558,"17,22,30",-7.77367163660386,-7.772747879305064,5,5,deficient,deficient,16,17
conf_sphere_r05,3,4559,"17,22,31",-7.070307685763735,-7.069367675215323,1,1,deficient,deficient,3,3
conf_sphere_r05,3,4560,"17,23,24",-6.800920324143464,-6.800698155461313,0,0,full,full,1,0
conf_sphere_r05,3,4561,"17,23,25",-7.263958273516242,-7.263278840465382,1,1,deficient,deficient,5,5
conf_sphere_r05,3,4562,"17,23,26",-6.834330464009549,-6.833691372313929,0,0,full,full,3,3
conf_sphere_r05,3,4563,"17,23,27",-7.140035967420833,-7.1396822920302485,1,1,deficient,deficient,5,4
conf_sphere_r05,3,4564,"17,23,28",-7.311204022962455,-7.310519801018383,1,1,deficient,deficient,6,6
conf_sphere_r05,3,4565,"17,23,29",-6.7891500234769255,-6.7887385243141845,0,0,full,full,2,2
conf_sphere_r05,3,4566,"17,23,30",-7.25069834335604,-7.25007050966426,2,2,deficient,deficient,5,5
conf_sphere_r05,3,4567,"17,23,31",-7.101047608134431,-7.100293542528089,1,1,deficient,deficient,4,4
conf_sphere_r05,3,4568,"17,24,25",-7.084005471467441,-7.083309161121447,0,0,full,full,4,4
conf_sphere_r05,3,4569,"17,24,26",-6.682947766066659,-6.682481472470375,0,0,full,full,2,2
conf_sphere_r05,3,4570,"17,24,27",-7.204494772862398,-7.203839444932186,0,0,full,full,5,5
conf_sphere_r05,3,4571,"17,24,28",-6.981476169166315,-6.981035846749519,0,0,full,full,3,3
conf_sphere_r05,3,4572,"17,24,29",-6.912679861110911,-6.912143362225746,0,0,full,full,4,4
conf_sphere_r05,3,4573,"17,24,30",-7.144177311469262,-7.143515326768799,0,0,full,full,5,5
conf_sphere_r05,3,4574,"17,24,31",-6.854369410848139,-6.854139734798766,0,0,full,full,2,2
conf_sphere_r05,3,4575,"17,25,26",-6.796880323412169,-6.795990918615831,0,0,full,full,3,3
conf_sphere_r05,3,4576,"17,25,27",-7.750861996750455,-7.749917781198436,5,5,deficient,deficient,19,19
conf_sphere_r05,3,4577,"17,25,28",-7.708116435531911,-7.730401547440139,5,4,deficient,deficient,17,18
conf_sphere_r05,3,4578,"17,25,29",-6.906877288947738,-6.906079331224451,0,0,full,full,3,3
conf_sphere_r05,3,4579,"17,25,30",-7.796233599351297,-7.794975630293721,4,4,deficient,deficient,16,16
conf_sphere_r05,3,4580,"17,25,31",-7.13801583956882,-7.137300902894003,1,1,deficient,deficient,3,3
conf_sphere_r05,3,4581,"17,26,27",-6.770418909281941,-6.769929493204206,0,0,full,full,3,3
conf_sphere_r05,3,4582,"17,26,28",-6.84455844146667,-6.843776273310364,0,0,full,full,3,3
conf_sphere_r05,3,4583,"17,26,29",-6.705329084578594,-6.704669897004615,0,0,full,full,2,2
conf_sphere_r05,3,4584,"17,26,30",-6.805793242985108,-6.805030638431386,0,0,full,full,3,3
conf_sphere_r05,3,4585,"17,26,31",-6.838657344362666,-6.837917653415327,0,0,full,full,3,3
conf_sphere_r05,3,4586,"17,27,28",-7.5216961023302895,-7.521006193562155,5,5,deficient,deficient,14,14
conf_sphere_r05,3,4587,"17,27,29",-6.965403186825107,-6.9648380487488355,0,0,full,full,3,3
conf_sphere_r05,3,4588,"17,27,30",-7.783976463580119,-7.783073474050962,5,5,deficient,deficient,21,21
conf_sphere_r05,3,4589,"17,27,31",-7.099929831524507,-7.099601897971347,1,1,deficient,deficient,5,5
conf_sphere_r05,3,4590,"17,28,29",-6.880545998088587,-6.879864791286128,0,0,full,full,2,2
conf_sphere_r05,3,4591,"17,28,30",-7.651833266794849,-7.650854522774106,5,5,deficient,deficient,16,16
conf_sphere_r05,3,4592,"17,28,31",-7.186405131462361,-7.18574622533125,1,1,deficient,deficient,4,4
conf_sphere_r05,3,4593,"17,29,30",-6.942282468487623,-6.941592162013572,0,0,full,full,3,3
conf_sphere_r05,3,4594,"17,29,31",-6.835668524717425,-6.835241373545295,0,0,full,full,2,2
conf_sphere_r05,3,4595,"17,30,31",-7.132636004764964,-7.13201661363605,1,1,deficient,deficient,4,4
conf_sphere_r05,3,4596,"18,19,20",-6.636082560699562,-6.635868682759957,0,0,full,full,1,1
conf_sphere_r05,3,4597,"18,19,21",-6.521709665111713,-6.521525958889324,0,0,full,full,2,2
conf_sphere_r05,3,4598,"18,19,22",-6.62918675702354,-6.629021624669913,0,0,full,full,2,2
conf_sphere_r05,3,4599,"18,19,23",-6.681112702690808,-6.681262926239448,0,0,full,full,3,3
conf_sphere_r05,3,4600,"18,19,24",-6.612137916877199,-6.612060534836115,0,0,full,full,3,3
conf_sphere_r05,3,4601,"18,19,25",-6.632902008106682,-6.633028414609961,0,0,full,full,2,2
conf_sphere_r05,3,4602,"18,19,26",-6.624692456768782,-6.62461205741507,0,0,full,full,3,3
conf_sphere_r05,3,4603,"18,19,27",-6.659116056329394,-6.659097675511398,0,0,full,full,3,3
conf_sphere_r05,3,4604,"18,19,28",-6.677090646481731,-6.677212101078919,0,0,full,full,2,2
conf_sphere_r05,3,4605,"18,19,29",-6.62053195268204,-6.62044270924946,0,0,full,full,3,3
conf_sphere_r05,3,4606,"18,19,30",-6.652974774827962,-6.6530120866521765,0,0,full,full,2,2
conf_sphere_r05,3,4607,"18,19,31",-6.687044908443661,-6.687096833808021,0,0,full,full,3,3
conf_sphere_r05,3,4608,"18,20,21",-6.551138902215285,-6.5505921532424916,0,0,full,full,3,3
conf_sphere_r05,3,4609,"18,20,22",-6.832163920085921,-6.831193310725851,0,0,full,full,7,6
conf_sphere_r05,3,4610,"18,20,23",-6.971858828491722,-6.971010527964579,1,1,deficient,deficient,6,6
conf_sphere_r05,3,4611,"18,20,24",-6.605005139443281,-6.604685784248643,0,0,full,full,1,1
conf_sphere_r05,3,4612,"18,20,25",-6.896534854023513,-6.918691601109416,1,0,deficient,full,6,6
conf_sphere_r05,3,4613,"18,20,26",-6.755898346940924,-6.7550185535538025,0,0,full,full,3,3
conf_sphere_r05,3,4614,"18,20,27",-6.752016008965101,-6.751754892985272,0,0,full,full,3,3
conf_sphere_r05,3,4615,"18,20,28",-6.960147274808576,-6.9592021564349,1,1,deficient,deficient,6,6
conf_sphere_r05,3,4616,"18,20,29",-6.648312728690464,-6.647827160037674,0,0,full,full,2,2
conf_sphere_r05,3,4617,"18,20,30",-6.884660764905393,-6.883609842758335,0,0,full,full,7,7
conf_sphere_r05,3,4618,"18,20,31",-6.905904105739132,-6.905051308944177,1,1,deficient,deficient,6,6
conf_sphere_r05,3,4619,"18,21,22",-6.531382866133157,-6.530987034813861,0,0,full,full,2,2
conf_sphere_r05,3,4620,"18,21,23",-6.594671093958532,-6.594393961989923,0,0,full,full,3,3
conf_sphere_r05,3,4621,"18,21,24",-6.535128240825279,-6.5349183913247995,0,0,full,full,3,3
conf_sphere_r05,3,4622,"18,21,25",-6.545634586463394,-6.5453980267000205,0,0,full,full,3,3
conf_sphere_r05,3,4623,"18,21,26",-6.589965859698402,-6.589489310788565,0,0,full,full,3,3
conf_sphere_r05,3,4624,"18,21,27",-6.543263620146344,-6.543113662088416,0,0,full,full,3,3
conf_sphere_r05,3,4625,"18,21,28",-6.58112959889738,-6.580919169761242,0,0,full,full,3,3
conf_sphere_r05,3,4626,"18,21,29",-6.564585758062626,-6.564186445333575,0,0,full,full,3,3
conf_sphere_r05,3,4627,"18,21,30",-6.552544743177122,-6.5523202429073795,0,0,full,full,3,3
conf_sphere_r05,3,4628,"18,21,31",-6.603712061155894,-6.60339980614686,0,0,full,full,3,3
conf_sphere_r05,3,4629,"18,22,23",-6.864938569253612,-6.864380226106723,1,1,deficient,deficient,6,6
conf_sphere_r05,3,4630,"18,22,24",-6.600883714582243,-6.600626281207585,0,0,full,full,2,2
conf_sphere_r05,3,4631,"18,22,25",-6.80239644240435,-6.80182864682514,1,1,deficient,deficient,6,5
conf_sphere_r05,3,4632,"18,22,26",-6.710928517650432,-6.710332492782188,0,0,full,full,3,3
conf_sphere_r05,3,4633,"18,22,27",-6.739002297655201,-6.738837863357631,0,0,full,full,4,4
conf_sphere_r05,3,4634,"18,22,28",-6.856838640472482,-6.856235313884744,1,1,deficient,deficient,6,6
conf_sphere_r05,3,4635,"18,22,29",-6.634730812872115,-6.634377641654575,0,0,full,full,2,2
conf_sphere_r05,3,4636,"18,22,30",-6.80705675858998,-6.806362987238911,1,1,deficient,deficient,6,6
conf_sphere_r05,3,4637,"18,22,31",-6.8401106674757,-6.839457368582183,1,1,deficient,deficient,6,6
conf_sphere_r05,3,4638,"18,23,24",-6.642073647608981,-6.642003359647509,0,0,full,full,3,3
conf_sphere_r05,3,4639,"18,23,25",-6.944019962855984,-6.943592086247455,1,1,deficient,deficient,6,6
conf_sphere_r05,3,4640,"18,23,26",-6.807533920478816,-6.807039979387379,0,0,full,full,4,4
conf_sphere_r05,3,4641,"18,23,27",-6.803198212192597,-6.8033811314665185,0,0,full,full,4,4
conf_sphere_r05,3,4642,"18,23,28",-7.00521214969502,-7.004860797606297,1,1,deficient,deficient,7,7
conf_sphere_r05,3,4643,"18,23,29",-6.688633825450207,-6.688382611898247,0,0,full,full,3,3
conf_sphere_r05,3,4644,"18,23,30",-6.91369061970655,-6.913349107362341,1,1,deficient,deficient,6,6
conf_sphere_r05,3,4645,"18,23,31",-6.958555255666862,-6.9580445295125495,1,1,deficient,deficient,7,7
conf_sphere_r05,3,4646,"18,24,25",-6.604236482839423,-6.604163384753489,0,0,full,full,2,2
conf_sphere_r05,3,4647,"18,24,26",-6.612941865968172,-6.612684914784263,0,0,full,full,3,3
conf_sphere_r05,3,4648,"18,24,27",-6.629406180694366,-6.629326091974695,0,0,full,full,3,3
conf_sphere_r05,3,4649,"18,24,28",-6.639741431937954,-6.639693765655015,0,0,full,full,3,3
conf_sphere_r05,3,4650,"18,24,29",-6.622606320045204,-6.6224542993595135,0,0,full,full,3,3
conf_sphere_r05,3,4651,"18,24,30",-6.621608556071857,-6.6215362511297995,0,0,full,full,2,2
conf_sphere_r05,3,4652,"18,24,31",-6.655645805489648,-6.6554950790980945,0,0,full,full,3,3
conf_sphere_r05,3,4653,"18,25,26",-6.743975210436358,-6.743570579669649,0,0,full,full,3,3
conf_sphere_r05,3,4654,"18,25,27",-6.7512739918498985,-6.751385549787586,0,0,full,full,4,4
conf_sphere_r05,3,4655,"18,25,28",-6.936655904628535,-6.936228266345802,1,1,deficient,deficient,6,6
conf_sphere_r05,3,4656,"18,25,29",-6.645327912083055,-6.645161804206998,0,0,full,full,3,3
conf_sphere_r05,3,4657,"18,25,30",-6.85534354989566,-6.854968661738672,1,1,deficient,deficient,6,6
conf_sphere_r05,3,4658,"18,25,31",-6.892525111199213,-6.892064241502912,1,1,deficient,deficient,6,6
conf_sphere_r05,3,4659,"18,26,27",-6.696075370559353,-6.695845248338422,0,0,full,full,4,4
conf_sphere_r05,3,4660,"18,26,28",-6.790229421686862,-6.789829051893465,0,0,full,full,4,4
conf_sphere_r05,3,4661,"18,26,29",-6.6579881679217685,-6.657529475596819,0,0,full,full,3,3
conf_sphere_r05,3,4662,"18,26,30",-6.742302840948188,-6.741918504102054,0,0,full,full,4,4
conf_sphere_r05,3,4663,"18,26,31",-6.80082413894135,-6.800255772485412,0,0,full,full,4,4
conf_sphere_r05,3,4664,"18,27,28",-6.7999978835909465,-6.800152780283792,0,0,full,full,4,4
conf_sphere_r05,3,4665,"18,27,29",-6.652784017236797,-6.652633992437215,0,0,full,full,3,3
conf_sphere_r05,3,4666,"18,27,30",-6.769478828113915,-6.7696647783926185,0,0,full,full,4,4
conf_sphere_r05,3,4667,"18,27,31",-6.798776302496491,-6.798879811908367,0,0,full,full,4,4
conf_sphere_r05,3,4668,"18,28,29",-6.682840543957315,-6.6826327087426955,0,0,full,full,3,3
conf_sphere_r05,3,4669,"18,28,30",-6.909511626726089,-6.909129068301924,1,1,deficient,deficient,6,6
conf_sphere_r05,3,4670,"18,28,31",-6.946233790583888,-6.9457827997111945,1,1,deficient,deficient,7,7
conf_sphere_r05,3,4671,"18,29,30",-6.65827266947564,-6.658065131502931,0,0,full,full,3,3
conf_sphere_r05,3,4672,"18,29,31",-6.700144454379251,-6.699804001228901,0,0,full,full,3,3
conf_sphere_r05,3,4673,"18,30,31",-6.882579422180164,-6.88213667916233,1,1,deficient,deficient,6,6
conf_sphere_r05,3,4674,"19,20,21",-6.595531398285274,-6.595247496605002,0,0,full,full,1,1
conf_sphere_r05,3,4675,"19,20,22",-7.319259077514782,-7.319347226495341,2,2,deficient,deficient,11,11
conf_sphere_r05,3,4676,"19,20,23",-6.957631341787539,-6.957768327399114,1,1,deficient,deficient,5,5
conf_sphere_r05,3,4677,"19,20,24",-7.056841588810065,-7.056745107465703,1,1,deficient,deficient,6,7
conf_sphere_r05,3,4678,"19,20,25",-7.297846224966345,-7.297246529694084,1,1,deficient,deficient,11,11
conf_sphere_r05,3,4679,"19,20,26",-6.718252829103994,-6.718015983234588,0,0,full,full,2,2
conf_sphere_r05,3,4680,"19,20,27",-7.30286721983119,-7.302850952766751,1,1,deficient,deficient,10,10
conf_sphere_r05,3,4681,"19,20,28",-7.140857601864913,-7.1406440288535356,0,0,full,full,7,7
conf_sphere_r05,3,4682,"19,20,29",-6.91593591508671,-6.9156281868857485,0,0,full,full,5,5
conf_sphere_r05,3,4683,"19,20,30",-7.301534804994444,-7.301298659391033,1,1,deficient,deficient,10,10
conf_sphere_r05,3,4684,"19,20,31",-6.953371292654467,-6.95353737363841,1,1,deficient,deficient,5,5
conf_sphere_r05,3,4685,"19,21,22",-6.639971012610407,-6.639648808371963,0,0,full,full,3,3
conf_sphere_r05,3,4686,"19,21,23",-6.582080407191747,-6.5821749784126675,0,0,full,full,2,2
conf_sphere_r05,3,4687,"19,21,24",-6.691960781762093,-6.692010600302526,0,0,full,full,3,3
conf_sphere_r05,3,4688,"19,21,25",-6.619353353972685,-6.619313902617596,0,0,full,full,3,3
conf_sphere_r05,3,4689,"19,21,26",-6.588356719724006,-6.5881883671742045,0,0,full,full,3,3
conf_sphere_r05,3,4690,"19,21,27",-6.683457641734616,-6.683509042065745,0,0,full,full,3,3
conf_sphere_r05,3,4691,"19,21,28",-6.6161180897959095,-6.616191037087331,0,0,full,full,2,2
conf_sphere_r05,3,4692,"19,21,29",-6.667817403306125,-6.667689025152478,0,0,full,full,3,3
conf_sphere_r05,3,4693,"19,21,30",-6.650155508078885,-6.650253939999711,0,0,full,full,3,3
conf_sphere_r05,3,4694,"19,21,31",-6.620923690354545,-6.620959756286692,0,0,full,full,3,3
conf_sphere_r05,3,4695,"19,22,23",-6.949462163048154,-6.949602662035626,1,1,deficient,deficient,6,6
conf_sphere_r05,3,4696,"19,22,24",-7.295540678970484,-7.295869352415465,2,2,deficient,deficient,10,10
conf_sphere_r05,3,4697,"19,22,25",-7.437983484509065,-7.438623174054831,2,2,deficient,deficient,10,10
conf_sphere_r05,3,4698,"19,22,26",-6.7303648185470335,-6.7301196417231575,0,0,full,full,3,3
conf_sphere_r05,3,4699,"19,22,27",-7.515031411983832,-7.515599149294302,2,2,deficient,deficient,12,12
conf_sphere_r05,3,4700,"19,22,28",-7.182592631134044,-7.18316560418653,0,0,full,full,8,8
conf_sphere_r05,3,4701,"19,22,29",-7.013461956120837,-7.013732811477453,0,0,full,full,6,6
conf_sphere_r05,3,4702,"19,22,30",-7.429386202139405,-7.429942481906985,3,3,deficient,deficient,9,9
conf_sphere_r05,3,4703,"19,22,31",-6.961725469452455,-6.961807818652078,1,1,deficient,deficient,5,5
conf_sphere_r05,3,4704,"19,23,24",-6.848236204259981,-6.84867069363876,0,0,full,full,5,5
conf_sphere_r05,3,4705,"19,23,25",-6.96733552609064,-6.967955590379793,2,2,deficient,deficient,6,7
conf_sphere_r05,3,4706,"19,23,26",-6.729880948314489,-6.730172973340626,0,0,full,full,3,3
conf_sphere_r05,3,4707,"19,23,27",-6.961609871419357,-6.96214396609359,1,1,deficient,deficient,6,6
conf_sphere_r05,3,4708,"19,23,28",-6.975487278521628,-6.975995287995209,1,1,deficient,deficient,6,6
conf_sphere_r05,3,4709,"19,23,29",-6.804852979475098,-6.805179581766184,0,0,full,full,4,5
conf_sphere_r05,3,4710,"19,23,30",-6.961257966011249,-6.961775854271007,1,1,deficient,deficient,6,6
conf_sphere_r05,3,4711,"19,23,31",-6.877005013386005,-6.877481668557345,1,1,deficient,deficient,4,4
conf_sphere_r05,3,4712,"19,24,25",-7.204136680574932,-7.203890281212399,0,0,full,full,9,9
conf_sphere_r05,3,4713,"19,24,26",-6.731317211738416,-6.731242111783708,0,0,full,full,3,3
conf_sphere_r05,3,4714,"19,24,27",-7.3032471779450985,-7.303331884854275,1,1,deficient,deficient,9,9
conf_sphere_r05,3,4715,"19,24,28",-7.032582011895722,-7.032830480052771,1,1,deficient,deficient,6,6
conf_sphere_r05,3,4716,"19,24,29",-6.978140171158921,-6.977954400733956,1,1,deficient,deficient,6,6
conf_sphere_r05,3,4717,"19,24,30",-7.227284180654978,-7.227316532163728,1,1,deficient,deficient,9,9
conf_sphere_r05,3,4718,"19,24,31",-6.905607122427509,-6.906043866649327,0,0,full,full,6,6
conf_sphere_r05,3,4719,"19,25,26",-6.725583747658469,-6.725697622586108,0,0,full,full,2,2
conf_sphere_r05,3,4720,"19,25,27",-7.417498834552536,-7.417855669649111,1,1,deficient,deficient,11,11
conf_sphere_r05,3,4721,"19,25,28",-7.175682450355625,-7.176160169410876,1,1,deficient,deficient,7,7
conf_sphere_r05,3,4722,"19,25,29",-6.964979161784341,-6.964931796137112,0,0,full,full,5,5
conf_sphere_r05,3,4723,"19,25,30",-7.376924183218966,-7.377288929221134,2,2,deficient,deficient,9,9
conf_sphere_r05,3,4724,"19,25,31",-6.973530884377794,-6.974180822614917,2,2,deficient,deficient,6,6
conf_sphere_r05,3,4725,"19,26,27",-6.770570613254283,-6.770566440209552,0,0,full,full,3,3
conf_sphere_r05,3,4726,"19,26,28",-6.753571148210628,-6.7537503194262065,0,0,full,full,3,3
conf_sphere_r05,3,4727,"19,26,29",-6.722723886532348,-6.7226116407356225,0,0,full,full,3,3
conf_sphere_r05,3,4728,"19,26,30",-6.7531277748222545,-6.753225406904574,0,0,full,full,3,3
conf_sphere_r05,3,4729,"19,26,31",-6.755644110909697,-6.755784738048631,0,0,full,full,4,4
conf_sphere_r05,3,4730,"19,27,28",-7.154661299181039,-7.154988149609919,1,1,deficient,deficient,5,5
conf_sphere_r05,3,4731,"19,27,29",-7.025116669367531,-7.025056360382025,1,1,deficient,deficient,6,6
conf_sphere_r05,3,4732,"19,27,30",-7.379059917861251,-7.379338208524915,2,2,deficient,deficient,8,8
conf_sphere_r05,3,4733,"19,27,31",-6.979710436240079,-6.980247585315377,1,1,deficient,deficient,5,5
conf_sphere_r05,3,4734,"19,28,29",-6.913217050312947,-6.91329108780549,0,0,full,full,5,5
conf_sphere_r05,3,4735,"19,28,30",-7.155474716714473,-7.155784630837179,1,1,deficient,deficient,5,5
conf_sphere_r05,3,4736,"19,28,31",-6.966202770674967,-6.966720529585579,1,1,deficient,deficient,5,5
conf_sphere_r05,3,4737,"19,29,30",-6.984259410026369,-6.984259934226461,1,1,deficient,deficient,6,6
conf_sphere_r05,3,4738,"19,29,31",-6.857157134429499,-6.857470502942016,0,0,full,full,5,5
conf_sphere_r05,3,4739,"19,30,31",-6.970128605269063,-6.970671753780125,1,1,deficient,deficient,4,5
conf_sphere_r05,3,4740,"20,21,22",-6.587319323677756,-6.586902985501387,0,0,full,full,3,3
conf_sphere_r05,3,4741,"20,21,23",-6.61191896622228,-6.611557567598436,0,0,full,full,3,3
conf_sphere_r05,3,4742,"20,21,24",-6.612093538838223,-6.611775976823773,0,0,full,full,2,2
conf_sphere_r05,3,4743,"20,21,25",-6.602503316127629,-6.602117754415043,0,0,full,full,3,3
conf_sphere_r05,3,4744,"20,21,26",-6.594045360248368,-6.593442934932832,0,0,full,full,3,3
conf_sphere_r05,3,4745,"20,21,27",-6.613375720422129,-6.6131992000309765,0,0,full,full,2,2
conf_sphere_r05,3,4746,"20,21,28",-6.632311869873349,-6.6318528792187275,0,0,full,full,3,3
conf_sphere_r05,3,4747,"20,21,29",-6.622978624286547,-6.622465673640843,0,0,full,full,3,3
conf_sphere_r05,3,4748,"20,21,30",-6.613846490820215,-6.6135166264854925,0,0,full,full,3,3
conf_sphere_r05,3,4749,"20,21,31",-6.6358851224527236,-6.63559838855489,0,0,full,full,3,3
conf_sphere_r05,3,4750,"20,22,23",-7.2784499154826685,-7.278435403438778,3,3,deficient,deficient,12,11
conf_sphere_r05,3,4751,"20,22,24",-7.058984617672817,-7.059199370105631,2,2,deficient,deficient,8,8
conf_sphere_r05,3,4752,"20,22,25",-7.594605338444716,-7.594810416748221,4,4,deficient,deficient,18,18
conf_sphere_r05,3,4753,"20,22,26",-6.804230562230929,-6.803345091188739,0,0,full,full,3,3
conf_sphere_r05,3,4754,"20,22,27",-7.545459401768935,-7.546254034325302,4,4,deficient,deficient,21,22
conf_sphere_r05,3,4755,"20,22,28",-7.505505122598541,-7.506001425459782,3,3,deficient,deficient,14,14
conf_sphere_r05,3,4756,"20,22,29",-6.926717385429783,-6.926579965655615,0,0,full,full,5,5
conf_sphere_r05,3,4757,"20,22,30",-7.532696840960256,-7.533356947039294,5,5,deficient,deficient,18,18
conf_sphere_r05,3,4758,"20,22,31",-7.12663091454116,-7.126638570198403,3,3,deficient,deficient,7,7
conf_sphere_r05,3,4759,"20,23,24",-6.840542622293596,-6.840562487245666,0,0,full,full,4,5
conf_sphere_r05,3,4760,"20,23,25",-7.378453668495547,-7.3784935132885145,3,3,deficient,deficient,12,12
conf_sphere_r05,3,4761,"20,23,26",-6.88312755802339,-6.882325687230222,0,0,full,full,3,3
conf_sphere_r05,3,4762,"20,23,27",-7.183534982868104,-7.184083095991469,1,1,deficient,deficient,10,10
conf_sphere_r05,3,4763,"20,23,28",-7.373521701020815,-7.373754984275111,4,4,deficient,deficient,10,10
conf_sphere_r05,3,4764,"20,23,29",-6.836233272523161,-6.8359723018668195,0,0,full,full,4,4
conf_sphere_r05,3,4765,"20,23,30",-7.312226815434796,-7.31255977955942,4,4,deficient,deficient,11,11
conf_sphere_r05,3,4766,"20,23,31",-7.143308645317301,-7.143435538553249,3,3,deficient,deficient,7,7
conf_sphere_r05,3,4767,"20,24,25",-7.05313819463465,-7.052858412031336,0,0,full,full,8,8
conf_sphere_r05,3,4768,"20,24,26",-6.697567027672527,-6.6972320950804285,0,0,full,full,2,2
conf_sphere_r05,3,4769,"20,24,27",-7.073095104209786,-7.072991361047367,1,1,deficient,deficient,6,7
conf_sphere_r05,3,4770,"20,24,28",-6.993418539902072,-6.993216597352987,1,1,deficient,deficient,6,6
conf_sphere_r05,3,4771,"20,24,29",-6.887471316263488,-6.887090009625215,0,0,full,full,5,5
conf_sphere_r05,3,4772,"20,24,30",-7.048289088522546,-7.048158623528598,1,1,deficient,deficient,6,6
conf_sphere_r05,3,4773,"20,24,31",-6.881072049015471,-6.881083733961137,0,0,full,full,5,5
conf_sphere_r05,3,4774,"20,25,26",-6.843592869684953,-6.842750681678486,0,0,full,full,3,3
conf_sphere_r05,3,4775,"20,25,27",-7.541504036514484,-7.54175020029379,3,3,deficient,deficient,21,22
conf_sphere_r05,3,4776,"20,25,28",-7.666095930083108,-7.665983704430864,3,3,deficient,deficient,17,17
conf_sphere_r05,3,4777,"20,25,29",-6.918073798828943,-6.917461401429947,0,0,full,full,4,4
conf_sphere_r05,3,4778,"20,25,30",-7.624799490840561,-7.624863892544885,5,5,deficient,deficient,18,18
conf_sphere_r05,3,4779,"20,25,31",-7.218207063693774,-7.218208774456803,3,3,deficient,deficient,8,8
conf_sphere_r05,3,4780,"20,26,27",-6.797728622498013,-6.7973666786242966,0,0,full,full,3,3
conf_sphere_r05,3,4781,"20,26,28",-6.8970974071029225,-6.895998375440956,0,0,full,full,3,3
conf_sphere_r05,3,4782,"20,26,29",-6.723845879308103,-6.723301497731246,0,0,full,full,3,3
conf_sphere_r05,3,4783,"20,26,30",-6.844450095925255,-6.843532459742811,0,0,full,full,3,3
conf_sphere_r05,3,4784,"20,26,31",-6.8780526166279,-6.8773161278011825,0,0,full,full,3,3
conf_sphere_r05,3,4785,"20,27,28",-7.38036814554624,-7.380795508381758,2,2,deficient,deficient,11,11
conf_sphere_r05,3,4786,"20,27,29",-6.948372433703729,-6.947969499080925,0,0,full,full,5,5
conf_sphere_r05,3,4787,"20,27,30",-7.5333069612278285,-7.533839629903611,3,3,deficient,deficient,21,21
conf_sphere_r05,3,4788,"20,27,31",-7.121420627809052,-7.121956519888861,1,1,deficient,deficient,8,8
conf_sphere_r05,3,4789,"20,28,29",-6.924215958602364,-6.923520158484273,0,0,full,full,4,4
conf_sphere_r05,3,4790,"20,28,30",-7.526269223685754,-7.526515190815062,4,4,deficient,deficient,13,13
conf_sphere_r05,3,4791,"20,28,31",-7.237141249327708,-7.237417787094361,3,3,deficient,deficient,8,7
conf_sphere_r05,3,4792,"20,29,30",-6.942748784255068,-6.942095186960541,0,0,full,full,5,5
conf_sphere_r05,3,4793,"20,29,31",-6.871635999499876,-6.871389815750472,0,0,full,full,4,4
conf_sphere_r05,3,4794,"20,30,31",-7.168536259823093,-7.16883213172075,3,3,deficient,deficient,7,7
conf_sphere_r05,3,4795,"21,22,23",-6.587971764804221,-6.587865658936988,0,0,full,full,2,2
conf_sphere_r05,3,4796,"21,22,24",-6.650518774635961,-6.650279448228267,0,0,full,full,3,3
conf_sphere_r05,3,4797,"21,22,25",-6.608004358174593,-6.607675133235814,0,0,full,full,3,3
conf_sphere_r05,3,4798,"21,22,26",-6.587899764952864,-6.587443891801124,0,0,full,full,3,3
conf_sphere_r05,3,4799,"21,22,27",-6.652773837877834,-6.652530805656101,0,0,full,full,3,3
conf_sphere_r05,3,4800,"21,22,28",-6.614630474629202,-6.614505090178487,0,0,full,full,3,3
conf_sphere_r05,3,4801,"21,22,29",-6.644609143252599,-6.644235670821254,0,0,full,full,3,3
conf_sphere_r05,3,4802,"21,22,30",-6.635370506215075,-6.6350493025955455,0,0,full,full,3,3
conf_sphere_r05,3,4803,"21,22,31",-6.623793407104343,-6.623649078275526,0,0,full,full,3,3
conf_sphere_r05,3,4804,"21,23,24",-6.59384908324301,-6.5939228679648485,0,0,full,full,3,3
conf_sphere_r05,3,4805,"21,23,25",-6.6051928819588275,-6.605212499387845,0,0,full,full,3,3
conf_sphere_r05,3,4806,"21,23,26",-6.620719354666708,-6.6205410797068955,0,0,full,full,3,3
conf_sphere_r05,3,4807,"21,23,27",-6.605518185088516,-6.605704195878907,0,0,full,full,2,2
conf_sphere_r05,3,4808,"21,23,28",-6.64892803233551,-6.649036281724536,0,0,full,full,3,3
conf_sphere_r05,3,4809,"21,23,29",-6.616860778809294,-6.616774550341932,0,0,full,full,3,3
conf_sphere_r05,3,4810,"21,23,30",-6.614333816504784,-6.614443562683888,0,0,full,full,3,3
conf_sphere_r05,3,4811,"21,23,31",-6.662037264845961,-6.662180114096294,0,0,full,full,3,3
conf_sphere_r05,3,4812,"21,24,25",-6.634657636002686,-6.634609938149278,0,0,full,full,3,3
conf_sphere_r05,3,4813,"21,24,26",-6.603998671616693,-6.60378789917411,0,0,full,full,3,3
conf_sphere_r05,3,4814,"21,24,27",-6.687837420039082,-6.68789456670133,0,0,full,full,3,3
conf_sphere_r05,3,4815,"21,24,28",-6.628856785135453,-6.6289089429710035,0,0,full,full,3,3
conf_sphere_r05,3,4816,"21,24,29",-6.686870868882217,-6.686646282981157,0,0,full,full,3,3
conf_sphere_r05,3,4817,"21,24,30",-6.661542595528504,-6.6616468131786375,0,0,full,full,3,3
conf_sphere_r05,3,4818,"21,24,31",-6.632787948518369,-6.632762184488023,0,0,full,full,3,3
conf_sphere_r05,3,4819,"21,25,26",-6.596094707631906,-6.595831980358265,0,0,full,full,3,3
conf_sphere_r05,3,4820,"21,25,27",-6.6361913164976984,-6.636242078105851,0,0,full,full,3,3
conf_sphere_r05,3,4821,"21,25,28",-6.63090314055955,-6.630914447461187,0,0,full,full,3,3
conf_sphere_r05,3,4822,"21,25,29",-6.638687276905676,-6.638496894616953,0,0,full,full,3,3
conf_sphere_r05,3,4823,"21,25,30",-6.63348844920895,-6.633421387419682,0,0,full,full,3,3
conf_sphere_r05,3,4824,"21,25,31",-6.636125698460228,-6.636165326493509,0,0,full,full,3,3
conf_sphere_r05,3,4825,"21,26,27",-6.606356748096804,-6.606227582820682,0,0,full,full,3,3
conf_sphere_r05,3,4826,"21,26,28",-6.622996431856416,-6.622801375611694,0,0,full,full,3,3
conf_sphere_r05,3,4827,"21,26,29",-6.62913450653928,-6.628747196241293,0,0,full,full,3,3
conf_sphere_r05,3,4828,"21,26,30",-6.60914748818918,-6.608964137583751,0,0,full,full,3,3
conf_sphere_r05,3,4829,"21,26,31",-6.645190826548053,-6.644905633433167,0,0,full,full,3,3
conf_sphere_r05,3,4830,"21,27,28",-6.638409243091162,-6.638629981909457,0,0,full,full,3,3
conf_sphere_r05,3,4831,"21,27,29",-6.675161626737847,-6.6751141519993755,0,0,full,full,3,3
conf_sphere_r05,3,4832,"21,27,30",-6.6694157927869515,-6.669680858236246,0,0,full,full,3,3
conf_sphere_r05,3,4833,"21,27,31",-6.64353028265666,-6.643695285984546,0,0,full,full,3,3
conf_sphere_r05,3,4834,"21,28,29",-6.644050849318599,-6.643966536315765,0,0,full,full,3,3
conf_sphere_r05,3,4835,"21,28,30",-6.644475893892875,-6.64463840917774,0,0,full,full,3,3
conf_sphere_r05,3,4836,"21,28,31",-6.670674563472566,-6.670821174866638,0,0,full,full,3,3
conf_sphere_r05,3,4837,"21,29,30",-6.66144519111518,-6.661398016984924,0,0,full,full,3,3
conf_sphere_r05,3,4838,"21,29,31",-6.653600049545447,-6.653418966886914,0,0,full,full,3,3
conf_sphere_r05,3,4839,"21,30,31",-6.64939171523468,-6.6495176471584685,0,0,full,full,3,3
conf_sphere_r05,3,4840,"22,23,24",-6.8560803783084285,-6.8561380379853984,0,0,full,full,5,5
conf_sphere_r05,3,4841,"22,23,25",-7.2601805378884166,-7.2600623049024255,1,1,deficient,deficient,11,11
conf_sphere_r05,3,4842,"22,23,26",-6.8299354494042595,-6.829873950830532,0,0,full,full,3,3
conf_sphere_r05,3,4843,"22,23,27",-7.1457696052382005,-7.1457146553063176,1,1,deficient,deficient,9,9
conf_sphere_r05,3,4844,"22,23,28",-7.272720755666988,-7.272397015513875,1,1,deficient,deficient,10,10
conf_sphere_r05,3,4845,"22,23,29",-6.819396878917565,-6.819418418236909,0,0,full,full,3,3
conf_sphere_r05,3,4846,"22,23,30",-7.225583520883286,-7.22529597167601,1,1,deficient,deficient,10,10
conf_sphere_r05,3,4847,"22,23,31",-7.032929027447161,-7.032566216120905,1,1,deficient,deficient,6,5
conf_sphere_r05,3,4848,"22,24,25",-7.180948348615097,-7.180946931884163,1,1,deficient,deficient,9,9
conf_sphere_r05,3,4849,"22,24,26",-6.709062574450813,-6.708765160890933,0,0,full,full,3,3
conf_sphere_r05,3,4850,"22,24,27",-7.272308756565428,-7.272674887769845,3,3,deficient,deficient,9,9
conf_sphere_r05,3,4851,"22,24,28",-7.047488441356392,-7.047982117346492,1,1,deficient,deficient,8,8
conf_sphere_r05,3,4852,"22,24,29",-6.973170920623864,-6.973348109456504,0,0,full,full,7,7
conf_sphere_r05,3,4853,"22,24,30",-7.206534532192654,-7.20678451592027,3,3,deficient,deficient,8,8
conf_sphere_r05,3,4854,"22,24,31",-6.909946482117349,-6.90994766753886,0,0,full,full,6,6
conf_sphere_r05,3,4855,"22,25,26",-6.806942191907252,-6.80658897866822,0,0,full,full,3,3
conf_sphere_r05,3,4856,"22,25,27",-7.672749949783499,-7.673265738306314,3,3,deficient,deficient,19,19
conf_sphere_r05,3,4857,"22,25,28",-7.512406953880554,-7.51279705743114,1,1,deficient,deficient,13,14
conf_sphere_r05,3,4858,"22,25,29",-6.972871249564674,-6.973028276764114,0,0,full,full,5,5
conf_sphere_r05,3,4859,"22,25,30",-7.582476170223992,-7.582862481557677,2,2,deficient,deficient,15,15
conf_sphere_r05,3,4860,"22,25,31",-7.123837755998843,-7.123695155792095,1,1,deficient,deficient,6,6
conf_sphere_r05,3,4861,"22,26,27",-6.8040032446893886,-6.803733513067004,0,0,full,full,3,3
conf_sphere_r05,3,4862,"22,26,28",-6.848185071787578,-6.848104876116547,0,0,full,full,3,3
conf_sphere_r05,3,4863,"22,26,29",-6.724270959263153,-6.723843136544606,0,0,full,full,3,3
conf_sphere_r05,3,4864,"22,26,30",-6.829954189903735,-6.829665050266097,0,0,full,full,3,3
conf_sphere_r05,3,4865,"22,26,31",-6.842319852440144,-6.842164134240838,0,0,full,full,3,3
conf_sphere_r05,3,4866,"22,27,28",-7.389861802442742,-7.390281618149583,2,2,deficient,deficient,11,11
conf_sphere_r05,3,4867,"22,27,29",-7.017124003581877,-7.017353897162858,1,1,deficient,deficient,5,5
conf_sphere_r05,3,4868,"22,27,30",-7.677248774569986,-7.677627309035657,3,3,deficient,deficient,20,20
conf_sphere_r05,3,4869,"22,27,31",-7.104491526640466,-7.104361594656627,1,1,deficient,deficient,7,7
conf_sphere_r05,3,4870,"22,28,29",-6.935051000450642,-6.935283269653241,0,0,full,full,5,5
conf_sphere_r05,3,4871,"22,28,30",-7.462391169668434,-7.46262797697311,1,1,deficient,deficient,13,13
conf_sphere_r05,3,4872,"22,28,31",-7.129372115064151,-7.129086795622097,1,1,deficient,deficient,6,6
conf_sphere_r05,3,4873,"22,29,30",-6.991017827865827,-6.991247296051648,1,1,deficient,deficient,5,5
conf_sphere_r05,3,4874,"22,29,31",-6.867010890024842,-6.866954838878115,0,0,full,full,4,4
conf_sphere_r05,3,4875,"22,30,31",-7.086549155303533,-7.086128659812387,2,2,deficient,deficient,5,5
conf_sphere_r05,3,4876,"23,24,25",-6.85655429494768,-6.8567477478659615,0,0,full,full,5,5
conf_sphere_r05,3,4877,"23,24,26",-6.702666845878419,-6.7027820781966705,0,0,full,full,3,3
conf_sphere_r05,3,4878,"23,24,27",-6.872103984125622,-6.872542152548513,0,0,full,full,5,5
conf_sphere_r05,3,4879,"23,24,28",-6.876256678533022,-6.876681867141769,0,0,full,full,5,5
conf_sphere_r05,3,4880,"23,24,29",-6.785544774265662,-6.785832394119808,0,0,full,full,5,5
conf_sphere_r05,3,4881,"23,24,30",-6.863125589469367,-6.863556642775463,0,0,full,full,5,5
conf_sphere_r05,3,4882,"23,24,31",-6.842350074630749,-6.842767384447959,0,0,full,full,5,5
conf_sphere_r05,3,4883,"23,25,26",-6.868185343800379,-6.8681659025710555,0,0,full,full,3,3
conf_sphere_r05,3,4884,"23,25,27",-7.175117182952644,-7.175547169678194,2,2,deficient,deficient,10,10
conf_sphere_r05,3,4885,"23,25,28",-7.34561635130022,-7.34580086489734,2,2,deficient,deficient,10,10
conf_sphere_r05,3,4886,"23,25,29",-6.831545136980344,-6.831694030840665,0,0,full,full,4,4
conf_sphere_r05,3,4887,"23,25,30",-7.29386174700164,-7.29411495160935,3,3,deficient,deficient,10,10
conf_sphere_r05,3,4888,"23,25,31",-7.11705803413294,-7.11713465239687,2,2,deficient,deficient,7,7
conf_sphere_r05,3,4889,"23,26,27",-6.813653856123268,-6.813923571280845,0,0,full,full,3,3
conf_sphere_r05,3,4890,"23,26,28",-6.903554301872841,-6.9033093612289385,1,1,deficient,deficient,3,3
conf_sphere_r05,3,4891,"23,26,29",-6.737647208188982,-6.737589840147626,0,0,full,full,3,3
conf_sphere_r05,3,4892,"23,26,30",-6.867715588259662,-6.867903396692269,0,0,full,full,4,4
conf_sphere_r05,3,4893,"23,26,31",-6.891939424970268,-6.891754589199777,1,1,deficient,deficient,4,4
conf_sphere_r05,3,4894,"23,27,28",-7.1863693778330955,-7.186684675856812,1,1,deficient,deficient,9,9
conf_sphere_r05,3,4895,"23,27,29",-6.843399556789431,-6.843715462996033,0,0,full,full,5,5
conf_sphere_r05,3,4896,"23,27,30",-7.164700128449369,-7.165036666212387,1,1,deficient,deficient,9,9
conf_sphere_r05,3,4897,"23,27,31",-7.0250183307332765,-7.025288391396501,1,1,deficient,deficient,7,7
conf_sphere_r05,3,4898,"23,28,29",-6.876092371885976,-6.8763565190183495,0,0,full,full,5,5
conf_sphere_r05,3,4899,"23,28,30",-7.302145281986961,-7.302268419354296,2,2,deficient,deficient,10,10
conf_sphere_r05,3,4900,"23,28,31",-7.144625133998625,-7.14456594211344,1,1,deficient,deficient,6,6
conf_sphere_r05,3,4901,"23,29,30",-6.849351455821463,-6.849603455675311,0,0,full,full,5,5
conf_sphere_r05,3,4902,"23,29,31",-6.861841046669554,-6.862126728687456,0,0,full,full,5,5
conf_sphere_r05,3,4903,"23,30,31",-7.067046322462973,-7.067022383442653,1,1,deficient,deficient,6,6
conf_sphere_r05,3,4904,"24,25,26",-6.7062329429113445,-6.706162440102392,0,0,full,full,3,3
conf_sphere_r05,3,4905,"24,25,27",-7.2162347848178365,-7.216007357192128,0,0,full,full,9,9
conf_sphere_r05,3,4906,"24,25,28",-7.048735576438738,-7.048744112299669,0,0,full,full,8,8
conf_sphere_r05,3,4907,"24,25,29",-6.931645103025758,-6.931450164168469,0,0,full,full,6,6
conf_sphere_r05,3,4908,"24,25,30",-7.159036203197552,-7.158829702125768,1,1,deficient,deficient,8,8
conf_sphere_r05,3,4909,"24,25,31",-6.905898940202109,-6.906105243759859,0,0,full,full,6,6
conf_sphere_r05,3,4910,"24,26,27",-6.743841273964372,-6.743760664814606,0,0,full,full,3,3
conf_sphere_r05,3,4911,"24,26,28",-6.726569458254055,-6.7265823117630426,0,0,full,full,3,3
conf_sphere_r05,3,4912,"24,26,29",-6.726532313137539,-6.726361877692104,0,0,full,full,3,3
conf_sphere_r05,3,4913,"24,26,30",-6.7290588719253295,-6.729026352193494,0,0,full,full,3,3
conf_sphere_r05,3,4914,"24,26,31",-6.732591378403376,-6.732514848920534,0,0,full,full,3,3
conf_sphere_r05,3,4915,"24,27,28",-7.0553929909942,-7.055636020183194,1,1,deficient,deficient,6,6
conf_sphere_r05,3,4916,"24,27,29",-7.001219374302693,-7.00113416225407,0,0,full,full,7,7
conf_sphere_r05,3,4917,"24,27,30",-7.240592620717204,-7.240643226147893,1,1,deficient,deficient,9,9
conf_sphere_r05,3,4918,"24,27,31",-6.926993607292555,-6.9274263042540225,0,0,full,full,6,6
conf_sphere_r05,3,4919,"24,28,29",-6.8840240047415495,-6.884059529991052,0,0,full,full,6,6
conf_sphere_r05,3,4920,"24,28,30",-7.039965314211408,-7.040198093493221,1,1,deficient,deficient,6,6
conf_sphere_r05,3,4921,"24,28,31",-6.9104006038496975,-6.910820734426572,0,0,full,full,6,6
conf_sphere_r05,3,4922,"24,29,30",-6.967683096132385,-6.967669799414859,0,0,full,full,7,7
conf_sphere_r05,3,4923,"24,29,31",-6.84051099270339,-6.8407707256262995,0,0,full,full,5,5
conf_sphere_r05,3,4924,"24,30,31",-6.9147793634465335,-6.915214907418982,0,0,full,full,5,5
conf_sphere_r05,3,4925,"25,26,27",-6.80455402449654,-6.804599861400947,0,0,full,full,3,3
conf_sphere_r05,3,4926,"25,26,28",-6.885934902926766,-6.885835158828888,0,0,full,full,3,3
conf_sphere_r05,3,4927,"25,26,29",-6.728835241855568,-6.728631837502927,0,0,full,full,3,3
conf_sphere_r05,3,4928,"25,26,30",-6.848814665994117,-6.8487261644790065,0,0,full,full,3,3
conf_sphere_r05,3,4929,"25,26,31",-6.871060660427356,-6.871003005210566,0,0,full,full,3,3
conf_sphere_r05,3,4930,"25,27,28",-7.397094318192182,-7.397371768547869,3,3,deficient,deficient,10,10
conf_sphere_r05,3,4931,"25,27,29",-6.996232888900273,-6.99613794993742,0,0,full,full,5,5
conf_sphere_r05,3,4932,"25,27,30",-7.618196327005571,-7.618420664695352,3,3,deficient,deficient,19,19
conf_sphere_r05,3,4933,"25,27,31",-7.124222466416233,-7.12466758038673,2,2,deficient,deficient,8,8
conf_sphere_r05,3,4934,"25,28,29",-6.92878861793943,-6.928592676556971,0,0,full,full,4,4
conf_sphere_r05,3,4935,"25,28,30",-7.5322730795438515,-7.532412836978575,3,3,deficient,deficient,12,12
conf_sphere_r05,3,4936,"25,28,31",-7.21482073398161,-7.215017742356166,2,2,deficient,deficient,7,7
conf_sphere_r05,3,4937,"25,29,30",-6.986229850500984,-6.986008355535288,0,0,full,full,4,4
conf_sphere_r05,3,4938,"25,29,31",-6.874663021683908,-6.874797863066734,0,0,full,full,4,4
conf_sphere_r05,3,4939,"25,30,31",-7.166905672136446,-7.167143487475183,2,2,deficient,deficient,7,7
conf_sphere_r05,3,4940,"26,27,28",-6.837707458103167,-6.837912745577305,0,0,full,full,4,4
conf_sphere_r05,3,4941,"26,27,29",-6.749563769440983,-6.749400546487174,0,0,full,full,3,3
conf_sphere_r05,3,4942,"26,27,30",-6.833402995500998,-6.833624023408861,0,0,full,full,4,4
conf_sphere_r05,3,4943,"26,27,31",-6.834187560921928,-6.834365081643157,0,0,full,full,5,5
conf_sphere_r05,3,4944,"26,28,29",-6.75473575403145,-6.754582066257698,0,0,full,full,3,3
conf_sphere_r05,3,4945,"26,28,30",-6.8911745320021485,-6.891408565531721,0,0,full,full,4,4
conf_sphere_r05,3,4946,"26,28,31",-6.897700223263035,-6.897563488251929,1,1,deficient,deficient,4,4
conf_sphere_r05,3,4947,"26,29,30",-6.747866852209072,-6.747681142922014,0,0,full,full,3,3
conf_sphere_r05,3,4948,"26,29,31",-6.765994656451604,-6.7657340345158525,0,0,full,full,3,3
conf_sphere_r05,3,4949,"26,30,31",-6.878815336646537,-6.879002455971782,0,0,full,full,5,5
conf_sphere_r05,3,4950,"27,28,29",-6.951117527803601,-6.951188431906076,0,0,full,full,5,5
conf_sphere_r05,3,4951,"27,28,30",-7.392684688486536,-7.392840206655903,2,2,deficient,deficient,10,10
conf_sphere_r05,3,4952,"27,28,31",-7.1218344500493656,-7.122154148755959,1,1,deficient,deficient,7,7
conf_sphere_r05,3,4953,"27,29,30",-7.01716168415639,-7.017216327786975,1,1,deficient,deficient,6,6
conf_sphere_r05,3,4954,"27,29,31",-6.893329903519494,-6.893634441137538,0,0,full,full,5,5
conf_sphere_r05,3,4955,"27,30,31",-7.119539610381194,-7.119889914126228,1,1,deficient,deficient,7,7
conf_sphere_r05,3,4956,"28,29,30",-6.953491918344141,-6.953466354568371,0,0,full,full,5,5
conf_sphere_r05,3,4957,"28,29,31",-6.9065333043564605,-6.906778482581963,0,0,full,full,5,5
conf_sphere_r05,3,4958,"28,30,31",-7.169837415798511,-7.169949947555126,1,1,deficient,deficient,7,7
conf_sphere_r05,3,4959,"29,30,31",-6.895875996994259,-6.896122651150014,0,0,full,full,5,5
conf_sphere_r05,5,0,"5,7,11,19,25",-6.3884551455379865,-6.38833762445291,0,0,full,full,0,0
conf_sphere_r05,5,1,"2,5,18,22,29",-6.5061949400721995,-6.505991954049969,0,0,full,full,0,0
conf_sphere_r05,5,2,"13,15,17,25,30",-6.527499709116263,-6.52723409538321,0,0,full,full,1,1
conf_sphere_r05,5,3,"8,9,17,25,31",-6.44811134386108,-6.447958769321628,0,0,full,full,0,0
conf_sphere_r05,5,4,"1,14,22,27,30",-8.161192648174369,-8.161033593326746,3,3,deficient,deficient,30,30
conf_sphere_r05,5,5,"6,13,15,16,30",-6.432498250478783,-6.4322814886265265,0,0,full,full,0,0
conf_sphere_r05,5,6,"1,13,14,15,25",-6.46485400363008,-6.464838234748565,0,0,full,full,0,0
conf_sphere_r05,5,7,"2,11,17,25,31",-6.679522702890555,-6.679565328306396,0,0,full,full,0,0
conf_sphere_r05,5,8,"1,2,12,26,28",-6.8031185084917505,-6.802752730881207,0,0,full,full,1,0
conf_sphere_r05,5,9,"10,15,22,25,29",-6.710685314716228,-6.710626897831653,0,0,full,full,1,1
conf_sphere_r05,5,10,"11,12,21,24,26",-6.590966590936155,-6.590820946331913,0,0,full,full,1,1
conf_sphere_r05,5,11,"0,6,9,16,18",-6.336818692249929,-6.336588401475678,0,0,full,full,0,0
conf_sphere_r05,5,12,"3,12,13,16,24",-6.464490411314137,-6.46431110644913,0,0,full,full,1,1
conf_sphere_r05,5,13,"4,14,17,18,29",-6.623517965883245,-6.6231692279367085,0,0,full,full,0,0
conf_sphere_r05,5,14,"10,22,26,27,30",-6.750865768249908,-6.750782726324744,0,0,full,full,2,2
conf_sphere_r05,5,15,"18,19,23,27,29",-6.688057447637827,-6.68803022096844,0,0,full,full,2,2
conf_sphere_r05,5,16,"2,7,10,11,23",-6.624526321974476,-6.624612584750538,0,0,full,full,0,0
conf_sphere_r05,5,17,"0,1,2,5,12",-6.3630509465456235,-6.3628479125679895,0,0,full,full,0,0
conf_sphere_r05,5,18,"3,4,8,20,26",-6.414098040715208,-6.413913307446114,0,0,full,full,0,0
conf_sphere_r05,5,19,"1,3,5,16,19",-6.380714582117123,-6.380629591849284,0,0,full,full,0,0
conf_sphere_r05,5,20,"2,3,13,24,31",-6.405394713927476,-6.405450747578692,0,0,full,full,0,0
conf_sphere_r05,5,21,"7,20,25,27,30",-7.63466780700448,-7.634641265019705,1,1,deficient,deficient,18,18
conf_sphere_r05,5,22,"9,11,20,23,28",-6.8305564713550835,-6.830619979217762,0,0,full,full,0,0
conf_sphere_r05,5,23,"7,10,16,20,23",-6.541771423750861,-6.541494528333598,0,0,full,full,0,0
conf_sphere_r05,5,24,"19,20,24,25,29",-6.966488870223617,-6.966229286198515,0,0,full,full,5,5
conf_sphere_r05,5,25,"6,8,21,24,30",-6.519330011365826,-6.519113303830554,0,0,full,full,2,2
conf_sphere_r05,5,26,"10,15,18,20,29",-6.693091911946415,-6.692726367208873,0,0,full,full,2,2
conf_sphere_r05,5,27,"6,11,13,16,29",-6.508005440177464,-6.507751239375148,0,0,full,full,2,2
conf_sphere_r05,5,28,"6,12,16,17,31",-6.640684945365418,-6.640479073638642,0,0,full,full,0,0
conf_sphere_r05,5,29,"4,7,9,10,15",-7.188850626231637,-7.188478173402276,0,0,full,full,3,3
conf_sphere_r05,5,30,"1,12,19,25,30",-7.821372822473948,-7.821048404087146,0,0,full,full,19,19
conf_sphere_r05,5,31,"0,1,2,13,18",-6.378845222769662,-6.378691144702585,0,0,full,full,0,0
conf_sphere_r05,5,32,"1,4,13,18,26",-6.518265568171383,-6.517944863406866,0,0,full,full,0,0
conf_sphere_r05,5,33,"7,9,16,19,23",-6.606113947813568,-6.605935375053126,0,0,full,full,0,0
conf_sphere_r05,5,34,"4,5,17,24,29",-6.4417666335945665,-6.441530591409748,0,0,full,full,0,0
conf_sphere_r05,5,35,"5,6,10,12,25",-6.477247752909234,-6.477035723833594,0,0,full,full,0,0
conf_sphere_r05,5,36,"5,10,21,23,27",-6.489488905629358,-6.489440808573915,0,0,full,full,1,1
conf_sphere_r05,5,37,"6,17,19,29,30",-7.025835003898096,-7.0251828284764635,1,1,deficient,deficient,3,2
conf_sphere_r05,5,38,"11,12,13,21,27",-6.460107828551447,-6.459964160871656,0,0,full,full,1,1
conf_sphere_r05,5,39,"0,16,18,19,24",-6.385460075136641,-6.38532679715589,0,0,full,full,1,1
conf_sphere_r05,5,40,"0,1,3,24,27",-6.430689190583611,-6.430689647583199,0,0,full,full,1,1
conf_sphere_r05,5,41,"2,4,10,13,16",-6.407841604169593,-6.407710020386881,0,0,full,full,0,0
conf_sphere_r05,5,42,"3,16,18,26,27",-6.4711533938178025,-6.471081026988342,0,0,full,full,1,1
conf_sphere_r05,5,43,"8,15,20,22,26",-6.444770432463054,-6.4445070411103424,0,0,full,full,0,0
conf_sphere_r05,5,44,"3,5,12,20,21",-6.345684019904561,-6.3455060269735295,0,0,full,full,0,0
conf_sphere_r05,5,45,"3,16,21,24,29",-6.635524592299506,-6.6352960819952695,0,0,full,full,3,3
conf_sphere_r05,5,46,"9,12,23,24,27",-6.869680957628359,-6.869612236052278,0,0,full,full,0,0
conf_sphere_r05,5,47,"5,8,16,27,30",-6.372750772106143,-6.372598962839989,0,0,full,full,1,1
conf_sphere_r05,5,48,"1,16,17,21,25",-6.5692009653059875,-6.568837508970897,0,0,full,full,0,0
conf_sphere_r05,5,49,"2,4,9,13,23",-6.521726343972773,-6.521606444156099,0,0,full,full,0,0
conf_sphere_r05,5,50,"4,10,19,30,31",-6.742583976701669,-6.742532443243763,0,0,full,full,0,0
conf_sphere_r05,5,51,"4,8,21,22,27",-6.484468575780808,-6.484259535306282,0,0,full,full,1,1
conf_sphere_r05,5,52,"2,12,21,28,29",-6.579314304873142,-6.579000729609228,0,0,full,full,1,1
conf_sphere_r05,5,53,"2,13,19,26,28",-6.500409949892773,-6.500309162608455,0,0,full,full,1,1
conf_sphere_r05,5,54,"4,7,14,29,31",-6.821143911365301,-6.8209562502218875,0,0,full,full,0,0
conf_sphere_r05,5,55,"3,7,20,21,24",-6.530988827667648,-6.530759776946193,0,0,full,full,0,0
conf_sphere_r05,5,56,"0,11,14,24,26",-6.395390834244889,-6.395264376980966,0,0,full,full,0,0
conf_sphere_r05,5,57,"10,15,17,18,22",-6.901053492697937,-6.877243012418809,0,1,full,deficient,6,5
conf_sphere_r05,5,58,"0,9,13,18,21",-6.386139468929494,-6.385883824145475,0,0,full,full,1,1
conf_sphere_r05,5,59,"0,11,12,26,31",-6.370363191048498,-6.3702685061810405,0,0,full,full,0,0
conf_sphere_r05,5,60,"1,7,21,28,29",-6.6249654042173525,-6.624699525059881,0,0,full,full,0,0
conf_sphere_r05,5,61,"4,10,18,21,23",-6.600647125490886,-6.600376860495484,0,0,full,full,1,1
conf_sphere_r05,5,62,"2,6,8,13,27",-6.35790703812571,-6.357790638584755,0,0,full,full,0,0
conf_sphere_r05,5,63,"2,6,8,18,23",-6.405138259478438,-6.40498399043254,0,0,full,full,0,0
conf_sphere_r05,5,64,"6,11,15,25,29",-6.779289607967861,-6.779388593194576,0,0,full,full,1,1
conf_sphere_r05,5,65,"2,7,19,29,30",-6.737835463338838,-6.737899241892377,0,0,full,full,1,1
conf_sphere_r05,5,66,"5,6,10,11,28",-6.410863827424094,-6.410857596960001,0,0,full,full,0,0
conf_sphere_r05,5,67,"0,10,11,20,28",-6.329959321542625,-6.32992006730809,0,0,full,full,0,0
conf_sphere_r05,5,68,"6,11,20,22,25",-7.237984883089157,-7.237778628770996,0,0,full,full,8,8
conf_sphere_r05,5,69,"10,16,21,27,28",-6.500984356349524,-6.500932663402799,0,0,full,full,1,1
conf_sphere_r05,5,70,"1,5,6,10,14",-6.4454448971600105,-6.445341850297913,0,0,full,full,0,0
conf_sphere_r05,5,71,"0,8,9,12,24",-6.372018830411715,-6.371862400545363,0,0,full,full,0,0
conf_sphere_r05,5,72,"9,13,21,22,30",-6.477177523021348,-6.476926987117168,0,0,full,full,1,1
conf_sphere_r05,5,73,"2,4,10,26,27",-6.712477319840083,-6.712387381407826,0,0,full,full,1,1
conf_sphere_r05,5,74,"5,12,20,22,28",-6.589517838138675,-6.589198188720031,0,0,full,full,1,1
conf_sphere_r05,5,75,"16,19,21,26,30",-6.585378781651044,-6.5851347308450325,0,0,full,full,3,3
conf_sphere_r05,5,76,"5,11,24,28,29",-6.454004054450266,-6.453990913514794,0,0,full,full,1,1
conf_sphere_r05,5,77,"18,21,24,25,30",-6.571295960849838,-6.57114996814618,0,0,full,full,2,2
conf_sphere_r05,5,78,"1,8,16,24,27",-6.595876718834822,-6.5957367780145155,0,0,full,full,1,1
conf_sphere_r05,5,79,"2,3,10,16,29",-6.423649784383648,-6.423720501642995,0,0,full,full,0,0
conf_sphere_r05,5,80,"11,12,22,23,26",-6.652544951399658,-6.6525111463185596,0,0,full,full,0,0
conf_sphere_r05,5,81,"0,1,11,28,29",-6.373421630551077,-6.373420840230394,0,0,full,full,0,0
conf_sphere_r05,5,82,"1,4,7,14,21",-6.533041462207806,-6.532717663472642,0,0,full,full,0,0
conf_sphere_r05,5,83,"8,16,20,24,28",-6.506696795255044,-6.506463925630319,0,0,full,full,2,2
conf_sphere_r05,5,84,"2,9,11,21,24",-6.522264456394464,-6.5223237651441455,0,0,full,full,0,0
conf_sphere_r05,5,85,"2,11,19,24,25",-6.72320635699041,-6.723460641181058,0,0,full,full,1,1
conf_sphere_r05,5,86,"5,9,17,25,31",-6.584574812859817,-6.584411595376129,0,0,full,full,1,1
conf_sphere_r05,5,87,"0,3,6,10,16",-6.334054014002861,-6.333982551618206,0,0,full,full,0,0
conf_sphere_r05,5,88,"2,5,8,9,30",-6.339963758968292,-6.339881769829447,0,0,full,full,0,0
conf_sphere_r05,5,89,"0,2,19,21,27",-6.350605960254822,-6.350607609419995,0,0,full,full,0,0
conf_sphere_r05,5,90,"8,9,13,20,25",-6.380196565807519,-6.379915298117,0,0,full,full,0,0
conf_sphere_r05,5,91,"0,11,18,24,31",-6.3750714463724965,-6.375028789471694,0,0,full,full,0,0
conf_sphere_r05,5,92,"6,10,11,21,29",-6.510198793460079,-6.510144252217572,0,0,full,full,0,0
conf_sphere_r05,5,93,"1,2,8,12,28",-6.369325466114058,-6.3691782905046574,0,0,full,full,0,0
conf_sphere_r05,5,94,"5,10,13,17,22",-6.465744427892203,-6.465415937670928,0,0,full,full,0,0
conf_sphere_r05,5,95,"1,14,15,30,31",-7.072763557496065,-7.072741680965865,3,3,deficient,deficient,3,3
conf_sphere_r05,5,96,"0,14,20,26,31",-6.397471937729621,-6.397334894644965,0,0,full,full,0,0
conf_sphere_r05,5,97,"8,17,19,20,26",-6.451246085755206,-6.450903383706505,0,0,full,full,0,0
conf_sphere_r05,5,98,"11,16,18,19,24",-6.583382402803952,-6.58331442709092,0,0,full,full,2,2
conf_sphere_r05,5,99,"0,11,23,28,30",-6.357731543767706,-6.357839468868415,0,0,full,full,0,0
conf_sphere_r05,5,100,"2,5,12,23,28",-6.7303717831315355,-6.730065104946438,0,0,full,full,1,1
conf_sphere_r05,5,101,"0,1,16,19,28",-6.37058095985731,-6.37050471752393,0,0,full,full,0,0
conf_sphere_r05,5,102,"6,8,14,19,23",-6.4516384189507585,-6.451547135236849,0,0,full,full,0,0
conf_sphere_r05,5,103,"3,4,8,11,25",-6.539528048788354,-6.539556351981865,0,0,full,full,0,0
conf_sphere_r05,5,104,"5,6,27,29,31",-6.487479894428212,-6.487350594800703,0,0,full,full,0,0
conf_sphere_r05,5,105,"7,12,14,19,23",-7.025927655211504,-7.025678057215525,0,0,full,full,5,5
conf_sphere_r05,5,106,"6,12,22,29,30",-7.00513841391311,-7.004939425329551,0,0,full,full,3,3
conf_sphere_r05,5,107,"10,12,22,24,28",-6.676708454896614,-6.676542800759752,0,0,full,full,0,0
conf_sphere_r05,5,108,"0,8,13,29,31",-6.384040749924863,-6.383873967764419,0,0,full,full,3,3
conf_sphere_r05,5,109,"3,8,20,23,27",-6.425217352294248,-6.4251575385525435,0,0,full,full,0,0
conf_sphere_r05,5,110,"11,14,16,18,25",-6.515146264887117,-6.515029577014951,0,0,full,full,0,0
conf_sphere_r05,5,111,"2,5,17,19,31",-6.491526394852498,-6.4913277362849096,0,0,full,full,0,0
conf_sphere_r05,5,112,"3,5,13,16,23",-6.357676748665736,-6.357587691751956,0,0,full,full,1,1
conf_sphere_r05,5,113,"8,10,16,27,31",-6.419473994430892,-6.419432371573961,0,0,full,full,1,1
conf_sphere_r05,5,114,"7,14,24,26,28",-6.741891732017851,-6.741669222947234,0,0,full,full,1,1
conf_sphere_r05,5,115,"13,16,20,29,30",-6.489110175697869,-6.488755514765095,0,0,full,full,1,1
conf_sphere_r05,5,116,"2,6,11,16,23",-6.5275850257898265,-6.52760018511148,0,0,full,full,0,0
conf_sphere_r05,5,117,"1,5,9,21,29",-6.433362457133435,-6.433150328780446,0,0,full,full,0,0
conf_sphere_r05,5,118,"5,10,13,16,25",-6.393254744310491,-6.393127269139146,0,0,full,full,0,0
conf_sphere_r05,5,119,"4,5,17,19,25",-6.416182024491919,-6.41602295815224,0,0,full,full,0,0
conf_sphere_r05,5,120,"4,9,10,11,18",-6.497763285620377,-6.497756190098441,0,0,full,full,0,0
conf_sphere_r05,5,121,"1,12,16,26,27",-6.594458725827697,-6.59419018564117,0,0,full,full,0,0
conf_sphere_r05,5,122,"5,7,14,28,30",-6.5454270153613745,-6.545298742998112,0,0,full,full,0,0
conf_sphere_r05,5,123,"9,17,26,27,31",-6.833567660840481,-6.833174622898614,0,0,full,full,2,2
conf_sphere_r05,5,124,"7,8,10,20,31",-6.437140701705971,-6.436890832844899,0,0,full,full,0,0
conf_sphere_r05,5,125,"8,12,24,28,31",-6.494437251414267,-6.494353320842025,0,0,full,full,1,1
conf_sphere_r05,5,126,"3,8,12,21,25",-6.4507519444466155,-6.45065712186948,0,0,full,full,0,0
conf_sphere_r05,5,127,"5,12,17,29,31",-6.505733951324936,-6.505387412744554,0,0,full,full,0,0
conf_sphere_r05,5,128,"0,6,10,23,25",-6.35051006734828,-6.350424738904205,0,0,full,full,0,0
conf_sphere_r05,5,129,"6,9,11,12,22",-7.472659179323292,-7.4723077563539935,0,0,full,full,10,10
conf_sphere_r05,5,130,"8,13,15,22,30",-6.386325978512399,-6.386144091663085,0,0,full,full,0,0
conf_sphere_r05,5,131,"0,7,12,13,14",-6.3291231482600105,-6.328867781906767,0,0,full,full,0,0
conf_sphere_r05,5,132,"13,16,26,28,30",-6.487150887399379,-6.486967987966665,0,0,full,full,2,2
conf_sphere_r05,5,133,"1,3,15,20,26",-6.481301550999253,-6.481248284469887,0,0,full,full,0,0
conf_sphere_r05,5,134,"3,11,26,27,30",-6.60198712004608,-6.602038581671642,0,0,full,full,1,1
conf_sphere_r05,5,135,"19,20,22,28,31",-7.08707760540557,-7.087085304783992,1,1,deficient,deficient,6,6
conf_sphere_r05,5,136,"4,8,9,24,25",-6.504042148172436,-6.503988680248492,0,0,full,full,0,0
conf_sphere_r05,5,137,"0,5,16,21,31",-6.365749743248219,-6.36551170306864,0,0,full,full,3,2
conf_sphere_r05,5,138,"11,12,19,26,30",-6.710455383352479,-6.71035291103092,0,0,full,full,1,1
conf_sphere_r05,5,139,"2,5,13,17,23",-6.512480355960969,-6.51214108452855,0,0,full,full,1,1
conf_sphere_r05,5,140,"7,12,23,24,30",-6.893406298388774,-6.893331102632178,0,0,full,full,2,2
conf_sphere_r05,5,141,"15,19,27,29,31",-6.878442796298261,-6.8787382100095575,0,0,full,full,5,5
conf_sphere_r05,5,142,"3,7,12,16,21",-6.508298896342916,-6.508023630065244,0,0,full,full,0,0
conf_sphere_r05,5,143,"2,13,15,16,24",-6.43052200973163,-6.430444016392652,0,0,full,full,1,1
conf_sphere_r05,5,144,"4,5,15,19,26",-6.4761625055857195,-6.475951019717842,0,0,full,full,0,0
conf_sphere_r05,5,145,"8,11,12,26,27",-6.468261356033361,-6.468138671634525,0,0,full,full,0,0
conf_sphere_r05,5,146,"5,20,21,26,31",-6.520708118430967,-6.520295496671024,0,0,full,full,3,3
conf_sphere_r05,5,147,"1,6,7,22,29",-6.8581826000124035,-6.857915618853726,0,0,full,full,2,2
conf_sphere_r05,5,148,"1,5,6,8,9",-6.322316141383497,-6.322085364091042,0,0,full,full,0,0
conf_sphere_r05,5,149,"5,12,25,26,28",-6.588648358459582,-6.58835419382038,0,0,full,full,1,1
conf_sphere_r05,5,150,"0,13,18,25,31",-6.410362057004353,-6.410275263042398,0,0,full,full,2,2
conf_sphere_r05,5,151,"3,7,9,10,19",-6.413786618043806,-6.413746247750673,0,0,full,full,0,0
conf_sphere_r05,5,152,"6,7,11,21,29",-6.611913674967666,-6.611670539232,0,0,full,full,0,0
conf_sphere_r05,5,153,"1,3,16,23,30",-6.531916555866867,-6.531954688275265,0,0,full,full,0,0
conf_sphere_r05,5,154,"7,10,18,19,30",-6.664188643636909,-6.664121856804866,0,0,full,full,1,1
conf_sphere_r05,5,155,"4,6,10,11,18",-6.4961564014234385,-6.496071249449768,0,0,full,full,0,0
conf_sphere_r05,5,156,"19,22,28,29,31",-6.917305184275435,-6.917376450510483,0,0,full,full,5,5
conf_sphere_r05,5,157,"4,12,19,27,31",-7.005920559475536,-7.005901632710447,0,0,full,full,0,0
conf_sphere_r05,5,158,"4,8,10,19,27",-6.387903859666887,-6.387884446575303,0,0,full,full,0,0
conf_sphere_r05,5,159,"14,19,21,22,23",-6.6244377713846765,-6.624335350002506,0,0,full,full,0,0
conf_sphere_r05,5,160,"2,13,22,25,31",-6.534842484450535,-6.534748540470634,0,0,full,full,0,0
conf_sphere_r05,5,161,"4,9,19,23,27",-6.972781057311255,-6.972791264021264,0,0,full,full,0,0
conf_sphere_r05,5,162,"0,6,21,24,26",-6.4021918214905025,-6.40194031433079,0,0,full,full,2,1
conf_sphere_r05,5,163,"14,17,26,28,30",-6.874203168256439,-6.873716372520179,0,0,full,full,2,2
conf_sphere_r05,5,164,"8,10,18,19,26",-6.427136796710458,-6.427063914314715,0,0,full,full,1,1
conf_sphere_r05,5,165,"3,15,16,20,30",-6.547231994614158,-6.547157853698667,0,0,full,full,0,0
conf_sphere_r05,5,166,"1,4,7,20,26",-6.777908561049038,-6.777397315529221,0,0,full,full,0,0
conf_sphere_r05,5,167,"1,13,17,20,23",-6.517588344132203,-6.5173340993845095,0,0,full,full,0,0
conf_sphere_r05,5,168,"1,12,28,30,31",-7.294292911417913,-7.29428561848245,0,0,full,full,4,4
conf_sphere_r05,5,169,"4,11,19,27,28",-7.108841023824656,-7.108910609011424,0,0,full,full,3,3
conf_sphere_r05,5,170,"2,15,18,19,26",-6.665160623835365,-6.66525100499193,0,0,full,full,1,1
conf_sphere_r05,5,171,"14,19,24,27,30",-7.43955758460642,-7.439949673000736,2,2,deficient,deficient,12,13
conf_sphere_r05,5,172,"4,8,16,24,26",-6.494730185291277,-6.494452029334953,0,0,full,full,1,1
conf_sphere_r05,5,173,"4,23,25,30,31",-7.213430634139557,-7.213551418152419,1,1,deficient,deficient,4,4
conf_sphere_r05,5,174,"2,5,9,17,26",-6.54977496058154,-6.5494525429518236,0,0,full,full,0,0
conf_sphere_r05,5,175,"1,2,3,4,5",-6.311618390531542,-6.311600171348704,0,0,full,full,0,0
conf_sphere_r05,5,176,"4,18,19,21,25",-6.534298209854575,-6.534093605202523,0,0,full,full,0,0
conf_sphere_r05,5,177,"6,21,22,23,28",-6.62631068006118,-6.626203147838371,0,0,full,full,0,0
conf_sphere_r05,5,178,"0,3,9,12,22",-6.3496986947075085,-6.349587412746657,0,0,full,full,0,0
conf_sphere_r05,5,179,"3,5,6,15,29",-6.360386227706499,-6.360266156095793,0,0,full,full,0,0
conf_sphere_r05,5,180,"6,16,20,21,24",-6.61763522351025,-6.617186058634008,0,0,full,full,0,0
conf_sphere_r05,5,181,"7,9,11,14,29",-6.803149583818218,-6.802924415462776,0,0,full,full,0,0
conf_sphere_r05,5,182,"4,8,10,21,31",-6.4220990893936545,-6.421940866898135,0,0,full,full,1,1
conf_sphere_r05,5,183,"6,11,16,27,28",-6.79795891601007,-6.797921407739162,0,0,full,full,3,2
conf_sphere_r05,5,184,"1,2,13,16,18",-6.415801794931893,-6.415647262836716,0,0,full,full,0,0
conf_sphere_r05,5,185,"4,13,16,28,30",-6.45298272993273,-6.452827131284407,0,0,full,full,1,1
conf_sphere_r05,5,186,"3,7,8,21,22",-6.4345549786637015,-6.434285821855836,0,0,full,full,0,0
conf_sphere_r05,5,187,"11,17,23,29,30",-6.761875152952445,-6.761878799077659,0,0,full,full,1,1
conf_sphere_r05,5,188,"7,8,14,15,21",-6.412253457349343,-6.412056293149938,0,0,full,full,0,0
conf_sphere_r05,5,189,"11,13,21,22,23",-6.452753521560454,-6.452664824133523,0,0,full,full,0,0
conf_sphere_r05,5,190,"2,15,18,23,25",-7.046273056941437,-7.04581723384712,1,1,deficient,deficient,7,7
conf_sphere_r05,5,191,"13,15,18,29,31",-6.558399113952927,-6.55816346090048,0,0,full,full,3,3
conf_sphere_r05,5,192,"0,7,10,11,31",-6.338959592455571,-6.33891150107922,0,0,full,full,0,0
conf_sphere_r05,5,193,"0,1,7,16,30",-6.339824292844209,-6.339588372742621,0,0,full,full,0,0
conf_sphere_r05,5,194,"7,13,14,21,26",-6.481789802399209,-6.481415124859304,0,0,full,full,1,1
conf_sphere_r05,5,195,"1,3,9,12,23",-6.479072742433884,-6.479089344920212,0,0,full,full,0,0
conf_sphere_r05,5,196,"3,10,14,24,31",-6.472189939590128,-6.472244344171114,0,0,full,full,0,0
conf_sphere_r05,5,197,"3,7,18,21,29",-6.461007110359508,-6.460831397874194,0,0,full,full,0,0
conf_sphere_r05,5,198,"1,8,10,12,23",-6.393435845126187,-6.393302354251038,0,0,full,full,0,0
conf_sphere_r05,5,199,"0,2,6,14,30",-6.300326969707121,-6.300237386483055,0,0,full,full,0,0
