# Exported by P1-R4'C make_confirmatory_meshes.py
o conf_snowman
v 0.000000 0.054821 0.716407
v 0.000000 0.108704 0.705689
v 0.000000 0.160727 0.688029
v 0.000000 0.210000 0.663731
v 0.000000 0.255680 0.633208
v 0.000000 0.333208 0.555680
v 0.000000 0.388029 0.460727
v 0.000000 0.405689 0.408704
v 0.000000 0.420000 0.300000
v 0.000000 0.405689 0.191296
v 0.000000 0.388029 0.139273
v 0.000000 0.363731 0.090000
v 0.000000 0.296985 0.003015
v 0.000000 0.255680 -0.033208
v 0.000000 0.210000 -0.063731
v 0.000000 0.160727 -0.088029
v 0.000000 0.054821 -0.116407
v 0.007156 0.054352 0.716407
v 0.014189 0.107774 0.705689
v 0.020979 0.159352 0.688029
v 0.027411 0.208203 0.663731
v 0.033373 0.253492 0.633208
v 0.038764 0.294444 0.596985
v 0.043492 0.330358 0.555680
v 0.047476 0.360619 0.510000
v 0.050648 0.384710 0.460727
v 0.052953 0.402218 0.408704
v 0.054352 0.412844 0.354821
v 0.054821 0.416407 0.300000
v 0.054352 0.412844 0.245179
v 0.052953 0.402218 0.191296
v 0.050648 0.384710 0.139273
v 0.047476 0.360619 0.090000
v 0.043492 0.330358 0.044320
v 0.038764 0.294444 0.003015
v 0.033373 0.253492 -0.033208
v 0.027411 0.208203 -0.063731
v 0.020979 0.159352 -0.088029
v 0.014189 0.107774 -0.105689
v 0.007156 0.054352 -0.116407
v 0.014189 0.052953 0.716407
v 0.028135 0.105000 0.705689
v 0.041599 0.155250 0.688029
v 0.054352 0.202844 0.663731
v 0.066175 0.246968 0.633208
v 0.076865 0.286865 0.596985
v 0.086241 0.321855 0.555680
v 0.094140 0.351337 0.510000
v 0.100429 0.374808 0.460727
v 0.105000 0.391865 0.408704
v 0.107774 0.402218 0.354821
v 0.108704 0.405689 0.300000
v 0.107774 0.402218 0.245179
v 0.105000 0.391865 0.191296
v 0.100429 0.374808 0.139273
v 0.094140 0.351337 0.090000
v 0.086241 0.321855 0.044320
v 0.076865 0.286865 0.003015
v 0.066175 0.246968 -0.033208
v 0.054352 0.202844 -0.063731
v 0.041599 0.155250 -0.088029
v 0.028135 0.105000 -0.105689
v 0.014189 0.052953 -0.116407
v 0.020979 0.050648 0.716407
v 0.041599 0.100429 0.705689
v 0.061508 0.148492 0.688029
v 0.080364 0.194015 0.663731
v 0.097844 0.236217 0.633208
v 0.113651 0.274378 0.596985
v 0.127513 0.307844 0.555680
v 0.139194 0.336043 0.510000
v 0.148492 0.358492 0.460727
v 0.155250 0.374808 0.408704
v 0.159352 0.384710 0.354821
v 0.160727 0.388029 0.300000
v 0.159352 0.384710 0.245179
v 0.155250 0.374808 0.191296
v 0.148492 0.358492 0.139273
v 0.139194 0.336043 0.090000
v 0.127513 0.307844 0.044320
v 0.113651 0.274378 0.003015
v 0.097844 0.236217 -0.033208
v 0.080364 0.194015 -0.063731
v 0.061508 0.148492 -0.088029
v 0.041599 0.100429 -0.105689
v 0.020979 0.050648 -0.116407
v 0.027411 0.047476 0.716407
v 0.054352 0.094140 0.705689
v 0.080364 0.139194 0.688029
v 0.105000 0.181865 0.663731
v 0.127840 0.221425 0.633208
v 0.148492 0.257196 0.596985
v 0.166604 0.288567 0.555680
v 0.181865 0.315000 0.510000
v 0.194015 0.336043 0.460727
v 0.202844 0.351337 0.408704
v 0.208203 0.360619 0.354821
v 0.210000 0.363731 0.300000
v 0.208203 0.360619 0.245179
v 0.202844 0.351337 0.191296
v 0.194015 0.336043 0.139273
v 0.181865 0.315000 0.090000
v 0.166604 0.288567 0.044320
v 0.148492 0.257196 0.003015
v 0.127840 0.221425 -0.033208
v 0.105000 0.181865 -0.063731
v 0.080364 0.139194 -0.088029
v 0.054352 0.094140 -0.105689
v 0.027411 0.047476 -0.116407
v 0.033373 0.043492 0.716407
v 0.066175 0.086241 0.705689
v 0.097844 0.127513 0.688029
v 0.127840 0.166604 0.663731
v 0.155648 0.202844 0.633208
v 0.180793 0.235614 0.596985
v 0.202844 0.264352 0.555680
v 0.221425 0.288567 0.510000
v 0.236217 0.307844 0.460727
v 0.246968 0.321855 0.408704
v 0.253492 0.330358 0.354821
v 0.255680 0.333208 0.300000
v 0.253492 0.330358 0.245179
v 0.246968 0.321855 0.191296
v 0.236217 0.307844 0.139273
v 0.221425 0.288567 0.090000
v 0.202844 0.264352 0.044320
v 0.180793 0.235614 0.003015
v 0.155648 0.202844 -0.033208
v 0.127840 0.166604 -0.063731
v 0.097844 0.127513 -0.088029
v 0.066175 0.086241 -0.105689
v 0.033373 0.043492 -0.116407
v 0.038764 0.038764 0.716407
v 0.076865 0.076865 0.705689
v 0.113651 0.113651 0.688029
v 0.148492 0.148492 0.663731
v 0.180793 0.180793 0.633208
v 0.210000 0.210000 0.596985
v 0.235614 0.235614 0.555680
v 0.257196 0.257196 0.510000
v 0.274378 0.274378 0.460727
v 0.286865 0.286865 0.408704
v 0.294444 0.294444 0.354821
v 0.296985 0.296985 0.300000
v 0.294444 0.294444 0.245179
v 0.286865 0.286865 0.191296
v 0.274378 0.274378 0.139273
v 0.257196 0.257196 0.090000
v 0.235614 0.235614 0.044320
v 0.210000 0.210000 0.003015
v 0.180793 0.180793 -0.033208
v 0.148492 0.148492 -0.063731
v 0.113651 0.113651 -0.088029
v 0.076865 0.076865 -0.105689
v 0.038764 0.038764 -0.116407
v 0.043492 0.033373 0.716407
v 0.086241 0.066175 0.705689
v 0.127513 0.097844 0.688029
v 0.166604 0.127840 0.663731
v 0.202844 0.155648 0.633208
v 0.235614 0.180793 0.596985
v 0.264352 0.202844 0.555680
v 0.288567 0.221425 0.510000
v 0.307844 0.236217 0.460727
v 0.321855 0.246968 0.408704
v 0.330358 0.253492 0.354821
v 0.333208 0.255680 0.300000
v 0.330358 0.253492 0.245179
v 0.321855 0.246968 0.191296
v 0.307844 0.236217 0.139273
v 0.288567 0.221425 0.090000
v 0.264352 0.202844 0.044320
v 0.235614 0.180793 0.003015
v 0.202844 0.155648 -0.033208
v 0.166604 0.127840 -0.063731
v 0.127513 0.097844 -0.088029
v 0.086241 0.066175 -0.105689
v 0.043492 0.033373 -0.116407
v 0.047476 0.027411 0.716407
v 0.094140 0.054352 0.705689
v 0.139194 0.080364 0.688029
v 0.181865 0.105000 0.663731
v 0.221425 0.127840 0.633208
v 0.257196 0.148492 0.596985
v 0.288567 0.166604 0.555680
v 0.315000 0.181865 0.510000
v 0.336043 0.194015 0.460727
v 0.351337 0.202844 0.408704
v 0.360619 0.208203 0.354821
v 0.363731 0.210000 0.300000
v 0.360619 0.208203 0.245179
v 0.351337 0.202844 0.191296
v 0.336043 0.194015 0.139273
v 0.315000 0.181865 0.090000
v 0.288567 0.166604 0.044320
v 0.257196 0.148492 0.003015
v 0.221425 0.127840 -0.033208
v 0.181865 0.105000 -0.063731
v 0.139194 0.080364 -0.088029
v 0.094140 0.054352 -0.105689
v 0.047476 0.027411 -0.116407
v 0.050648 0.020979 0.716407
v 0.100429 0.041599 0.705689
v 0.148492 0.061508 0.688029
v 0.194015 0.080364 0.663731
v 0.236217 0.097844 0.633208
v 0.274378 0.113651 0.596985
v 0.307845 0.127513 0.555680
v 0.336043 0.139194 0.510000
v 0.358492 0.148492 0.460727
v 0.374808 0.155250 0.408704
v 0.384710 0.159352 0.354821
v 0.388030 0.160727 0.300000
v 0.384710 0.159352 0.245179
v 0.374808 0.155250 0.191296
v 0.358492 0.148492 0.139273
v 0.336043 0.139194 0.090000
v 0.307845 0.127513 0.044320
v 0.274378 0.113651 0.003015
v 0.236217 0.097844 -0.033208
v 0.194015 0.080364 -0.063731
v 0.148492 0.061508 -0.088029
v 0.100429 0.041599 -0.105689
v 0.050648 0.020979 -0.116407
v 0.000000 0.000000 0.720000
v 0.052953 0.014189 0.716407
v 0.105000 0.028135 0.705689
v 0.155250 0.041599 0.688029
v 0.202844 0.054352 0.663731
v 0.246968 0.066175 0.633208
v 0.286865 0.076865 0.596985
v 0.321855 0.086241 0.555680
v 0.351337 0.094140 0.510000
v 0.374808 0.100429 0.460727
v 0.391865 0.105000 0.408704
v 0.402218 0.107774 0.354821
v 0.405689 0.108704 0.300000
v 0.402218 0.107774 0.245179
v 0.391865 0.105000 0.191296
v 0.374808 0.100429 0.139273
v 0.351337 0.094140 0.090000
v 0.321855 0.086241 0.044320
v 0.286865 0.076865 0.003015
v 0.246968 0.066175 -0.033208
v 0.202844 0.054352 -0.063731
v 0.155250 0.041599 -0.088029
v 0.105000 0.028135 -0.105689
v 0.052953 0.014189 -0.116407
v 0.054352 0.007156 0.716407
v 0.107774 0.014189 0.705689
v 0.159352 0.020979 0.688029
v 0.208203 0.027411 0.663731
v 0.253492 0.033373 0.633208
v 0.294444 0.038764 0.596985
v 0.330358 0.043492 0.555680
v 0.360619 0.047476 0.510000
v 0.384710 0.050648 0.460727
v 0.402218 0.052953 0.408704
v 0.412844 0.054352 0.354821
v 0.416407 0.054821 0.300000
v 0.412844 0.054352 0.245179
v 0.402218 0.052953 0.191296
v 0.384710 0.050648 0.139273
v 0.360619 0.047476 0.090000
v 0.330358 0.043492 0.044320
v 0.294444 0.038764 0.003015
v 0.253492 0.033373 -0.033208
v 0.208203 0.027411 -0.063731
v 0.159352 0.020979 -0.088029
v 0.107774 0.014189 -0.105689
v 0.054352 0.007156 -0.116407
v 0.054821 -0.000000 0.716407
v 0.108704 -0.000000 0.705689
v 0.160727 -0.000000 0.688029
v 0.210000 -0.000000 0.663731
v 0.255680 -0.000000 0.633208
v 0.296985 -0.000000 0.596985
v 0.333209 0.000000 0.555680
v 0.363731 -0.000000 0.510000
v 0.388029 -0.000000 0.460727
v 0.405689 -0.000000 0.408704
v 0.416407 -0.000000 0.354821
v 0.420000 -0.000000 0.300000
v 0.416407 -0.000000 0.245179
v 0.405689 -0.000000 0.191296
v 0.388029 -0.000000 0.139273
v 0.363731 -0.000000 0.090000
v 0.333209 0.000000 0.044320
v 0.296985 -0.000000 0.003015
v 0.255680 -0.000000 -0.033208
v 0.210000 -0.000000 -0.063731
v 0.160727 -0.000000 -0.088029
v 0.108704 -0.000000 -0.105689
v 0.054821 -0.000000 -0.116407
v 0.054352 -0.007156 0.716407
v 0.107774 -0.014189 0.705689
v 0.159352 -0.020979 0.688029
v 0.208203 -0.027411 0.663731
v 0.253492 -0.033373 0.633208
v 0.294444 -0.038764 0.596985
v 0.330358 -0.043492 0.555680
v 0.360619 -0.047476 0.510000
v 0.384710 -0.050648 0.460727
v 0.402218 -0.052953 0.408704
v 0.412844 -0.054352 0.354821
v 0.416407 -0.054821 0.300000
v 0.412844 -0.054352 0.245179
v 0.402218 -0.052953 0.191296
v 0.384710 -0.050648 0.139273
v 0.360619 -0.047476 0.090000
v 0.330358 -0.043492 0.044320
v 0.294444 -0.038764 0.003015
v 0.253492 -0.033373 -0.033208
v 0.208203 -0.027411 -0.063731
v 0.159352 -0.020979 -0.088029
v 0.107774 -0.014189 -0.105689
v 0.054352 -0.007156 -0.116407
v 0.052953 -0.014189 0.716407
v 0.105000 -0.028135 0.705689
v 0.155250 -0.041599 0.688029
v 0.202845 -0.054352 0.663731
v 0.246968 -0.066175 0.633208
v 0.286865 -0.076865 0.596985
v 0.321855 -0.086241 0.555680
v 0.351337 -0.094140 0.510000
v 0.374808 -0.100429 0.460727
v 0.391865 -0.105000 0.408704
v 0.402218 -0.107774 0.354821
v 0.405689 -0.108704 0.300000
v 0.402218 -0.107774 0.245179
v 0.391865 -0.105000 0.191296
v 0.374808 -0.100429 0.139273
v 0.351337 -0.094140 0.090000
v 0.321855 -0.086241 0.044320
v 0.286865 -0.076865 0.003015
v 0.246968 -0.066175 -0.033208
v 0.202845 -0.054352 -0.063731
v 0.155250 -0.041599 -0.088029
v 0.105000 -0.028135 -0.105689
v 0.052953 -0.014189 -0.116407
v 0.050648 -0.020979 0.716407
v 0.100429 -0.041599 0.705689
v 0.148492 -0.061508 0.688029
v 0.194015 -0.080364 0.663731
v 0.236217 -0.097844 0.633208
v 0.274378 -0.113651 0.596985
v 0.307845 -0.127513 0.555680
v 0.336043 -0.139194 0.510000
v 0.358492 -0.148492 0.460727
v 0.374808 -0.155250 0.408704
v 0.384710 -0.159352 0.354821
v 0.388030 -0.160727 0.300000
v 0.384710 -0.159352 0.245179
v 0.374808 -0.155250 0.191296
v 0.358492 -0.148492 0.139273
v 0.336043 -0.139194 0.090000
v 0.307845 -0.127513 0.044320
v 0.274378 -0.113651 0.003015
v 0.236217 -0.097844 -0.033208
v 0.194015 -0.080364 -0.063731
v 0.148492 -0.061508 -0.088029
v 0.100429 -0.041599 -0.105689
v 0.050648 -0.020979 -0.116407
v 0.047476 -0.027411 0.716407
v 0.094140 -0.054352 0.705689
v 0.139194 -0.080364 0.688029
v 0.181865 -0.105000 0.663731
v 0.221425 -0.127840 0.633208
v 0.257196 -0.148493 0.596985
v 0.288567 -0.166604 0.555680
v 0.315000 -0.181865 0.510000
v 0.336043 -0.194015 0.460727
v 0.351337 -0.202845 0.408704
v 0.360619 -0.208203 0.354821
v 0.363731 -0.210000 0.300000
v 0.360619 -0.208203 0.245179
v 0.351337 -0.202845 0.191296
v 0.336043 -0.194015 0.139273
v 0.315000 -0.181865 0.090000
v 0.288567 -0.166604 0.044320
v 0.257196 -0.148493 0.003015
v 0.221425 -0.127840 -0.033208
v 0.181865 -0.105000 -0.063731
v 0.139194 -0.080364 -0.088029
v 0.094140 -0.054352 -0.105689
v 0.047476 -0.027411 -0.116407
v 0.043492 -0.033373 0.716407
v 0.086241 -0.066175 0.705689
v 0.127513 -0.097845 0.688029
v 0.166604 -0.127840 0.663731
v 0.202844 -0.155648 0.633208
v 0.235614 -0.180793 0.596985
v 0.264352 -0.202845 0.555680
v 0.288567 -0.221425 0.510000
v 0.307844 -0.236217 0.460727
v 0.321855 -0.246968 0.408704
v 0.330358 -0.253493 0.354821
v 0.333209 -0.255680 0.300000
v 0.330358 -0.253493 0.245179
v 0.321855 -0.246968 0.191296
v 0.307844 -0.236217 0.139273
v 0.288567 -0.221425 0.090000
v 0.264352 -0.202845 0.044320
v 0.235614 -0.180793 0.003015
v 0.202844 -0.155648 -0.033208
v 0.166604 -0.127840 -0.063731
v 0.127513 -0.097845 -0.088029
v 0.086241 -0.066175 -0.105689
v 0.043492 -0.033373 -0.116407
v 0.038764 -0.038764 0.716407
v 0.076865 -0.076865 0.705689
v 0.113651 -0.113651 0.688029
v 0.148492 -0.148493 0.663731
v 0.180793 -0.180793 0.633208
v 0.210000 -0.210000 0.596985
v 0.235614 -0.235614 0.555680
v 0.257197 -0.257197 0.510000
v 0.274378 -0.274378 0.460727
v 0.286865 -0.286865 0.408704
v 0.294444 -0.294444 0.354821
v 0.296985 -0.296985 0.300000
v 0.294444 -0.294444 0.245179
v 0.286865 -0.286865 0.191296
v 0.274378 -0.274378 0.139273
v 0.257197 -0.257197 0.090000
v 0.235614 -0.235614 0.044320
v 0.210000 -0.210000 0.003015
v 0.180793 -0.180793 -0.033208
v 0.148492 -0.148493 -0.063731
v 0.113651 -0.113651 -0.088029
v 0.076865 -0.076865 -0.105689
v 0.038764 -0.038764 -0.116407
v 0.033373 -0.043492 0.716407
v 0.066175 -0.086241 0.705689
v 0.097844 -0.127513 0.688029
v 0.127840 -0.166604 0.663731
v 0.155648 -0.202845 0.633208
v 0.180793 -0.235614 0.596985
v 0.202845 -0.264352 0.555680
v 0.221425 -0.288567 0.510000
v 0.236217 -0.307845 0.460727
v 0.246968 -0.321855 0.408704
v 0.253492 -0.330358 0.354821
v 0.255680 -0.333209 0.300000
v 0.253492 -0.330358 0.245179
v 0.246968 -0.321855 0.191296
v 0.236217 -0.307845 0.139273
v 0.221425 -0.288567 0.090000
v 0.202845 -0.264352 0.044320
v 0.180793 -0.235614 0.003015
v 0.155648 -0.202845 -0.033208
v 0.127840 -0.166604 -0.063731
v 0.097844 -0.127513 -0.088029
v 0.066175 -0.086241 -0.105689
v 0.033373 -0.043492 -0.116407
v 0.027411 -0.047476 0.716407
v 0.054352 -0.094140 0.705689
v 0.080364 -0.139194 0.688029
v 0.105000 -0.181865 0.663731
v 0.127840 -0.221425 0.633208
v 0.148492 -0.257197 0.596985
v 0.166604 -0.288567 0.555680
v 0.181865 -0.315000 0.510000
v 0.194015 -0.336043 0.460727
v 0.202844 -0.351337 0.408704
v 0.208203 -0.360619 0.354821
v 0.210000 -0.363731 0.300000
v 0.208203 -0.360619 0.245179
v 0.202844 -0.351337 0.191296
v 0.194015 -0.336043 0.139273
v 0.181865 -0.315000 0.090000
v 0.166604 -0.288567 0.044320
v 0.148492 -0.257197 0.003015
v 0.127840 -0.221425 -0.033208
v 0.105000 -0.181865 -0.063731
v 0.080364 -0.139194 -0.088029
v 0.054352 -0.094140 -0.105689
v 0.027411 -0.047476 -0.116407
v 0.020979 -0.050648 0.716407
v 0.041599 -0.100429 0.705689
v 0.061508 -0.148493 0.688029
v 0.080364 -0.194015 0.663731
v 0.097844 -0.236217 0.633208
v 0.113651 -0.274378 0.596985
v 0.127513 -0.307845 0.555680
v 0.139194 -0.336044 0.510000
v 0.148492 -0.358493 0.460727
v 0.155250 -0.374808 0.408704
v 0.159352 -0.384710 0.354821
v 0.160727 -0.388030 0.300000
v 0.159352 -0.384710 0.245179
v 0.155250 -0.374808 0.191296
v 0.148492 -0.358493 0.139273
v 0.139194 -0.336044 0.090000
v 0.127513 -0.307845 0.044320
v 0.113651 -0.274378 0.003015
v 0.097844 -0.236217 -0.033208
v 0.080364 -0.194015 -0.063731
v 0.061508 -0.148493 -0.088029
v 0.041599 -0.100429 -0.105689
v 0.020979 -0.050648 -0.116407
v 0.014189 -0.052953 0.716407
v 0.028135 -0.105000 0.705689
v 0.041599 -0.155251 0.688029
v 0.054352 -0.202845 0.663731
v 0.066175 -0.246968 0.633208
v 0.076865 -0.286865 0.596985
v 0.086241 -0.321855 0.555680
v 0.094140 -0.351337 0.510000
v 0.100429 -0.374808 0.460727
v 0.105000 -0.391866 0.408704
v 0.107774 -0.402218 0.354821
v 0.108704 -0.405689 0.300000
v 0.107774 -0.402218 0.245179
v 0.105000 -0.391866 0.191296
v 0.100429 -0.374808 0.139273
v 0.094140 -0.351337 0.090000
v 0.086241 -0.321855 0.044320
v 0.076865 -0.286865 0.003015
v 0.066175 -0.246968 -0.033208
v 0.054352 -0.202845 -0.063731
v 0.041599 -0.155251 -0.088029
v 0.028135 -0.105000 -0.105689
v 0.014189 -0.052953 -0.116407
v 0.007156 -0.054352 0.716407
v 0.014189 -0.107774 0.705689
v 0.020979 -0.159352 0.688029
v 0.027410 -0.208204 0.663731
v 0.033373 -0.253493 0.633208
v 0.038764 -0.294444 0.596985
v 0.043492 -0.330358 0.555680
v 0.047476 -0.360619 0.510000
v 0.050648 -0.384710 0.460727
v 0.052953 -0.402218 0.408704
v 0.054352 -0.412845 0.354821
v 0.054821 -0.416407 0.300000
v 0.054352 -0.412845 0.245179
v 0.052953 -0.402218 0.191296
v 0.050648 -0.384710 0.139273
v 0.047476 -0.360619 0.090000
v 0.043492 -0.330358 0.044320
v 0.038764 -0.294444 0.003015
v 0.033373 -0.253493 -0.033208
v 0.027410 -0.208204 -0.063731
v 0.020979 -0.159352 -0.088029
v 0.014189 -0.107774 -0.105689
v 0.007156 -0.054352 -0.116407
v -0.000000 -0.054821 0.716407
v 0.000000 -0.108704 0.705689
v -0.000000 -0.160727 0.688029
v -0.000000 -0.210000 0.663731
v -0.000000 -0.255680 0.633208
v -0.000000 -0.296985 0.596985
v 0.000000 -0.333209 0.555680
v -0.000000 -0.363731 0.510000
v -0.000000 -0.388030 0.460727
v -0.000000 -0.405689 0.408704
v -0.000000 -0.416407 0.354821
v -0.000000 -0.420000 0.300000
v -0.000000 -0.416407 0.245179
v -0.000000 -0.405689 0.191296
v -0.000000 -0.388030 0.139273
v -0.000000 -0.363731 0.090000
v 0.000000 -0.333209 0.044320
v -0.000000 -0.296985 0.003015
v -0.000000 -0.255680 -0.033208
v -0.000000 -0.210000 -0.063731
v -0.000000 -0.160727 -0.088029
v 0.000000 -0.108704 -0.105689
v -0.000000 -0.054821 -0.116407
v -0.007156 -0.054352 0.716407
v -0.014189 -0.107774 0.705689
v -0.020979 -0.159352 0.688029
v -0.027411 -0.208204 0.663731
v -0.033373 -0.253493 0.633208
v -0.038764 -0.294444 0.596985
v -0.043492 -0.330358 0.555680
v -0.047476 -0.360619 0.510000
v -0.050648 -0.384710 0.460727
v -0.052953 -0.402218 0.408704
v -0.054352 -0.412845 0.354821
v -0.054821 -0.416407 0.300000
v -0.054352 -0.412845 0.245179
v -0.052953 -0.402218 0.191296
v -0.050648 -0.384710 0.139273
v -0.047476 -0.360619 0.090000
v -0.043492 -0.330358 0.044320
v -0.038764 -0.294444 0.003015
v -0.033373 -0.253493 -0.033208
v -0.027411 -0.208204 -0.063731
v -0.020979 -0.159352 -0.088029
v -0.014189 -0.107774 -0.105689
v -0.007156 -0.054352 -0.116407
v -0.014189 -0.052953 0.716407
v -0.028135 -0.105000 0.705689
v -0.041599 -0.155251 0.688029
v -0.054352 -0.202845 0.663731
v -0.066175 -0.246968 0.633208
v -0.076865 -0.286865 0.596985
v -0.086241 -0.321855 0.555680
v -0.094141 -0.351337 0.510000
v -0.100429 -0.374808 0.460727
v -0.105000 -0.391866 0.408704
v -0.107774 -0.402218 0.354821
v -0.108704 -0.405689 0.300000
v -0.107774 -0.402218 0.245179
v -0.105000 -0.391866 0.191296
v -0.100429 -0.374808 0.139273
v -0.094141 -0.351337 0.090000
v -0.086241 -0.321855 0.044320
v -0.076865 -0.286865 0.003015
v -0.066175 -0.246968 -0.033208
v -0.054352 -0.202845 -0.063731
v -0.041599 -0.155251 -0.088029
v -0.028135 -0.105000 -0.105689
v -0.014189 -0.052953 -0.116407
v -0.020979 -0.050648 0.716407
v -0.041599 -0.100429 0.705689
v -0.061508 -0.148493 0.688029
v -0.080364 -0.194015 0.663731
v -0.097845 -0.236217 0.633208
v -0.113651 -0.274378 0.596985
v -0.127513 -0.307845 0.555680
v -0.139194 -0.336044 0.510000
v -0.148493 -0.358493 0.460727
v -0.155251 -0.374808 0.408704
v -0.159352 -0.384710 0.354821
v -0.160727 -0.388030 0.300000
v -0.159352 -0.384710 0.245179
v -0.155251 -0.374808 0.191296
v -0.148493 -0.358493 0.139273
v -0.139194 -0.336044 0.090000
v -0.127513 -0.307845 0.044320
v -0.113651 -0.274378 0.003015
v -0.097845 -0.236217 -0.033208
v -0.080364 -0.194015 -0.063731
v -0.061508 -0.148493 -0.088029
v -0.041599 -0.100429 -0.105689
v -0.020979 -0.050648 -0.116407
v 0.000000 0.000000 -0.120000
v -0.027411 -0.047476 0.716407
v -0.054352 -0.094140 0.705689
v -0.080364 -0.139194 0.688029
v -0.105000 -0.181865 0.663731
v -0.127840 -0.221425 0.633208
v -0.148493 -0.257197 0.596985
v -0.166604 -0.288567 0.555680
v -0.181865 -0.315000 0.510000
v -0.194015 -0.336043 0.460727
v -0.202845 -0.351337 0.408704
v -0.208204 -0.360619 0.354821
v -0.210000 -0.363731 0.300000
v -0.208204 -0.360619 0.245179
v -0.202845 -0.351337 0.191296
v -0.194015 -0.336043 0.139273
v -0.181865 -0.315000 0.090000
v -0.166604 -0.288567 0.044320
v -0.148493 -0.257197 0.003015
v -0.127840 -0.221425 -0.033208
v -0.105000 -0.181865 -0.063731
v -0.080364 -0.139194 -0.088029
v -0.054352 -0.094140 -0.105689
v -0.027411 -0.047476 -0.116407
v -0.033373 -0.043492 0.716407
v -0.066175 -0.086241 0.705689
v -0.097845 -0.127513 0.688029
v -0.127840 -0.166604 0.663731
v -0.155648 -0.202844 0.633208
v -0.180793 -0.235614 0.596985
v -0.202845 -0.264352 0.555680
v -0.221425 -0.288567 0.510000
v -0.236217 -0.307845 0.460727
v -0.246968 -0.321855 0.408704
v -0.253493 -0.330358 0.354821
v -0.255680 -0.333209 0.300000
v -0.253493 -0.330358 0.245179
v -0.246968 -0.321855 0.191296
v -0.236217 -0.307845 0.139273
v -0.221425 -0.288567 0.090000
v -0.202845 -0.264352 0.044320
v -0.180793 -0.235614 0.003015
v -0.155648 -0.202844 -0.033208
v -0.127840 -0.166604 -0.063731
v -0.097845 -0.127513 -0.088029
v -0.066175 -0.086241 -0.105689
v -0.033373 -0.043492 -0.116407
v -0.038764 -0.038764 0.716407
v -0.076865 -0.076865 0.705689
v -0.113651 -0.113651 0.688029
v -0.148493 -0.148492 0.663731
v -0.180793 -0.180793 0.633208
v -0.210000 -0.210000 0.596985
v -0.235614 -0.235614 0.555680
v -0.257197 -0.257197 0.510000
v -0.274378 -0.274378 0.460727
v -0.286866 -0.286865 0.408704
v -0.294444 -0.294444 0.354821
v -0.296985 -0.296985 0.300000
v -0.294444 -0.294444 0.245179
v -0.286866 -0.286865 0.191296
v -0.274378 -0.274378 0.139273
v -0.257197 -0.257197 0.090000
v -0.235614 -0.235614 0.044320
v -0.210000 -0.210000 0.003015
v -0.180793 -0.180793 -0.033208
v -0.148493 -0.148492 -0.063731
v -0.113651 -0.113651 -0.088029
v -0.076865 -0.076865 -0.105689
v -0.038764 -0.038764 -0.116407
v -0.043492 -0.033373 0.716407
v -0.086241 -0.066175 0.705689
v -0.127513 -0.097844 0.688029
v -0.166604 -0.127840 0.663731
v -0.202845 -0.155648 0.633208
v -0.235614 -0.180793 0.596985
v -0.264352 -0.202845 0.555680
v -0.288567 -0.221425 0.510000
v -0.307845 -0.236217 0.460727
v -0.321855 -0.246968 0.408704
v -0.330358 -0.253492 0.354821
v -0.333209 -0.255680 0.300000
v -0.330358 -0.253492 0.245179
v -0.321855 -0.246968 0.191296
v -0.307845 -0.236217 0.139273
v -0.288567 -0.221425 0.090000
v -0.264352 -0.202845 0.044320
v -0.235614 -0.180793 0.003015
v -0.202845 -0.155648 -0.033208
v -0.166604 -0.127840 -0.063731
v -0.127513 -0.097844 -0.088029
v -0.086241 -0.066175 -0.105689
v -0.043492 -0.033373 -0.116407
v -0.047476 -0.027411 0.716407
v -0.094140 -0.054352 0.705689
v -0.139194 -0.080364 0.688029
v -0.181865 -0.105000 0.663731
v -0.221425 -0.127840 0.633208
v -0.257197 -0.148492 0.596985
v -0.288567 -0.166604 0.555680
v -0.315000 -0.181865 0.510000
v -0.336044 -0.194015 0.460727
v -0.351337 -0.202845 0.408704
v -0.360619 -0.208203 0.354821
v -0.363731 -0.210000 0.300000
v -0.360619 -0.208203 0.245179
v -0.351337 -0.202845 0.191296
v -0.336044 -0.194015 0.139273
v -0.315000 -0.181865 0.090000
v -0.288567 -0.166604 0.044320
v -0.257197 -0.148492 0.003015
v -0.221425 -0.127840 -0.033208
v -0.181865 -0.105000 -0.063731
v -0.139194 -0.080364 -0.088029
v -0.094140 -0.054352 -0.105689
v -0.047476 -0.027411 -0.116407
v -0.050648 -0.020979 0.716407
v -0.100429 -0.041599 0.705689
v -0.148493 -0.061508 0.688029
v -0.194015 -0.080364 0.663731
v -0.236217 -0.097844 0.633208
v -0.274378 -0.113651 0.596985
v -0.307845 -0.127513 0.555680
v -0.336044 -0.139194 0.510000
v -0.358493 -0.148493 0.460727
v -0.374808 -0.155250 0.408704
v -0.384710 -0.159352 0.354821
v -0.388030 -0.160727 0.300000
v -0.384710 -0.159352 0.245179
v -0.374808 -0.155250 0.191296
v -0.358493 -0.148493 0.139273
v -0.336044 -0.139194 0.090000
v -0.307845 -0.127513 0.044320
v -0.274378 -0.113651 0.003015
v -0.236217 -0.097844 -0.033208
v -0.194015 -0.080364 -0.063731
v -0.148493 -0.061508 -0.088029
v -0.100429 -0.041599 -0.105689
v -0.050648 -0.020979 -0.116407
v -0.052953 -0.014189 0.716407
v -0.105000 -0.028135 0.705689
v -0.155251 -0.041599 0.688029
v -0.202845 -0.054352 0.663731
v -0.246968 -0.066175 0.633208
v -0.286866 -0.076865 0.596985
v -0.321855 -0.086241 0.555680
v -0.351337 -0.094140 0.510000
v -0.374808 -0.100429 0.460727
v -0.391866 -0.105000 0.408704
v -0.402218 -0.107774 0.354821
v -0.405689 -0.108704 0.300000
v -0.402218 -0.107774 0.245179
v -0.391866 -0.105000 0.191296
v -0.374808 -0.100429 0.139273
v -0.351337 -0.094140 0.090000
v -0.321855 -0.086241 0.044320
v -0.286866 -0.076865 0.003015
v -0.246968 -0.066175 -0.033208
v -0.202845 -0.054352 -0.063731
v -0.155251 -0.041599 -0.088029
v -0.105000 -0.028135 -0.105689
v -0.052953 -0.014189 -0.116407
v -0.054352 -0.007156 0.716407
v -0.107774 -0.014189 0.705689
v -0.159352 -0.020979 0.688029
v -0.208204 -0.027410 0.663731
v -0.253493 -0.033373 0.633208
v -0.294444 -0.038764 0.596985
v -0.330358 -0.043492 0.555680
v -0.360619 -0.047476 0.510000
v -0.384710 -0.050648 0.460727
v -0.402218 -0.052953 0.408704
v -0.412845 -0.054352 0.354821
v -0.416407 -0.054821 0.300000
v -0.412845 -0.054352 0.245179
v -0.402218 -0.052953 0.191296
v -0.384710 -0.050648 0.139273
v -0.360619 -0.047476 0.090000
v -0.330358 -0.043492 0.044320
v -0.294444 -0.038764 0.003015
v -0.253493 -0.033373 -0.033208
v -0.208204 -0.027410 -0.063731
v -0.159352 -0.020979 -0.088029
v -0.107774 -0.014189 -0.105689
v -0.054352 -0.007156 -0.116407
v -0.054821 0.000000 0.716407
v -0.108704 -0.000000 0.705689
v -0.160727 0.000000 0.688029
v -0.210000 0.000000 0.663731
v -0.255680 0.000000 0.633208
v -0.296985 0.000000 0.596985
v -0.333209 0.000000 0.555680
v -0.363731 0.000000 0.510000
v -0.388030 0.000000 0.460727
v -0.405689 0.000000 0.408704
v -0.416407 0.000000 0.354821
v -0.420000 0.000000 0.300000
v -0.416407 0.000000 0.245179
v -0.405689 0.000000 0.191296
v -0.388030 0.000000 0.139273
v -0.363731 0.000000 0.090000
v -0.333209 0.000000 0.044320
v -0.296985 0.000000 0.003015
v -0.255680 0.000000 -0.033208
v -0.210000 0.000000 -0.063731
v -0.160727 0.000000 -0.088029
v -0.108704 -0.000000 -0.105689
v -0.054821 0.000000 -0.116407
v -0.054352 0.007156 0.716407
v -0.107774 0.014189 0.705689
v -0.159352 0.020979 0.688029
v -0.208204 0.027411 0.663731
v -0.253493 0.033373 0.633208
v -0.294444 0.038764 0.596985
v -0.330358 0.043492 0.555680
v -0.360619 0.047476 0.510000
v -0.384710 0.050648 0.460727
v -0.402218 0.052953 0.408704
v -0.412845 0.054352 0.354821
v -0.416407 0.054821 0.300000
v -0.412845 0.054352 0.245179
v -0.402218 0.052953 0.191296
v -0.384710 0.050648 0.139273
v -0.360619 0.047476 0.090000
v -0.330358 0.043492 0.044320
v -0.294444 0.038764 0.003015
v -0.253493 0.033373 -0.033208
v -0.208204 0.027411 -0.063731
v -0.159352 0.020979 -0.088029
v -0.107774 0.014189 -0.105689
v -0.054352 0.007156 -0.116407
v -0.052953 0.014189 0.716407
v -0.105000 0.028135 0.705689
v -0.155251 0.041599 0.688029
v -0.202845 0.054352 0.663731
v -0.246968 0.066175 0.633208
v -0.286866 0.076865 0.596985
v -0.321855 0.086241 0.555680
v -0.351337 0.094141 0.510000
v -0.374808 0.100430 0.460727
v -0.391866 0.105000 0.408704
v -0.402218 0.107774 0.354821
v -0.405689 0.108704 0.300000
v -0.402218 0.107774 0.245179
v -0.391866 0.105000 0.191296
v -0.374808 0.100430 0.139273
v -0.351337 0.094141 0.090000
v -0.321855 0.086241 0.044320
v -0.286866 0.076865 0.003015
v -0.246968 0.066175 -0.033208
v -0.202845 0.054352 -0.063731
v -0.155251 0.041599 -0.088029
v -0.105000 0.028135 -0.105689
v -0.052953 0.014189 -0.116407
v -0.050648 0.020979 0.716407
v -0.100429 0.041599 0.705689
v -0.148493 0.061508 0.688029
v -0.194015 0.080364 0.663731
v -0.236217 0.097845 0.633208
v -0.274378 0.113651 0.596985
v -0.307845 0.127514 0.555680
v -0.336044 0.139194 0.510000
v -0.358493 0.148493 0.460727
v -0.374808 0.155251 0.408704
v -0.384710 0.159352 0.354821
v -0.388030 0.160727 0.300000
v -0.384710 0.159352 0.245179
v -0.374808 0.155251 0.191296
v -0.358493 0.148493 0.139273
v -0.336044 0.139194 0.090000
v -0.307845 0.127514 0.044320
v -0.274378 0.113651 0.003015
v -0.236217 0.097845 -0.033208
v -0.194015 0.080364 -0.063731
v -0.148493 0.061508 -0.088029
v -0.100429 0.041599 -0.105689
v -0.050648 0.020979 -0.116407
v -0.047476 0.027411 0.716407
v -0.094141 0.054352 0.705689
v -0.139194 0.080364 0.688029
v -0.181865 0.105000 0.663731
v -0.221425 0.127840 0.633208
v -0.257197 0.148493 0.596985
v -0.288567 0.166604 0.555680
v -0.315000 0.181866 0.510000
v -0.336044 0.194015 0.460727
v -0.351337 0.202845 0.408704
v -0.360619 0.208204 0.354821
v -0.363731 0.210000 0.300000
v -0.360619 0.208204 0.245179
v -0.351337 0.202845 0.191296
v -0.336044 0.194015 0.139273
v -0.315000 0.181866 0.090000
v -0.288567 0.166604 0.044320
v -0.257197 0.148493 0.003015
v -0.221425 0.127840 -0.033208
v -0.181865 0.105000 -0.063731
v -0.139194 0.080364 -0.088029
v -0.094141 0.054352 -0.105689
v -0.047476 0.027411 -0.116407
v -0.043492 0.033373 0.716407
v -0.086241 0.066175 0.705689
v -0.127513 0.097845 0.688029
v -0.166604 0.127840 0.663731
v -0.202845 0.155648 0.633208
v -0.235614 0.180793 0.596985
v -0.264352 0.202845 0.555680
v -0.288567 0.221425 0.510000
v -0.307845 0.236218 0.460727
v -0.321855 0.246968 0.408704
v -0.330358 0.253493 0.354821
v -0.333209 0.255680 0.300000
v -0.330358 0.253493 0.245179
v -0.321855 0.246968 0.191296
v -0.307845 0.236218 0.139273
v -0.288567 0.221425 0.090000
v -0.264352 0.202845 0.044320
v -0.235614 0.180793 0.003015
v -0.202845 0.155648 -0.033208
v -0.166604 0.127840 -0.063731
v -0.127513 0.097845 -0.088029
v -0.086241 0.066175 -0.105689
v -0.043492 0.033373 -0.116407
v -0.038764 0.038764 0.716407
v -0.076865 0.076865 0.705689
v -0.113651 0.113651 0.688029
v -0.148492 0.148493 0.663731
v -0.180793 0.180793 0.633208
v -0.210000 0.210000 0.596985
v -0.235614 0.235614 0.555680
v -0.257197 0.257197 0.510000
v -0.274378 0.274378 0.460727
v -0.286866 0.286866 0.408704
v -0.294444 0.294444 0.354821
v -0.296985 0.296985 0.300000
v -0.294444 0.294444 0.245179
v -0.286866 0.286866 0.191296
v -0.274378 0.274378 0.139273
v -0.257197 0.257197 0.090000
v -0.235614 0.235614 0.044320
v -0.210000 0.210000 0.003015
v -0.180793 0.180793 -0.033208
v -0.148492 0.148493 -0.063731
v -0.113651 0.113651 -0.088029
v -0.076865 0.076865 -0.105689
v -0.038764 0.038764 -0.116407
v -0.033373 0.043493 0.716407
v -0.066175 0.086241 0.705689
v -0.097845 0.127513 0.688029
v -0.127840 0.166604 0.663731
v -0.155648 0.202845 0.633208
v -0.180793 0.235614 0.596985
v -0.202845 0.264352 0.555680
v -0.221425 0.288567 0.510000
v -0.236217 0.307845 0.460727
v -0.246968 0.321855 0.408704
v -0.253492 0.330358 0.354821
v -0.255680 0.333209 0.300000
v -0.253492 0.330358 0.245179
v -0.246968 0.321855 0.191296
v -0.236217 0.307845 0.139273
v -0.221425 0.288567 0.090000
v -0.202845 0.264352 0.044320
v -0.180793 0.235614 0.003015
v -0.155648 0.202845 -0.033208
v -0.127840 0.166604 -0.063731
v -0.097845 0.127513 -0.088029
v -0.066175 0.086241 -0.105689
v -0.033373 0.043493 -0.116407
v -0.027411 0.047476 0.716407
v -0.054352 0.094141 0.705689
v -0.080364 0.139194 0.688029
v -0.105000 0.181866 0.663731
v -0.127840 0.221425 0.633208
v -0.148493 0.257197 0.596985
v -0.166604 0.288567 0.555680
v -0.181865 0.315000 0.510000
v -0.194015 0.336044 0.460727
v -0.202845 0.351337 0.408704
v -0.208203 0.360619 0.354821
v -0.210000 0.363731 0.300000
v -0.208203 0.360619 0.245179
v -0.202845 0.351337 0.191296
v -0.194015 0.336044 0.139273
v -0.181865 0.315000 0.090000
v -0.166604 0.288567 0.044320
v -0.148493 0.257197 0.003015
v -0.127840 0.221425 -0.033208
v -0.105000 0.181866 -0.063731
v -0.080364 0.139194 -0.088029
v -0.054352 0.094141 -0.105689
v -0.027411 0.047476 -0.116407
v -0.020979 0.050648 0.716407
v -0.041599 0.100429 0.705689
v -0.061508 0.148493 0.688029
v -0.080364 0.194015 0.663731
v -0.097844 0.236218 0.633208
v -0.113651 0.274379 0.596985
v -0.127513 0.307845 0.555680
v -0.139194 0.336044 0.510000
v -0.148493 0.358493 0.460727
v -0.155250 0.374808 0.408704
v -0.159352 0.384710 0.354821
v -0.160727 0.388030 0.300000
v -0.159352 0.384710 0.245179
v -0.155250 0.374808 0.191296
v -0.148493 0.358493 0.139273
v -0.139194 0.336044 0.090000
v -0.127513 0.307845 0.044320
v -0.113651 0.274379 0.003015
v -0.097844 0.236218 -0.033208
v -0.080364 0.194015 -0.063731
v -0.061508 0.148493 -0.088029
v -0.041599 0.100429 -0.105689
v -0.020979 0.050648 -0.116407
v -0.014189 0.052953 0.716407
v -0.028135 0.105000 0.705689
v -0.041599 0.155251 0.688029
v -0.054352 0.202845 0.663731
v -0.066175 0.246968 0.633208
v -0.076865 0.286866 0.596985
v -0.086241 0.321855 0.555680
v -0.094140 0.351337 0.510000
v -0.100429 0.374808 0.460727
v -0.105000 0.391866 0.408704
v -0.107774 0.402218 0.354821
v -0.108704 0.405689 0.300000
v -0.107774 0.402218 0.245179
v -0.105000 0.391866 0.191296
v -0.100429 0.374808 0.139273
v -0.094140 0.351337 0.090000
v -0.086241 0.321855 0.044320
v -0.076865 0.286866 0.003015
v -0.066175 0.246968 -0.033208
v -0.054352 0.202845 -0.063731
v -0.041599 0.155251 -0.088029
v -0.028135 0.105000 -0.105689
v -0.014189 0.052953 -0.116407
v -0.007156 0.054352 0.716407
v -0.014189 0.107774 0.705689
v -0.020979 0.159352 0.688029
v -0.027410 0.208204 0.663731
v -0.033373 0.253493 0.633208
v -0.038764 0.294444 0.596985
v -0.043492 0.330358 0.555680
v -0.047476 0.360619 0.510000
v -0.050648 0.384710 0.460727
v -0.052953 0.402219 0.408704
v -0.054352 0.412845 0.354821
v -0.054821 0.416407 0.300000
v -0.054352 0.412845 0.245179
v -0.052953 0.402219 0.191296
v -0.050648 0.384710 0.139273
v -0.047476 0.360619 0.090000
v -0.043492 0.330358 0.044320
v -0.038764 0.294444 0.003015
v -0.033373 0.253493 -0.033208
v -0.027410 0.208204 -0.063731
v -0.020979 0.159352 -0.088029
v -0.014189 0.107774 -0.105689
v -0.007156 0.054352 -0.116407
v 0.000000 0.296985 0.596985
v 0.000000 0.363731 0.510000
v 0.000000 0.416407 0.354821
v 0.000000 0.416407 0.245179
v 0.000000 0.333209 0.044320
v 0.000000 0.108704 -0.105689
v 0.000000 0.036547 1.077605
v 0.000000 0.072469 1.070459
v 0.000000 0.140000 1.042487
v 0.000000 0.170453 1.022139
v 0.000000 0.258686 0.907151
v 0.000000 0.270459 0.872469
v 0.000000 0.277605 0.836547
v 0.000000 0.280000 0.800000
v 0.000000 0.270459 0.727531
v 0.000000 0.242487 0.660000
v 0.000000 0.197990 0.602010
v 0.000000 0.170453 0.577861
v 0.000000 0.140000 0.557513
v 0.000000 0.107151 0.541314
v 0.000000 0.072469 0.529541
v 0.000000 0.036547 0.522395
v 0.004770 0.036235 1.077605
v 0.009459 0.071849 1.070459
v 0.013986 0.106235 1.058686
v 0.018274 0.138802 1.042487
v 0.022249 0.168995 1.022139
v 0.025843 0.196296 0.997990
v 0.028995 0.220239 0.970453
v 0.031651 0.240413 0.940000
v 0.033765 0.256473 0.907151
v 0.035302 0.268145 0.872469
v 0.036235 0.275230 0.836547
v 0.036547 0.277605 0.800000
v 0.036235 0.275230 0.763453
v 0.035302 0.268145 0.727531
v 0.033765 0.256473 0.692849
v 0.031651 0.240413 0.660000
v 0.028995 0.220239 0.629547
v 0.025843 0.196296 0.602010
v 0.022249 0.168995 0.577861
v 0.018274 0.138802 0.557513
v 0.013986 0.106235 0.541314
v 0.009459 0.071849 0.529541
v 0.004770 0.036235 0.522395
v 0.009459 0.035302 1.077605
v 0.018756 0.070000 1.070459
v 0.027733 0.103500 1.058686
v 0.036235 0.135230 1.042487
v 0.044117 0.164645 1.022139
v 0.051244 0.191244 0.997990
v 0.057494 0.214570 0.970453
v 0.062760 0.234225 0.940000
v 0.066953 0.249872 0.907151
v 0.070000 0.261244 0.872469
v 0.071849 0.268145 0.836547
v 0.072469 0.270459 0.800000
v 0.071849 0.268145 0.763453
v 0.070000 0.261244 0.727531
v 0.066953 0.249872 0.692849
v 0.062760 0.234225 0.660000
v 0.057494 0.214570 0.629547
v 0.051244 0.191244 0.602010
v 0.044117 0.164645 0.577861
v 0.036235 0.135230 0.557513
v 0.027733 0.103500 0.541314
v 0.018756 0.070000 0.529541
v 0.009459 0.035302 0.522395
v 0.013986 0.033765 1.077605
v 0.027733 0.066953 1.070459
v 0.041005 0.098995 1.058686
v 0.053576 0.129343 1.042487
v 0.065230 0.157478 1.022139
v 0.075767 0.182919 0.997990
v 0.085009 0.205230 0.970453
v 0.092796 0.224029 0.940000
v 0.098995 0.238995 0.907151
v 0.103500 0.249872 0.872469
v 0.106235 0.256473 0.836547
v 0.107151 0.258686 0.800000
v 0.106235 0.256473 0.763453
v 0.103500 0.249872 0.727531
v 0.098995 0.238995 0.692849
v 0.092796 0.224029 0.660000
v 0.085009 0.205230 0.629547
v 0.075767 0.182919 0.602010
v 0.065230 0.157478 0.577861
v 0.053576 0.129343 0.557513
v 0.041005 0.098995 0.541314
v 0.027733 0.066953 0.529541
v 0.013986 0.033765 0.522395
v 0.018274 0.031651 1.077605
v 0.036235 0.062760 1.070459
v 0.053576 0.092796 1.058686
v 0.070000 0.121244 1.042487
v 0.085227 0.147617 1.022139
v 0.098995 0.171464 0.997990
v 0.111069 0.192378 0.970453
v 0.121244 0.210000 0.940000
v 0.129343 0.224029 0.907151
v 0.135230 0.234225 0.872469
v 0.138802 0.240413 0.836547
v 0.140000 0.242487 0.800000
v 0.138802 0.240413 0.763453
v 0.135230 0.234225 0.727531
v 0.129343 0.224029 0.692849
v 0.121244 0.210000 0.660000
v 0.111069 0.192378 0.629547
v 0.098995 0.171464 0.602010
v 0.085227 0.147617 0.577861
v 0.070000 0.121244 0.557513
v 0.053576 0.092796 0.541314
v 0.036235 0.062760 0.529541
v 0.018274 0.031651 0.522395
v 0.022249 0.028995 1.077605
v 0.044117 0.057494 1.070459
v 0.065230 0.085009 1.058686
v 0.085227 0.111069 1.042487
v 0.103765 0.135230 1.022139
v 0.120529 0.157076 0.997990
v 0.135230 0.176235 0.970453
v 0.147617 0.192378 0.940000
v 0.157478 0.205230 0.907151
v 0.164645 0.214570 0.872469
v 0.168995 0.220239 0.836547
v 0.170453 0.222139 0.800000
v 0.168995 0.220239 0.763453
v 0.164645 0.214570 0.727531
v 0.157478 0.205230 0.692849
v 0.147617 0.192378 0.660000
v 0.135230 0.176235 0.629547
v 0.120529 0.157076 0.602010
v 0.103765 0.135230 0.577861
v 0.085227 0.111069 0.557513
v 0.065230 0.085009 0.541314
v 0.044117 0.057494 0.529541
v 0.022249 0.028995 0.522395
v 0.000000 0.000000 1.080000
v 0.025843 0.025843 1.077605
v 0.051244 0.051244 1.070459
v 0.075767 0.075767 1.058686
v 0.098995 0.098995 1.042487
v 0.120529 0.120529 1.022139
v 0.140000 0.140000 0.997990
v 0.157076 0.157076 0.970453
v 0.171464 0.171464 0.940000
v 0.182919 0.182919 0.907151
v 0.191244 0.191244 0.872469
v 0.196296 0.196296 0.836547
v 0.197990 0.197990 0.800000
v 0.196296 0.196296 0.763453
v 0.191244 0.191244 0.727531
v 0.182919 0.182919 0.692849
v 0.171464 0.171464 0.660000
v 0.157076 0.157076 0.629547
v 0.140000 0.140000 0.602010
v 0.120529 0.120529 0.577861
v 0.098995 0.098995 0.557513
v 0.075767 0.075767 0.541314
v 0.051244 0.051244 0.529541
v 0.025843 0.025843 0.522395
v 0.028995 0.022249 1.077605
v 0.057494 0.044117 1.070459
v 0.085009 0.065230 1.058686
v 0.111069 0.085227 1.042487
v 0.135230 0.103765 1.022139
v 0.157076 0.120529 0.997990
v 0.176235 0.135230 0.970453
v 0.192378 0.147617 0.940000
v 0.205230 0.157478 0.907151
v 0.214570 0.164645 0.872469
v 0.220239 0.168995 0.836547
v 0.222139 0.170453 0.800000
v 0.220239 0.168995 0.763453
v 0.214570 0.164645 0.727531
v 0.205230 0.157478 0.692849
v 0.192378 0.147617 0.660000
v 0.176235 0.135230 0.629547
v 0.157076 0.120529 0.602010
v 0.135230 0.103765 0.577861
v 0.111069 0.085227 0.557513
v 0.085009 0.065230 0.541314
v 0.057494 0.044117 0.529541
v 0.028995 0.022249 0.522395
v 0.031651 0.018274 1.077605
v 0.062760 0.036235 1.070459
v 0.092796 0.053576 1.058686
v 0.121244 0.070000 1.042487
v 0.147617 0.085227 1.022139
v 0.171464 0.098995 0.997990
v 0.192378 0.111069 0.970453
v 0.210000 0.121244 0.940000
v 0.224029 0.129343 0.907151
v 0.234225 0.135230 0.872469
v 0.240413 0.138802 0.836547
v 0.242487 0.140000 0.800000
v 0.240413 0.138802 0.763453
v 0.234225 0.135230 0.727531
v 0.224029 0.129343 0.692849
v 0.210000 0.121244 0.660000
v 0.192378 0.111069 0.629547
v 0.171464 0.098995 0.602010
v 0.147617 0.085227 0.577861
v 0.121244 0.070000 0.557513
v 0.092796 0.053576 0.541314
v 0.062760 0.036235 0.529541
v 0.031651 0.018274 0.522395
v 0.033765 0.013986 1.077605
v 0.066953 0.027733 1.070459
v 0.098995 0.041005 1.058686
v 0.129343 0.053576 1.042487
v 0.157478 0.065230 1.022139
v 0.182919 0.075767 0.997990
v 0.205230 0.085009 0.970453
v 0.224029 0.092796 0.940000
v 0.238995 0.098995 0.907151
v 0.249872 0.103500 0.872469
v 0.256473 0.106235 0.836547
v 0.258686 0.107151 0.800000
v 0.256473 0.106235 0.763453
v 0.249872 0.103500 0.727531
v 0.238995 0.098995 0.692849
v 0.224029 0.092796 0.660000
v 0.205230 0.085009 0.629547
v 0.182919 0.075767 0.602010
v 0.157478 0.065230 0.577861
v 0.129343 0.053576 0.557513
v 0.098995 0.041005 0.541314
v 0.066953 0.027733 0.529541
v 0.033765 0.013986 0.522395
v 0.000000 0.000000 0.520000
v 0.035302 0.009459 1.077605
v 0.070000 0.018756 1.070459
v 0.103500 0.027733 1.058686
v 0.135230 0.036235 1.042487
v 0.164645 0.044117 1.022139
v 0.191244 0.051244 0.997990
v 0.214570 0.057494 0.970453
v 0.234225 0.062760 0.940000
v 0.249872 0.066953 0.907151
v 0.261244 0.070000 0.872469
v 0.268145 0.071849 0.836547
v 0.270459 0.072469 0.800000
v 0.268145 0.071849 0.763453
v 0.261244 0.070000 0.727531
v 0.249872 0.066953 0.692849
v 0.234225 0.062760 0.660000
v 0.214570 0.057494 0.629547
v 0.191244 0.051244 0.602010
v 0.164645 0.044117 0.577861
v 0.135230 0.036235 0.557513
v 0.103500 0.027733 0.541314
v 0.070000 0.018756 0.529541
v 0.035302 0.009459 0.522395
v 0.036235 0.004770 1.077605
v 0.071849 0.009459 1.070459
v 0.106235 0.013986 1.058686
v 0.138802 0.018274 1.042487
v 0.168995 0.022249 1.022139
v 0.196296 0.025843 0.997990
v 0.220239 0.028995 0.970453
v 0.240413 0.031651 0.940000
v 0.256473 0.033765 0.907151
v 0.268145 0.035302 0.872469
v 0.275230 0.036235 0.836547
v 0.277605 0.036547 0.800000
v 0.275230 0.036235 0.763453
v 0.268145 0.035302 0.727531
v 0.256473 0.033765 0.692849
v 0.240413 0.031651 0.660000
v 0.220239 0.028995 0.629547
v 0.196296 0.025843 0.602010
v 0.168995 0.022249 0.577861
v 0.138802 0.018274 0.557513
v 0.106235 0.013986 0.541314
v 0.071849 0.009459 0.529541
v 0.036235 0.004770 0.522395
v 0.036547 -0.000000 1.077605
v 0.072469 -0.000000 1.070459
v 0.107151 -0.000000 1.058686
v 0.140000 -0.000000 1.042487
v 0.170453 -0.000000 1.022139
v 0.197990 0.000000 0.997990
v 0.222139 -0.000000 0.970453
v 0.242487 -0.000000 0.940000
v 0.258686 -0.000000 0.907151
v 0.270459 -0.000000 0.872469
v 0.277605 -0.000000 0.836547
v 0.280000 -0.000000 0.800000
v 0.277605 -0.000000 0.763453
v 0.270459 -0.000000 0.727531
v 0.258686 -0.000000 0.692849
v 0.242487 -0.000000 0.660000
v 0.222139 -0.000000 0.629547
v 0.197990 0.000000 0.602010
v 0.170453 -0.000000 0.577861
v 0.140000 -0.000000 0.557513
v 0.107151 -0.000000 0.541314
v 0.072469 -0.000000 0.529541
v 0.036547 -0.000000 0.522395
v 0.036235 -0.004770 1.077605
v 0.071849 -0.009459 1.070459
v 0.106235 -0.013986 1.058686
v 0.138802 -0.018274 1.042487
v 0.168995 -0.022249 1.022139
v 0.196296 -0.025843 0.997990
v 0.220239 -0.028995 0.970453
v 0.240413 -0.031651 0.940000
v 0.256473 -0.033765 0.907151
v 0.268145 -0.035302 0.872469
v 0.275230 -0.036235 0.836547
v 0.277605 -0.036547 0.800000
v 0.275230 -0.036235 0.763453
v 0.268145 -0.035302 0.727531
v 0.256473 -0.033765 0.692849
v 0.240413 -0.031651 0.660000
v 0.220239 -0.028995 0.629547
v 0.196296 -0.025843 0.602010
v 0.168995 -0.022249 0.577861
v 0.138802 -0.018274 0.557513
v 0.106235 -0.013986 0.541314
v 0.071849 -0.009459 0.529541
v 0.036235 -0.004770 0.522395
v 0.035302 -0.009459 1.077605
v 0.070000 -0.018756 1.070459
v 0.103500 -0.027733 1.058686
v 0.135230 -0.036235 1.042487
v 0.164645 -0.044117 1.022139
v 0.191244 -0.051244 0.997990
v 0.214570 -0.057494 0.970453
v 0.234225 -0.062760 0.940000
v 0.249872 -0.066953 0.907151
v 0.261244 -0.070000 0.872469
v 0.268146 -0.071849 0.836547
v 0.270459 -0.072469 0.800000
v 0.268146 -0.071849 0.763453
v 0.261244 -0.070000 0.727531
v 0.249872 -0.066953 0.692849
v 0.234225 -0.062760 0.660000
v 0.214570 -0.057494 0.629547
v 0.191244 -0.051244 0.602010
v 0.164645 -0.044117 0.577861
v 0.135230 -0.036235 0.557513
v 0.103500 -0.027733 0.541314
v 0.070000 -0.018756 0.529541
v 0.035302 -0.009459 0.522395
v 0.033765 -0.013986 1.077605
v 0.066953 -0.027733 1.070459
v 0.098995 -0.041005 1.058686
v 0.129343 -0.053576 1.042487
v 0.157478 -0.065230 1.022139
v 0.182919 -0.075767 0.997990
v 0.205230 -0.085009 0.970453
v 0.224029 -0.092796 0.940000
v 0.238995 -0.098995 0.907151
v 0.249872 -0.103500 0.872469
v 0.256473 -0.106235 0.836547
v 0.258686 -0.107151 0.800000
v 0.256473 -0.106235 0.763453
v 0.249872 -0.103500 0.727531
v 0.238995 -0.098995 0.692849
v 0.224029 -0.092796 0.660000
v 0.205230 -0.085009 0.629547
v 0.182919 -0.075767 0.602010
v 0.157478 -0.065230 0.577861
v 0.129343 -0.053576 0.557513
v 0.098995 -0.041005 0.541314
v 0.066953 -0.027733 0.529541
v 0.033765 -0.013986 0.522395
v 0.031651 -0.018274 1.077605
v 0.062760 -0.036235 1.070459
v 0.092796 -0.053576 1.058686
v 0.121244 -0.070000 1.042487
v 0.147617 -0.085227 1.022139
v 0.171464 -0.098995 0.997990
v 0.192378 -0.111070 0.970453
v 0.210000 -0.121244 0.940000
v 0.224029 -0.129343 0.907151
v 0.234225 -0.135230 0.872469
v 0.240413 -0.138802 0.836547
v 0.242487 -0.140000 0.800000
v 0.240413 -0.138802 0.763453
v 0.234225 -0.135230 0.727531
v 0.224029 -0.129343 0.692849
v 0.210000 -0.121244 0.660000
v 0.192378 -0.111070 0.629547
v 0.171464 -0.098995 0.602010
v 0.147617 -0.085227 0.577861
v 0.121244 -0.070000 0.557513
v 0.092796 -0.053576 0.541314
v 0.062760 -0.036235 0.529541
v 0.031651 -0.018274 0.522395
v 0.028995 -0.022249 1.077605
v 0.057494 -0.044117 1.070459
v 0.085009 -0.065230 1.058686
v 0.111069 -0.085227 1.042487
v 0.135230 -0.103765 1.022139
v 0.157076 -0.120529 0.997990
v 0.176235 -0.135230 0.970453
v 0.192378 -0.147617 0.940000
v 0.205230 -0.157478 0.907151
v 0.214570 -0.164645 0.872469
v 0.220239 -0.168995 0.836547
v 0.222139 -0.170453 0.800000
v 0.220239 -0.168995 0.763453
v 0.214570 -0.164645 0.727531
v 0.205230 -0.157478 0.692849
v 0.192378 -0.147617 0.660000
v 0.176235 -0.135230 0.629547
v 0.157076 -0.120529 0.602010
v 0.135230 -0.103765 0.577861
v 0.111069 -0.085227 0.557513
v 0.085009 -0.065230 0.541314
v 0.057494 -0.044117 0.529541
v 0.028995 -0.022249 0.522395
v 0.025843 -0.025843 1.077605
v 0.051244 -0.051244 1.070459
v 0.075767 -0.075767 1.058686
v 0.098995 -0.098995 1.042487
v 0.120529 -0.120529 1.022139
v 0.140000 -0.140000 0.997990
v 0.157076 -0.157076 0.970453
v 0.171464 -0.171464 0.940000
v 0.182919 -0.182919 0.907151
v 0.191244 -0.191244 0.872469
v 0.196296 -0.196296 0.836547
v 0.197990 -0.197990 0.800000
v 0.196296 -0.196296 0.763453
v 0.191244 -0.191244 0.727531
v 0.182919 -0.182919 0.692849
v 0.171464 -0.171464 0.660000
v 0.157076 -0.157076 0.629547
v 0.140000 -0.140000 0.602010
v 0.120529 -0.120529 0.577861
v 0.098995 -0.098995 0.557513
v 0.075767 -0.075767 0.541314
v 0.051244 -0.051244 0.529541
v 0.025843 -0.025843 0.522395
v 0.022249 -0.028995 1.077605
v 0.044117 -0.057494 1.070459
v 0.065230 -0.085009 1.058686
v 0.085227 -0.111070 1.042487
v 0.103765 -0.135230 1.022139
v 0.120529 -0.157076 0.997990
v 0.135230 -0.176235 0.970453
v 0.147617 -0.192378 0.940000
v 0.157478 -0.205230 0.907151
v 0.164645 -0.214570 0.872469
v 0.168995 -0.220239 0.836547
v 0.170453 -0.222139 0.800000
v 0.168995 -0.220239 0.763453
v 0.164645 -0.214570 0.727531
v 0.157478 -0.205230 0.692849
v 0.147617 -0.192378 0.660000
v 0.135230 -0.176235 0.629547
v 0.120529 -0.157076 0.602010
v 0.103765 -0.135230 0.577861
v 0.085227 -0.111070 0.557513
v 0.065230 -0.085009 0.541314
v 0.044117 -0.057494 0.529541
v 0.022249 -0.028995 0.522395
v 0.018274 -0.031651 1.077605
v 0.036235 -0.062760 1.070459
v 0.053576 -0.092796 1.058686
v 0.070000 -0.121244 1.042487
v 0.085227 -0.147617 1.022139
v 0.098995 -0.171464 0.997990
v 0.111069 -0.192378 0.970453
v 0.121244 -0.210000 0.940000
v 0.129343 -0.224029 0.907151
v 0.135230 -0.234225 0.872469
v 0.138802 -0.240413 0.836547
v 0.140000 -0.242487 0.800000
v 0.138802 -0.240413 0.763453
v 0.135230 -0.234225 0.727531
v 0.129343 -0.224029 0.692849
v 0.121244 -0.210000 0.660000
v 0.111069 -0.192378 0.629547
v 0.098995 -0.171464 0.602010
v 0.085227 -0.147617 0.577861
v 0.070000 -0.121244 0.557513
v 0.053576 -0.092796 0.541314
v 0.036235 -0.062760 0.529541
v 0.018274 -0.031651 0.522395
v 0.013986 -0.033765 1.077605
v 0.027733 -0.066953 1.070459
v 0.041005 -0.098995 1.058686
v 0.053576 -0.129343 1.042487
v 0.065230 -0.157478 1.022139
v 0.075767 -0.182919 0.997990
v 0.085009 -0.205230 0.970453
v 0.092796 -0.224029 0.940000
v 0.098995 -0.238995 0.907151
v 0.103500 -0.249872 0.872469
v 0.106235 -0.256473 0.836547
v 0.107151 -0.258686 0.800000
v 0.106235 -0.256473 0.763453
v 0.103500 -0.249872 0.727531
v 0.098995 -0.238995 0.692849
v 0.092796 -0.224029 0.660000
v 0.085009 -0.205230 0.629547
v 0.075767 -0.182919 0.602010
v 0.065230 -0.157478 0.577861
v 0.053576 -0.129343 0.557513
v 0.041005 -0.098995 0.541314
v 0.027733 -0.066953 0.529541
v 0.013986 -0.033765 0.522395
v 0.009459 -0.035302 1.077605
v 0.018756 -0.070000 1.070459
v 0.027733 -0.103500 1.058686
v 0.036235 -0.135230 1.042487
v 0.044117 -0.164645 1.022139
v 0.051244 -0.191244 0.997990
v 0.057494 -0.214570 0.970453
v 0.062760 -0.234225 0.940000
v 0.066953 -0.249872 0.907151
v 0.070000 -0.261244 0.872469
v 0.071849 -0.268146 0.836547
v 0.072469 -0.270459 0.800000
v 0.071849 -0.268146 0.763453
v 0.070000 -0.261244 0.727531
v 0.066953 -0.249872 0.692849
v 0.062760 -0.234225 0.660000
v 0.057494 -0.214570 0.629547
v 0.051244 -0.191244 0.602010
v 0.044117 -0.164645 0.577861
v 0.036235 -0.135230 0.557513
v 0.027733 -0.103500 0.541314
v 0.018756 -0.070000 0.529541
v 0.009459 -0.035302 0.522395
v 0.004770 -0.036235 1.077605
v 0.009459 -0.071849 1.070459
v 0.013986 -0.106235 1.058686
v 0.018274 -0.138802 1.042487
v 0.022249 -0.168995 1.022139
v 0.025843 -0.196296 0.997990
v 0.028995 -0.220239 0.970453
v 0.031651 -0.240413 0.940000
v 0.033765 -0.256473 0.907151
v 0.035302 -0.268146 0.872469
v 0.036235 -0.275230 0.836547
v 0.036547 -0.277605 0.800000
v 0.036235 -0.275230 0.763453
v 0.035302 -0.268146 0.727531
v 0.033765 -0.256473 0.692849
v 0.031651 -0.240413 0.660000
v 0.028995 -0.220239 0.629547
v 0.025843 -0.196296 0.602010
v 0.022249 -0.168995 0.577861
v 0.018274 -0.138802 0.557513
v 0.013986 -0.106235 0.541314
v 0.009459 -0.071849 0.529541
v 0.004770 -0.036235 0.522395
v -0.000000 -0.036547 1.077605
v -0.000000 -0.072469 1.070459
v -0.000000 -0.107151 1.058686
v -0.000000 -0.140000 1.042487
v -0.000000 -0.170453 1.022139
v -0.000000 -0.197990 0.997990
v -0.000000 -0.222139 0.970453
v -0.000000 -0.242487 0.940000
v -0.000000 -0.258686 0.907151
v -0.000000 -0.270459 0.872469
v -0.000000 -0.277605 0.836547
v -0.000000 -0.280000 0.800000
v -0.000000 -0.277605 0.763453
v -0.000000 -0.270459 0.727531
v -0.000000 -0.258686 0.692849
v -0.000000 -0.242487 0.660000
v -0.000000 -0.222139 0.629547
v -0.000000 -0.197990 0.602010
v -0.000000 -0.170453 0.577861
v -0.000000 -0.140000 0.557513
v -0.000000 -0.107151 0.541314
v -0.000000 -0.072469 0.529541
v -0.000000 -0.036547 0.522395
v -0.004770 -0.036235 1.077605
v -0.009459 -0.071849 1.070459
v -0.013986 -0.106235 1.058686
v -0.018274 -0.138802 1.042487
v -0.022249 -0.168995 1.022139
v -0.025843 -0.196296 0.997990
v -0.028995 -0.220239 0.970453
v -0.031651 -0.240413 0.940000
v -0.033765 -0.256473 0.907151
v -0.035302 -0.268146 0.872469
v -0.036235 -0.275230 0.836547
v -0.036547 -0.277605 0.800000
v -0.036235 -0.275230 0.763453
v -0.035302 -0.268146 0.727531
v -0.033765 -0.256473 0.692849
v -0.031651 -0.240413 0.660000
v -0.028995 -0.220239 0.629547
v -0.025843 -0.196296 0.602010
v -0.022249 -0.168995 0.577861
v -0.018274 -0.138802 0.557513
v -0.013986 -0.106235 0.541314
v -0.009459 -0.071849 0.529541
v -0.004770 -0.036235 0.522395
v -0.009459 -0.035302 1.077605
v -0.018756 -0.070000 1.070459
v -0.027733 -0.103500 1.058686
v -0.036235 -0.135230 1.042487
v -0.044117 -0.164645 1.022139
v -0.051244 -0.191244 0.997990
v -0.057494 -0.214570 0.970453
v -0.062760 -0.234225 0.940000
v -0.066953 -0.249872 0.907151
v -0.070000 -0.261244 0.872469
v -0.071849 -0.268146 0.836547
v -0.072469 -0.270459 0.800000
v -0.071849 -0.268146 0.763453
v -0.070000 -0.261244 0.727531
v -0.066953 -0.249872 0.692849
v -0.062760 -0.234225 0.660000
v -0.057494 -0.214570 0.629547
v -0.051244 -0.191244 0.602010
v -0.044117 -0.164645 0.577861
v -0.036235 -0.135230 0.557513
v -0.027733 -0.103500 0.541314
v -0.018756 -0.070000 0.529541
v -0.009459 -0.035302 0.522395
v -0.013986 -0.033765 1.077605
v -0.027733 -0.066953 1.070459
v -0.041005 -0.098995 1.058686
v -0.053576 -0.129343 1.042487
v -0.065230 -0.157478 1.022139
v -0.075768 -0.182919 0.997990
v -0.085009 -0.205230 0.970453
v -0.092796 -0.224029 0.940000
v -0.098995 -0.238995 0.907151
v -0.103500 -0.249872 0.872469
v -0.106235 -0.256473 0.836547
v -0.107151 -0.258686 0.800000
v -0.106235 -0.256473 0.763453
v -0.103500 -0.249872 0.727531
v -0.098995 -0.238995 0.692849
v -0.092796 -0.224029 0.660000
v -0.085009 -0.205230 0.629547
v -0.075768 -0.182919 0.602010
v -0.065230 -0.157478 0.577861
v -0.053576 -0.129343 0.557513
v -0.041005 -0.098995 0.541314
v -0.027733 -0.066953 0.529541
v -0.013986 -0.033765 0.522395
v -0.018274 -0.031651 1.077605
v -0.036235 -0.062760 1.070459
v -0.053576 -0.092796 1.058686
v -0.070000 -0.121244 1.042487
v -0.085227 -0.147617 1.022139
v -0.098995 -0.171464 0.997990
v -0.111070 -0.192378 0.970453
v -0.121244 -0.210000 0.940000
v -0.129343 -0.224029 0.907151
v -0.135230 -0.234225 0.872469
v -0.138802 -0.240413 0.836547
v -0.140000 -0.242487 0.800000
v -0.138802 -0.240413 0.763453
v -0.135230 -0.234225 0.727531
v -0.129343 -0.224029 0.692849
v -0.121244 -0.210000 0.660000
v -0.111070 -0.192378 0.629547
v -0.098995 -0.171464 0.602010
v -0.085227 -0.147617 0.577861
v -0.070000 -0.121244 0.557513
v -0.053576 -0.092796 0.541314
v -0.036235 -0.062760 0.529541
v -0.018274 -0.031651 0.522395
v -0.022249 -0.028995 1.077605
v -0.044117 -0.057494 1.070459
v -0.065230 -0.085009 1.058686
v -0.085227 -0.111069 1.042487
v -0.103765 -0.135230 1.022139
v -0.120529 -0.157076 0.997990
v -0.135230 -0.176235 0.970453
v -0.147617 -0.192378 0.940000
v -0.157478 -0.205230 0.907151
v -0.164645 -0.214570 0.872469
v -0.168995 -0.220239 0.836547
v -0.170453 -0.222139 0.800000
v -0.168995 -0.220239 0.763453
v -0.164645 -0.214570 0.727531
v -0.157478 -0.205230 0.692849
v -0.147617 -0.192378 0.660000
v -0.135230 -0.176235 0.629547
v -0.120529 -0.157076 0.602010
v -0.103765 -0.135230 0.577861
v -0.085227 -0.111069 0.557513
v -0.065230 -0.085009 0.541314
v -0.044117 -0.057494 0.529541
v -0.022249 -0.028995 0.522395
v -0.025843 -0.025843 1.077605
v -0.051244 -0.051244 1.070459
v -0.075768 -0.075768 1.058686
v -0.098995 -0.098995 1.042487
v -0.120529 -0.120529 1.022139
v -0.140000 -0.140000 0.997990
v -0.157076 -0.157076 0.970453
v -0.171464 -0.171464 0.940000
v -0.182919 -0.182919 0.907151
v -0.191244 -0.191244 0.872469
v -0.196296 -0.196296 0.836547
v -0.197990 -0.197990 0.800000
v -0.196296 -0.196296 0.763453
v -0.191244 -0.191244 0.727531
v -0.182919 -0.182919 0.692849
v -0.171464 -0.171464 0.660000
v -0.157076 -0.157076 0.629547
v -0.140000 -0.140000 0.602010
v -0.120529 -0.120529 0.577861
v -0.098995 -0.098995 0.557513
v -0.075768 -0.075768 0.541314
v -0.051244 -0.051244 0.529541
v -0.025843 -0.025843 0.522395
v -0.028995 -0.022249 1.077605
v -0.057494 -0.044117 1.070459
v -0.085009 -0.065230 1.058686
v -0.111070 -0.085227 1.042487
v -0.135230 -0.103765 1.022139
v -0.157076 -0.120529 0.997990
v -0.176235 -0.135230 0.970453
v -0.192378 -0.147617 0.940000
v -0.205230 -0.157478 0.907151
v -0.214570 -0.164645 0.872469
v -0.220239 -0.168995 0.836547
v -0.222139 -0.170453 0.800000
v -0.220239 -0.168995 0.763453
v -0.214570 -0.164645 0.727531
v -0.205230 -0.157478 0.692849
v -0.192378 -0.147617 0.660000
v -0.176235 -0.135230 0.629547
v -0.157076 -0.120529 0.602010
v -0.135230 -0.103765 0.577861
v -0.111070 -0.085227 0.557513
v -0.085009 -0.065230 0.541314
v -0.057494 -0.044117 0.529541
v -0.028995 -0.022249 0.522395
v -0.031651 -0.018274 1.077605
v -0.062760 -0.036235 1.070459
v -0.092796 -0.053576 1.058686
v -0.121244 -0.070000 1.042487
v -0.147617 -0.085227 1.022139
v -0.171464 -0.098995 0.997990
v -0.192378 -0.111070 0.970453
v -0.210000 -0.121244 0.940000
v -0.224029 -0.129343 0.907151
v -0.234225 -0.135230 0.872469
v -0.240413 -0.138802 0.836547
v -0.242487 -0.140000 0.800000
v -0.240413 -0.138802 0.763453
v -0.234225 -0.135230 0.727531
v -0.224029 -0.129343 0.692849
v -0.210000 -0.121244 0.660000
v -0.192378 -0.111070 0.629547
v -0.171464 -0.098995 0.602010
v -0.147617 -0.085227 0.577861
v -0.121244 -0.070000 0.557513
v -0.092796 -0.053576 0.541314
v -0.062760 -0.036235 0.529541
v -0.031651 -0.018274 0.522395
v -0.033765 -0.013986 1.077605
v -0.066953 -0.027733 1.070459
v -0.098995 -0.041005 1.058686
v -0.129343 -0.053576 1.042487
v -0.157478 -0.065230 1.022139
v -0.182919 -0.075768 0.997990
v -0.205230 -0.085009 0.970453
v -0.224029 -0.092796 0.940000
v -0.238995 -0.098995 0.907151
v -0.249872 -0.103500 0.872469
v -0.256473 -0.106235 0.836547
v -0.258686 -0.107151 0.800000
v -0.256473 -0.106235 0.763453
v -0.249872 -0.103500 0.727531
v -0.238995 -0.098995 0.692849
v -0.224029 -0.092796 0.660000
v -0.205230 -0.085009 0.629547
v -0.182919 -0.075768 0.602010
v -0.157478 -0.065230 0.577861
v -0.129343 -0.053576 0.557513
v -0.098995 -0.041005 0.541314
v -0.066953 -0.027733 0.529541
v -0.033765 -0.013986 0.522395
v -0.035302 -0.009459 1.077605
v -0.070000 -0.018756 1.070459
v -0.103500 -0.027733 1.058686
v -0.135230 -0.036235 1.042487
v -0.164645 -0.044117 1.022139
v -0.191244 -0.051244 0.997990
v -0.214570 -0.057494 0.970453
v -0.234225 -0.062760 0.940000
v -0.249872 -0.066953 0.907151
v -0.261244 -0.070000 0.872469
v -0.268146 -0.071849 0.836547
v -0.270459 -0.072469 0.800000
v -0.268146 -0.071849 0.763453
v -0.261244 -0.070000 0.727531
v -0.249872 -0.066953 0.692849
v -0.234225 -0.062760 0.660000
v -0.214570 -0.057494 0.629547
v -0.191244 -0.051244 0.602010
v -0.164645 -0.044117 0.577861
v -0.135230 -0.036235 0.557513
v -0.103500 -0.027733 0.541314
v -0.070000 -0.018756 0.529541
v -0.035302 -0.009459 0.522395
v -0.036235 -0.004770 1.077605
v -0.071849 -0.009459 1.070459
v -0.106235 -0.013986 1.058686
v -0.138802 -0.018274 1.042487
v -0.168995 -0.022249 1.022139
v -0.196296 -0.025843 0.997990
v -0.220239 -0.028995 0.970453
v -0.240413 -0.031651 0.940000
v -0.256473 -0.033765 0.907151
v -0.268146 -0.035302 0.872469
v -0.275230 -0.036235 0.836547
v -0.277605 -0.036547 0.800000
v -0.275230 -0.036235 0.763453
v -0.268146 -0.035302 0.727531
v -0.256473 -0.033765 0.692849
v -0.240413 -0.031651 0.660000
v -0.220239 -0.028995 0.629547
v -0.196296 -0.025843 0.602010
v -0.168995 -0.022249 0.577861
v -0.138802 -0.018274 0.557513
v -0.106235 -0.013986 0.541314
v -0.071849 -0.009459 0.529541
v -0.036235 -0.004770 0.522395
v -0.036547 0.000000 1.077605
v -0.072469 0.000000 1.070459
v -0.107151 0.000000 1.058686
v -0.140000 0.000000 1.042487
v -0.170453 0.000000 1.022139
v -0.197990 0.000000 0.997990
v -0.222139 0.000000 0.970453
v -0.242487 0.000000 0.940000
v -0.258687 0.000000 0.907151
v -0.270459 0.000000 0.872469
v -0.277605 0.000000 0.836547
v -0.280000 0.000000 0.800000
v -0.277605 0.000000 0.763453
v -0.270459 0.000000 0.727531
v -0.258687 0.000000 0.692849
v -0.242487 0.000000 0.660000
v -0.222139 0.000000 0.629547
v -0.197990 0.000000 0.602010
v -0.170453 0.000000 0.577861
v -0.140000 0.000000 0.557513
v -0.107151 0.000000 0.541314
v -0.072469 0.000000 0.529541
v -0.036547 0.000000 0.522395
v -0.036235 0.004770 1.077605
v -0.071849 0.009459 1.070459
v -0.106235 0.013986 1.058686
v -0.138802 0.018274 1.042487
v -0.168995 0.022249 1.022139
v -0.196296 0.025843 0.997990
v -0.220239 0.028995 0.970453
v -0.240413 0.031651 0.940000
v -0.256473 0.033765 0.907151
v -0.268146 0.035302 0.872469
v -0.275230 0.036235 0.836547
v -0.277605 0.036547 0.800000
v -0.275230 0.036235 0.763453
v -0.268146 0.035302 0.727531
v -0.256473 0.033765 0.692849
v -0.240413 0.031651 0.660000
v -0.220239 0.028995 0.629547
v -0.196296 0.025843 0.602010
v -0.168995 0.022249 0.577861
v -0.138802 0.018274 0.557513
v -0.106235 0.013986 0.541314
v -0.071849 0.009459 0.529541
v -0.036235 0.004770 0.522395
v -0.035302 0.009459 1.077605
v -0.070000 0.018756 1.070459
v -0.103500 0.027733 1.058686
v -0.135230 0.036235 1.042487
v -0.164645 0.044117 1.022139
v -0.191244 0.051244 0.997990
v -0.214570 0.057494 0.970453
v -0.234225 0.062760 0.940000
v -0.249872 0.066953 0.907151
v -0.261244 0.070000 0.872469
v -0.268146 0.071850 0.836547
v -0.270459 0.072469 0.800000
v -0.268146 0.071850 0.763453
v -0.261244 0.070000 0.727531
v -0.249872 0.066953 0.692849
v -0.234225 0.062760 0.660000
v -0.214570 0.057494 0.629547
v -0.191244 0.051244 0.602010
v -0.164645 0.044117 0.577861
v -0.135230 0.036235 0.557513
v -0.103500 0.027733 0.541314
v -0.070000 0.018756 0.529541
v -0.035302 0.009459 0.522395
v -0.033765 0.013986 1.077605
v -0.066953 0.027733 1.070459
v -0.098995 0.041005 1.058686
v -0.129343 0.053576 1.042487
v -0.157478 0.065230 1.022139
v -0.182919 0.075768 0.997990
v -0.205230 0.085009 0.970453
v -0.224029 0.092796 0.940000
v -0.238995 0.098995 0.907151
v -0.249872 0.103500 0.872469
v -0.256473 0.106235 0.836547
v -0.258686 0.107152 0.800000
v -0.256473 0.106235 0.763453
v -0.249872 0.103500 0.727531
v -0.238995 0.098995 0.692849
v -0.224029 0.092796 0.660000
v -0.205230 0.085009 0.629547
v -0.182919 0.075768 0.602010
v -0.157478 0.065230 0.577861
v -0.129343 0.053576 0.557513
v -0.098995 0.041005 0.541314
v -0.066953 0.027733 0.529541
v -0.033765 0.013986 0.522395
v -0.031651 0.018274 1.077605
v -0.062760 0.036235 1.070459
v -0.092796 0.053576 1.058686
v -0.121244 0.070000 1.042487
v -0.147617 0.085227 1.022139
v -0.171464 0.098995 0.997990
v -0.192378 0.111070 0.970453
v -0.210000 0.121244 0.940000
v -0.224029 0.129343 0.907151
v -0.234225 0.135230 0.872469
v -0.240413 0.138803 0.836547
v -0.242487 0.140000 0.800000
v -0.240413 0.138803 0.763453
v -0.234225 0.135230 0.727531
v -0.224029 0.129343 0.692849
v -0.210000 0.121244 0.660000
v -0.192378 0.111070 0.629547
v -0.171464 0.098995 0.602010
v -0.147617 0.085227 0.577861
v -0.121244 0.070000 0.557513
v -0.092796 0.053576 0.541314
v -0.062760 0.036235 0.529541
v -0.031651 0.018274 0.522395
v -0.028995 0.022249 1.077605
v -0.057494 0.044117 1.070459
v -0.085009 0.065230 1.058686
v -0.111070 0.085227 1.042487
v -0.135230 0.103765 1.022139
v -0.157076 0.120529 0.997990
v -0.176235 0.135230 0.970453
v -0.192378 0.147617 0.940000
v -0.205230 0.157478 0.907151
v -0.214570 0.164645 0.872469
v -0.220239 0.168995 0.836547
v -0.222139 0.170453 0.800000
v -0.220239 0.168995 0.763453
v -0.214570 0.164645 0.727531
v -0.205230 0.157478 0.692849
v -0.192378 0.147617 0.660000
v -0.176235 0.135230 0.629547
v -0.157076 0.120529 0.602010
v -0.135230 0.103765 0.577861
v -0.111070 0.085227 0.557513
v -0.085009 0.065230 0.541314
v -0.057494 0.044117 0.529541
v -0.028995 0.022249 0.522395
v -0.025843 0.025843 1.077605
v -0.051244 0.051244 1.070459
v -0.075768 0.075768 1.058686
v -0.098995 0.098995 1.042487
v -0.120529 0.120529 1.022139
v -0.140000 0.140000 0.997990
v -0.157076 0.157076 0.970453
v -0.171464 0.171465 0.940000
v -0.182919 0.182919 0.907151
v -0.191244 0.191244 0.872469
v -0.196296 0.196296 0.836547
v -0.197990 0.197990 0.800000
v -0.196296 0.196296 0.763453
v -0.191244 0.191244 0.727531
v -0.182919 0.182919 0.692849
v -0.171464 0.171465 0.660000
v -0.157076 0.157076 0.629547
v -0.140000 0.140000 0.602010
v -0.120529 0.120529 0.577861
v -0.098995 0.098995 0.557513
v -0.075768 0.075768 0.541314
v -0.051244 0.051244 0.529541
v -0.025843 0.025843 0.522395
v -0.022249 0.028995 1.077605
v -0.044117 0.057494 1.070459
v -0.065230 0.085009 1.058686
v -0.085227 0.111070 1.042487
v -0.103765 0.135230 1.022139
v -0.120529 0.157076 0.997990
v -0.135230 0.176235 0.970453
v -0.147617 0.192378 0.940000
v -0.157478 0.205230 0.907151
v -0.164645 0.214570 0.872469
v -0.168995 0.220239 0.836547
v -0.170453 0.222139 0.800000
v -0.168995 0.220239 0.763453
v -0.164645 0.214570 0.727531
v -0.157478 0.205230 0.692849
v -0.147617 0.192378 0.660000
v -0.135230 0.176235 0.629547
v -0.120529 0.157076 0.602010
v -0.103765 0.135230 0.577861
v -0.085227 0.111070 0.557513
v -0.065230 0.085009 0.541314
v -0.044117 0.057494 0.529541
v -0.022249 0.028995 0.522395
v -0.018274 0.031651 1.077605
v -0.036235 0.062760 1.070459
v -0.053576 0.092796 1.058686
v -0.070000 0.121244 1.042487
v -0.085227 0.147617 1.022139
v -0.098995 0.171464 0.997990
v -0.111070 0.192378 0.970453
v -0.121244 0.210000 0.940000
v -0.129343 0.224029 0.907151
v -0.135230 0.234225 0.872469
v -0.138802 0.240413 0.836547
v -0.140000 0.242487 0.800000
v -0.138802 0.240413 0.763453
v -0.135230 0.234225 0.727531
v -0.129343 0.224029 0.692849
v -0.121244 0.210000 0.660000
v -0.111070 0.192378 0.629547
v -0.098995 0.171464 0.602010
v -0.085227 0.147617 0.577861
v -0.070000 0.121244 0.557513
v -0.053576 0.092796 0.541314
v -0.036235 0.062760 0.529541
v -0.018274 0.031651 0.522395
v -0.013986 0.033765 1.077605
v -0.027733 0.066953 1.070459
v -0.041005 0.098995 1.058686
v -0.053576 0.129343 1.042487
v -0.065230 0.157478 1.022139
v -0.075768 0.182919 0.997990
v -0.085009 0.205230 0.970453
v -0.092796 0.224029 0.940000
v -0.098995 0.238995 0.907151
v -0.103500 0.249872 0.872469
v -0.106235 0.256474 0.836547
v -0.107151 0.258687 0.800000
v -0.106235 0.256474 0.763453
v -0.103500 0.249872 0.727531
v -0.098995 0.238995 0.692849
v -0.092796 0.224029 0.660000
v -0.085009 0.205230 0.629547
v -0.075768 0.182919 0.602010
v -0.065230 0.157478 0.577861
v -0.053576 0.129343 0.557513
v -0.041005 0.098995 0.541314
v -0.027733 0.066953 0.529541
v -0.013986 0.033765 0.522395
v -0.009459 0.035302 1.077605
v -0.018756 0.070000 1.070459
v -0.027733 0.103500 1.058686
v -0.036235 0.135230 1.042487
v -0.044117 0.164645 1.022139
v -0.051244 0.191244 0.997990
v -0.057494 0.214570 0.970453
v -0.062760 0.234225 0.940000
v -0.066953 0.249872 0.907151
v -0.070000 0.261244 0.872469
v -0.071849 0.268146 0.836547
v -0.072469 0.270459 0.800000
v -0.071849 0.268146 0.763453
v -0.070000 0.261244 0.727531
v -0.066953 0.249872 0.692849
v -0.062760 0.234225 0.660000
v -0.057494 0.214570 0.629547
v -0.051244 0.191244 0.602010
v -0.044117 0.164645 0.577861
v -0.036235 0.135230 0.557513
v -0.027733 0.103500 0.541314
v -0.018756 0.070000 0.529541
v -0.009459 0.035302 0.522395
v -0.004770 0.036235 1.077605
v -0.009459 0.071849 1.070459
v -0.013986 0.106235 1.058686
v -0.018274 0.138802 1.042487
v -0.022249 0.168995 1.022139
v -0.025843 0.196296 0.997990
v -0.028995 0.220239 0.970453
v -0.031651 0.240413 0.940000
v -0.033765 0.256473 0.907151
v -0.035302 0.268146 0.872469
v -0.036235 0.275230 0.836547
v -0.036547 0.277605 0.800000
v -0.036235 0.275230 0.763453
v -0.035302 0.268146 0.727531
v -0.033765 0.256473 0.692849
v -0.031651 0.240413 0.660000
v -0.028995 0.220239 0.629547
v -0.025843 0.196296 0.602010
v -0.022249 0.168995 0.577861
v -0.018274 0.138802 0.557513
v -0.013986 0.106235 0.541314
v -0.009459 0.071849 0.529541
v -0.004770 0.036235 0.522395
v 0.000000 0.107151 1.058686
v 0.000000 0.197990 0.997990
v 0.000000 0.222139 0.970453
v 0.000000 0.242487 0.940000
v 0.000000 0.277605 0.763453
v 0.000000 0.258687 0.692849
v 0.000000 0.222139 0.629547
f 5 4 21 22
f 15 14 36 37
f 1104 9 29 30
f 1101 5 22 23
f 16 15 37 38
f 10 1104 30 31
f 6 1101 23 24
f 1106 16 38 39
f 11 10 31 32
f 1102 6 24 25
f 17 1106 39 40
f 1 225 18
f 12 11 32 33
f 7 1102 25 26
f 640 17 40
f 2 1 18 19
f 1105 12 33 34
f 8 7 26 27
f 3 2 19 20
f 13 1105 34 35
f 1103 8 27 28
f 4 3 20 21
f 14 13 35 36
f 9 1103 28 29
f 20 19 42 43
f 35 34 57 58
f 28 27 50 51
f 21 20 43 44
f 36 35 58 59
f 29 28 51 52
f 22 21 44 45
f 37 36 59 60
f 30 29 52 53
f 23 22 45 46
f 38 37 60 61
f 31 30 53 54
f 24 23 46 47
f 39 38 61 62
f 32 31 54 55
f 25 24 47 48
f 40 39 62 63
f 18 225 41
f 33 32 55 56
f 26 25 48 49
f 640 40 63
f 19 18 41 42
f 34 33 56 57
f 27 26 49 50
f 46 45 68 69
f 61 60 83 84
f 54 53 76 77
f 47 46 69 70
f 62 61 84 85
f 55 54 77 78
f 48 47 70 71
f 63 62 85 86
f 41 225 64
f 56 55 78 79
f 49 48 71 72
f 640 63 86
f 42 41 64 65
f 57 56 79 80
f 50 49 72 73
f 43 42 65 66
f 58 57 80 81
f 51 50 73 74
f 44 43 66 67
f 59 58 81 82
f 52 51 74 75
f 45 44 67 68
f 60 59 82 83
f 53 52 75 76
f 79 78 101 102
f 72 71 94 95
f 640 86 109
f 65 64 87 88
f 80 79 102 103
f 73 72 95 96
f 66 65 88 89
f 81 80 103 104
f 74 73 96 97
f 67 66 89 90
f 82 81 104 105
f 75 74 97 98
f 68 67 90 91
f 83 82 105 106
f 76 75 98 99
f 69 68 91 92
f 84 83 106 107
f 77 76 99 100
f 70 69 92 93
f 85 84 107 108
f 78 77 100 101
f 71 70 93 94
f 86 85 108 109
f 64 225 87
f 90 89 112 113
f 105 104 127 128
f 98 97 120 121
f 91 90 113 114
f 106 105 128 129
f 99 98 121 122
f 92 91 114 115
f 107 106 129 130
f 100 99 122 123
f 93 92 115 116
f 108 107 130 131
f 101 100 123 124
f 94 93 116 117
f 109 108 131 132
f 87 225 110
f 102 101 124 125
f 95 94 117 118
f 640 109 132
f 88 87 110 111
f 103 102 125 126
f 96 95 118 119
f 89 88 111 112
f 104 103 126 127
f 97 96 119 120
f 116 115 138 139
f 131 130 153 154
f 124 123 146 147
f 117 116 139 140
f 132 131 154 155
f 110 225 133
f 125 124 147 148
f 118 117 140 141
f 640 132 155
f 111 110 133 134
f 126 125 148 149
f 119 118 141 142
f 112 111 134 135
f 127 126 149 150
f 120 119 142 143
f 113 112 135 136
f 128 127 150 151
f 121 120 143 144
f 114 113 136 137
f 129 128 151 152
f 122 121 144 145
f 115 114 137 138
f 130 129 152 153
f 123 122 145 146
f 149 148 171 172
f 142 141 164 165
f 135 134 157 158
f 150 149 172 173
f 143 142 165 166
f 136 135 158 159
f 151 150 173 174
f 144 143 166 167
f 137 136 159 160
f 152 151 174 175
f 145 144 167 168
f 138 137 160 161
f 153 152 175 176
f 146 145 168 169
f 139 138 161 162
f 154 153 176 177
f 147 146 169 170
f 140 139 162 163
f 155 154 177 178
f 133 225 156
f 148 147 170 171
f 141 140 163 164
f 640 155 178
f 134 133 156 157
f 160 159 182 183
f 175 174 197 198
f 168 167 190 191
f 161 160 183 184
f 176 175 198 199
f 169 168 191 192
f 162 161 184 185
f 177 176 199 200
f 170 169 192 193
f 163 162 185 186
f 178 177 200 201
f 156 225 179
f 171 170 193 194
f 164 163 186 187
f 640 178 201
f 157 156 179 180
f 172 171 194 195
f 165 164 187 188
f 158 157 180 181
f 173 172 195 196
f 166 165 188 189
f 159 158 181 182
f 174 173 196 197
f 167 166 189 190
f 186 185 208 209
f 201 200 223 224
f 179 225 202
f 194 193 216 217
f 187 186 209 210
f 640 201 224
f 180 179 202 203
f 195 194 217 218
f 188 187 210 211
f 181 180 203 204
f 196 195 218 219
f 189 188 211 212
f 182 181 204 205
f 197 196 219 220
f 190 189 212 213
f 183 182 205 206
f 198 197 220 221
f 191 190 213 214
f 184 183 206 207
f 199 198 221 222
f 192 191 214 215
f 185 184 207 208
f 200 199 222 223
f 193 192 215 216
f 219 218 242 243
f 212 211 235 236
f 205 204 228 229
f 220 219 243 244
f 213 212 236 237
f 206 205 229 230
f 221 220 244 245
f 214 213 237 238
f 207 206 230 231
f 222 221 245 246
f 215 214 238 239
f 208 207 231 232
f 223 222 246 247
f 216 215 239 240
f 209 208 232 233
f 224 223 247 248
f 202 225 226
f 217 216 240 241
f 210 209 233 234
f 640 224 248
f 203 202 226 227
f 218 217 241 242
f 211 210 234 235
f 204 203 227 228
f 231 230 253 254
f 246 245 268 269
f 239 238 261 262
f 232 231 254 255
f 247 246 269 270
f 240 239 262 263
f 233 232 255 256
f 248 247 270 271
f 226 225 249
f 241 240 263 264
f 234 233 256 257
f 640 248 271
f 227 226 249 250
f 242 241 264 265
f 235 234 257 258
f 228 227 250 251
f 243 242 265 266
f 236 235 258 259
f 229 228 251 252
f 244 243 266 267
f 237 236 259 260
f 230 229 252 253
f 245 244 267 268
f 238 237 260 261
f 257 256 279 280
f 640 271 294
f 250 249 272 273
f 265 264 287 288
f 258 257 280 281
f 251 250 273 274
f 266 265 288 289
f 259 258 281 282
f 252 251 274 275
f 267 266 289 290
f 260 259 282 283
f 253 252 275 276
f 268 267 290 291
f 261 260 283 284
f 254 253 276 277
f 269 268 291 292
f 262 261 284 285
f 255 254 277 278
f 270 269 292 293
f 263 262 285 286
f 256 255 278 279
f 271 270 293 294
f 249 225 272
f 264 263 286 287
f 290 289 312 313
f 283 282 305 306
f 276 275 298 299
f 291 290 313 314
f 284 283 306 307
f 277 276 299 300
f 292 291 314 315
f 285 284 307 308
f 278 277 300 301
f 293 292 315 316
f 286 285 308 309
f 279 278 301 302
f 294 293 316 317
f 272 225 295
f 287 286 309 310
f 280 279 302 303
f 640 294 317
f 273 272 295 296
f 288 287 310 311
f 281 280 303 304
f 274 273 296 297
f 289 288 311 312
f 282 281 304 305
f 275 274 297 298
f 301 300 323 324
f 316 315 338 339
f 309 308 331 332
f 302 301 324 325
f 317 316 339 340
f 295 225 318
f 310 309 332 333
f 303 302 325 326
f 640 317 340
f 296 295 318 319
f 311 310 333 334
f 304 303 326 327
f 297 296 319 320
f 312 311 334 335
f 305 304 327 328
f 298 297 320 321
f 313 312 335 336
f 306 305 328 329
f 299 298 321 322
f 314 313 336 337
f 307 306 329 330
f 300 299 322 323
f 315 314 337 338
f 308 307 330 331
f 327 326 349 350
f 320 319 342 343
f 335 334 357 358
f 328 327 350 351
f 321 320 343 344
f 336 335 358 359
f 329 328 351 352
f 322 321 344 345
f 337 336 359 360
f 330 329 352 353
f 323 322 345 346
f 338 337 360 361
f 331 330 353 354
f 324 323 346 347
f 339 338 361 362
f 332 331 354 355
f 325 324 347 348
f 340 339 362 363
f 318 225 341
f 333 332 355 356
f 326 325 348 349
f 640 340 363
f 319 318 341 342
f 334 333 356 357
f 360 359 382 383
f 353 352 375 376
f 346 345 368 369
f 361 360 383 384
f 354 353 376 377
f 347 346 369 370
f 362 361 384 385
f 355 354 377 378
f 348 347 370 371
f 363 362 385 386
f 341 225 364
f 356 355 378 379
f 349 348 371 372
f 640 363 386
f 342 341 364 365
f 357 356 379 380
f 350 349 372 373
f 343 342 365 366
f 358 357 380 381
f 351 350 373 374
f 344 343 366 367
f 359 358 381 382
f 352 351 374 375
f 345 344 367 368
f 371 370 393 394
f 386 385 408 409
f 364 225 387
f 379 378 401 402
f 372 371 394 395
f 640 386 409
f 365 364 387 388
f 380 379 402 403
f 373 372 395 396
f 366 365 388 389
f 381 380 403 404
f 374 373 396 397
f 367 366 389 390
f 382 381 404 405
f 375 374 397 398
f 368 367 390 391
f 383 382 405 406
f 376 375 398 399
f 369 368 391 392
f 384 383 406 407
f 377 376 399 400
f 370 369 392 393
f 385 384 407 408
f 378 377 400 401
f 397 396 419 420
f 390 389 412 413
f 405 404 427 428
f 398 397 420 421
f 391 390 413 414
f 406 405 428 429
f 399 398 421 422
f 392 391 414 415
f 407 406 429 430
f 400 399 422 423
f 393 392 415 416
f 408 407 430 431
f 401 400 423 424
f 394 393 416 417
f 409 408 431 432
f 387 225 410
f 402 401 424 425
f 395 394 417 418
f 640 409 432
f 388 387 410 411
f 403 402 425 426
f 396 395 418 419
f 389 388 411 412
f 404 403 426 427
f 430 429 452 453
f 423 422 445 446
f 416 415 438 439
f 431 430 453 454
f 424 423 446 447
f 417 416 439 440
f 432 431 454 455
f 410 225 433
f 425 424 447 448
f 418 417 440 441
f 640 432 455
f 411 410 433 434
f 426 425 448 449
f 419 418 441 442
f 412 411 434 435
f 427 426 449 450
f 420 419 442 443
f 413 412 435 436
f 428 427 450 451
f 421 420 443 444
f 414 413 436 437
f 429 428 451 452
f 422 421 444 445
f 415 414 437 438
f 441 440 463 464
f 640 455 478
f 434 433 456 457
f 449 448 471 472
f 442 441 464 465
f 435 434 457 458
f 450 449 472 473
f 443 442 465 466
f 436 435 458 459
f 451 450 473 474
f 444 443 466 467
f 437 436 459 460
f 452 451 474 475
f 445 444 467 468
f 438 437 460 461
f 453 452 475 476
f 446 445 468 469
f 439 438 461 462
f 454 453 476 477
f 447 446 469 470
f 440 439 462 463
f 455 454 477 478
f 433 225 456
f 448 447 470 471
f 467 466 489 490
f 460 459 482 483
f 475 474 497 498
f 468 467 490 491
f 461 460 483 484
f 476 475 498 499
f 469 468 491 492
f 462 461 484 485
f 477 476 499 500
f 470 469 492 493
f 463 462 485 486
f 478 477 500 501
f 456 225 479
f 471 470 493 494
f 464 463 486 487
f 640 478 501
f 457 456 479 480
f 472 471 494 495
f 465 464 487 488
f 458 457 480 481
f 473 472 495 496
f 466 465 488 489
f 459 458 481 482
f 474 473 496 497
f 500 499 522 523
f 493 492 515 516
f 486 485 508 509
f 501 500 523 524
f 479 225 502
f 494 493 516 517
f 487 486 509 510
f 640 501 524
f 480 479 502 503
f 495 494 517 518
f 488 487 510 511
f 481 480 503 504
f 496 495 518 519
f 489 488 511 512
f 482 481 504 505
f 497 496 519 520
f 490 489 512 513
f 483 482 505 506
f 498 497 520 521
f 491 490 513 514
f 484 483 506 507
f 499 498 521 522
f 492 491 514 515
f 485 484 507 508
f 511 510 533 534
f 504 503 526 527
f 519 518 541 542
f 512 511 534 535
f 505 504 527 528
f 520 519 542 543
f 513 512 535 536
f 506 505 528 529
f 521 520 543 544
f 514 513 536 537
f 507 506 529 530
f 522 521 544 545
f 515 514 537 538
f 508 507 530 531
f 523 522 545 546
f 516 515 538 539
f 509 508 531 532
f 524 523 546 547
f 502 225 525
f 517 516 539 540
f 510 509 532 533
f 640 524 547
f 503 502 525 526
f 518 517 540 541
f 537 536 559 560
f 530 529 552 553
f 545 544 567 568
f 538 537 560 561
f 531 530 553 554
f 546 545 568 569
f 539 538 561 562
f 532 531 554 555
f 547 546 569 570
f 525 225 548
f 540 539 562 563
f 533 532 555 556
f 640 547 570
f 526 525 548 549
f 541 540 563 564
f 534 533 556 557
f 527 526 549 550
f 542 541 564 565
f 535 534 557 558
f 528 527 550 551
f 543 542 565 566
f 536 535 558 559
f 529 528 551 552
f 544 543 566 567
f 570 569 592 593
f 548 225 571
f 563 562 585 586
f 556 555 578 579
f 640 570 593
f 549 548 571 572
f 564 563 586 587
f 557 556 579 580
f 550 549 572 573
f 565 564 587 588
f 558 557 580 581
f 551 550 573 574
f 566 565 588 589
f 559 558 581 582
f 552 551 574 575
f 567 566 589 590
f 560 559 582 583
f 553 552 575 576
f 568 567 590 591
f 561 560 583 584
f 554 553 576 577
f 569 568 591 592
f 562 561 584 585
f 555 554 577 578
f 581 580 603 604
f 574 573 596 597
f 589 588 611 612
f 582 581 604 605
f 575 574 597 598
f 590 589 612 613
f 583 582 605 606
f 576 575 598 599
f 591 590 613 614
f 584 583 606 607
f 577 576 599 600
f 592 591 614 615
f 585 584 607 608
f 578 577 600 601
f 593 592 615 616
f 571 225 594
f 586 585 608 609
f 579 578 601 602
f 640 593 616
f 572 571 594 595
f 587 586 609 610
f 580 579 602 603
f 573 572 595 596
f 588 587 610 611
f 607 606 629 630
f 600 599 622 623
f 615 614 637 638
f 608 607 630 631
f 601 600 623 624
f 616 615 638 639
f 594 225 617
f 609 608 631 632
f 602 601 624 625
f 640 616 639
f 595 594 617 618
f 610 609 632 633
f 603 602 625 626
f 596 595 618 619
f 611 610 633 634
f 604 603 626 627
f 597 596 619 620
f 612 611 634 635
f 605 604 627 628
f 598 597 620 621
f 613 612 635 636
f 606 605 628 629
f 599 598 621 622
f 614 613 636 637
f 640 639 663
f 618 617 641 642
f 633 632 656 657
f 626 625 649 650
f 619 618 642 643
f 634 633 657 658
f 627 626 650 651
f 620 619 643 644
f 635 634 658 659
f 628 627 651 652
f 621 620 644 645
f 636 635 659 660
f 629 628 652 653
f 622 621 645 646
f 637 636 660 661
f 630 629 653 654
f 623 622 646 647
f 638 637 661 662
f 631 630 654 655
f 624 623 647 648
f 639 638 662 663
f 617 225 641
f 632 631 655 656
f 625 624 648 649
f 652 651 674 675
f 645 644 667 668
f 660 659 682 683
f 653 652 675 676
f 646 645 668 669
f 661 660 683 684
f 654 653 676 677
f 647 646 669 670
f 662 661 684 685
f 655 654 677 678
f 648 647 670 671
f 663 662 685 686
f 641 225 664
f 656 655 678 679
f 649 648 671 672
f 640 663 686
f 642 641 664 665
f 657 656 679 680
f 650 649 672 673
f 643 642 665 666
f 658 657 680 681
f 651 650 673 674
f 644 643 666 667
f 659 658 681 682
f 678 677 700 701
f 671 670 693 694
f 686 685 708 709
f 664 225 687
f 679 678 701 702
f 672 671 694 695
f 640 686 709
f 665 664 687 688
f 680 679 702 703
f 673 672 695 696
f 666 665 688 689
f 681 680 703 704
f 674 673 696 697
f 667 666 689 690
f 682 681 704 705
f 675 674 697 698
f 668 667 690 691
f 683 682 705 706
f 676 675 698 699
f 669 668 691 692
f 684 683 706 707
f 677 676 699 700
f 670 669 692 693
f 685 684 707 708
f 689 688 711 712
f 704 703 726 727
f 697 696 719 720
f 690 689 712 713
f 705 704 727 728
f 698 697 720 721
f 691 690 713 714
f 706 705 728 729
f 699 698 721 722
f 692 691 714 715
f 707 706 729 730
f 700 699 722 723
f 693 692 715 716
f 708 707 730 731
f 701 700 723 724
f 694 693 716 717
f 709 708 731 732
f 687 225 710
f 702 701 724 725
f 695 694 717 718
f 640 709 732
f 688 687 710 711
f 703 702 725 726
f 696 695 718 719
f 722 721 744 745
f 715 714 737 738
f 730 729 752 753
f 723 722 745 746
f 716 715 738 739
f 731 730 753 754
f 724 723 746 747
f 717 716 739 740
f 732 731 754 755
f 710 225 733
f 725 724 747 748
f 718 717 740 741
f 640 732 755
f 711 710 733 734
f 726 725 748 749
f 719 718 741 742
f 712 711 734 735
f 727 726 749 750
f 720 719 742 743
f 713 712 735 736
f 728 727 750 751
f 721 720 743 744
f 714 713 736 737
f 729 728 751 752
f 733 225 756
f 748 747 770 771
f 741 740 763 764
f 640 755 778
f 734 733 756 757
f 749 748 771 772
f 742 741 764 765
f 735 734 757 758
f 750 749 772 773
f 743 742 765 766
f 736 735 758 759
f 751 750 773 774
f 744 743 766 767
f 737 736 759 760
f 752 751 774 775
f 745 744 767 768
f 738 737 760 761
f 753 752 775 776
f 746 745 768 769
f 739 738 761 762
f 754 753 776 777
f 747 746 769 770
f 740 739 762 763
f 755 754 777 778
f 759 758 781 782
f 774 773 796 797
f 767 766 789 790
f 760 759 782 783
f 775 774 797 798
f 768 767 790 791
f 761 760 783 784
f 776 775 798 799
f 769 768 791 792
f 762 761 784 785
f 777 776 799 800
f 770 769 792 793
f 763 762 785 786
f 778 777 800 801
f 756 225 779
f 771 770 793 794
f 764 763 786 787
f 640 778 801
f 757 756 779 780
f 772 771 794 795
f 765 764 787 788
f 758 757 780 781
f 773 772 795 796
f 766 765 788 789
f 796 795 818 819
f 789 788 811 812
f 782 781 804 805
f 797 796 819 820
f 790 789 812 813
f 783 782 805 806
f 798 797 820 821
f 791 790 813 814
f 784 783 806 807
f 799 798 821 822
f 792 791 814 815
f 785 784 807 808
f 800 799 822 823
f 793 792 815 816
f 786 785 808 809
f 801 800 823 824
f 779 225 802
f 794 793 816 817
f 787 786 809 810
f 640 801 824
f 780 779 802 803
f 795 794 817 818
f 788 787 810 811
f 781 780 803 804
f 807 806 829 830
f 822 821 844 845
f 815 814 837 838
f 808 807 830 831
f 823 822 845 846
f 816 815 838 839
f 809 808 831 832
f 824 823 846 847
f 802 225 825
f 817 816 839 840
f 810 809 832 833
f 640 824 847
f 803 802 825 826
f 818 817 840 841
f 811 810 833 834
f 804 803 826 827
f 819 818 841 842
f 812 811 834 835
f 805 804 827 828
f 820 819 842 843
f 813 812 835 836
f 806 805 828 829
f 821 820 843 844
f 814 813 836 837
f 833 832 855 856
f 640 847 870
f 826 825 848 849
f 841 840 863 864
f 834 833 856 857
f 827 826 849 850
f 842 841 864 865
f 835 834 857 858
f 828 827 850 851
f 843 842 865 866
f 836 835 858 859
f 829 828 851 852
f 844 843 866 867
f 837 836 859 860
f 830 829 852 853
f 845 844 867 868
f 838 837 860 861
f 831 830 853 854
f 846 845 868 869
f 839 838 861 862
f 832 831 854 855
f 847 846 869 870
f 825 225 848
f 840 839 862 863
f 866 865 888 889
f 859 858 881 882
f 852 851 874 875
f 867 866 889 890
f 860 859 882 883
f 853 852 875 876
f 868 867 890 891
f 861 860 883 884
f 854 853 876 877
f 869 868 891 892
f 862 861 884 885
f 855 854 877 878
f 870 869 892 893
f 848 225 871
f 863 862 885 886
f 856 855 878 879
f 640 870 893
f 849 848 871 872
f 864 863 886 887
f 857 856 879 880
f 850 849 872 873
f 865 864 887 888
f 858 857 880 881
f 851 850 873 874
f 877 876 899 900
f 892 891 914 915
f 885 884 907 908
f 878 877 900 901
f 893 892 915 916
f 871 225 894
f 886 885 908 909
f 879 878 901 902
f 640 893 916
f 872 871 894 895
f 887 886 909 910
f 880 879 902 903
f 873 872 895 896
f 888 887 910 911
f 881 880 903 904
f 874 873 896 897
f 889 888 911 912
f 882 881 904 905
f 875 874 897 898
f 890 889 912 913
f 883 882 905 906
f 876 875 898 899
f 891 890 913 914
f 884 883 906 907
f 903 902 925 926
f 896 895 918 919
f 911 910 933 934
f 904 903 926 927
f 897 896 919 920
f 912 911 934 935
f 905 904 927 928
f 898 897 920 921
f 913 912 935 936
f 906 905 928 929
f 899 898 921 922
f 914 913 936 937
f 907 906 929 930
f 900 899 922 923
f 915 914 937 938
f 908 907 930 931
f 901 900 923 924
f 916 915 938 939
f 894 225 917
f 909 908 931 932
f 902 901 924 925
f 640 916 939
f 895 894 917 918
f 910 909 932 933
f 936 935 958 959
f 929 928 951 952
f 922 921 944 945
f 937 936 959 960
f 930 929 952 953
f 923 922 945 946
f 938 937 960 961
f 931 930 953 954
f 924 923 946 947
f 939 938 961 962
f 917 225 940
f 932 931 954 955
f 925 924 947 948
f 640 939 962
f 918 917 940 941
f 933 932 955 956
f 926 925 948 949
f 919 918 941 942
f 934 933 956 957
f 927 926 949 950
f 920 919 942 943
f 935 934 957 958
f 928 927 950 951
f 921 920 943 944
f 947 946 969 970
f 962 961 984 985
f 940 225 963
f 955 954 977 978
f 948 947 970 971
f 640 962 985
f 941 940 963 964
f 956 955 978 979
f 949 948 971 972
f 942 941 964 965
f 957 956 979 980
f 950 949 972 973
f 943 942 965 966
f 958 957 980 981
f 951 950 973 974
f 944 943 966 967
f 959 958 981 982
f 952 951 974 975
f 945 944 967 968
f 960 959 982 983
f 953 952 975 976
f 946 945 968 969
f 961 960 983 984
f 954 953 976 977
f 973 972 995 996
f 966 965 988 989
f 981 980 1003 1004
f 974 973 996 997
f 967 966 989 990
f 982 981 1004 1005
f 975 974 997 998
f 968 967 990 991
f 983 982 1005 1006
f 976 975 998 999
f 969 968 991 992
f 984 983 1006 1007
f 977 976 999 1000
f 970 969 992 993
f 985 984 1007 1008
f 963 225 986
f 978 977 1000 1001
f 971 970 993 994
f 640 985 1008
f 964 963 986 987
f 979 978 1001 1002
f 972 971 994 995
f 965 964 987 988
f 980 979 1002 1003
f 1006 1005 1028 1029
f 999 998 1021 1022
f 992 991 1014 1015
f 1007 1006 1029 1030
f 1000 999 1022 1023
f 993 992 1015 1016
f 1008 1007 1030 1031
f 986 225 1009
f 1001 1000 1023 1024
f 994 993 1016 1017
f 640 1008 1031
f 987 986 1009 1010
f 1002 1001 1024 1025
f 995 994 1017 1018
f 988 987 1010 1011
f 1003 1002 1025 1026
f 996 995 1018 1019
f 989 988 1011 1012
f 1004 1003 1026 1027
f 997 996 1019 1020
f 990 989 1012 1013
f 1005 1004 1027 1028
f 998 997 1020 1021
f 991 990 1013 1014
f 1017 1016 1039 1040
f 640 1031 1054
f 1010 1009 1032 1033
f 1025 1024 1047 1048
f 1018 1017 1040 1041
f 1011 1010 1033 1034
f 1026 1025 1048 1049
f 1019 1018 1041 1042
f 1012 1011 1034 1035
f 1027 1026 1049 1050
f 1020 1019 1042 1043
f 1013 1012 1035 1036
f 1028 1027 1050 1051
f 1021 1020 1043 1044
f 1014 1013 1036 1037
f 1029 1028 1051 1052
f 1022 1021 1044 1045
f 1015 1014 1037 1038
f 1030 1029 1052 1053
f 1023 1022 1045 1046
f 1016 1015 1038 1039
f 1031 1030 1053 1054
f 1009 225 1032
f 1024 1023 1046 1047
f 1043 1042 1065 1066
f 1036 1035 1058 1059
f 1051 1050 1073 1074
f 1044 1043 1066 1067
f 1037 1036 1059 1060
f 1052 1051 1074 1075
f 1045 1044 1067 1068
f 1038 1037 1060 1061
f 1053 1052 1075 1076
f 1046 1045 1068 1069
f 1039 1038 1061 1062
f 1054 1053 1076 1077
f 1032 225 1055
f 1047 1046 1069 1070
f 1040 1039 1062 1063
f 640 1054 1077
f 1033 1032 1055 1056
f 1048 1047 1070 1071
f 1041 1040 1063 1064
f 1034 1033 1056 1057
f 1049 1048 1071 1072
f 1042 1041 1064 1065
f 1035 1034 1057 1058
f 1050 1049 1072 1073
f 1076 1075 1098 1099
f 1069 1068 1091 1092
f 1062 1061 1084 1085
f 1077 1076 1099 1100
f 1055 225 1078
f 1070 1069 1092 1093
f 1063 1062 1085 1086
f 640 1077 1100
f 1056 1055 1078 1079
f 1071 1070 1093 1094
f 1064 1063 1086 1087
f 1057 1056 1079 1080
f 1072 1071 1094 1095
f 1065 1064 1087 1088
f 1058 1057 1080 1081
f 1073 1072 1095 1096
f 1066 1065 1088 1089
f 1059 1058 1081 1082
f 1074 1073 1096 1097
f 1067 1066 1089 1090
f 1060 1059 1082 1083
f 1075 1074 1097 1098
f 1068 1067 1090 1091
f 1061 1060 1083 1084
f 1087 1086 7 8
f 1080 1079 2 3
f 1095 1094 1105 13
f 1088 1087 8 1103
f 1081 1080 3 4
f 1096 1095 13 14
f 1089 1088 1103 9
f 1082 1081 4 5
f 1097 1096 14 15
f 1090 1089 9 1104
f 1083 1082 5 1101
f 1098 1097 15 16
f 1091 1090 1104 10
f 1084 1083 1101 6
f 1099 1098 16 1106
f 1092 1091 10 11
f 1085 1084 6 1102
f 1100 1099 1106 17
f 1078 225 1
f 1093 1092 11 12
f 1086 1085 1102 7
f 640 1100 17
f 1079 1078 1 2
f 1094 1093 12 1105
f 1120 1119 1142 1143
f 1115 2210 1135 1136
f 2208 2207 1128 1129
f 1121 1120 1143 1144
f 2211 1115 1136 1137
f 2209 2208 1129 1130
f 1122 1121 1144 1145
f 1107 1238 1123
f 1116 2211 1137 1138
f 1111 2209 1130 1131
f 1331 1122 1145
f 1108 1107 1123 1124
f 2212 1116 1138 1139
f 1112 1111 1131 1132
f 2206 1108 1124 1125
f 1117 2212 1139 1140
f 1113 1112 1132 1133
f 1109 2206 1125 1126
f 1118 1117 1140 1141
f 1114 1113 1133 1134
f 1110 1109 1126 1127
f 1119 1118 1141 1142
f 2210 1114 1134 1135
f 2207 1110 1127 1128
f 1134 1133 1156 1157
f 1127 1126 1149 1150
f 1142 1141 1164 1165
f 1135 1134 1157 1158
f 1128 1127 1150 1151
f 1143 1142 1165 1166
f 1136 1135 1158 1159
f 1129 1128 1151 1152
f 1144 1143 1166 1167
f 1137 1136 1159 1160
f 1130 1129 1152 1153
f 1145 1144 1167 1168
f 1123 1238 1146
f 1138 1137 1160 1161
f 1131 1130 1153 1154
f 1331 1145 1168
f 1124 1123 1146 1147
f 1139 1138 1161 1162
f 1132 1131 1154 1155
f 1125 1124 1147 1148
f 1140 1139 1162 1163
f 1133 1132 1155 1156
f 1126 1125 1148 1149
f 1141 1140 1163 1164
f 1167 1166 1189 1190
f 1160 1159 1182 1183
f 1153 1152 1175 1176
f 1168 1167 1190 1191
f 1146 1238 1169
f 1161 1160 1183 1184
f 1154 1153 1176 1177
f 1331 1168 1191
f 1147 1146 1169 1170
f 1162 1161 1184 1185
f 1155 1154 1177 1178
f 1148 1147 1170 1171
f 1163 1162 1185 1186
f 1156 1155 1178 1179
f 1149 1148 1171 1172
f 1164 1163 1186 1187
f 1157 1156 1179 1180
f 1150 1149 1172 1173
f 1165 1164 1187 1188
f 1158 1157 1180 1181
f 1151 1150 1173 1174
f 1166 1165 1188 1189
f 1159 1158 1181 1182
f 1152 1151 1174 1175
f 1178 1177 1200 1201
f 1171 1170 1193 1194
f 1186 1185 1208 1209
f 1179 1178 1201 1202
f 1172 1171 1194 1195
f 1187 1186 1209 1210
f 1180 1179 1202 1203
f 1173 1172 1195 1196
f 1188 1187 1210 1211
f 1181 1180 1203 1204
f 1174 1173 1196 1197
f 1189 1188 1211 1212
f 1182 1181 1204 1205
f 1175 1174 1197 1198
f 1190 1189 1212 1213
f 1183 1182 1205 1206
f 1176 1175 1198 1199
f 1191 1190 1213 1214
f 1169 1238 1192
f 1184 1183 1206 1207
f 1177 1176 1199 1200
f 1331 1191 1214
f 1170 1169 1192 1193
f 1185 1184 1207 1208
f 1204 1203 1226 1227
f 1197 1196 1219 1220
f 1212 1211 1234 1235
f 1205 1204 1227 1228
f 1198 1197 1220 1221
f 1213 1212 1235 1236
f 1206 1205 1228 1229
f 1199 1198 1221 1222
f 1214 1213 1236 1237
f 1192 1238 1215
f 1207 1206 1229 1230
f 1200 1199 1222 1223
f 1331 1214 1237
f 1193 1192 1215 1216
f 1208 1207 1230 1231
f 1201 1200 1223 1224
f 1194 1193 1216 1217
f 1209 1208 1231 1232
f 1202 1201 1224 1225
f 1195 1194 1217 1218
f 1210 1209 1232 1233
f 1203 1202 1225 1226
f 1196 1195 1218 1219
f 1211 1210 1233 1234
f 1237 1236 1260 1261
f 1215 1238 1239
f 1230 1229 1253 1254
f 1223 1222 1246 1247
f 1331 1237 1261
f 1216 1215 1239 1240
f 1231 1230 1254 1255
f 1224 1223 1247 1248
f 1217 1216 1240 1241
f 1232 1231 1255 1256
f 1225 1224 1248 1249
f 1218 1217 1241 1242
f 1233 1232 1256 1257
f 1226 1225 1249 1250
f 1219 1218 1242 1243
f 1234 1233 1257 1258
f 1227 1226 1250 1251
f 1220 1219 1243 1244
f 1235 1234 1258 1259
f 1228 1227 1251 1252
f 1221 1220 1244 1245
f 1236 1235 1259 1260
f 1229 1228 1252 1253
f 1222 1221 1245 1246
f 1249 1248 1271 1272
f 1242 1241 1264 1265
f 1257 1256 1279 1280
f 1250 1249 1272 1273
f 1243 1242 1265 1266
f 1258 1257 1280 1281
f 1251 1250 1273 1274
f 1244 1243 1266 1267
f 1259 1258 1281 1282
f 1252 1251 1274 1275
f 1245 1244 1267 1268
f 1260 1259 1282 1283
f 1253 1252 1275 1276
f 1246 1245 1268 1269
f 1261 1260 1283 1284
f 1239 1238 1262
f 1254 1253 1276 1277
f 1247 1246 1269 1270
f 1331 1261 1284
f 1240 1239 1262 1263
f 1255 1254 1277 1278
f 1248 1247 1270 1271
f 1241 1240 1263 1264
f 1256 1255 1278 1279
f 1275 1274 1297 1298
f 1268 1267 1290 1291
f 1283 1282 1305 1306
f 1276 1275 1298 1299
f 1269 1268 1291 1292
f 1284 1283 1306 1307
f 1262 1238 1285
f 1277 1276 1299 1300
f 1270 1269 1292 1293
f 1331 1284 1307
f 1263 1262 1285 1286
f 1278 1277 1300 1301
f 1271 1270 1293 1294
f 1264 1263 1286 1287
f 1279 1278 1301 1302
f 1272 1271 1294 1295
f 1265 1264 1287 1288
f 1280 1279 1302 1303
f 1273 1272 1295 1296
f 1266 1265 1288 1289
f 1281 1280 1303 1304
f 1274 1273 1296 1297
f 1267 1266 1289 1290
f 1282 1281 1304 1305
f 1331 1307 1330
f 1286 1285 1308 1309
f 1301 1300 1323 1324
f 1294 1293 1316 1317
f 1287 1286 1309 1310
f 1302 1301 1324 1325
f 1295 1294 1317 1318
f 1288 1287 1310 1311
f 1303 1302 1325 1326
f 1296 1295 1318 1319
f 1289 1288 1311 1312
f 1304 1303 1326 1327
f 1297 1296 1319 1320
f 1290 1289 1312 1313
f 1305 1304 1327 1328
f 1298 1297 1320 1321
f 1291 1290 1313 1314
f 1306 1305 1328 1329
f 1299 1298 1321 1322
f 1292 1291 1314 1315
f 1307 1306 1329 1330
f 1285 1238 1308
f 1300 1299 1322 1323
f 1293 1292 1315 1316
f 1319 1318 1342 1343
f 1312 1311 1335 1336
f 1327 1326 1350 1351
f 1320 1319 1343 1344
f 1313 1312 1336 1337
f 1328 1327 1351 1352
f 1321 1320 1344 1345
f 1314 1313 1337 1338
f 1329 1328 1352 1353
f 1322 1321 1345 1346
f 1315 1314 1338 1339
f 1330 1329 1353 1354
f 1308 1238 1332
f 1323 1322 1346 1347
f 1316 1315 1339 1340
f 1331 1330 1354
f 1309 1308 1332 1333
f 1324 1323 1347 1348
f 1317 1316 1340 1341
f 1310 1309 1333 1334
f 1325 1324 1348 1349
f 1318 1317 1341 1342
f 1311 1310 1334 1335
f 1326 1325 1349 1350
f 1346 1345 1368 1369
f 1339 1338 1361 1362
f 1354 1353 1376 1377
f 1332 1238 1355
f 1347 1346 1369 1370
f 1340 1339 1362 1363
f 1331 1354 1377
f 1333 1332 1355 1356
f 1348 1347 1370 1371
f 1341 1340 1363 1364
f 1334 1333 1356 1357
f 1349 1348 1371 1372
f 1342 1341 1364 1365
f 1335 1334 1357 1358
f 1350 1349 1372 1373
f 1343 1342 1365 1366
f 1336 1335 1358 1359
f 1351 1350 1373 1374
f 1344 1343 1366 1367
f 1337 1336 1359 1360
f 1352 1351 1374 1375
f 1345 1344 1367 1368
f 1338 1337 1360 1361
f 1353 1352 1375 1376
f 1357 1356 1379 1380
f 1372 1371 1394 1395
f 1365 1364 1387 1388
f 1358 1357 1380 1381
f 1373 1372 1395 1396
f 1366 1365 1388 1389
f 1359 1358 1381 1382
f 1374 1373 1396 1397
f 1367 1366 1389 1390
f 1360 1359 1382 1383
f 1375 1374 1397 1398
f 1368 1367 1390 1391
f 1361 1360 1383 1384
f 1376 1375 1398 1399
f 1369 1368 1391 1392
f 1362 1361 1384 1385
f 1377 1376 1399 1400
f 1355 1238 1378
f 1370 1369 1392 1393
f 1363 1362 1385 1386
f 1331 1377 1400
f 1356 1355 1378 1379
f 1371 1370 1393 1394
f 1364 1363 1386 1387
f 1390 1389 1412 1413
f 1383 1382 1405 1406
f 1398 1397 1420 1421
f 1391 1390 1413 1414
f 1384 1383 1406 1407
f 1399 1398 1421 1422
f 1392 1391 1414 1415
f 1385 1384 1407 1408
f 1400 1399 1422 1423
f 1378 1238 1401
f 1393 1392 1415 1416
f 1386 1385 1408 1409
f 1331 1400 1423
f 1379 1378 1401 1402
f 1394 1393 1416 1417
f 1387 1386 1409 1410
f 1380 1379 1402 1403
f 1395 1394 1417 1418
f 1388 1387 1410 1411
f 1381 1380 1403 1404
f 1396 1395 1418 1419
f 1389 1388 1411 1412
f 1382 1381 1404 1405
f 1397 1396 1419 1420
f 1401 1238 1424
f 1416 1415 1438 1439
f 1409 1408 1431 1432
f 1331 1423 1446
f 1402 1401 1424 1425
f 1417 1416 1439 1440
f 1410 1409 1432 1433
f 1403 1402 1425 1426
f 1418 1417 1440 1441
f 1411 1410 1433 1434
f 1404 1403 1426 1427
f 1419 1418 1441 1442
f 1412 1411 1434 1435
f 1405 1404 1427 1428
f 1420 1419 1442 1443
f 1413 1412 1435 1436
f 1406 1405 1428 1429
f 1421 1420 1443 1444
f 1414 1413 1436 1437
f 1407 1406 1429 1430
f 1422 1421 1444 1445
f 1415 1414 1437 1438
f 1408 1407 1430 1431
f 1423 1422 1445 1446
f 1427 1426 1449 1450
f 1442 1441 1464 1465
f 1435 1434 1457 1458
f 1428 1427 1450 1451
f 1443 1442 1465 1466
f 1436 1435 1458 1459
f 1429 1428 1451 1452
f 1444 1443 1466 1467
f 1437 1436 1459 1460
f 1430 1429 1452 1453
f 1445 1444 1467 1468
f 1438 1437 1460 1461
f 1431 1430 1453 1454
f 1446 1445 1468 1469
f 1424 1238 1447
f 1439 1438 1461 1462
f 1432 1431 1454 1455
f 1331 1446 1469
f 1425 1424 1447 1448
f 1440 1439 1462 1463
f 1433 1432 1455 1456
f 1426 1425 1448 1449
f 1441 1440 1463 1464
f 1434 1433 1456 1457
f 1460 1459 1482 1483
f 1453 1452 1475 1476
f 1468 1467 1490 1491
f 1461 1460 1483 1484
f 1454 1453 1476 1477
f 1469 1468 1491 1492
f 1447 1238 1470
f 1462 1461 1484 1485
f 1455 1454 1477 1478
f 1331 1469 1492
f 1448 1447 1470 1471
f 1463 1462 1485 1486
f 1456 1455 1478 1479
f 1449 1448 1471 1472
f 1464 1463 1486 1487
f 1457 1456 1479 1480
f 1450 1449 1472 1473
f 1465 1464 1487 1488
f 1458 1457 1480 1481
f 1451 1450 1473 1474
f 1466 1465 1488 1489
f 1459 1458 1481 1482
f 1452 1451 1474 1475
f 1467 1466 1489 1490
f 1471 1470 1493 1494
f 1486 1485 1508 1509
f 1479 1478 1501 1502
f 1472 1471 1494 1495
f 1487 1486 1509 1510
f 1480 1479 1502 1503
f 1473 1472 1495 1496
f 1488 1487 1510 1511
f 1481 1480 1503 1504
f 1474 1473 1496 1497
f 1489 1488 1511 1512
f 1482 1481 1504 1505
f 1475 1474 1497 1498
f 1490 1489 1512 1513
f 1483 1482 1505 1506
f 1476 1475 1498 1499
f 1491 1490 1513 1514
f 1484 1483 1506 1507
f 1477 1476 1499 1500
f 1492 1491 1514 1515
f 1470 1238 1493
f 1485 1484 1507 1508
f 1478 1477 1500 1501
f 1331 1492 1515
f 1497 1496 1519 1520
f 1512 1511 1534 1535
f 1505 1504 1527 1528
f 1498 1497 1520 1521
f 1513 1512 1535 1536
f 1506 1505 1528 1529
f 1499 1498 1521 1522
f 1514 1513 1536 1537
f 1507 1506 1529 1530
f 1500 1499 1522 1523
f 1515 1514 1537 1538
f 1493 1238 1516
f 1508 1507 1530 1531
f 1501 1500 1523 1524
f 1331 1515 1538
f 1494 1493 1516 1517
f 1509 1508 1531 1532
f 1502 1501 1524 1525
f 1495 1494 1517 1518
f 1510 1509 1532 1533
f 1503 1502 1525 1526
f 1496 1495 1518 1519
f 1511 1510 1533 1534
f 1504 1503 1526 1527
f 1530 1529 1552 1553
f 1523 1522 1545 1546
f 1538 1537 1560 1561
f 1516 1238 1539
f 1531 1530 1553 1554
f 1524 1523 1546 1547
f 1331 1538 1561
f 1517 1516 1539 1540
f 1532 1531 1554 1555
f 1525 1524 1547 1548
f 1518 1517 1540 1541
f 1533 1532 1555 1556
f 1526 1525 1548 1549
f 1519 1518 1541 1542
f 1534 1533 1556 1557
f 1527 1526 1549 1550
f 1520 1519 1542 1543
f 1535 1534 1557 1558
f 1528 1527 1550 1551
f 1521 1520 1543 1544
f 1536 1535 1558 1559
f 1529 1528 1551 1552
f 1522 1521 1544 1545
f 1537 1536 1559 1560
f 1541 1540 1563 1564
f 1556 1555 1578 1579
f 1549 1548 1571 1572
f 1542 1541 1564 1565
f 1557 1556 1579 1580
f 1550 1549 1572 1573
f 1543 1542 1565 1566
f 1558 1557 1580 1581
f 1551 1550 1573 1574
f 1544 1543 1566 1567
f 1559 1558 1581 1582
f 1552 1551 1574 1575
f 1545 1544 1567 1568
f 1560 1559 1582 1583
f 1553 1552 1575 1576
f 1546 1545 1568 1569
f 1561 1560 1583 1584
f 1539 1238 1562
f 1554 1553 1576 1577
f 1547 1546 1569 1570
f 1331 1561 1584
f 1540 1539 1562 1563
f 1555 1554 1577 1578
f 1548 1547 1570 1571
f 1567 1566 1589 1590
f 1582 1581 1604 1605
f 1575 1574 1597 1598
f 1568 1567 1590 1591
f 1583 1582 1605 1606
f 1576 1575 1598 1599
f 1569 1568 1591 1592
f 1584 1583 1606 1607
f 1562 1238 1585
f 1577 1576 1599 1600
f 1570 1569 1592 1593
f 1331 1584 1607
f 1563 1562 1585 1586
f 1578 1577 1600 1601
f 1571 1570 1593 1594
f 1564 1563 1586 1587
f 1579 1578 1601 1602
f 1572 1571 1594 1595
f 1565 1564 1587 1588
f 1580 1579 1602 1603
f 1573 1572 1595 1596
f 1566 1565 1588 1589
f 1581 1580 1603 1604
f 1574 1573 1596 1597
f 1600 1599 1622 1623
f 1593 1592 1615 1616
f 1331 1607 1630
f 1586 1585 1608 1609
f 1601 1600 1623 1624
f 1594 1593 1616 1617
f 1587 1586 1609 1610
f 1602 1601 1624 1625
f 1595 1594 1617 1618
f 1588 1587 1610 1611
f 1603 1602 1625 1626
f 1596 1595 1618 1619
f 1589 1588 1611 1612
f 1604 1603 1626 1627
f 1597 1596 1619 1620
f 1590 1589 1612 1613
f 1605 1604 1627 1628
f 1598 1597 1620 1621
f 1591 1590 1613 1614
f 1606 1605 1628 1629
f 1599 1598 1621 1622
f 1592 1591 1614 1615
f 1607 1606 1629 1630
f 1585 1238 1608
f 1611 1610 1633 1634
f 1626 1625 1648 1649
f 1619 1618 1641 1642
f 1612 1611 1634 1635
f 1627 1626 1649 1650
f 1620 1619 1642 1643
f 1613 1612 1635 1636
f 1628 1627 1650 1651
f 1621 1620 1643 1644
f 1614 1613 1636 1637
f 1629 1628 1651 1652
f 1622 1621 1644 1645
f 1615 1614 1637 1638
f 1630 1629 1652 1653
f 1608 1238 1631
f 1623 1622 1645 1646
f 1616 1615 1638 1639
f 1331 1630 1653
f 1609 1608 1631 1632
f 1624 1623 1646 1647
f 1617 1616 1639 1640
f 1610 1609 1632 1633
f 1625 1624 1647 1648
f 1618 1617 1640 1641
f 1637 1636 1659 1660
f 1652 1651 1674 1675
f 1645 1644 1667 1668
f 1638 1637 1660 1661
f 1653 1652 1675 1676
f 1631 1238 1654
f 1646 1645 1668 1669
f 1639 1638 1661 1662
f 1331 1653 1676
f 1632 1631 1654 1655
f 1647 1646 1669 1670
f 1640 1639 1662 1663
f 1633 1632 1655 1656
f 1648 1647 1670 1671
f 1641 1640 1663 1664
f 1634 1633 1656 1657
f 1649 1648 1671 1672
f 1642 1641 1664 1665
f 1635 1634 1657 1658
f 1650 1649 1672 1673
f 1643 1642 1665 1666
f 1636 1635 1658 1659
f 1651 1650 1673 1674
f 1644 1643 1666 1667
f 1670 1669 1692 1693
f 1663 1662 1685 1686
f 1656 1655 1678 1679
f 1671 1670 1693 1694
f 1664 1663 1686 1687
f 1657 1656 1679 1680
f 1672 1671 1694 1695
f 1665 1664 1687 1688
f 1658 1657 1680 1681
f 1673 1672 1695 1696
f 1666 1665 1688 1689
f 1659 1658 1681 1682
f 1674 1673 1696 1697
f 1667 1666 1689 1690
f 1660 1659 1682 1683
f 1675 1674 1697 1698
f 1668 1667 1690 1691
f 1661 1660 1683 1684
f 1676 1675 1698 1699
f 1654 1238 1677
f 1669 1668 1691 1692
f 1662 1661 1684 1685
f 1331 1676 1699
f 1655 1654 1677 1678
f 1681 1680 1703 1704
f 1696 1695 1718 1719
f 1689 1688 1711 1712
f 1682 1681 1704 1705
f 1697 1696 1719 1720
f 1690 1689 1712 1713
f 1683 1682 1705 1706
f 1698 1697 1720 1721
f 1691 1690 1713 1714
f 1684 1683 1706 1707
f 1699 1698 1721 1722
f 1677 1238 1700
f 1692 1691 1714 1715
f 1685 1684 1707 1708
f 1331 1699 1722
f 1678 1677 1700 1701
f 1693 1692 1715 1716
f 1686 1685 1708 1709
f 1679 1678 1701 1702
f 1694 1693 1716 1717
f 1687 1686 1709 1710
f 1680 1679 1702 1703
f 1695 1694 1717 1718
f 1688 1687 1710 1711
f 1707 1706 1729 1730
f 1722 1721 1744 1745
f 1700 1238 1723
f 1715 1714 1737 1738
f 1708 1707 1730 1731
f 1331 1722 1745
f 1701 1700 1723 1724
f 1716 1715 1738 1739
f 1709 1708 1731 1732
f 1702 1701 1724 1725
f 1717 1716 1739 1740
f 1710 1709 1732 1733
f 1703 1702 1725 1726
f 1718 1717 1740 1741
f 1711 1710 1733 1734
f 1704 1703 1726 1727
f 1719 1718 1741 1742
f 1712 1711 1734 1735
f 1705 1704 1727 1728
f 1720 1719 1742 1743
f 1713 1712 1735 1736
f 1706 1705 1728 1729
f 1721 1720 1743 1744
f 1714 1713 1736 1737
f 1740 1739 1762 1763
f 1733 1732 1755 1756
f 1726 1725 1748 1749
f 1741 1740 1763 1764
f 1734 1733 1756 1757
f 1727 1726 1749 1750
f 1742 1741 1764 1765
f 1735 1734 1757 1758
f 1728 1727 1750 1751
f 1743 1742 1765 1766
f 1736 1735 1758 1759
f 1729 1728 1751 1752
f 1744 1743 1766 1767
f 1737 1736 1759 1760
f 1730 1729 1752 1753
f 1745 1744 1767 1768
f 1723 1238 1746
f 1738 1737 1760 1761
f 1731 1730 1753 1754
f 1331 1745 1768
f 1724 1723 1746 1747
f 1739 1738 1761 1762
f 1732 1731 1754 1755
f 1725 1724 1747 1748
f 1751 1750 1773 1774
f 1766 1765 1788 1789
f 1759 1758 1781 1782
f 1752 1751 1774 1775
f 1767 1766 1789 1790
f 1760 1759 1782 1783
f 1753 1752 1775 1776
f 1768 1767 1790 1791
f 1746 1238 1769
f 1761 1760 1783 1784
f 1754 1753 1776 1777
f 1331 1768 1791
f 1747 1746 1769 1770
f 1762 1761 1784 1785
f 1755 1754 1777 1778
f 1748 1747 1770 1771
f 1763 1762 1785 1786
f 1756 1755 1778 1779
f 1749 1748 1771 1772
f 1764 1763 1786 1787
f 1757 1756 1779 1780
f 1750 1749 1772 1773
f 1765 1764 1787 1788
f 1758 1757 1780 1781
f 1777 1776 1799 1800
f 1331 1791 1814
f 1770 1769 1792 1793
f 1785 1784 1807 1808
f 1778 1777 1800 1801
f 1771 1770 1793 1794
f 1786 1785 1808 1809
f 1779 1778 1801 1802
f 1772 1771 1794 1795
f 1787 1786 1809 1810
f 1780 1779 1802 1803
f 1773 1772 1795 1796
f 1788 1787 1810 1811
f 1781 1780 1803 1804
f 1774 1773 1796 1797
f 1789 1788 1811 1812
f 1782 1781 1804 1805
f 1775 1774 1797 1798
f 1790 1789 1812 1813
f 1783 1782 1805 1806
f 1776 1775 1798 1799
f 1791 1790 1813 1814
f 1769 1238 1792
f 1784 1783 1806 1807
f 1810 1809 1832 1833
f 1803 1802 1825 1826
f 1796 1795 1818 1819
f 1811 1810 1833 1834
f 1804 1803 1826 1827
f 1797 1796 1819 1820
f 1812 1811 1834 1835
f 1805 1804 1827 1828
f 1798 1797 1820 1821
f 1813 1812 1835 1836
f 1806 1805 1828 1829
f 1799 1798 1821 1822
f 1814 1813 1836 1837
f 1792 1238 1815
f 1807 1806 1829 1830
f 1800 1799 1822 1823
f 1331 1814 1837
f 1793 1792 1815 1816
f 1808 1807 1830 1831
f 1801 1800 1823 1824
f 1794 1793 1816 1817
f 1809 1808 1831 1832
f 1802 1801 1824 1825
f 1795 1794 1817 1818
f 1821 1820 1843 1844
f 1836 1835 1858 1859
f 1829 1828 1851 1852
f 1822 1821 1844 1845
f 1837 1836 1859 1860
f 1815 1238 1838
f 1830 1829 1852 1853
f 1823 1822 1845 1846
f 1331 1837 1860
f 1816 1815 1838 1839
f 1831 1830 1853 1854
f 1824 1823 1846 1847
f 1817 1816 1839 1840
f 1832 1831 1854 1855
f 1825 1824 1847 1848
f 1818 1817 1840 1841
f 1833 1832 1855 1856
f 1826 1825 1848 1849
f 1819 1818 1841 1842
f 1834 1833 1856 1857
f 1827 1826 1849 1850
f 1820 1819 1842 1843
f 1835 1834 1857 1858
f 1828 1827 1850 1851
f 1847 1846 1869 1870
f 1840 1839 1862 1863
f 1855 1854 1877 1878
f 1848 1847 1870 1871
f 1841 1840 1863 1864
f 1856 1855 1878 1879
f 1849 1848 1871 1872
f 1842 1841 1864 1865
f 1857 1856 1879 1880
f 1850 1849 1872 1873
f 1843 1842 1865 1866
f 1858 1857 1880 1881
f 1851 1850 1873 1874
f 1844 1843 1866 1867
f 1859 1858 1881 1882
f 1852 1851 1874 1875
f 1845 1844 1867 1868
f 1860 1859 1882 1883
f 1838 1238 1861
f 1853 1852 1875 1876
f 1846 1845 1868 1869
f 1331 1860 1883
f 1839 1838 1861 1862
f 1854 1853 1876 1877
f 1880 1879 1902 1903
f 1873 1872 1895 1896
f 1866 1865 1888 1889
f 1881 1880 1903 1904
f 1874 1873 1896 1897
f 1867 1866 1889 1890
f 1882 1881 1904 1905
f 1875 1874 1897 1898
f 1868 1867 1890 1891
f 1883 1882 1905 1906
f 1861 1238 1884
f 1876 1875 1898 1899
f 1869 1868 1891 1892
f 1331 1883 1906
f 1862 1861 1884 1885
f 1877 1876 1899 1900
f 1870 1869 1892 1893
f 1863 1862 1885 1886
f 1878 1877 1900 1901
f 1871 1870 1893 1894
f 1864 1863 1886 1887
f 1879 1878 1901 1902
f 1872 1871 1894 1895
f 1865 1864 1887 1888
f 1885 1884 1907 1908
f 1900 1899 1922 1923
f 1893 1892 1915 1916
f 1886 1885 1908 1909
f 1901 1900 1923 1924
f 1894 1893 1916 1917
f 1887 1886 1909 1910
f 1902 1901 1924 1925
f 1895 1894 1917 1918
f 1888 1887 1910 1911
f 1903 1902 1925 1926
f 1896 1895 1918 1919
f 1889 1888 1911 1912
f 1904 1903 1926 1927
f 1897 1896 1919 1920
f 1890 1889 1912 1913
f 1905 1904 1927 1928
f 1898 1897 1920 1921
f 1891 1890 1913 1914
f 1906 1905 1928 1929
f 1884 1238 1907
f 1899 1898 1921 1922
f 1892 1891 1914 1915
f 1331 1906 1929
f 1911 1910 1933 1934
f 1926 1925 1948 1949
f 1919 1918 1941 1942
f 1912 1911 1934 1935
f 1927 1926 1949 1950
f 1920 1919 1942 1943
f 1913 1912 1935 1936
f 1928 1927 1950 1951
f 1921 1920 1943 1944
f 1914 1913 1936 1937
f 1929 1928 1951 1952
f 1907 1238 1930
f 1922 1921 1944 1945
f 1915 1914 1937 1938
f 1331 1929 1952
f 1908 1907 1930 1931
f 1923 1922 1945 1946
f 1916 1915 1938 1939
f 1909 1908 1931 1932
f 1924 1923 1946 1947
f 1917 1916 1939 1940
f 1910 1909 1932 1933
f 1925 1924 1947 1948
f 1918 1917 1940 1941
f 1944 1943 1966 1967
f 1937 1936 1959 1960
f 1952 1951 1974 1975
f 1930 1238 1953
f 1945 1944 1967 1968
f 1938 1937 1960 1961
f 1331 1952 1975
f 1931 1930 1953 1954
f 1946 1945 1968 1969
f 1939 1938 1961 1962
f 1932 1931 1954 1955
f 1947 1946 1969 1970
f 1940 1939 1962 1963
f 1933 1932 1955 1956
f 1948 1947 1970 1971
f 1941 1940 1963 1964
f 1934 1933 1956 1957
f 1949 1948 1971 1972
f 1942 1941 1964 1965
f 1935 1934 1957 1958
f 1950 1949 1972 1973
f 1943 1942 1965 1966
f 1936 1935 1958 1959
f 1951 1950 1973 1974
f 1955 1954 1977 1978
f 1970 1969 1992 1993
f 1963 1962 1985 1986
f 1956 1955 1978 1979
f 1971 1970 1993 1994
f 1964 1963 1986 1987
f 1957 1956 1979 1980
f 1972 1971 1994 1995
f 1965 1964 1987 1988
f 1958 1957 1980 1981
f 1973 1972 1995 1996
f 1966 1965 1988 1989
f 1959 1958 1981 1982
f 1974 1973 1996 1997
f 1967 1966 1989 1990
f 1960 1959 1982 1983
f 1975 1974 1997 1998
f 1953 1238 1976
f 1968 1967 1990 1991
f 1961 1960 1983 1984
f 1331 1975 1998
f 1954 1953 1976 1977
f 1969 1968 1991 1992
f 1962 1961 1984 1985
f 1981 1980 2003 2004
f 1996 1995 2018 2019
f 1989 1988 2011 2012
f 1982 1981 2004 2005
f 1997 1996 2019 2020
f 1990 1989 2012 2013
f 1983 1982 2005 2006
f 1998 1997 2020 2021
f 1976 1238 1999
f 1991 1990 2013 2014
f 1984 1983 2006 2007
f 1331 1998 2021
f 1977 1976 1999 2000
f 1992 1991 2014 2015
f 1985 1984 2007 2008
f 1978 1977 2000 2001
f 1993 1992 2015 2016
f 1986 1985 2008 2009
f 1979 1978 2001 2002
f 1994 1993 2016 2017
f 1987 1986 2009 2010
f 1980 1979 2002 2003
f 1995 1994 2017 2018
f 1988 1987 2010 2011
f 2014 2013 2036 2037
f 2007 2006 2029 2030
f 1331 2021 2044
f 2000 1999 2022 2023
f 2015 2014 2037 2038
f 2008 2007 2030 2031
f 2001 2000 2023 2024
f 2016 2015 2038 2039
f 2009 2008 2031 2032
f 2002 2001 2024 2025
f 2017 2016 2039 2040
f 2010 2009 2032 2033
f 2003 2002 2025 2026
f 2018 2017 2040 2041
f 2011 2010 2033 2034
f 2004 2003 2026 2027
f 2019 2018 2041 2042
f 2012 2011 2034 2035
f 2005 2004 2027 2028
f 2020 2019 2042 2043
f 2013 2012 2035 2036
f 2006 2005 2028 2029
f 2021 2020 2043 2044
f 1999 1238 2022
f 2025 2024 2047 2048
f 2040 2039 2062 2063
f 2033 2032 2055 2056
f 2026 2025 2048 2049
f 2041 2040 2063 2064
f 2034 2033 2056 2057
f 2027 2026 2049 2050
f 2042 2041 2064 2065
f 2035 2034 2057 2058
f 2028 2027 2050 2051
f 2043 2042 2065 2066
f 2036 2035 2058 2059
f 2029 2028 2051 2052
f 2044 2043 2066 2067
f 2022 1238 2045
f 2037 2036 2059 2060
f 2030 2029 2052 2053
f 1331 2044 2067
f 2023 2022 2045 2046
f 2038 2037 2060 2061
f 2031 2030 2053 2054
f 2024 2023 2046 2047
f 2039 2038 2061 2062
f 2032 2031 2054 2055
f 2051 2050 2073 2074
f 2066 2065 2088 2089
f 2059 2058 2081 2082
f 2052 2051 2074 2075
f 2067 2066 2089 2090
f 2045 1238 2068
f 2060 2059 2082 2083
f 2053 2052 2075 2076
f 1331 2067 2090
f 2046 2045 2068 2069
f 2061 2060 2083 2084
f 2054 2053 2076 2077
f 2047 2046 2069 2070
f 2062 2061 2084 2085
f 2055 2054 2077 2078
f 2048 2047 2070 2071
f 2063 2062 2085 2086
f 2056 2055 2078 2079
f 2049 2048 2071 2072
f 2064 2063 2086 2087
f 2057 2056 2079 2080
f 2050 2049 2072 2073
f 2065 2064 2087 2088
f 2058 2057 2080 2081
f 2084 2083 2106 2107
f 2077 2076 2099 2100
f 2070 2069 2092 2093
f 2085 2084 2107 2108
f 2078 2077 2100 2101
f 2071 2070 2093 2094
f 2086 2085 2108 2109
f 2079 2078 2101 2102
f 2072 2071 2094 2095
f 2087 2086 2109 2110
f 2080 2079 2102 2103
f 2073 2072 2095 2096
f 2088 2087 2110 2111
f 2081 2080 2103 2104
f 2074 2073 2096 2097
f 2089 2088 2111 2112
f 2082 2081 2104 2105
f 2075 2074 2097 2098
f 2090 2089 2112 2113
f 2068 1238 2091
f 2083 2082 2105 2106
f 2076 2075 2098 2099
f 1331 2090 2113
f 2069 2068 2091 2092
f 2095 2094 2117 2118
f 2110 2109 2132 2133
f 2103 2102 2125 2126
f 2096 2095 2118 2119
f 2111 2110 2133 2134
f 2104 2103 2126 2127
f 2097 2096 2119 2120
f 2112 2111 2134 2135
f 2105 2104 2127 2128
f 2098 2097 2120 2121
f 2113 2112 2135 2136
f 2091 1238 2114
f 2106 2105 2128 2129
f 2099 2098 2121 2122
f 1331 2113 2136
f 2092 2091 2114 2115
f 2107 2106 2129 2130
f 2100 2099 2122 2123
f 2093 2092 2115 2116
f 2108 2107 2130 2131
f 2101 2100 2123 2124
f 2094 2093 2116 2117
f 2109 2108 2131 2132
f 2102 2101 2124 2125
f 2121 2120 2143 2144
f 2136 2135 2158 2159
f 2114 1238 2137
f 2129 2128 2151 2152
f 2122 2121 2144 2145
f 1331 2136 2159
f 2115 2114 2137 2138
f 2130 2129 2152 2153
f 2123 2122 2145 2146
f 2116 2115 2138 2139
f 2131 2130 2153 2154
f 2124 2123 2146 2147
f 2117 2116 2139 2140
f 2132 2131 2154 2155
f 2125 2124 2147 2148
f 2118 2117 2140 2141
f 2133 2132 2155 2156
f 2126 2125 2148 2149
f 2119 2118 2141 2142
f 2134 2133 2156 2157
f 2127 2126 2149 2150
f 2120 2119 2142 2143
f 2135 2134 2157 2158
f 2128 2127 2150 2151
f 2154 2153 2176 2177
f 2147 2146 2169 2170
f 2140 2139 2162 2163
f 2155 2154 2177 2178
f 2148 2147 2170 2171
f 2141 2140 2163 2164
f 2156 2155 2178 2179
f 2149 2148 2171 2172
f 2142 2141 2164 2165
f 2157 2156 2179 2180
f 2150 2149 2172 2173
f 2143 2142 2165 2166
f 2158 2157 2180 2181
f 2151 2150 2173 2174
f 2144 2143 2166 2167
f 2159 2158 2181 2182
f 2137 1238 2160
f 2152 2151 2174 2175
f 2145 2144 2167 2168
f 1331 2159 2182
f 2138 2137 2160 2161
f 2153 2152 2175 2176
f 2146 2145 2168 2169
f 2139 2138 2161 2162
f 2165 2164 2187 2188
f 2180 2179 2202 2203
f 2173 2172 2195 2196
f 2166 2165 2188 2189
f 2181 2180 2203 2204
f 2174 2173 2196 2197
f 2167 2166 2189 2190
f 2182 2181 2204 2205
f 2160 1238 2183
f 2175 2174 2197 2198
f 2168 2167 2190 2191
f 1331 2182 2205
f 2161 2160 2183 2184
f 2176 2175 2198 2199
f 2169 2168 2191 2192
f 2162 2161 2184 2185
f 2177 2176 2199 2200
f 2170 2169 2192 2193
f 2163 2162 2185 2186
f 2178 2177 2200 2201
f 2171 2170 2193 2194
f 2164 2163 2186 2187
f 2179 2178 2201 2202
f 2172 2171 2194 2195
f 2191 2190 2209 1111
f 1331 2205 1122
f 2184 2183 1107 1108
f 2199 2198 1116 2212
f 2192 2191 1111 1112
f 2185 2184 1108 2206
f 2200 2199 2212 1117
f 2193 2192 1112 1113
f 2186 2185 2206 1109
f 2201 2200 1117 1118
f 2194 2193 1113 1114
f 2187 2186 1109 1110
f 2202 2201 1118 1119
f 2195 2194 1114 2210
f 2188 2187 1110 2207
f 2203 2202 1119 1120
f 2196 2195 2210 1115
f 2189 2188 2207 2208
f 2204 2203 1120 1121
f 2197 2196 1115 2211
f 2190 2189 2208 2209
f 2205 2204 1121 1122
f 2183 1238 1107
f 2198 2197 2211 1116
