scene,light,mae_lin,mse_lin,psnr_lin,res_mean_lin,res_std_lin,mae_train_target,psnr_train_target,mae_train_domain,psnr_train_domain,mae_point_direct,psnr_point_direct
00f7c6d95b7d4c359681cc3b93f8a077,1,0.08541829138994217,0.012023757211863995,19.199598017668144,-0.0757886990904808,0.07924537360668182,0.5393339395523071,5.007625301193437,0.42142388224601746,6.822798117985714,0.0738325928664104,20.321546493955136
00f7c6d95b7d4c359681cc3b93f8a077,2,0.08577053248882294,0.01210224162787199,19.171341803902127,-0.07619529962539673,0.07935058325529099,0.5397403836250305,5.001002503683713,0.4239097535610199,6.770260592798913,0.07493465429052149,21.120408366904392
00f7c6d95b7d4c359681cc3b93f8a077,3,0.08553752303123474,0.012054990977048874,19.18833110348274,-0.07599291205406189,0.0792468786239624,0.5395327210426331,5.004690194722069,0.422236829996109,6.807012398802029,0.07913499251362908,19.7205080357576
00f7c6d95b7d4c359681cc3b93f8a077,4,0.08363555371761322,0.011688688769936562,19.32234204999041,-0.07403318583965302,0.07878944277763367,0.5375952124595642,5.035357922135331,0.3913399577140808,7.530818044661237,0.09913504787583872,17.99326945898673
00f7c6d95b7d4c359681cc3b93f8a077,5,0.07917026430368423,0.010839300230145454,19.64998754328637,-0.0681377425789833,0.0787181556224823,0.5318017601966858,5.123417974362692,0.36552464962005615,8.102459395593295,0.1013598701454417,17.86426033837178
00ff6c772dce4e84bf66544ada6093a0,1,0.3393859565258026,0.14751161634922028,8.311737782097458,-0.33038952946662903,0.1958427131175995,0.720535397529602,2.6524199461538442,0.6119468808174133,3.491777874077691,0.22728483944750333,11.490063663115933
00ff6c772dce4e84bf66544ada6093a0,2,0.34239256381988525,0.14934803545475006,8.258004857935186,-0.33252137899398804,0.1969202160835266,0.7226741909980774,2.625308038250405,0.617591917514801,3.423285981074212,0.2486609532746379,10.471012478580459
00ff6c772dce4e84bf66544ada6093a0,3,0.34258419275283813,0.14950713515281677,8.253380803592748,-0.3336421251296997,0.19542273879051208,0.7237902283668518,2.6189859882348534,0.6175756454467773,3.430507581887273,0.2035581200031162,12.059865749513508
00ff6c772dce4e84bf66544ada6093a0,4,0.3229403495788574,0.13476526737213135,8.704220227284335,-0.3145678639411926,0.18924149870872498,0.7047216296195984,2.867051564535136,0.5025090575218201,5.322935561577703,0.40276542781263236,7.1431069116480845
00ff6c772dce4e84bf66544ada6093a0,5,0.2564297318458557,0.0912255123257637,10.39883688943009,-0.23800203204154968,0.18595843017101288,0.6281513571739197,3.869862647557438,0.3818153738975525,7.413760931926942,0.4128122558687472,6.901281880669678
0104f4b9bd3c476d949785e03f2ff7c6,1,0.07972852885723114,0.010220670141279697,19.905206277709382,-0.07972852885723114,0.062161337584257126,0.5340635180473328,5.132591021764447,0.5286244750022888,5.215673852520841,0.07971271881448047,19.906368603039382
0104f4b9bd3c476d949785e03f2ff7c6,2,0.0797276571393013,0.010220463387668133,19.905294131890752,-0.0797276571393013,0.06216079741716385,0.534062922000885,5.132611698912422,0.5286850929260254,5.214970213489833,0.07963997889030693,19.91142477397777
0104f4b9bd3c476d949785e03f2ff7c6,3,0.07972869277000427,0.010220552794635296,19.905256140675306,-0.07972869277000427,0.0621601864695549,0.5340633988380432,5.132599883387238,0.5287461280822754,5.214140702407745,0.07970749458696078,19.90650665760294
0104f4b9bd3c476d949785e03f2ff7c6,4,0.07972739636898041,0.010220417752861977,19.90531352336841,-0.07972739636898041,0.06216076761484146,0.5340629816055298,5.132601571317439,0.5279668569564819,5.225530321384888,0.07976802759611216,19.90234180813006
0104f4b9bd3c476d949785e03f2ff7c6,5,0.07971898466348648,0.0102192098274827,19.905826835389696,-0.07971898466348648,0.06216182932257652,0.5340555906295776,5.1327180400856465,0.5271803140640259,5.236819352985251,0.07976989466950331,19.902228226575144
0109cde49c664b408e6a95a82d235070,1,0.176351398229599,0.04415401443839073,13.550298046757138,-0.11099939793348312,0.17841847240924835,0.5728461742401123,4.471546868879897,0.39923956990242004,6.986619023685876,0.16887890603002578,13.820105019995903
0109cde49c664b408e6a95a82d235070,2,0.1765321046113968,0.04434096813201904,13.531948288173012,-0.11157393455505371,0.17858394980430603,0.5735222101211548,4.462819972395928,0.40024080872535706,6.968846880341138,0.29691576634643313,7.222130482142468
0109cde49c664b408e6a95a82d235070,3,0.17458048462867737,0.043804652988910675,13.584797557041162,-0.11458335816860199,0.17514367401599884,0.5760109424591064,4.435894215067849,0.40276941657066345,6.9437331189730305,0.1957891454964822,12.995092519797282
0109cde49c664b408e6a95a82d235070,4,0.16865336894989014,0.04106324538588524,13.865467296492337,-0.10936474800109863,0.17059484124183655,0.5707849264144897,4.524543503481078,0.36571377515792847,8.010947535789198,0.24125850533858473,10.703581617395983
0109cde49c664b408e6a95a82d235070,5,0.1619739830493927,0.037018753588199615,14.315782079191454,-0.0883421003818512,0.17092227935791016,0.5510320067405701,4.815566074686491,0.3340657353401184,8.81871814933136,0.2461513203440006,10.531280682044542
01f2d9c189f5404c97f696d022b0ad81,1,0.06752413511276245,0.01741294004023075,17.59127895427748,-0.06752318143844604,0.1133735403418541,0.39966294169425964,6.60987650941792,0.38417381048202515,6.893021525093015,0.06715120194743564,17.617068035715537
01f2d9c189f5404c97f696d022b0ad81,2,0.06753990054130554,0.01741681434214115,17.59031277580296,-0.06753898411989212,0.11338122189044952,0.39967870712280273,6.6095290514193925,0.3847053349018097,6.8813137572525225,0.06680950135204304,17.63510527374528
01f2d9c189f5404c97f696d022b0ad81,3,0.06755375862121582,0.017419666051864624,17.589601750012957,-0.06755290925502777,0.11338549107313156,0.3996925950050354,6.609245354198132,0.385008841753006,6.875477203397226,0.06724072436912064,17.610843626521127
01f2d9c189f5404c97f696d022b0ad81,4,0.0675194039940834,0.017410071566700935,17.591994436466308,-0.06751851737499237,0.11336366087198257,0.3996582329273224,6.6100146702371365,0.3805469274520874,6.9754066435946696,0.06771804414221526,17.583370603428577
01f2d9c189f5404c97f696d022b0ad81,5,0.06738926470279694,0.017375120893120766,17.60072164980577,-0.06738826632499695,0.11328699439764023,0.3995280861854553,6.612889174875905,0.37598392367362976,7.075669345396507,0.06780256474693401,17.577527356053466
024bfdbc8f1c4a75bdbaaecb905e04e8,1,0.06230291351675987,0.008098652586340904,20.915872308736326,-0.052690546959638596,0.07295450568199158,0.4934801161289215,5.734837623531407,0.3999677002429962,7.1971308874495845,0.04529992765990329,23.89282702967003
024bfdbc8f1c4a75bdbaaecb905e04e8,2,0.06249155104160309,0.008149631321430206,20.888620377250664,-0.05276423692703247,0.07325002551078796,0.4935634136199951,5.731484929917686,0.3998694121837616,7.188349535840272,0.06309174433004093,20.079847946748586
024bfdbc8f1c4a75bdbaaecb905e04e8,3,0.0629533976316452,0.008279472589492798,20.819973273175624,-0.05372624099254608,0.07343680411577225,0.49451911449432373,5.714709512067223,0.40345025062561035,7.123758259265466,0.047243417528940075,23.928167046479967
024bfdbc8f1c4a75bdbaaecb905e04e8,4,0.06071113422513008,0.007735895458608866,21.11489407856812,-0.05149532109498978,0.07130306214094162,0.49228256940841675,5.758744297172833,0.37334781885147095,7.909447433355078,0.07181104342034744,20.128430364259277
024bfdbc8f1c4a75bdbaaecb905e04e8,5,0.05545904114842415,0.00605638837441802,22.177862828708506,-0.04270166903734207,0.06506116688251495,0.48348739743232727,5.928105247336929,0.3419412076473236,8.68500944987963,0.07662453740891234,19.493103888711843
027e8e8787bf40689bdd8e795636a106,1,0.17733033001422882,0.05086442083120346,12.935858962413223,-0.16195490956306458,0.15695548057556152,0.6466209888458252,3.598311666526925,0.5298702716827393,4.713494406050394,0.10623312840784212,16.784602348656023
027e8e8787bf40689bdd8e795636a106,2,0.1778431087732315,0.050908949226140976,12.93205866820415,-0.16178232431411743,0.1572750061750412,0.6464476585388184,3.5988573573610982,0.529161810874939,4.725009153264471,0.16919425882099273,13.649928728436947
027e8e8787bf40689bdd8e795636a106,3,0.1790204793214798,0.05136677622795105,12.893176896843615,-0.16381274163722992,0.15662743151187897,0.6484772562980652,3.5743541601490807,0.5346612930297852,4.656247911019463,0.09394323005011244,17.480782512231873
027e8e8787bf40689bdd8e795636a106,4,0.16680629551410675,0.04565715417265892,13.404911617382009,-0.15238505601882935,0.14978636801242828,0.6370490789413452,3.742441348827425,0.4409335255622864,6.5240234343237615,0.21005228936419557,12.083828011799929
027e8e8787bf40689bdd8e795636a106,5,0.13243775069713593,0.03035619482398033,15.17752668564405,-0.11100999265909195,0.13428691029548645,0.595674991607666,4.346841180870889,0.34896817803382874,8.611272811208696,0.22490974835197655,11.687695996758729
02c1619333c74000886bee7b9667e1d6,1,0.29923880100250244,0.11992466449737549,9.21091487847617,-0.29923880100250244,0.17430096864700317,0.7329127788543701,2.4791939246100596,0.7287952303886414,2.524274299061235,0.2992118604656775,9.21151360104604
02c1619333c74000886bee7b9667e1d6,2,0.2992384135723114,0.11992450803518295,9.2109205445926,-0.2992384135723114,0.1743011474609375,0.7329128384590149,2.4791916339866344,0.7287677526473999,2.52424513614593,0.29914619526804115,9.213063625013412
02c1619333c74000886bee7b9667e1d6,3,0.2992401719093323,0.11992625147104263,9.210857408284422,-0.2992401719093323,0.1743031144142151,0.7329135537147522,2.4791797227643024,0.7288174629211426,2.523547599057922,0.29919496534258216,9.211954110402438
02c1619333c74000886bee7b9667e1d6,4,0.29923486709594727,0.11992259323596954,9.21098988766391,-0.29923486709594727,0.17430171370506287,0.7329084873199463,2.4792388210730856,0.7274880409240723,2.539693228225997,0.2992642472292066,9.210425604598857
02c1619333c74000886bee7b9667e1d6,5,0.29922330379486084,0.11991403251886368,9.211299921395423,-0.29922330379486084,0.1742970496416092,0.7328975200653076,2.479378094686935,0.7261923551559448,2.554941921577023,0.2992719801432983,9.210268923443447
02fc000a981e416386d8cc51c858de5b,1,0.18285231292247772,0.05505567789077759,12.591978856027419,-0.1794494390487671,0.15117397904396057,0.6635214686393738,3.4226363808330356,0.6166964173316956,3.827661179515804,0.11763475707775789,16.0164490126055
02fc000a981e416386d8cc51c858de5b,2,0.18413209915161133,0.055855948477983475,12.529305691267488,-0.1810196042060852,0.15194684267044067,0.6650910973548889,3.4021524418367015,0.6199684143066406,3.789018344872546,0.13947260927056893,13.539690832927619
02fc000a981e416386d8cc51c858de5b,3,0.18414105474948883,0.055598169565200806,12.549395062743901,-0.181486576795578,0.15053501725196838,0.6655587553977966,3.399776188133919,0.6198107004165649,3.8025154285694045,0.08230053708845966,19.480884921548622
02fc000a981e416386d8cc51c858de5b,4,0.1688329428434372,0.04705062508583069,13.27434602427507,-0.1661662459373474,0.13942527770996094,0.6502434015274048,3.6209097378592006,0.49950599670410156,5.794735907974173,0.18856532535937948,12.350055324165359
02fc000a981e416386d8cc51c858de5b,5,0.12085135281085968,0.02558499574661255,15.92014650891311,-0.11449950188398361,0.11169092357158661,0.5985726118087769,4.3759380808679085,0.3858509659767151,7.983138051253945,0.19917088551898002,12.061661239072494
03ba54375bcb45d1a92a5dcb9e8e3a59,1,0.16679739952087402,0.0413760170340538,13.832513180053736,-0.11183475703001022,0.169908806681633,0.5343902111053467,4.963974085974784,0.3166421949863434,8.994435606931328,0.1772007570907619,13.701573422462898
03ba54375bcb45d1a92a5dcb9e8e3a59,2,0.16906286776065826,0.04233240708708763,13.73327036158214,-0.11287067085504532,0.17202503979206085,0.5353817343711853,4.937018091191207,0.31831368803977966,8.913411466236868,0.24733191624415451,10.513591334786065
03ba54375bcb45d1a92a5dcb9e8e3a59,3,0.17026418447494507,0.0431143082678318,13.653785773906355,-0.11612994968891144,0.17212827503681183,0.5384588241577148,4.891818336592087,0.32288387417793274,8.797959861690423,0.1977959844226519,12.747477626811015
03ba54375bcb45d1a92a5dcb9e8e3a59,4,0.1684122383594513,0.04235270246863365,13.73118872705901,-0.11362875998020172,0.17158439755439758,0.5363115072250366,4.927408842582769,0.3060782849788666,9.412092045943549,0.2515095876619754,10.107020806761522
03ba54375bcb45d1a92a5dcb9e8e3a59,5,0.1677362620830536,0.04034166783094406,13.942461508728147,-0.10097451508045197,0.17362548410892487,0.526020884513855,5.081115506891915,0.29212504625320435,9.882468135038579,0.2567365773681669,9.915133449187286
0437089225fb4b8496c6c4a824d370e6,1,0.1225748285651207,0.0228105541318655,16.41864164373141,-0.12237600982189178,0.08851364254951477,0.5898407101631165,4.204492065101658,0.5881199836730957,4.219074962192447,0.07754217383247966,19.208629868887183
0437089225fb4b8496c6c4a824d370e6,2,0.12239677459001541,0.0227931160479784,16.42196298341586,-0.1221846267580986,0.08867936581373215,0.5896390080451965,4.20698836908406,0.587191641330719,4.228635686611381,0.07486612736839313,18.974074303693072
0437089225fb4b8496c6c4a824d370e6,3,0.1225324273109436,0.02280488796532154,16.419720569973535,-0.12229818105697632,0.08858918398618698,0.5897656679153442,4.205424559739518,0.5875352621078491,4.225500886927501,0.06866056323393978,19.597701793331833
0437089225fb4b8496c6c4a824d370e6,4,0.11247829347848892,0.020000729709863663,16.989541591767175,-0.11224380135536194,0.08603522181510925,0.5797080993652344,4.357865603552944,0.4833638072013855,5.890448302613894,0.11654592374425977,16.7158787268958
0437089225fb4b8496c6c4a824d370e6,5,0.08144999295473099,0.012806054204702377,18.92584664252183,-0.07836414128541946,0.08164016902446747,0.5458306074142456,4.8839651269219875,0.38385075330734253,7.68729857283084,0.11949956935597203,16.554760106758984
048002dcad254cf8b57d51d84ad84435,1,0.15035755932331085,0.03655090928077698,14.371018145826742,-0.1302245855331421,0.13997308909893036,0.5670568346977234,4.292468815722521,0.528743326663971,4.7491956142359415,0.1043764608038285,17.495241562878167
048002dcad254cf8b57d51d84ad84435,2,0.15077055990695953,0.0367044173181057,14.352816659540611,-0.1304784119129181,0.1402847170829773,0.5673714876174927,4.287584473249839,0.5307474136352539,4.718660602520982,0.12807627506017533,15.758443465952709
048002dcad254cf8b57d51d84ad84435,3,0.15071293711662292,0.03658547252416611,14.366913314106164,-0.1287434995174408,0.14145879447460175,0.5659508109092712,4.305162205112792,0.5274416208267212,4.7582953926646745,0.1111938747062489,17.24115733046055
048002dcad254cf8b57d51d84ad84435,4,0.14082275331020355,0.032433949410915375,14.890001650200722,-0.11686062812805176,0.1370311677455902,0.5545056462287903,4.482863430338311,0.42357584834098816,6.677352744933998,0.14815322976886244,14.25152710989214
048002dcad254cf8b57d51d84ad84435,5,0.11947540193796158,0.02269369177520275,16.440948480031523,-0.07969050109386444,0.12784020602703094,0.5186942219734192,5.044011323294235,0.33819112181663513,8.635184888438957,0.15091940376409013,14.138885691511787
04dbe2471a134bd68f5b8d8d4af95aae,1,0.29801037907600403,0.09553065896034241,10.19857226526689,-0.29801037907600403,0.08197849988937378,0.7156626582145691,2.8550810282852392,0.5213367938995361,5.049975884776349,0.22736241595779147,12.30557706518757
04dbe2471a134bd68f5b8d8d4af95aae,2,0.3019348382949829,0.0977700725197792,10.097940626823483,-0.3019348382949829,0.08127369731664658,0.7195824384689331,2.810678655535666,0.5260337591171265,4.9946317857221425,0.09691726065680545,18.175982198904006
04dbe2471a134bd68f5b8d8d4af95aae,3,0.3089146018028259,0.10167084634304047,9.928035612115005,-0.3089146018028259,0.07901005446910858,0.7265650629997253,2.7314644542074635,0.5366019606590271,4.858248351150395,0.24539982161727228,12.127942429035537
04dbe2471a134bd68f5b8d8d4af95aae,4,0.30274003744125366,0.09664476662874222,10.14821658301701,-0.30274003744125366,0.07066279649734497,0.7203887701034546,2.8154043197197476,0.48779743909835815,5.953556146659916,0.40418676420569655,7.753731479914425
04dbe2471a134bd68f5b8d8d4af95aae,5,0.2761419117450714,0.07869458943605423,11.040551260760314,-0.2761419117450714,0.049398716539144516,0.6937932372093201,3.1616327798632904,0.4349271357059479,7.076502125321321,0.41581380681178065,7.509015406321734
04e43ff1195e45029a03b6cdc53f9aa8,1,0.32451480627059937,0.10743726044893265,9.688450743069541,-0.32451480627059937,0.0461236946284771,0.7942766547203064,1.9961196655748314,0.7924935817718506,2.015508041443486,0.32447283363547247,9.689564603660077
04e43ff1195e45029a03b6cdc53f9aa8,2,0.3245147168636322,0.1074371263384819,9.688456164230212,-0.3245147168636322,0.046123020350933075,0.794277012348175,1.9961151566931226,0.7925660014152527,2.0147221150912284,0.32441230774663715,9.691205038864828
04e43ff1195e45029a03b6cdc53f9aa8,3,0.32451510429382324,0.10743750631809235,9.688440804292558,-0.32451510429382324,0.046124186366796494,0.7942773699760437,1.9961122874072,0.7925694584846497,2.0147035905178727,0.3244660250354142,9.689749484369116
04e43ff1195e45029a03b6cdc53f9aa8,4,0.324513703584671,0.1074361652135849,9.688495016079706,-0.324513703584671,0.04611947759985924,0.7942736744880676,1.9961528674842883,0.7902738451957703,2.0398374029118536,0.32452037783161175,9.688301565014253
04e43ff1195e45029a03b6cdc53f9aa8,5,0.3244907259941101,0.10742124170064926,9.689098318467282,-0.3244907259941101,0.04611966013908386,0.7942511439323425,1.9964000452334016,0.788136899471283,2.0631385221693703,0.32452487577796685,9.688178399649656
04e5ee9a0baa446e9ab973cce0153bc8,1,0.29807835817337036,0.09674745053052902,10.143604705996093,-0.29807835817337036,0.08886362612247467,0.769960343837738,2.2237894163138066,0.765565812587738,2.2732888025356495,0.2980551776784931,10.144178911703252
04e5ee9a0baa446e9ab973cce0153bc8,2,0.29807981848716736,0.09674844145774841,10.143560223995063,-0.29807981848716736,0.08886433392763138,0.7699617743492126,2.22377300187146,0.7656843066215515,2.271914060223788,0.2979764872269258,10.146331739446012
04e5ee9a0baa446e9ab973cce0153bc8,3,0.2980809807777405,0.09674928337335587,10.143522431374723,-0.2980809807777405,0.0888652428984642,0.7699629664421082,2.2237591792312865,0.7657327651977539,2.271305677996706,0.29803730407626217,10.144669203787053
04e5ee9a0baa446e9ab973cce0153bc8,4,0.2980770170688629,0.09674695134162903,10.143627114394745,-0.2980770170688629,0.08886522054672241,0.7699591517448425,2.223801079244754,0.7644780278205872,2.2852302622820457,0.2981071658084715,10.142755022812215
04e5ee9a0baa446e9ab973cce0153bc8,5,0.29806339740753174,0.09673917293548584,10.143976299007383,-0.29806339740753174,0.08886724710464478,0.7699453830718994,2.223953564149536,0.763164222240448,2.299755671704596,0.2981140823052489,10.14257791479791
05703932eb2c45c0918d4f91c875d064,1,0.0716359093785286,0.01047893799841404,19.79682729260623,-0.06915242969989777,0.07547768205404282,0.5392458438873291,5.208615962114413,0.5311600565910339,5.26952988746576,0.03453495729169705,23.137850823160313
05703932eb2c45c0918d4f91c875d064,2,0.07159966230392456,0.010474417358636856,19.798701253990373,-0.06900401413440704,0.07558349519968033,0.5391049981117249,5.210210741824719,0.5301738977432251,5.278390878638558,0.06632620439121478,20.71684008215803
05703932eb2c45c0918d4f91c875d064,3,0.07166890054941177,0.010482201352715492,19.79547502186052,-0.06902113556861877,0.07561933994293213,0.5391139984130859,5.210112796109117,0.5302629470825195,5.278258218496461,0.04388618954182443,21.574801112577617
05703932eb2c45c0918d4f91c875d064,4,0.061711400747299194,0.00911271758377552,20.40352088928573,-0.05879843235015869,0.07520279288291931,0.5288915038108826,5.373282898073873,0.41128596663475037,7.420039155297432,0.06481575139048293,20.39411096464574
05703932eb2c45c0918d4f91c875d064,5,0.04007045552134514,0.006143880542367697,22.115572370349568,-0.028558984398841858,0.07299496233463287,0.49863871932029724,5.877393097848833,0.30714622139930725,9.816710830837081,0.06717448437259968,20.386176756105222
060c9e87a01b4fd08f87578d63e4961e,1,0.45803990960121155,0.23127374053001404,6.3587367544524165,-0.45803990960121155,0.14653725922107697,0.7750557661056519,2.0689710918609028,0.6529861092567444,2.997392738619059,0.34120271985878264,8.883030532944149
060c9e87a01b4fd08f87578d63e4961e,2,0.4679967761039734,0.23820559680461884,6.230480386852859,-0.4679967761039734,0.13850846886634827,0.7850072383880615,1.9768284796178457,0.6660107970237732,2.8887202895203794,0.12960310080228307,15.427792201572139
060c9e87a01b4fd08f87578d63e4961e,3,0.47280988097190857,0.24078881740570068,6.1836368623384885,-0.47280988097190857,0.13129983842372894,0.7898132801055908,1.9381000502624024,0.6674036383628845,2.907543882912271,0.2834041816641143,10.598705299429323
060c9e87a01b4fd08f87578d63e4961e,4,0.45081931352615356,0.21733884513378143,6.628626449655036,-0.45045679807662964,0.12011467665433884,0.7676031589508057,2.200100668697667,0.5461596250534058,4.896830686218991,0.5289071726625786,5.373981467209593
060c9e87a01b4fd08f87578d63e4961e,5,0.3768266439437866,0.14785218238830566,8.301722606393621,-0.3747729957103729,0.08600827306509018,0.6925817131996155,3.1369003651927674,0.4239831268787384,7.25083220514878,0.5613103110172393,4.916520354250512
062ad5b97bf34d75b7c7003b9b6f2cb0,1,0.1630547046661377,0.05308354273438454,12.75040100527816,-0.13479773700237274,0.18685050308704376,0.6150757670402527,3.971012336815663,0.45002099871635437,5.597050290703894,0.11668715333087222,16.501042782515967
062ad5b97bf34d75b7c7003b9b6f2cb0,2,0.1615610271692276,0.05281052738428116,12.77279495474211,-0.13269664347171783,0.1876223087310791,0.6129754185676575,3.996879705166212,0.4456247091293335,5.658661173322994,0.23950786591562007,10.95750377500135
062ad5b97bf34d75b7c7003b9b6f2cb0,3,0.16116228699684143,0.05271812528371811,12.780400421434235,-0.13005980849266052,0.18921567499637604,0.6103381514549255,4.026927562206508,0.44242238998413086,5.6903274246916435,0.157638576124512,14.1656037056528
062ad5b97bf34d75b7c7003b9b6f2cb0,4,0.15017086267471313,0.04558248445391655,13.412020074746172,-0.1182551309466362,0.1777588576078415,0.5985347628593445,4.22608615634911,0.3652826249599457,7.770903295132624,0.25356547685231967,11.040835670934486
062ad5b97bf34d75b7c7003b9b6f2cb0,5,0.12047643959522247,0.028108207508921623,15.5116684894274,-0.08278930932283401,0.14578799903392792,0.5630679726600647,4.831404795260378,0.2968504726886749,9.86763171272343,0.2611814651346435,10.825629849310944
069044476a7f49b9b83f6364654c85c3,1,0.054913196712732315,0.009554398246109486,20.197966604272555,-0.041284844279289246,0.08860000222921371,0.47792181372642517,6.020799498681412,0.3582330644130707,7.891499162417964,0.03434162440014074,25.495505819466718
069044476a7f49b9b83f6364654c85c3,2,0.05492711812257767,0.009603754617273808,20.17558945004575,-0.04134880751371384,0.08884835243225098,0.4779850244522095,6.01910137427999,0.35787665843963623,7.897387675104759,0.05694614521707461,21.473834713897276
069044476a7f49b9b83f6364654c85c3,3,0.05476900562644005,0.009606161154806614,20.17450131828207,-0.040316224098205566,0.0893351212143898,0.4769512414932251,6.036139589396042,0.35627514123916626,7.9141623891750355,0.0380375976963889,25.308415413700786
069044476a7f49b9b83f6364654c85c3,4,0.04887235537171364,0.007428362034261227,21.291069383126526,-0.033658627420663834,0.07934392988681793,0.4702993631362915,6.186520831295677,0.30742356181144714,9.540775630192705,0.07674173359837437,18.73520037234809
069044476a7f49b9b83f6364654c85c3,5,0.038376327604055405,0.0040677012875676155,23.906509470777806,-0.018062617629766464,0.061167337000370026,0.4547085165977478,6.526782519838007,0.2669784128665924,10.890605643970893,0.08550244182499715,17.940362800366866
0692e0ff0ef34b21b1f3659270d2e558,1,0.06077588349580765,0.010378150269389153,19.838800452720385,-0.05811602249741554,0.08367004990577698,0.48895835876464844,5.846818743234078,0.45978257060050964,6.237838188792622,0.04682231650771522,23.969792742782104
0692e0ff0ef34b21b1f3659270d2e558,2,0.06047855317592621,0.010346491821110249,19.852068812219727,-0.05744720622897148,0.08394230902194977,0.4882814884185791,5.858146144681731,0.4568312466144562,6.281052914477949,0.0797553614104868,19.872829511445048
0692e0ff0ef34b21b1f3659270d2e558,3,0.06081584468483925,0.010384964756667614,19.83594972986441,-0.058109644800424576,0.08371518552303314,0.4889402687549591,5.846924693291142,0.4592244029045105,6.247703753426595,0.05103530308046583,21.891296569561938
0692e0ff0ef34b21b1f3659270d2e558,4,0.05477418377995491,0.009120650589466095,20.399741817003548,-0.05136818811297417,0.08051062375307083,0.4822598695755005,5.967133132868537,0.3693556487560272,8.101195331934633,0.06256695585382327,20.17900850572552
0692e0ff0ef34b21b1f3659270d2e558,5,0.043130628764629364,0.005844827741384506,22.332282838295274,-0.028126629069447517,0.07108952105045319,0.4592216908931732,6.390168469594579,0.2856055200099945,10.186367317117677,0.06329737845038849,19.994346877102114
06dd0877eb584e569d1bc9070e42baa2,1,0.17296817898750305,0.039778418838977814,14.003524837343193,-0.16949348151683807,0.10512077063322067,0.6594909429550171,3.498906946453888,0.5264497995376587,5.012986650646897,0.1346891016469125,16.0560814788225
06dd0877eb584e569d1bc9070e42baa2,2,0.17405594885349274,0.04008721560239792,13.969941081423276,-0.1706264168024063,0.10475609451532364,0.6606237888336182,3.4854080861508634,0.528475821018219,4.987815292297658,0.0870384585578662,19.126113364657233
06dd0877eb584e569d1bc9070e42baa2,3,0.17609943449497223,0.04072317108511925,13.90158411144104,-0.17265310883522034,0.10447046905755997,0.662649929523468,3.4604109919125188,0.5319994688034058,4.947063071507604,0.12112298970930077,17.150975731134217
06dd0877eb584e569d1bc9070e42baa2,4,0.17077317833900452,0.03778491169214249,14.226815884431634,-0.16752223670482635,0.09859620779752731,0.6575173139572144,3.5371512521461703,0.47755497694015503,6.093383743771827,0.21478431636514136,12.485282438846594
06dd0877eb584e569d1bc9070e42baa2,5,0.15138362348079681,0.028930818662047386,15.386392768470303,-0.14806826412677765,0.08370548486709595,0.6380646228790283,3.8169951920852414,0.4242610037326813,7.227915790910265,0.22344641119075126,12.156123742522384
07a81928f67f4aa2ad0d59a057ae374e,1,0.2025943398475647,0.0624496191740036,12.044702056666765,-0.19950196146965027,0.15049447119235992,0.676767110824585,3.2479550891047864,0.6249673962593079,3.6888125462561314,0.17496710567271548,13.526073390040628
07a81928f67f4aa2ad0d59a057ae374e,2,0.20393499732017517,0.06281059980392456,12.019670593217526,-0.2013307362794876,0.14925327897071838,0.6785953044891357,3.2294849951515987,0.6245190501213074,3.711025288497683,0.17015448253152735,13.523384858752127
07a81928f67f4aa2ad0d59a057ae374e,3,0.2035457044839859,0.06269481778144836,12.027683555318621,-0.20071779191493988,0.14969027042388916,0.6779828071594238,3.2354941043082253,0.6242970824241638,3.708059894780776,0.10719936519847577,15.66251859158471
07a81928f67f4aa2ad0d59a057ae374e,4,0.1878942996263504,0.05509782209992409,12.58865567548915,-0.18438613414764404,0.145256906747818,0.6616520285606384,3.4507432504604063,0.5059322118759155,5.596056704776218,0.21388788918632604,11.622848809201752
07a81928f67f4aa2ad0d59a057ae374e,5,0.14563609659671783,0.036506522446870804,14.376295352799573,-0.13959307968616486,0.13046185672283173,0.6168591380119324,4.083843874665013,0.3939463794231415,7.779097496860725,0.22543806290067928,11.429947467393724
07c2642631f947a5ac799dddeea39eb9,1,0.22217246890068054,0.06883677840232849,11.62179463080546,-0.21942467987537384,0.1438387930393219,0.67799973487854,3.2336084151680526,0.5350751280784607,4.813402822668183,0.182706415200262,13.346419881993544
07c2642631f947a5ac799dddeea39eb9,2,0.2242467850446701,0.06991450488567352,11.554327135489036,-0.2215631604194641,0.14430613815784454,0.6801407337188721,3.205941583596576,0.5415782928466797,4.711297520493624,0.10524862798455405,18.29450974372183
07c2642631f947a5ac799dddeea39eb9,3,0.22420763969421387,0.06953801214694977,11.577777284636607,-0.22152350842952728,0.14305713772773743,0.6801038980484009,3.2086196849588307,0.5376677513122559,4.785485294208633,0.17822894064869302,13.698595218756582
07c2642631f947a5ac799dddeea39eb9,4,0.21745148301124573,0.06525706499814987,11.853724629381517,-0.2148939073085785,0.13812191784381866,0.6734718084335327,3.3015532063114494,0.4754238724708557,6.048062264616051,0.27914848883498394,10.056028775726274
07c2642631f947a5ac799dddeea39eb9,5,0.194475919008255,0.05198792368173599,12.840975272783158,-0.18922916054725647,0.1272016167640686,0.6478084921836853,3.6535565009892608,0.4104061722755432,7.407024397864848,0.280093713539045,10.023832188026525
086be698bca14d7791d9032884909954,1,0.11004453152418137,0.022938746958971024,16.394303093496383,-0.042306944727897644,0.14542651176452637,0.5166450142860413,5.331381919239783,0.34154337644577026,7.914192414203486,0.10338145780432971,17.56007291218709
086be698bca14d7791d9032884909954,2,0.11162623763084412,0.023440062999725342,16.300412254015445,-0.04258532077074051,0.14705967903137207,0.5169446468353271,5.319352623007541,0.3425525426864624,7.860104273517114,0.19172692724291807,12.619772570437384
086be698bca14d7791d9032884909954,3,0.11280273646116257,0.023536086082458496,16.28265756195898,-0.04165082052350044,0.14765264093875885,0.5160506963729858,5.331067849200562,0.341033011674881,7.886590734565329,0.11665644383339645,16.407210753749368
086be698bca14d7791d9032884909954,4,0.10825248062610626,0.02167443372309208,16.64052240294611,-0.0379226878285408,0.14225435256958008,0.5123174786567688,5.410685098042924,0.3105432093143463,9.002753308600822,0.12288152614914896,15.450027339757092
086be698bca14d7791d9032884909954,5,0.10130633413791656,0.017997488379478455,17.447880981767568,-0.026820244267582893,0.13144642114639282,0.5011910200119019,5.626406600020102,0.2808990478515625,10.003887805942949,0.12778014536033097,15.164938587409855
087ca366dee64594bba4189b31dd7a45,1,0.15494275093078613,0.046427663415670395,13.332231727028908,-0.15111488103866577,0.15359671413898468,0.6077455878257751,3.9644146326047895,0.5811169743537903,4.170067557163918,0.12185414781071219,14.655902867396613
087ca366dee64594bba4189b31dd7a45,2,0.15502169728279114,0.04642949253320694,13.332060630758544,-0.1513015329837799,0.15341882407665253,0.6079787015914917,3.961956248388729,0.5817028880119324,4.16697439620748,0.1111398208109028,15.787119901943381
087ca366dee64594bba4189b31dd7a45,3,0.1548738032579422,0.04641538858413696,13.333380093334736,-0.15118281543254852,0.153489887714386,0.6078759431838989,3.963420924502277,0.5812103748321533,4.171120180336002,0.12655673462199896,14.418775059935928
087ca366dee64594bba4189b31dd7a45,4,0.14974559843540192,0.044447388499975204,13.521537508550344,-0.14596295356750488,0.15212562680244446,0.6025862097740173,4.041114679008545,0.506838321685791,5.399540874566783,0.15625946587116435,13.345150292173882
087ca366dee64594bba4189b31dd7a45,5,0.13431555032730103,0.03852025046944618,14.14310897634089,-0.13001133501529694,0.14702823758125305,0.586636483669281,4.2839955356414565,0.43918856978416443,6.672225890792181,0.1566492622188147,13.344030836028466
08aab5b01d384e0082c56c17fc9f2245,1,0.4159029722213745,0.18013054132461548,7.444126458465946,-0.4159029722213745,0.08458881080150604,0.8336803317070007,1.5691727323704234,0.8295854330062866,1.6111414674118063,0.41588019811367005,7.444614366669015
08aab5b01d384e0082c56c17fc9f2245,2,0.4159029722213745,0.1801305115222931,7.4441271769995785,-0.4159029722213745,0.08458846807479858,0.8336808681488037,1.5691667880614648,0.8296614289283752,1.6103526465402693,0.4157852260685078,7.446468166242814
08aab5b01d384e0082c56c17fc9f2245,3,0.4159051179885864,0.1801324486732483,7.444080472560688,-0.4159051179885864,0.08458959311246872,0.8336819410324097,1.5691560140222147,0.8296821713447571,1.6101088649826925,0.4158627294158807,7.444968214909675
08aab5b01d384e0082c56c17fc9f2245,4,0.4158995747566223,0.18012768030166626,7.444195438236837,-0.4158995747566223,0.08458846807479858,0.8336772322654724,1.569205054692786,0.8283885717391968,1.6238001844963317,0.4159295081124115,7.443633596708269
08aab5b01d384e0082c56c17fc9f2245,5,0.415886789560318,0.18011638522148132,7.4444677753253865,-0.415886789560318,0.08458469063043594,0.8336640000343323,1.5693443778009866,0.8270472884178162,1.637908081411354,0.4159353474342243,7.443503873849499
08bc3a0eec7042389949e2c5ad9bf700,1,0.2378826141357422,0.06666386872529984,11.761094863956211,-0.23358668386936188,0.11000515520572662,0.7076695561408997,2.902928566555918,0.5781102776527405,4.140374171545485,0.18207311151282654,14.059131094706157
08bc3a0eec7042389949e2c5ad9bf700,2,0.23950877785682678,0.06706441193819046,11.73507879219411,-0.23477166891098022,0.10930085182189941,0.7088569402694702,2.8893954375105095,0.5793243646621704,4.134226793793275,0.09880769553632013,18.278147726424365
08bc3a0eec7042389949e2c5ad9bf700,3,0.24204812943935394,0.06813601404428482,11.666232762451777,-0.2377661168575287,0.10771854966878891,0.711851954460144,2.856217636389551,0.5854151844978333,4.065486555826784,0.1396987352114217,16.532861729740848
08bc3a0eec7042389949e2c5ad9bf700,4,0.2329110950231552,0.06253019720315933,12.039102016710208,-0.22848926484584808,0.10160140693187714,0.7025755047798157,2.97853524683567,0.5060940980911255,5.54331018349937,0.28354080322185066,10.68909267805148
08bc3a0eec7042389949e2c5ad9bf700,5,0.20195326209068298,0.04566284269094467,13.40437055470357,-0.19673864543437958,0.08340711146593094,0.6708266139030457,3.4024071378167227,0.42840126156806946,7.131271751950709,0.29772791376228164,10.302935504524777
099450527f614a3e81baf1fe4fe087ab,1,0.17897909879684448,0.04951697587966919,13.05245886582374,-0.1515013426542282,0.1629856377840042,0.6146702170372009,3.9742171857127544,0.44799691438674927,5.761012395903195,0.12809921908252828,16.12134489730181
099450527f614a3e81baf1fe4fe087ab,2,0.17716309428215027,0.04921049624681473,13.079422554461743,-0.1459711641073227,0.16704167425632477,0.6093164086341858,4.036648458072013,0.4401831328868866,5.862610406587158,0.19223444880748847,12.445073097641457
099450527f614a3e81baf1fe4fe087ab,3,0.18008403480052948,0.05014840140938759,12.997429065148928,-0.14705853164196014,0.16888512670993805,0.6105071306228638,4.01405230826609,0.44447773694992065,5.773405938641377,0.13903542975191938,15.23451495134519
099450527f614a3e81baf1fe4fe087ab,4,0.17017684876918793,0.04413868114352226,13.55180647627644,-0.14000152051448822,0.15664690732955933,0.6033110022544861,4.150095846609924,0.37810876965522766,7.539155723409473,0.2741936892032222,10.335509409662079
099450527f614a3e81baf1fe4fe087ab,5,0.14236608147621155,0.029908739030361176,15.242018966878417,-0.10557496547698975,0.13697688281536102,0.5692316889762878,4.699510792944151,0.31270864605903625,9.39011453995449,0.28160226142212835,10.151727422422148
09fb340c826c402683eca48320936aec,1,0.158765509724617,0.04447515308856964,13.518825483501281,-0.158765509724617,0.1388116180896759,0.5778384208679199,4.064589235685418,0.5721882581710815,4.13724704863631,0.15874911577978154,13.519166832809926
09fb340c826c402683eca48320936aec,2,0.15876950323581696,0.04447634518146515,13.518709078634238,-0.15876950323581696,0.13881133496761322,0.5778435468673706,4.064517629671792,0.5723350048065186,4.135350590397707,0.15869419223232398,13.52103470590798
09fb340c826c402683eca48320936aec,3,0.15877194702625275,0.04447714611887932,13.518630870866506,-0.15877194702625275,0.13881143927574158,0.5778459906578064,4.0644856218355425,0.5724731087684631,4.133552856546761,0.15874732246642537,13.519386062782228
09fb340c826c402683eca48320936aec,4,0.15876618027687073,0.044474247843027115,13.518913880531453,-0.15876618027687073,0.13880757987499237,0.5778358578681946,4.064562507035321,0.5716899037361145,4.1434870820579786,0.15880399215857802,13.517733239825825
09fb340c826c402683eca48320936aec,5,0.15875574946403503,0.04447123780846596,13.519207822689658,-0.15875574946403503,0.1388086974620819,0.5778278708457947,4.064699451856842,0.570913553237915,4.1539425839731505,0.15880779114549903,13.517544487882123
0a354259149c4930bac9bab65ce89cdd,1,0.09381527453660965,0.01084489282220602,19.647747356695678,-0.09381181001663208,0.045213259756565094,0.6090168356895447,4.2787445612655,0.5157856941223145,5.537007502845123,0.07643098813712083,21.759377134320776
0a354259149c4930bac9bab65ce89cdd,2,0.09430550038814545,0.01093809213489294,19.610584227508234,-0.09430286288261414,0.04522237181663513,0.6095070838928223,4.271876339180421,0.5179932117462158,5.504558842999688,0.04300825632266394,25.955119639580182
0a354259149c4930bac9bab65ce89cdd,3,0.0948253646492958,0.011023652739822865,19.576744760926633,-0.09482362866401672,0.045079175382852554,0.6100279092788696,4.264738022304731,0.5192371010780334,5.491074241209621,0.07485234795501328,22.08038045442263
0a354259149c4930bac9bab65ce89cdd,4,0.09265876561403275,0.01036205142736435,19.845542566189486,-0.09265703707933426,0.04215121641755104,0.6078612804412842,4.298398715495016,0.4823177754878998,6.244077881338509,0.10469156109069572,18.998710526829594
0a354259149c4930bac9bab65ce89cdd,5,0.0848996639251709,0.008299673907458782,20.809389706327597,-0.08489702641963959,0.03304797783493996,0.6001013517379761,4.41740174383706,0.4463799297809601,6.973698636547727,0.10873853262719309,18.57561682448199
0a39c8c2a2df48b6a072da1d9306cf36,1,0.037516601383686066,0.006405550055205822,21.93443570730603,-0.026689089834690094,0.07545358687639236,0.4479716718196869,6.653218007306421,0.2929651439189911,9.729202136495013,0.029199266466752145,24.800277251581186
0a39c8c2a2df48b6a072da1d9306cf36,2,0.03729467839002609,0.0063576470129191875,21.967035885000517,-0.026386158540844917,0.07524239271879196,0.44767528772354126,6.659558724167582,0.29301172494888306,9.721346512257616,0.046009685581634416,23.15007985558564
0a39c8c2a2df48b6a072da1d9306cf36,3,0.03704175725579262,0.00632275827229023,21.990934215423465,-0.025677992030978203,0.07525555789470673,0.4469614326953888,6.6725729872460064,0.2904861867427826,9.784351605634168,0.035744548609719325,24.24398561817545
0a39c8c2a2df48b6a072da1d9306cf36,4,0.03537636250257492,0.00564910564571619,22.48020303308892,-0.02400941029191017,0.07122256606817245,0.4453010559082031,6.7168599850394575,0.2718137204647064,10.67657556790114,0.07394090436982087,17.832182079930693
0a39c8c2a2df48b6a072da1d9306cf36,5,0.03080703131854534,0.003941141068935394,24.043780197490303,-0.019470075145363808,0.059682976454496384,0.44075626134872437,6.837062893916007,0.2573387026786804,11.324164690130608,0.07949661956292906,17.40236999759246
0ae2a05bf20c4b028b86c33e26aa9e0c,1,0.09071441739797592,0.020029442384839058,16.983311411986037,-0.06808112561702728,0.12407418340444565,0.5101833343505859,5.319737217583784,0.42970672249794006,6.351187631103797,0.07047470932126045,20.0036181110272
0ae2a05bf20c4b028b86c33e26aa9e0c,2,0.09074883908033371,0.020184136927127838,16.949898162709843,-0.06869493424892426,0.12435892224311829,0.510793924331665,5.3096890323602235,0.4299277663230896,6.340354350673461,0.13029244485187802,15.175210630733403
0ae2a05bf20c4b028b86c33e26aa9e0c,3,0.09072157740592957,0.020197128877043724,16.947103632999124,-0.06785258650779724,0.12487255036830902,0.5098252296447754,5.322937766016727,0.42788824439048767,6.370884746900828,0.08050249118837671,17.98168346293106
0ae2a05bf20c4b028b86c33e26aa9e0c,4,0.08508404344320297,0.018073679879307747,17.42953414203256,-0.05869828909635544,0.12094705551862717,0.5008630752563477,5.47913293015355,0.3538829982280731,8.118512027350622,0.10144476720586212,16.512939001892313
0ae2a05bf20c4b028b86c33e26aa9e0c,5,0.07210561633110046,0.012778667733073235,18.935144221036786,-0.032599397003650665,0.10824022442102432,0.47613537311553955,5.935321621529292,0.287903368473053,9.937459872722126,0.10139720041837462,16.51502025469577
0af17e65f26647cc99709f7d15944994,1,0.19802649319171906,0.04865686222910881,13.128559011701373,-0.197936549782753,0.09735491126775742,0.6883895993232727,3.1991412088457953,0.5451518297195435,4.923828795891875,0.15867522133242282,15.101584541091997
0af17e65f26647cc99709f7d15944994,2,0.20043770968914032,0.04981481656432152,13.026414645680477,-0.20035994052886963,0.09833974391222,0.690812349319458,3.168437985640175,0.5512381196022034,4.834193934984764,0.0905177205562171,18.746506945178997
0af17e65f26647cc99709f7d15944994,3,0.20285026729106903,0.05079690366983414,12.941627593713584,-0.20279686152935028,0.09833788871765137,0.69324791431427,3.1393610114487567,0.5547600388526917,4.8000182533136595,0.16943969549156493,14.787068694474115
0af17e65f26647cc99709f7d15944994,4,0.19901931285858154,0.048284146934747696,13.161954371344331,-0.19897252321243286,0.09324205666780472,0.6894256472587585,3.1933247137248912,0.5134242177009583,5.636975123561328,0.23873316739425257,11.704162842936803
0af17e65f26647cc99709f7d15944994,5,0.18378598988056183,0.0397215262055397,14.009740731194992,-0.18372036516666412,0.07725514471530914,0.6741755604743958,3.401460106898955,0.4710846543312073,6.45228203287046,0.24443332249576472,11.458100564091467
0b1cc5fa9d8744ddabb84d3ec55b9a97,1,0.11467330902814865,0.020753435790538788,16.8290999430848,-0.11131713539361954,0.09144357591867447,0.6047632694244385,4.214522450197592,0.5739920735359192,4.5078216881627515,0.10877896099500192,17.175745214850096
0b1cc5fa9d8744ddabb84d3ec55b9a97,2,0.11385802179574966,0.02057892456650734,16.86577324764801,-0.10726261138916016,0.09525574743747711,0.600709080696106,4.2642577373218575,0.563286542892456,4.611316922386512,0.122689616927886,16.477613775072133
0b1cc5fa9d8744ddabb84d3ec55b9a97,3,0.1147911474108696,0.02075626142323017,16.828508680430517,-0.10969847440719604,0.09339433908462524,0.6031473278999329,4.233273007059298,0.5705627799034119,4.535343785258597,0.09112914547608679,17.68540169093789
0b1cc5fa9d8744ddabb84d3ec55b9a97,4,0.10733366012573242,0.019529834389686584,17.09301439454092,-0.10472791641950607,0.0925305187702179,0.5981737971305847,4.30262348555292,0.4952673614025116,5.622617836393565,0.11863944980165504,16.72064092729282
0b1cc5fa9d8744ddabb84d3ec55b9a97,5,0.09134811908006668,0.017069382593035698,17.677821872207634,-0.08099184185266495,0.10251683741807938,0.5744346976280212,4.612624013011934,0.4240409731864929,6.554077401283617,0.12027320058018552,16.677846211376536
0b6168841a3f46bdaa56947d469c79da,1,0.41942116618156433,0.17652852833271027,7.531850993623566,-0.41942116618156433,0.02478783205151558,0.8386500477790833,1.5275703641219138,0.837123692035675,1.5432265614863918,0.41937052349544046,7.532901744027717
0b6168841a3f46bdaa56947d469c79da,2,0.41942155361175537,0.17652888596057892,7.531842195291984,-0.41942155361175537,0.024788279086351395,0.8386500477790833,1.5275699961442708,0.837098240852356,1.543485083802176,0.41929437639519007,7.5345099779492735
0b6168841a3f46bdaa56947d469c79da,3,0.41942325234413147,0.17653033137321472,7.5318066355501045,-0.41942325234413147,0.024788087233901024,0.8386514186859131,1.5275556450405108,0.8371884822845459,1.5425622297227162,0.4193511739420425,7.533317645017174
0b6168841a3f46bdaa56947d469c79da,4,0.4194157123565674,0.17652398347854614,7.531962807306721,-0.4194157123565674,0.024787651374936104,0.83864426612854,1.527630344894472,0.8347840309143066,1.5675290693745816,0.41942766073217197,7.531708792789931
0b6168841a3f46bdaa56947d469c79da,5,0.419391930103302,0.17650389671325684,7.532457021606685,-0.419391930103302,0.024785470217466354,0.8386204242706299,1.5278772683330224,0.8324463367462158,1.5917240906990142,0.41943219309977936,7.531618439244068
0bba5774d2bd40e48a2d246fdd0b92f5,1,0.2067548632621765,0.0625607967376709,12.036977289927952,-0.12317358702421188,0.21769027411937714,0.5626505613327026,4.667504380902882,0.3255050480365753,8.178744541795007,0.21846743456058598,11.86378732900015
0bba5774d2bd40e48a2d246fdd0b92f5,2,0.20622076094150543,0.062281012535095215,12.056443354932874,-0.12330187857151031,0.21697387099266052,0.5627775192260742,4.66705741302359,0.32660388946533203,8.142311214375686,0.27727722116323444,10.082393240027328
0bba5774d2bd40e48a2d246fdd0b92f5,3,0.20525041222572327,0.062069810926914215,12.071195775326453,-0.12481938302516937,0.21561524271965027,0.5642966032028198,4.649252935221565,0.32766589522361755,8.147662835132856,0.22288563975395614,11.594426558046429
0bba5774d2bd40e48a2d246fdd0b92f5,4,0.20230475068092346,0.06015400215983391,12.207354729274583,-0.12266995757818222,0.21238191425800323,0.562197744846344,4.694546230279654,0.30511587858200073,9.113400017094559,0.28355419921740777,9.215198319553497
0bba5774d2bd40e48a2d246fdd0b92f5,5,0.1957264542579651,0.05571012571454048,12.540658615177673,-0.11053715646266937,0.20854654908180237,0.5504128932952881,4.890570941865241,0.28516706824302673,9.813829693857286,0.2945190200798542,8.931241512068716
0c5eb9cedea94e2180187a07cb661ceb,1,0.3736379146575928,0.1846778243780136,7.335852503554042,-0.3712739646434784,0.21641042828559875,0.7510606050491333,2.2784132991708055,0.6516510248184204,2.9066455003542613,0.1402632388569861,14.152163058915546
0c5eb9cedea94e2180187a07cb661ceb,2,0.3712351620197296,0.1832483857870102,7.3695984231784015,-0.36847513914108276,0.21788637340068817,0.7482611536979675,2.307241608897571,0.6455915570259094,2.964465647805849,0.17811327272641453,13.48312331609856
0c5eb9cedea94e2180187a07cb661ceb,3,0.37021520733833313,0.18327192962169647,7.369040475524681,-0.3674212098121643,0.21971245110034943,0.747207522392273,2.313382973880162,0.644893229007721,2.965541577937704,0.2594442667871212,10.87294227800875
0c5eb9cedea94e2180187a07cb661ceb,4,0.34320712089538574,0.15700894594192505,8.040756019695683,-0.34065917134284973,0.20238643884658813,0.7204455137252808,2.6583673971333086,0.5062928199768066,5.26581753699848,0.4528168641498574,6.605032696304205
0c5eb9cedea94e2180187a07cb661ceb,5,0.26357966661453247,0.08957166224718094,10.478293661888003,-0.26039919257164,0.14752604067325592,0.6401852369308472,3.7710297679162403,0.379941463470459,7.811381125103685,0.4649588477143161,6.3660594165962685
0c87b9d50c7f4a2292e337ceb54ec36a,1,0.32089918851852417,0.11877679079771042,9.252684130013618,-0.32062751054763794,0.12639141082763672,0.7716687917709351,2.1892163997629766,0.7434495091438293,2.386516165488025,0.18587027680459,13.857320693495472
0c87b9d50c7f4a2292e337ceb54ec36a,2,0.32019907236099243,0.11810341477394104,9.277375452650645,-0.3199925422668457,0.1253323256969452,0.7710340619087219,2.1975237727565426,0.7402169108390808,2.4212387781148443,0.09708135101173167,17.54574771247384
0c87b9d50c7f4a2292e337ceb54ec36a,3,0.32139477133750916,0.11885583400726318,9.249794961825126,-0.32119718194007874,0.1252526044845581,0.7722362279891968,2.1853347529540796,0.7420660257339478,2.4072112318281293,0.15482257389927584,15.171744730245498
0c87b9d50c7f4a2292e337ceb54ec36a,4,0.29927515983581543,0.10402686893939972,9.828544729608545,-0.2990277409553528,0.12086880207061768,0.7500662803649902,2.4428326462102143,0.578482449054718,4.61641050713885,0.3233872655648765,9.168334925817257
0c87b9d50c7f4a2292e337ceb54ec36a,5,0.22534002363681793,0.06178363412618637,12.091265499916585,-0.2243797481060028,0.10694561898708344,0.6754207015037537,3.3652624413552177,0.42254313826560974,7.344913665097229,0.3360292737350965,8.942444285897771
0cc862bb5d9f41269631ff62504cfdf9,1,0.03206368163228035,0.0035502794198691845,24.49737465048615,-0.03027312085032463,0.05132073163986206,0.3917369842529297,7.488771298260133,0.35302504897117615,8.178598604698536,0.026805177718698458,25.823700292795078
0cc862bb5d9f41269631ff62504cfdf9,2,0.032074302434921265,0.0035501059610396624,24.497586842384116,-0.0302168857306242,0.05135217308998108,0.3916573226451874,7.489723859732203,0.3524184823036194,8.185514518002515,0.026637023386240088,25.93947001808462
0cc862bb5d9f41269631ff62504cfdf9,3,0.03202694654464722,0.0035477105993777514,24.50051814494053,-0.03013145923614502,0.05137903615832329,0.3915793299674988,7.491553334582777,0.3518921136856079,8.195788622947273,0.0282565435037854,25.436838848054464
0cc862bb5d9f41269631ff62504cfdf9,4,0.031013136729598045,0.003358268877491355,24.7388453531648,-0.02908061444759369,0.05012571066617966,0.39054450392723083,7.519819447402135,0.3280342221260071,8.865805231723677,0.032239516663549114,24.74791338152917
0cc862bb5d9f41269631ff62504cfdf9,5,0.028266476467251778,0.002856195205822587,25.442121141526925,-0.026114951819181442,0.04662836343050003,0.3875938951969147,7.59929546533688,0.3064040541648865,9.471055537783363,0.03239003155650436,24.732322008865676
0e63e1ef419b49278ddc45ec63f69979,1,0.1559552699327469,0.035405706614255905,14.50926733698976,-0.15510815382003784,0.1065230667591095,0.6425406336784363,3.680062272671844,0.6012459993362427,4.140038727140301,0.12522155440207372,15.939726758202594
0e63e1ef419b49278ddc45ec63f69979,2,0.15644708275794983,0.035620011389255524,14.483059460100566,-0.155642569065094,0.10674925148487091,0.6430752277374268,3.672732915572844,0.6039866209030151,4.10481159368541,0.09917400450909773,18.29507779092492
0e63e1ef419b49278ddc45ec63f69979,3,0.15621767938137054,0.03551384434103966,14.4960231317482,-0.15543930232524872,0.10654795914888382,0.6428706049919128,3.675781388845417,0.6020069122314453,4.132649408253717,0.11806027317464148,16.333139282369782
0e63e1ef419b49278ddc45ec63f69979,4,0.15073230862617493,0.03371307998895645,14.722015690125666,-0.14990966022014618,0.10601968318223953,0.637342631816864,3.7493455742099115,0.5196760892868042,5.41211462259446,0.16049153120416276,14.27039385023435
0e63e1ef419b49278ddc45ec63f69979,5,0.1335809826850891,0.028211699798703194,15.495707461396549,-0.13139300048351288,0.10463065654039383,0.6188275814056396,3.9992939063193806,0.4420117139816284,6.765516434411386,0.16369159647173395,14.128140072951744
0e92245b9cac4423810aece64743decd,1,0.2783239781856537,0.0976247563958168,10.104400368133323,-0.27626660466194153,0.14595040678977966,0.7441564798355103,2.4768823839856084,0.7235857844352722,2.6174670945624996,0.165988257745086,13.982517594593107
0e92245b9cac4423810aece64743decd,2,0.27870070934295654,0.09785665571689606,10.09409630477939,-0.2766074240207672,0.14609919488430023,0.7444972991943359,2.472655452442683,0.725093424320221,2.6016437671365624,0.1355335113759425,15.67954275692152
0e92245b9cac4423810aece64743decd,3,0.27632075548171997,0.0969959944486618,10.132462000096494,-0.2738925814628601,0.14825259149074554,0.7417824268341064,2.500112725094982,0.7181800603866577,2.657057552550695,0.16865783670518886,13.752540846379485
0e92245b9cac4423810aece64743decd,4,0.2538203001022339,0.08360730856657028,10.777557568744196,-0.2515096068382263,0.14265425503253937,0.7193962335586548,2.7703841257907786,0.5517654418945312,4.946626007979229,0.25594278556643635,10.644237159511764
0e92245b9cac4423810aece64743decd,5,0.17615695297718048,0.044869158416986465,13.480520761831393,-0.16373515129089355,0.13438734412193298,0.6316270232200623,3.8913813359540006,0.3753291368484497,8.140771881871473,0.2648402165454196,10.553862084886006
0f3d54f4b2b74580a2c1891c1116dc5f,1,0.1339954137802124,0.029295479878783226,15.331993835755428,-0.08716724812984467,0.14730021357536316,0.5542306900024414,4.909987430624055,0.30491262674331665,9.011160668600379,0.23314215940546493,11.570436444510534
0f3d54f4b2b74580a2c1891c1116dc5f,2,0.13537614047527313,0.030210692435503006,15.198393204906484,-0.0903305932879448,0.14849604666233063,0.5573925375938416,4.859286783469835,0.3105607032775879,8.829424734769916,0.21675010283858667,11.960853848175557
0f3d54f4b2b74580a2c1891c1116dc5f,3,0.13588149845600128,0.030735673382878304,15.123572675515947,-0.09286701679229736,0.14869898557662964,0.559929609298706,4.820583820442361,0.3138437569141388,8.756804212450422,0.18076416580508095,13.329743882666182
0f3d54f4b2b74580a2c1891c1116dc5f,4,0.1341455727815628,0.029122814536094666,15.357666555119012,-0.09066866338253021,0.14457526803016663,0.557731032371521,4.867098233295969,0.2990871071815491,9.513371045559072,0.26572216902832313,10.466151715015286
0f3d54f4b2b74580a2c1891c1116dc5f,5,0.12593474984169006,0.023360395804047585,16.31519803081148,-0.08014873415231705,0.13014060258865356,0.5472118854522705,5.069930714199095,0.2803741991519928,10.305853808909237,0.2678991089759465,10.420857849851195
0f48025ff969419582312f9a02fd7af0,1,0.05594702810049057,0.0051483712159097195,22.883301464590097,-0.033724669367074966,0.06333259493112564,0.5410430431365967,5.248548649862084,0.3968249261379242,7.206077293440468,0.09476608342709843,17.985948932250395
0f48025ff969419582312f9a02fd7af0,2,0.05577664077281952,0.005086940247565508,22.93543363667051,-0.03351738303899765,0.06295653432607651,0.5405907034873962,5.255503357100785,0.3944348990917206,7.259104314466379,0.20351151244187488,11.644748526801711
0f48025ff969419582312f9a02fd7af0,3,0.05579273775219917,0.00501816812902689,22.9945479214747,-0.03677110746502876,0.060547951608896255,0.5436257123947144,5.211825446126753,0.40216970443725586,7.14223444979408,0.053760898214457856,22.906688158869677
0f48025ff969419582312f9a02fd7af0,4,0.04622725769877434,0.003391715930774808,24.695805287216853,-0.02886904962360859,0.050579581409692764,0.5357139110565186,5.35499903087187,0.3354469835758209,9.09074973623554,0.09040201463453822,20.18053570131229
0f48025ff969419582312f9a02fd7af0,5,0.02692929096519947,0.0014239626470953226,28.465014028151387,0.0029282383620738983,0.037621643394231796,0.5039731860160828,5.90296185345787,0.2653238773345947,11.215182781004776,0.09559813908559385,19.69340251726863
10edcd93ffa94c2a8cc0bc2e9bcf7eae,1,0.09822554886341095,0.012924139387905598,18.88598366727451,-0.09822554886341095,0.057235315442085266,0.597584068775177,4.39207980200235,0.5946952700614929,4.433114852631055,0.0981809183473524,18.888957244204693
10edcd93ffa94c2a8cc0bc2e9bcf7eae,2,0.09822509437799454,0.01292396429926157,18.886042503336814,-0.09822509437799454,0.05723456293344498,0.5975831747055054,4.392091900234724,0.5947785973548889,4.431932860225124,0.09811765327283797,18.893422073531568
10edcd93ffa94c2a8cc0bc2e9bcf7eae,3,0.0982261598110199,0.012924153357744217,18.885978972942173,-0.0982261598110199,0.05723436549305916,0.5975850224494934,4.392068415461491,0.5947657823562622,4.432136839592424,0.09818594042537722,18.888659011203856
10edcd93ffa94c2a8cc0bc2e9bcf7eae,4,0.09822142124176025,0.01292327605187893,18.88627378685991,-0.09822142124176025,0.05723486468195915,0.597580075263977,4.392135667650988,0.5928215384483337,4.460025498911907,0.09824206357896395,18.884828810216973
10edcd93ffa94c2a8cc0bc2e9bcf7eae,5,0.09820196777582169,0.012919418513774872,18.887570329308694,-0.09820196777582169,0.05723453313112259,0.5975608825683594,4.39241180395932,0.5909874439239502,4.48614750568842,0.09824768117007829,18.884469616181015
1175f68a974a45f5b9b6e51c08f1a432,1,0.12546253204345703,0.020710695534944534,16.838053157894972,-0.12237070500850677,0.07573707401752472,0.6262726187705994,3.9636723930584195,0.4961121678352356,5.706287769160644,0.10363456639028047,18.127332031920098
1175f68a974a45f5b9b6e51c08f1a432,2,0.1260678470134735,0.02087862603366375,16.802980844835464,-0.1233067587018013,0.07532645016908646,0.6272052526473999,3.9515964340963055,0.49831005930900574,5.675800620897564,0.06283697895077456,22.034010014092168
1175f68a974a45f5b9b6e51c08f1a432,3,0.1270340532064438,0.021149802953004837,16.74693674474344,-0.12429460883140564,0.0755026564002037,0.628179132938385,3.9379989140244627,0.5003795027732849,5.648408548169245,0.09999350500052484,18.597054982043385
1175f68a974a45f5b9b6e51c08f1a432,4,0.12413115054368973,0.02017732337117195,16.951364457417725,-0.1212041974067688,0.07407339662313461,0.6250917315483093,3.9820441076333597,0.45868316292762756,6.525517176186164,0.1539171341231564,15.25310050582256
1175f68a974a45f5b9b6e51c08f1a432,5,0.11320828646421432,0.01701994054019451,17.69041961472966,-0.10954590886831284,0.07084936648607254,0.6134337782859802,4.146839642097374,0.41865986585617065,7.339838264189865,0.15924527711552777,15.03068607231706
11940acb7fe34046ae965ed2fc1a3359,1,0.0018697972409427166,3.5199656849727035e-05,44.53461570300177,-0.001836888724938035,0.005641409195959568,0.12239862978458405,16.110033084064312,0.12007433921098709,16.219804601455667,0.0017832348756954054,44.74558141341487
11940acb7fe34046ae965ed2fc1a3359,2,0.0018694152822718024,3.519900928949937e-05,44.53469559992283,-0.001836069393903017,0.005641618277877569,0.12239794433116913,16.110065454268558,0.12000869959592819,16.221677343649688,0.0017503002547336714,44.78575448137421
11940acb7fe34046ae965ed2fc1a3359,3,0.0018696605693548918,3.5198594559915364e-05,44.53474677063319,-0.0018351045437157154,0.005641895346343517,0.12239419668912888,16.110227639230715,0.12000883370637894,16.221990167252503,0.0018000946901541742,44.6650219748691
11940acb7fe34046ae965ed2fc1a3359,4,0.0018592667765915394,3.498034493532032e-05,44.56175912331109,-0.0018244306556880474,0.005625993013381958,0.12238678336143494,16.11101684965072,0.11732600629329681,16.386886837441793,0.0018874218686884309,44.53677283687548
11940acb7fe34046ae965ed2fc1a3359,5,0.001824146369472146,3.4287648304598406e-05,44.64862300926476,-0.0017903499538078904,0.00557515025138855,0.12235702574253082,16.113624344705542,0.11478488147258759,16.5394374592166,0.001892159388425372,44.51656851798059
1199736697cb491a899f77c0b75112dd,1,0.18444298207759857,0.0374586246907711,14.264481719734283,-0.18444298207759857,0.05864648148417473,0.6991794109344482,3.0788351553821696,0.6929904818534851,3.1553973146156284,0.18439346564859116,14.266457360633716
1199736697cb491a899f77c0b75112dd,2,0.18444333970546722,0.037458740174770355,14.264468330565105,-0.18444333970546722,0.058646310120821,0.6991798877716064,3.078829895843313,0.693039059638977,3.1548243046599165,0.1843507461478553,14.268434256803193
1199736697cb491a899f77c0b75112dd,3,0.18444330990314484,0.03745866194367409,14.26447740064294,-0.18444330990314484,0.058645762503147125,0.6991799473762512,3.0788304217969116,0.6930157542228699,3.155118963111266,0.1844404686948325,14.264510746384646
1199736697cb491a899f77c0b75112dd,4,0.18444204330444336,0.03745827078819275,14.264522751316257,-0.18444204330444336,0.05864642933011055,0.6991785168647766,3.0788464634122796,0.6924734711647034,3.1616563673435225,0.1844918647832603,14.262324892536206
1199736697cb491a899f77c0b75112dd,5,0.18443644046783447,0.037456389516592026,14.264740873075606,-0.18443644046783447,0.058648016303777695,0.6991729736328125,3.0789124713383837,0.6919456124305725,3.1679652547982604,0.18449442045526063,14.262234478317435
11b4c003677148478409d6a66a65eb0e,1,0.2639811635017395,0.09264343231916428,10.331853632705709,-0.2479400783777237,0.1765478402376175,0.6884737014770508,3.023443493684945,0.5905330777168274,3.8631662637947555,0.15156075160654484,14.783014401977093
11b4c003677148478409d6a66a65eb0e,2,0.26500147581100464,0.09327421337366104,10.302384048861029,-0.2491108477115631,0.1766861230134964,0.6896606087684631,3.008732067732382,0.5938499569892883,3.825585662102366,0.15896247089967933,14.140962618200234
11b4c003677148478409d6a66a65eb0e,3,0.2639031708240509,0.09267135709524155,10.330544770494674,-0.24750584363937378,0.17723491787910461,0.6880676746368408,3.0258074192158837,0.5898844599723816,3.869264155914606,0.17425365174935825,13.54980513541512
11b4c003677148478409d6a66a65eb0e,4,0.24686793982982635,0.08233005553483963,10.844415916397821,-0.23009952902793884,0.17141838371753693,0.6706627011299133,3.2592666924111118,0.4703001379966736,5.95976981357315,0.2988509287342192,9.46909561623366
11b4c003677148478409d6a66a65eb0e,5,0.19642947614192963,0.05462697893381119,12.625928168505032,-0.16859601438045502,0.16187143325805664,0.6091360449790955,4.10024115828929,0.3581111431121826,8.273820629813828,0.3119906532408872,9.116883644479232
12aef634af8944ff86f9a967ccb1608b,1,0.516654908657074,0.31127801537513733,5.068515511402371,-0.513758659362793,0.21755479276180267,0.8215258717536926,1.5592459376583743,0.7538864016532898,1.9924595845555773,0.13853430236576886,14.929233737291895
12aef634af8944ff86f9a967ccb1608b,2,0.5152381658554077,0.30995526909828186,5.087009764414352,-0.5124843120574951,0.2175203412771225,0.8202477097511292,1.5721202540373171,0.7495303750038147,2.0354991305926906,0.1595506928019262,13.904494717958285
12aef634af8944ff86f9a967ccb1608b,3,0.5201372504234314,0.31413084268569946,5.028894206514616,-0.5174332857131958,0.21539190411567688,0.8251948356628418,1.527295861463927,0.7573933601379395,1.9750777533876032,0.37474098155580676,8.066232348572166
12aef634af8944ff86f9a967ccb1608b,4,0.49575620889663696,0.2844761610031128,5.459541214607729,-0.4925805926322937,0.20454947650432587,0.8003484606742859,1.8054912899392659,0.6048400402069092,4.019235906587586,0.5374840026059855,4.986657985502776
12aef634af8944ff86f9a967ccb1608b,5,0.41303396224975586,0.193879634141922,7.124678084783394,-0.4065024256706238,0.16922007501125336,0.714277446269989,2.8207288280374234,0.458486944437027,6.427073268474215,0.5484163078802019,4.699700666200371
1397ff3d60e04d9aa7b0524d022cf5cf,1,0.2679632604122162,0.10633859038352966,9.733091009591377,-0.2679632604122162,0.18583400547504425,0.7023653984069824,2.8167865785480375,0.6984574794769287,2.8544981012098973,0.26790224985792443,9.734811326859385
1397ff3d60e04d9aa7b0524d022cf5cf,2,0.27673473954200745,0.11060665547847748,9.56218739662306,-0.27673473954200745,0.1844574213027954,0.7086182832717896,2.7355734464292816,0.7046111226081848,2.7747816876006413,0.2766845161380868,9.563665965152012
1397ff3d60e04d9aa7b0524d022cf5cf,3,0.2945733070373535,0.11898186802864075,9.245192168855693,-0.2945733070373535,0.1794670820236206,0.7206607460975647,2.5747757775656406,0.7165746092796326,2.6156915471009734,0.29455701272225765,9.245867957372774
1397ff3d60e04d9aa7b0524d022cf5cf,4,0.3073292672634125,0.12733520567417145,8.950515058813888,-0.3073292672634125,0.18133923411369324,0.7275474071502686,2.4847591239483253,0.7220792770385742,2.5431694632926076,0.307348517218868,8.950317651856427
1397ff3d60e04d9aa7b0524d022cf5cf,5,0.32050564885139465,0.13641130924224854,8.651496228034357,-0.32050564885139465,0.1835414171218872,0.7351978421211243,2.394375668666004,0.728360652923584,2.4692228402990657,0.32055081557712656,8.650640416061549
13c868d7ccfa48288730c0e6334a288c,1,0.16876579821109772,0.04262012988328934,13.70385231123227,-0.15339982509613037,0.1381615847349167,0.6530373096466064,3.579770524985025,0.5249634385108948,4.856687802016972,0.11620920481829515,16.82773609869438
13c868d7ccfa48288730c0e6334a288c,2,0.17078641057014465,0.04336526244878769,13.628580208932766,-0.15577147901058197,0.13820460438728333,0.655390202999115,3.5500244893082216,0.5301380753517151,4.787525160138831,0.1623666354183731,13.912354079868374
13c868d7ccfa48288730c0e6334a288c,3,0.17155566811561584,0.04337956756353378,13.627147816373427,-0.1567850112915039,0.13710588216781616,0.6563958525657654,3.540369495403616,0.5290166735649109,4.8193700652029605,0.113749285015147,17.05471325193075
13c868d7ccfa48288730c0e6334a288c,4,0.1607392579317093,0.038309238851070404,14.166964767317204,-0.14592115581035614,0.13044635951519012,0.6455675363540649,3.6960148150394145,0.4442289173603058,6.556198186272418,0.20351133867569488,12.966912362382013
13c868d7ccfa48288730c0e6334a288c,5,0.1259942203760147,0.025385059416294098,15.95421815748111,-0.11014620959758759,0.11512110382318497,0.6097806096076965,4.209832761043373,0.3648512661457062,8.327846806265741,0.2191070671361907,12.397342460101815
13d4e5021ab84f30afd31f35c213cccb,1,0.3976346254348755,0.19516000151634216,7.096091871854168,-0.3937450051307678,0.20031189918518066,0.7678235173225403,2.1283080472691682,0.6926760077476501,2.5896629066586243,0.16534624612492158,14.030742760978578
13d4e5021ab84f30afd31f35c213cccb,2,0.39706721901893616,0.19499996304512024,7.099654709415942,-0.3927974998950958,0.20176741480827332,0.7668752670288086,2.1379625866566037,0.689030110836029,2.6256743012316908,0.22911731282350006,10.580523603471226
13d4e5021ab84f30afd31f35c213cccb,3,0.39694079756736755,0.1947576254606247,7.105055291335081,-0.39275893568992615,0.20124122500419617,0.7668370008468628,2.137920659658166,0.6895743012428284,2.619791770956619,0.24209342558534125,11.052652423812859
13d4e5021ab84f30afd31f35c213cccb,4,0.3651937246322632,0.16563855111598969,7.808385770412042,-0.3611471951007843,0.18764658272266388,0.7352256178855896,2.524444651431838,0.5197703838348389,5.235394087589079,0.4593176510675426,6.306652909789268
13d4e5021ab84f30afd31f35c213cccb,5,0.26624852418899536,0.09043493866920471,10.436637516069142,-0.25705572962760925,0.15606825053691864,0.6311341524124146,3.910008932495506,0.3564513921737671,8.624727749128677,0.4691460032956168,6.13759506687698
1420fb72273245db90f1e90ab0bc1724,1,0.215519517660141,0.06307126581668854,12.001684527915797,-0.21472986042499542,0.1302396059036255,0.6993937492370605,2.9962087762382934,0.6712142825126648,3.237190233850554,0.12699000000073188,16.357092252167966
1420fb72273245db90f1e90ab0bc1724,2,0.21583521366119385,0.06334476172924042,11.982892931111815,-0.2147812694311142,0.13120123744010925,0.6994452476501465,2.994202351328166,0.6712280511856079,3.2325884999037964,0.12518606259633894,15.708514945887453
1420fb72273245db90f1e90ab0bc1724,3,0.21729333698749542,0.06377189606428146,11.953706703890465,-0.216223806142807,0.13045747578144073,0.7008877396583557,2.977992553206531,0.6752146482467651,3.1958848165755627,0.1225317633489061,17.239995727318146
1420fb72273245db90f1e90ab0bc1724,4,0.2000613510608673,0.055469464510679245,12.559460266789372,-0.19888068735599518,0.12615840137004852,0.683546245098114,3.1970823358925298,0.5309308171272278,5.280221915221615,0.2135857223052427,12.026065257906446
1420fb72273245db90f1e90ab0bc1724,5,0.14680686593055725,0.0333891324698925,14.763948648160438,-0.13996154069900513,0.11747299879789352,0.6246258616447449,3.970542792505229,0.3934655785560608,7.7425546482153536,0.21662099324658288,11.856890962111237
15db5f6f195c4995898af1b0ce431f80,1,0.1519610434770584,0.05320366472005844,12.740584520492472,-0.1406765729188919,0.18279431760311127,0.6288341283798218,3.836846089779683,0.5184017419815063,4.8324033550539784,0.19691546334060744,13.715964991187537
15db5f6f195c4995898af1b0ce431f80,2,0.15118913352489471,0.053102489560842514,12.748851177661525,-0.13943277299404144,0.18346932530403137,0.6275901198387146,3.8516253892411383,0.5150154829025269,4.871210279536967,0.2783224704008042,10.3502352517315
15db5f6f195c4995898af1b0ce431f80,3,0.15165852010250092,0.05314592272043228,12.745300483173548,-0.13911165297031403,0.1838310807943344,0.6272711157798767,3.8546445795701234,0.5149964690208435,4.868860289028601,0.14425595613591669,14.31607169503446
15db5f6f195c4995898af1b0ce431f80,4,0.1380869597196579,0.04719255864620209,13.261264758080795,-0.12554191052913666,0.17729012668132782,0.6136997938156128,4.055583736554528,0.4095532298088074,7.044536302778413,0.2055926051405635,12.067252277111054
15db5f6f195c4995898af1b0ce431f80,5,0.10884492844343185,0.03204728662967682,14.942087353072104,-0.08067934215068817,0.15980654954910278,0.5688378214836121,4.73534706737186,0.3096911311149597,9.544196023287043,0.20654650196061664,11.983164943516831
1603ccd8b72e49c1a7074f124b212f0e,1,0.008420709520578384,0.0014948253519833088,28.25409545199514,-0.008420709520578384,0.037734825164079666,0.2173442840576172,12.264101162214702,0.21552763879299164,12.316151067621043,0.008372914736779256,28.25712271529547
1603ccd8b72e49c1a7074f124b212f0e,2,0.008419846184551716,0.0014945112634450197,28.255008075343117,-0.008419846184551716,0.037730854004621506,0.2173420488834381,12.264159476000598,0.2154473513364792,12.319429098035254,0.008310233326184127,28.259059756297855
1603ccd8b72e49c1a7074f124b212f0e,3,0.008420201018452644,0.001494482159614563,28.255092649854873,-0.008420201018452644,0.037730392068624496,0.21734285354614258,12.264142036281626,0.21549546718597412,12.317127155468178,0.008359362448337774,28.257030933995107
1603ccd8b72e49c1a7074f124b212f0e,4,0.008413656614720821,0.0014945230213925242,28.254973907707463,-0.008413656614720821,0.03773239254951477,0.21733449399471283,12.264417810039703,0.21314817667007446,12.394588119753767,0.008430132822530741,28.254654775932586
1603ccd8b72e49c1a7074f124b212f0e,5,0.008391421288251877,0.001494261552579701,28.25573377821722,-0.008391421288251877,0.037733882665634155,0.2173120677471161,12.265150930177613,0.2109343260526657,12.466489083138477,0.008433227975720213,28.25411200181061
16ffa17d84c8467f89403df9ad894301,1,0.39147573709487915,0.20759540796279907,6.827822573672885,-0.3610111474990845,0.27796822786331177,0.7122446894645691,2.5929296600086627,0.590477705001831,3.4124416846862413,0.25175264255122964,11.017623547999056
16ffa17d84c8467f89403df9ad894301,2,0.39289748668670654,0.20824432373046875,6.814268276457003,-0.3611491322517395,0.27895447611808777,0.7125822901725769,2.588326169138549,0.5908978581428528,3.407704742805686,0.25876761989400726,9.075270987811649
16ffa17d84c8467f89403df9ad894301,3,0.39294013381004333,0.20785553753376007,6.82238400850718,-0.3598373234272003,0.2799511253833771,0.711269199848175,2.6002387999510894,0.5882541537284851,3.4361687998482497,0.24965941811141024,10.39181976900933
16ffa17d84c8467f89403df9ad894301,4,0.3663671910762787,0.1792648434638977,7.465048737769414,-0.33421269059181213,0.25993600487709045,0.6855186820030212,2.964764832096645,0.46081727743148804,5.865923022455535,0.46910473360269167,5.945245341941251
16ffa17d84c8467f89403df9ad894301,5,0.3000573515892029,0.11610930413007736,9.351329777597021,-0.26781678199768066,0.21067382395267487,0.6189939379692078,3.9591117916645393,0.3592003583908081,8.205406358905678,0.4892242685755747,5.64229556592447
17092add79b24457ba29f0b35d660072,1,0.13380996882915497,0.02597428299486637,15.854564320545531,-0.13323891162872314,0.09067343920469284,0.6233775615692139,3.9912596778505605,0.4414456784725189,6.712059033965723,0.09823021127448404,18.149591674766583
17092add79b24457ba29f0b35d660072,2,0.13419149816036224,0.026281636208295822,15.803476005234455,-0.13365578651428223,0.09174837917089462,0.6237980723381042,3.9840947138182585,0.44261622428894043,6.680300807401064,0.08647255332371712,18.559886315054587
17092add79b24457ba29f0b35d660072,3,0.1361495405435562,0.026717523112893105,15.73203806236289,-0.13567109405994415,0.0911639928817749,0.6258196234703064,3.957205254262485,0.44888049364089966,6.564006934952808,0.12910634105235777,16.055511066864753
17092add79b24457ba29f0b35d660072,4,0.13464483618736267,0.025843221694231033,15.876533468375076,-0.13332128524780273,0.08982569724321365,0.6236230731010437,3.988292861134635,0.42637184262275696,7.144635059555481,0.18956780604919105,13.175162243312865
17092add79b24457ba29f0b35d660072,5,0.12907707691192627,0.02330096624791622,16.326260692127242,-0.12303085625171661,0.09035691618919373,0.614052951335907,4.118966814556285,0.40623119473457336,7.591159378036646,0.191809984021426,13.02795770796347
179832b0585c415d979f90dced97ae71,1,0.133966326713562,0.026337360963225365,15.794277440488036,-0.02651498280465603,0.16010719537734985,0.469063401222229,5.8076954660363125,0.32604819536209106,8.336594617617708,0.13251778337572784,16.062320136630476
179832b0585c415d979f90dced97ae71,2,0.1343149095773697,0.0261066947132349,15.83248109359338,-0.024779213592410088,0.1596643030643463,0.46750691533088684,5.834987513451918,0.3230794072151184,8.402633423852716,0.2280060278194381,11.080143901734834
179832b0585c415d979f90dced97ae71,3,0.1398828625679016,0.02793281152844429,15.538853489450164,-0.023500928655266762,0.16547060012817383,0.4683297574520111,5.8054807079716,0.32967060804367065,8.22178376410566,0.14391426036546112,15.442621351826746
179832b0585c415d979f90dced97ae71,4,0.1376028060913086,0.027496399357914925,15.607241731286418,-0.01966581493616104,0.164650097489357,0.46534571051597595,5.870451303529171,0.3007032573223114,9.275542120608891,0.1322365538782036,14.527609252899467
179832b0585c415d979f90dced97ae71,5,0.12780863046646118,0.02428465150296688,16.14668124491724,-0.007060622796416283,0.15567530691623688,0.4512622058391571,6.145635084728994,0.269278347492218,10.25760866278986,0.1418257115673905,13.995514989813111
17bc5de2691b43cfb873091778a8de52,1,0.17017371952533722,0.06606769561767578,11.800108407318755,-0.17017371952533722,0.1926359087228775,0.5812603235244751,4.167078119291425,0.5803381204605103,4.176674936928065,0.17011701810892887,11.801575739236792
17bc5de2691b43cfb873091778a8de52,2,0.17017066478729248,0.06606824696063995,11.800072165066675,-0.17017066478729248,0.1926400512456894,0.5812570452690125,4.167128123487244,0.5802462697029114,4.178075321910033,0.1700688770842952,11.802261849227467
17bc5de2691b43cfb873091778a8de52,3,0.17017626762390137,0.0660710483789444,11.799888019917697,-0.17017626762390137,0.19264237582683563,0.5812616348266602,4.167058523209547,0.5802990198135376,4.177257726702234,0.1701206027625951,11.80106476998376
17bc5de2691b43cfb873091778a8de52,4,0.1701662391424179,0.06606554985046387,11.800249461124912,-0.1701662391424179,0.19263695180416107,0.5812536478042603,4.167176101027147,0.5777770280838013,4.2119566102810255,0.1701689216136968,11.800360572608732
17bc5de2691b43cfb873091778a8de52,5,0.1701396405696869,0.06605453044176102,11.80097390337381,-0.1701396405696869,0.19263188540935516,0.5812281966209412,4.167524460891655,0.5752514600753784,4.246219566150129,0.17017541122449076,11.800210052186323
18b0f54db566476fb861c8fa187cd8d8,1,0.1345771700143814,0.04356829822063446,13.608294032917374,-0.13383379578590393,0.16017745435237885,0.5603125095367432,4.685554167223761,0.4984695315361023,5.468440102641296,0.08038354321351053,17.54708094799845
18b0f54db566476fb861c8fa187cd8d8,2,0.13427232205867767,0.04349498450756073,13.615608195113829,-0.13352376222610474,0.1602073311805725,0.5599894523620605,4.689498550260592,0.498334676027298,5.46495106310208,0.08796072078422561,17.220573750047098
18b0f54db566476fb861c8fa187cd8d8,3,0.13109372556209564,0.04152302071452141,13.817110599782733,-0.13023948669433594,0.15671852231025696,0.5566922426223755,4.750416189696709,0.4909728467464447,5.591687812783626,0.10661834484289323,15.234698910603928
18b0f54db566476fb861c8fa187cd8d8,4,0.12633483111858368,0.038472771644592285,14.148465252452375,-0.12562881410121918,0.1506325751543045,0.5520917177200317,4.843053705662899,0.4295147657394409,6.922905952835221,0.15925142098692313,11.875959133205804
18b0f54db566476fb861c8fa187cd8d8,5,0.10097083449363708,0.02625989355146885,15.807070387226776,-0.09900438040494919,0.12828883528709412,0.525489330291748,5.338518885733334,0.36288774013519287,8.373770168758709,0.1629569279037383,11.643039098759548
1907da7461054e5ba6885302c08c2677,1,0.42216166853904724,0.19751867651939392,7.043918330713134,-0.4220964312553406,0.1391160786151886,0.8257883191108704,1.6155758584589393,0.8248859643936157,1.6212824829265784,0.3390552534824682,8.716499338025022
1907da7461054e5ba6885302c08c2677,2,0.4202345609664917,0.19686856865882874,7.058236162522499,-0.4201478064060211,0.1426338404417038,0.8208999037742615,1.642388037244855,0.8201044797897339,1.647631029006317,0.13573780309042496,15.711147204519381
1907da7461054e5ba6885302c08c2677,3,0.42032232880592346,0.1968889981508255,7.0577855088006105,-0.4202466309070587,0.14241410791873932,0.822080135345459,1.6387857328368682,0.8212471604347229,1.6444564255927598,0.5234218226638013,4.59928979057672
1907da7461054e5ba6885302c08c2677,4,0.3827419579029083,0.164516419172287,7.837907518168902,-0.3821418881416321,0.13595594465732574,0.7829598784446716,2.055423514288448,0.5976754426956177,4.388400656686961,0.32986339291863914,8.649074330494372
1907da7461054e5ba6885302c08c2677,5,0.25941815972328186,0.0781775563955307,11.069179084819567,-0.2545378804206848,0.11570663005113602,0.6559942364692688,3.5986341523341867,0.3876786530017853,8.10823387109738,0.4110081326383232,7.194353307264815
191df4fa5f48453d81ede86ed863a3c2,1,0.09470969438552856,0.01682431995868683,17.740624809915634,-0.06649109721183777,0.11136989295482635,0.551559567451477,4.958873956878735,0.3880559802055359,7.068057951984414,0.111704037522557,17.138786514458324
191df4fa5f48453d81ede86ed863a3c2,2,0.0915486291050911,0.016276322305202484,17.88443718795097,-0.06296239793300629,0.11095970869064331,0.5495541095733643,4.989223625631646,0.3888545632362366,7.034945369674114,0.20750161907791909,11.983820462459382
191df4fa5f48453d81ede86ed863a3c2,3,0.09051158279180527,0.01591600477695465,17.98165939178531,-0.06346751749515533,0.1090315505862236,0.5500240921974182,4.988035288768459,0.3878951370716095,7.09301141226224,0.06309572578901745,22.16398336155224
191df4fa5f48453d81ede86ed863a3c2,4,0.08364199101924896,0.01346659567207098,18.707421791617126,-0.056811608374118805,0.10118812322616577,0.5428365468978882,5.122249182342033,0.3278282880783081,8.96622318647884,0.14320785174322165,15.029417911833153
191df4fa5f48453d81ede86ed863a3c2,5,0.0655740350484848,0.007556830067187548,21.216603437889106,-0.029441216960549355,0.08179269731044769,0.5158857703208923,5.604233782545628,0.27131012082099915,10.737869734833199,0.15163873725066732,14.636597099615758
193c0e81efc74ed0bd5834586cf3fe8f,1,0.08783319592475891,0.014023187570273876,18.531532569233498,-0.08096401393413544,0.08641767501831055,0.5564422011375427,4.912611294314033,0.3792710602283478,7.81114185854939,0.05453424663982439,22.31702643454576
193c0e81efc74ed0bd5834586cf3fe8f,2,0.08990933001041412,0.014746541157364845,18.313098327315085,-0.08301212638616562,0.08863141387701035,0.5584942698478699,4.8767108738035905,0.38282591104507446,7.722905131804917,0.12002136956224012,15.874972566454472
193c0e81efc74ed0bd5834586cf3fe8f,3,0.09106148034334183,0.015249473974108696,18.16745136912739,-0.08419697731733322,0.09033462405204773,0.5596765279769897,4.855994052627708,0.3849371671676636,7.669113966312083,0.0779660628353667,19.570387298625814
193c0e81efc74ed0bd5834586cf3fe8f,4,0.08766091614961624,0.014057477936148643,18.52092589462978,-0.08090473711490631,0.08667121827602386,0.5563872456550598,4.916148378833675,0.36193084716796875,8.420131703898083,0.1609633472693121,14.024242526711117
193c0e81efc74ed0bd5834586cf3fe8f,5,0.08015688508749008,0.01167862955480814,19.326081171297954,-0.07294607907533646,0.0797339379787445,0.5484259724617004,5.056068884861599,0.3429715037345886,8.951121921729806,0.1620163393058492,13.971269714722414
195a37929e644c3dbfbe25de252b0969,1,0.13577604293823242,0.05563801899552345,12.54628341559734,-0.12726373970508575,0.19860002398490906,0.5303600430488586,4.877178357799584,0.44686436653137207,5.781151467216867,0.10479890866994628,15.028824281343818
195a37929e644c3dbfbe25de252b0969,2,0.13636815547943115,0.05580269172787666,12.533448517009722,-0.1272905170917511,0.19899703562259674,0.53038489818573,4.8739412181370465,0.4482283890247345,5.760741253841682,0.11503852217985915,14.732061994671415
195a37929e644c3dbfbe25de252b0969,3,0.13586702942848206,0.05563461408019066,12.54654920169406,-0.12742871046066284,0.1984856128692627,0.5305247902870178,4.875402186259095,0.4463405907154083,5.8069009013214625,0.11423422232416851,14.290670444308738
195a37929e644c3dbfbe25de252b0969,4,0.12829062342643738,0.05041204392910004,12.974656939696194,-0.11959977447986603,0.19002090394496918,0.5227016806602478,5.033519592136343,0.38636869192123413,7.279666293640041,0.1543247756970483,12.185869578378416
195a37929e644c3dbfbe25de252b0969,5,0.1073235347867012,0.03608738258481026,14.42644616144876,-0.09093919396400452,0.1667856127023697,0.49407151341438293,5.597266317727368,0.32600924372673035,8.761866988174354,0.15595124243992692,12.117351802858439
1ada36a1a86a4bdaaa106bee7d9ac67d,1,0.1352967619895935,0.03583834692835808,14.45652030718878,-0.11252959072589874,0.15223480761051178,0.5784732103347778,4.511186870723487,0.4360320270061493,6.219451828867161,0.0983608948218906,17.396106840304014
1ada36a1a86a4bdaaa106bee7d9ac67d,2,0.13602083921432495,0.03641818091273308,14.386817509983345,-0.11380348354578018,0.1531892716884613,0.5797483921051025,4.491705009920835,0.4376589059829712,6.190424107350889,0.13866942922421538,14.17263462397189
1ada36a1a86a4bdaaa106bee7d9ac67d,3,0.13670195639133453,0.03689282014966011,14.330581452984777,-0.11576958745718002,0.15326520800590515,0.5817133784294128,4.464732921905418,0.4405137896537781,6.156448163470294,0.09673273155415033,17.840285156726278
1ada36a1a86a4bdaaa106bee7d9ac67d,4,0.13055448234081268,0.033741310238838196,14.718380569440182,-0.10966572165489197,0.1473592072725296,0.5756105780601501,4.571289511583854,0.3860238194465637,7.564514547469957,0.17113279911776186,12.603953260063134
1ada36a1a86a4bdaaa106bee7d9ac67d,5,0.11223898828029633,0.02456519566476345,16.096797723071504,-0.0873994454741478,0.1301020085811615,0.5533438920974731,4.953372034253275,0.3311654329299927,9.031208959379958,0.18337555650803297,12.136309058841782
1b98302c1ed9406a8343b3d39d6c5095,1,0.24832706153392792,0.06850223243236542,11.642952749709437,-0.24832706153392792,0.08267948031425476,0.7423717379570007,2.5506062319792933,0.738254189491272,2.598103479592379,0.24830810222444516,11.643574696726064
1b98302c1ed9406a8343b3d39d6c5095,2,0.24832747876644135,0.06850262731313705,11.642927714898196,-0.24832747876644135,0.08268062025308609,0.7423716187477112,2.550604834819036,0.7383067011833191,2.5974754224054344,0.2482581839442486,11.645179318715046
1b98302c1ed9406a8343b3d39d6c5095,3,0.24832861125469208,0.06850346177816391,11.642874811620844,-0.24832861125469208,0.082682304084301,0.7423722743988037,2.550598780463116,0.7382436394691467,2.5981778731914673,0.24829830980507459,11.643902259409815
1b98302c1ed9406a8343b3d39d6c5095,4,0.2483244091272354,0.0685013011097908,11.643011794647123,-0.2483244091272354,0.08268182724714279,0.7423682808876038,2.5506458183733614,0.736883819103241,2.6141374159337296,0.24835220345164286,11.642142018055676
1b98302c1ed9406a8343b3d39d6c5095,5,0.24831146001815796,0.06849472224712372,11.643428910952501,-0.24831146001815796,0.08268087357282639,0.7423553466796875,2.550796249961715,0.7355983853340149,2.629102465783756,0.24836077247983118,11.641845525341639
1bbd90606751424ca876f2c94e183784,1,0.12588930130004883,0.022085649892687798,16.55889816661174,-0.12554223835468292,0.0795285627245903,0.6287545561790466,3.9447186820893174,0.6216340661048889,4.014697513969377,0.09239486672850344,18.766657802881223
1bbd90606751424ca876f2c94e183784,2,0.1257954090833664,0.021958274766802788,16.584017848362873,-0.12542666494846344,0.07890770584344864,0.6285915970802307,3.9476362763227586,0.6214017868041992,4.0211600756960655,0.14410744934450154,15.699906400080096
1bbd90606751424ca876f2c94e183784,3,0.1261046677827835,0.022119935601949692,16.552161417325564,-0.12571410834789276,0.0794726237654686,0.6287760734558105,3.9435821665250352,0.6218744516372681,4.014024584183111,0.07711560859755437,20.24023355946561
1bbd90606751424ca876f2c94e183784,4,0.11234432458877563,0.01879752054810524,17.25899431762404,-0.11192880570888519,0.07917993515729904,0.615003764629364,4.132844496946896,0.4852447509765625,6.113308321508326,0.10689459701946552,17.81695157467994
1bbd90606751424ca876f2c94e183784,5,0.07283583283424377,0.010645491071045399,19.728342999817734,-0.06624724715948105,0.07909990102052689,0.5696107745170593,4.78715919962405,0.356344074010849,8.610179643596844,0.10829648735134667,17.617050073389017
1bc61e7f64a54ccc9f3942b874779522,1,0.1058371514081955,0.020220603793859482,16.94205880375765,-0.06755179166793823,0.12512937188148499,0.4996468722820282,5.472122218717693,0.31520357728004456,9.303028613700551,0.10103488617295237,17.2385023516766
1bc61e7f64a54ccc9f3942b874779522,2,0.10727579146623611,0.020668940618634224,16.846817824569843,-0.06741070747375488,0.12698322534561157,0.5001628398895264,5.46033340016619,0.31787222623825073,9.237078152884457,0.12630479822130242,14.644414958075895
1bc61e7f64a54ccc9f3942b874779522,3,0.10645171254873276,0.02045157179236412,16.892733089515744,-0.06810738891363144,0.12574957311153412,0.500442624092102,5.458508541746902,0.31693869829177856,9.259341240176191,0.12275890180556695,15.766289687092275
1bc61e7f64a54ccc9f3942b874779522,4,0.10468024015426636,0.019741514697670937,17.04619528484858,-0.06823738664388657,0.12282172590494156,0.5000039935112,5.472972381333662,0.3141643702983856,9.360147272615164,0.1515990108421112,13.612806039849339
1bc61e7f64a54ccc9f3942b874779522,5,0.10445646196603775,0.019659392535686493,17.0642990575491,-0.06804811209440231,0.12259219586849213,0.49972406029701233,5.477839261970546,0.3141056299209595,9.357146399949707,0.1548633395919771,13.446248042608076
1d29f591697e493387d51a116b895934,1,0.1767551600933075,0.05069320648908615,12.950502375500491,-0.14824938774108887,0.16945599019527435,0.6189860701560974,3.9772313194666102,0.4657391905784607,5.504661361039322,0.16541791561322114,14.464070030541789
1d29f591697e493387d51a116b895934,2,0.17767049372196198,0.05155950039625168,12.876912995459865,-0.14963258802890778,0.17079108953475952,0.6203749775886536,3.952471028504134,0.47161585092544556,5.394752835907023,0.20519121893636685,12.081855507400165
1d29f591697e493387d51a116b895934,3,0.17649514973163605,0.050745245069265366,12.946046457679723,-0.14781317114830017,0.1699897199869156,0.6185462474822998,3.9791884093731396,0.46641257405281067,5.486174661385484,0.11769491860957569,16.72368185164102
1d29f591697e493387d51a116b895934,4,0.16540074348449707,0.04467028006911278,13.499813246248946,-0.13589869439601898,0.16186977922916412,0.6066211462020874,4.17451547009719,0.38153207302093506,7.586723169381288,0.24967488491089115,10.816255646354492
1d29f591697e493387d51a116b895934,5,0.12564939260482788,0.029101694002747536,15.360817300988757,-0.09532207250595093,0.14147579669952393,0.5660434365272522,4.8338527777015745,0.30587953329086304,9.605518171710747,0.26572960498344045,10.255701026858956
1dbcb5f847804c75822615e161505d83,1,0.047728441655635834,0.007299940101802349,21.366807033813853,-0.047728441655635834,0.07086562365293503,0.3125508427619934,7.633776547435279,0.3072088658809662,7.700179956729418,0.047702194067036255,21.36959411500841
1dbcb5f847804c75822615e161505d83,2,0.04772788658738136,0.007299950812011957,21.36680066200606,-0.04772788658738136,0.07086607068777084,0.3125526010990143,7.633768290776313,0.30713436007499695,7.7009349527185975,0.04765799886880363,21.371805427005903
1dbcb5f847804c75822615e161505d83,3,0.04772722348570824,0.007299674674868584,21.36696494681972,-0.04772722348570824,0.07086456567049026,0.3125499486923218,7.633801692811551,0.30712366104125977,7.701465548367286,0.047711796948102146,21.36876654961101
1dbcb5f847804c75822615e161505d83,4,0.047725893557071686,0.007299303077161312,21.36718603467468,-0.047725893557071686,0.07086283713579178,0.3125488758087158,7.633830591408866,0.30631622672080994,7.724804498510963,0.047768853271355854,21.365959181744106
1dbcb5f847804c75822615e161505d83,5,0.047717709094285965,0.007297466043382883,21.368279171971935,-0.047717709094285965,0.07085539400577545,0.31253981590270996,7.634077550901768,0.3055599629878998,7.745631235100054,0.04777078849760281,21.365882570242334
1e5929958e9d4fd5b0b8cdeaf2752d01,1,0.032238028943538666,0.0024528824724256992,26.103232601098703,-0.02595675177872181,0.04217972606420517,0.4153481423854828,7.194994522669999,0.3770940899848938,7.849315110164856,0.026098358793567974,27.668955837124503
1e5929958e9d4fd5b0b8cdeaf2752d01,2,0.03219859302043915,0.0024663147050887346,26.079515076416836,-0.025858672335743904,0.04239863157272339,0.4152604043483734,7.196336074997793,0.3767968416213989,7.8472761510336895,0.03557201179300196,24.199174997836373
1e5929958e9d4fd5b0b8cdeaf2752d01,3,0.032286398112773895,0.0024732244201004505,26.067364740191454,-0.025548627600073814,0.04266722500324249,0.4149603545665741,7.20174822321236,0.3751205801963806,7.876364635050339,0.02944276408661792,26.83074731306
1e5929958e9d4fd5b0b8cdeaf2752d01,4,0.031076092272996902,0.0023623041342943907,26.266641899812274,-0.02410861849784851,0.04220283031463623,0.41353273391723633,7.232098248696221,0.34641897678375244,8.577058134235994,0.0338400847975147,25.767420139571552
1e5929958e9d4fd5b0b8cdeaf2752d01,5,0.028045080602169037,0.0020604210440069437,26.860440231239085,-0.019710324704647064,0.04088917002081871,0.4091600477695465,7.325651483925384,0.3200593888759613,9.20413459925569,0.03411350850937442,25.705200303608944
1ea9f54daa68475d867243576d94e9b5,1,0.28006020188331604,0.09810168296098709,10.083235421164785,-0.2715702950954437,0.15604890882968903,0.6954743266105652,3.0221675294790624,0.5394859313964844,4.57662406838964,0.22988377749507047,11.492071232573068
1ea9f54daa68475d867243576d94e9b5,2,0.2830961346626282,0.09975037723779678,10.010854532153122,-0.27499470114707947,0.15533281862735748,0.6988568305969238,2.9833211832996387,0.5458217263221741,4.497915307404801,0.1531141732481779,13.430024397932527
1ea9f54daa68475d867243576d94e9b5,3,0.2867300808429718,0.10125739127397537,9.945732656704054,-0.2795216739177704,0.15206918120384216,0.7033824324607849,2.939338194088018,0.54804527759552,4.510930140273325,0.20114848465025836,12.847168343744407
1ea9f54daa68475d867243576d94e9b5,4,0.27679991722106934,0.09401865303516388,10.267859750535948,-0.2695828080177307,0.14609502255916595,0.6934067010879517,3.077429507296876,0.4739578068256378,6.043732279709584,0.3683173411178516,7.93791516609192
1ea9f54daa68475d867243576d94e9b5,5,0.24005848169326782,0.07285308092832565,11.375520773616891,-0.23140949010849,0.13893422484397888,0.6552510261535645,3.584097496039722,0.4035083055496216,7.4636554945489175,0.3799252244029035,7.731035020247327
1eeefd2d22dd4b6c8ec6fbfa1f885d01,1,0.21918192505836487,0.06863639503717422,11.634455348414182,-0.18477533757686615,0.18572689592838287,0.5895897746086121,4.339181795142229,0.3729158341884613,7.094930766316363,0.37508099503747416,7.514058759795608
1eeefd2d22dd4b6c8ec6fbfa1f885d01,2,0.22274014353752136,0.069400355219841,11.58638306639929,-0.19176161289215088,0.18063178658485413,0.5965737104415894,4.264735949017998,0.37930113077163696,7.021401458748172,0.25413722705025055,10.30296336854214
1eeefd2d22dd4b6c8ec6fbfa1f885d01,3,0.22292761504650116,0.07064992934465408,11.508882681429837,-0.19131019711494446,0.18452733755111694,0.5961246490478516,4.253143450456143,0.38453489542007446,6.840315255899051,0.280588240498157,9.479297397591923
1eeefd2d22dd4b6c8ec6fbfa1f885d01,4,0.215182825922966,0.06463459134101868,11.895349927196722,-0.18375404179096222,0.17569588124752045,0.5885668992996216,4.396513569657255,0.34084081649780273,8.317279160706887,0.3835546097946003,7.388586961203386
1eeefd2d22dd4b6c8ec6fbfa1f885d01,5,0.1980341076850891,0.05222005024552345,12.821627146397867,-0.16318495571613312,0.15997102856636047,0.5679981112480164,4.767872471129397,0.29996854066848755,9.737803320818221,0.3910145217377626,7.294030471153956
1f6c403e514e4d259ecb329543003c3d,1,0.23295040428638458,0.06977022439241409,11.563298802567669,-0.23054566979408264,0.12891435623168945,0.6289533972740173,3.858342064156441,0.443887859582901,6.252258716754179,0.17292591325770512,13.875061039118252
1f6c403e514e4d259ecb329543003c3d,2,0.23380237817764282,0.07036054879426956,11.526707818155785,-0.23088596761226654,0.13058415055274963,0.62929368019104,3.854472914104012,0.4421684443950653,6.297250278853092,0.23948531206077217,10.006982653457593
1f6c403e514e4d259ecb329543003c3d,3,0.2378985732793808,0.07270245999097824,11.38450893921809,-0.23507167398929596,0.13207490742206573,0.6334793567657471,3.796371805826686,0.4480022192001343,6.199574640213919,0.23798834738319494,11.599047289504728
1f6c403e514e4d259ecb329543003c3d,4,0.22951850295066833,0.06820553541183472,11.661803775244506,-0.22450770437717438,0.13342346251010895,0.6229656934738159,3.940243988158581,0.3825588524341583,7.806294468191344,0.3806345288025776,7.535659735648953
1f6c403e514e4d259ecb329543003c3d,5,0.20977680385112762,0.05681977421045303,12.455004964024027,-0.1840396225452423,0.15148989856243134,0.5830370187759399,4.470610888569414,0.32523900270462036,9.338448198267173,0.3886001251879839,7.362682803719168
1f899649bb9f4e51a031668b0a97d438,1,0.22310994565486908,0.0798448771238327,10.977529431225248,-0.15996608138084412,0.23292860388755798,0.5464189052581787,4.964198967012692,0.30358973145484924,8.701949932553958,0.23257639383490203,10.924103493984074
1f899649bb9f4e51a031668b0a97d438,2,0.22549575567245483,0.08162125200033188,10.881967478050266,-0.16006600856781006,0.236643448472023,0.5465254783630371,4.951084016602894,0.3040408194065094,8.66482291232543,0.39830376907871734,6.405737899612333
1f899649bb9f4e51a031668b0a97d438,3,0.22540877759456635,0.08175458759069443,10.874878679102107,-0.15846361219882965,0.23799972236156464,0.5449146032333374,4.966942316372042,0.30441156029701233,8.592497418199066,0.2558432654664413,10.183761082008818
1f899649bb9f4e51a031668b0a97d438,4,0.21897920966148376,0.07612636685371399,11.184648965042728,-0.15412908792495728,0.2288462072610855,0.5405797958374023,5.072549826827725,0.2796000838279724,9.822351494987775,0.41214331541748056,6.784798948553171
1f899649bb9f4e51a031668b0a97d438,5,0.20922255516052246,0.06610006093978882,11.797981401240147,-0.14122961461544037,0.21483542025089264,0.5277054309844971,5.34242723374605,0.25736263394355774,10.883486483304923,0.4250727022728839,6.515324768642582
202304220aef4cac84572ec4a072bf68,1,0.41509705781936646,0.19635027647018433,7.069684828866064,-0.41509705781936646,0.15506364405155182,0.8279517292976379,1.6167630091597793,0.8264919519424438,1.6297817203109584,0.41215675157231324,7.115290818973675
202304220aef4cac84572ec4a072bf68,2,0.2938981354236603,0.1483522355556488,8.287059048094452,-0.2938290238380432,0.24903155863285065,0.5668264031410217,3.2963093436411532,0.5656768083572388,3.311401541611631,0.2898412397643049,8.423008195027343
202304220aef4cac84572ec4a072bf68,3,0.10674772411584854,0.04974103718996048,13.032851631517243,-0.10674772411584854,0.19582124054431915,0.2336810976266861,7.530376788632117,0.2321600317955017,7.583233254344856,0.10520321698843563,13.21003232499574
202304220aef4cac84572ec4a072bf68,4,0.046818479895591736,0.020863035693764687,16.806224989234032,-0.0459049753844738,0.13695169985294342,0.12604546546936035,10.91581297726117,0.12215650826692581,11.294770782077697,0.04670804508379715,16.792243370271386
202304220aef4cac84572ec4a072bf68,5,0.04413821920752525,0.01906445249915123,17.197756624601617,-0.04006001725792885,0.13213495910167694,0.11749500781297684,11.34598529682394,0.11664468795061111,11.78656948651257,0.04308172939305745,17.098297868349846
210f600a968c47e4abeed9c8d25f36bd,1,0.006007528863847256,4.8991001676768064e-05,43.09883680808096,-0.006007528863847256,0.0035917398054152727,0.29625433683395386,10.54761191952007,0.2926175892353058,10.653489163936388,0.005956047912620932,43.1539830302071
210f600a968c47e4abeed9c8d25f36bd,2,0.00600786879658699,4.899629857391119e-05,43.09836727515234,-0.00600786879658699,0.0035919100046157837,0.2962546646595001,10.54760127482841,0.292630672454834,10.65311644765601,0.0059001918617430605,43.21443804907087
210f600a968c47e4abeed9c8d25f36bd,3,0.006009140983223915,4.9012352974386886e-05,43.096944474718086,-0.006009140983223915,0.003592016641050577,0.2962561249732971,10.54756126570342,0.2927326560020447,10.650118956198824,0.005974389322292562,43.13486734821942
210f600a968c47e4abeed9c8d25f36bd,4,0.006005131173878908,4.896509926766157e-05,43.10113360705452,-0.006005131173878908,0.003592143999412656,0.2962546646595001,10.547600907770542,0.2912130057811737,10.695719669356663,0.00603294062605327,43.07013450137419
210f600a968c47e4abeed9c8d25f36bd,5,0.005989363417029381,4.8770791181595996e-05,43.11840199031885,-0.005989363417029381,0.00359142292290926,0.29623618721961975,10.548147491306425,0.2896977961063385,10.740510911175763,0.006034102935284643,43.068553775625645
21228b0cf30745efbf0842c86f34e584,1,0.397406667470932,0.20790955424308777,6.8212555270936335,-0.3116152882575989,0.3328745365142822,0.6155720949172974,3.675231679088469,0.448934942483902,5.394578026189993,0.3444248544335752,8.38331036833008
21228b0cf30745efbf0842c86f34e584,2,0.40032583475112915,0.21129219233989716,6.75116550682411,-0.31694817543029785,0.33292049169540405,0.6207446455955505,3.611165008150144,0.45550066232681274,5.29669006237063,0.3275575264126693,7.652575203318249
21228b0cf30745efbf0842c86f34e584,3,0.4009765088558197,0.2128830850124359,6.718588447974721,-0.32099449634552,0.3314296305179596,0.6245077252388,3.57207890754252,0.4562428593635559,5.31653550416039,0.3598486035247349,7.798236470595198
21228b0cf30745efbf0842c86f34e584,4,0.387324720621109,0.19716885685920715,7.051616814957726,-0.3080480396747589,0.3198050260543823,0.6113250255584717,3.799494685188609,0.3876039981842041,7.176240635989128,0.5092300921083434,4.743039722587204
21228b0cf30745efbf0842c86f34e584,5,0.354069322347641,0.15879206359386444,7.991712073467255,-0.26396989822387695,0.29851624369621277,0.5681301355361938,4.511302806684357,0.3268951177597046,8.851590003745502,0.5254507871093448,4.474281618738977
2242ba8057ed45c998208ca71cd13b3e,1,0.06252283602952957,0.006963107269257307,21.571969143048616,-0.027257058769464493,0.07886799424886703,0.4910487234592438,5.816930861262489,0.2822352349758148,10.165107650300317,0.07541272509470676,20.784852705891232
2242ba8057ed45c998208ca71cd13b3e,2,0.06370897591114044,0.0072973379865288734,21.368355383183754,-0.02736421674489975,0.08092304319143295,0.4913622736930847,5.806447985621687,0.2845054864883423,10.062998722129965,0.10933443040182265,16.971604954265153
2242ba8057ed45c998208ca71cd13b3e,3,0.06324144452810287,0.007212494499981403,21.41914505015226,-0.027150845155119896,0.08046941459178925,0.49110662937164307,5.81234944672379,0.2835831046104431,10.09477851370448,0.07111048882471997,20.433746557997814
2242ba8057ed45c998208ca71cd13b3e,4,0.061789922416210175,0.0068688420578837395,21.631164696736704,-0.027220813557505608,0.07828070968389511,0.4909573197364807,5.821556675870957,0.2819106876850128,10.178907492199942,0.09204579684809494,18.223612468473366
2242ba8057ed45c998208ca71cd13b3e,5,0.061483100056648254,0.006671984679996967,21.757449595826106,-0.02728237397968769,0.07699127495288849,0.49097272753715515,5.8239978530278735,0.2817462980747223,10.203832611675207,0.09454266720262411,18.04831842561071
229df31da28c4d3390d6ae1fef2867e0,1,0.3967192471027374,0.18575365841388702,7.310626240636586,-0.3965093493461609,0.1689201295375824,0.679486870765686,3.157008624449028,0.4800163805484772,5.200398799120238,0.31078419282439557,9.325645955298041
229df31da28c4d3390d6ae1fef2867e0,2,0.4041946232318878,0.1906360685825348,7.197949268644777,-0.40401652455329895,0.16554975509643555,0.6869909763336182,3.0758180154615964,0.48791277408599854,5.106257503516724,0.16603115874802193,13.664642018716272
229df31da28c4d3390d6ae1fef2867e0,3,0.4136492609977722,0.1967734694480896,7.060334569667198,-0.41350024938583374,0.1605958640575409,0.6964713335037231,2.975738222803468,0.49555128812789917,5.045493010198513,0.2988529003364671,10.218298892317366
229df31da28c4d3390d6ae1fef2867e0,4,0.4036261737346649,0.18416573107242584,7.347911786491107,-0.40347638726234436,0.1461935043334961,0.6864526867866516,3.1333731166155356,0.4365576207637787,6.598184061271316,0.5993600760753512,4.337070689773459
229df31da28c4d3390d6ae1fef2867e0,5,0.35641902685165405,0.1386578381061554,8.580555754187023,-0.3562433421611786,0.1083904579281807,0.6392177939414978,3.823732467416491,0.3701797425746918,8.254095073184645,0.6162795334891152,4.088846816994779
22a62914e48948cbb93a08364e3d650c,1,0.0466962605714798,0.012254687026143074,19.116977757668362,-0.03571680933237076,0.10478071123361588,0.40297946333885193,7.188971129427747,0.3320695757865906,8.396929338090235,0.02485175820082107,27.292188577231514
22a62914e48948cbb93a08364e3d650c,2,0.05410439893603325,0.014173333533108234,18.485279927469684,-0.0333978496491909,0.11427123844623566,0.39008522033691406,7.268165289434743,0.3310498595237732,8.286275222908598,0.05543669514733711,20.12869250429091
22a62914e48948cbb93a08364e3d650c,3,0.05708957090973854,0.015196025371551514,18.182699900109984,-0.028642775490880013,0.11989835649728775,0.35479307174682617,7.622234815857835,0.3150288462638855,8.486256753941847,0.037855118252034546,22.97376117009268
22a62914e48948cbb93a08364e3d650c,4,0.0532621368765831,0.012710574083030224,18.958348337527028,-0.020919285714626312,0.11078338325023651,0.3154643177986145,8.21321034862457,0.264801025390625,9.765438221534476,0.0446481398225302,19.3744736338449
22a62914e48948cbb93a08364e3d650c,5,0.051916856318712234,0.010601031593978405,19.74651871171709,-0.012562655843794346,0.10219202935695648,0.28411737084388733,8.823968675181051,0.2515496611595154,10.281139485695896,0.046353140038540006,18.2426691578949
2408f7b6d1d64b9ca70b14a84dee8d84,1,0.21151427924633026,0.06050413101911545,12.182149721647502,-0.2095412015914917,0.12882786989212036,0.6902456283569336,3.1281572957479256,0.5765729546546936,4.241331255448959,0.13759371611639565,16.023821801991453
2408f7b6d1d64b9ca70b14a84dee8d84,2,0.2136465162038803,0.06128765270113945,12.126270116787921,-0.21207207441329956,0.12772271037101746,0.6927556991577148,3.1000507622275606,0.581240713596344,4.1920520717936895,0.10273489747671533,17.69924567179363
2408f7b6d1d64b9ca70b14a84dee8d84,3,0.21580441296100616,0.061983104795217514,12.077266733103755,-0.2144557386636734,0.12645885348320007,0.6951472163200378,3.0742777874351717,0.5839757323265076,4.172039785973104,0.12339142232217438,17.229422580789883
2408f7b6d1d64b9ca70b14a84dee8d84,4,0.20426639914512634,0.054601673036813736,12.627940499779648,-0.2026275396347046,0.11637760698795319,0.6833044290542603,3.236598694802893,0.4921368360519409,5.870409293137014,0.2521032241650176,11.17250611630395
2408f7b6d1d64b9ca70b14a84dee8d84,5,0.16510620713233948,0.034404464066028595,14.633852029674008,-0.16232305765151978,0.08975351601839066,0.6430475115776062,3.789070064490878,0.4051069915294647,7.632524341743069,0.2675890474233573,10.639651305351405
24a0d4520d444db7980f3737950f2a5c,1,0.3954589068889618,0.2076949179172516,6.825741300777897,-0.389847069978714,0.236038476228714,0.7505590319633484,2.2749673032295186,0.6625006794929504,2.850229683611004,0.2356538372993125,10.906323130283472
24a0d4520d444db7980f3737950f2a5c,2,0.39749762415885925,0.20939655601978302,6.790304655124963,-0.391877144575119,0.2362813800573349,0.7525891065597534,2.2521396969566254,0.667174756526947,2.801594032128491,0.203102930243232,11.832366204808933
24a0d4520d444db7980f3737950f2a5c,3,0.3967928886413574,0.20886428654193878,6.8013581317297955,-0.39107033610343933,0.2364916205406189,0.7517821192741394,2.2608075956236924,0.6642553806304932,2.8347225058328207,0.235766567731172,11.08357531420556
24a0d4520d444db7980f3737950f2a5c,4,0.3699157238006592,0.1826106607913971,7.384738719948927,-0.36370742321014404,0.2243380844593048,0.7244203686714172,2.6053732330018944,0.5123498439788818,5.22830971039253,0.44412415294846586,6.32366683784927
24a0d4520d444db7980f3737950f2a5c,5,0.2894306480884552,0.11486650258302689,9.398066019849328,-0.2727930247783661,0.20112302899360657,0.6335106492042542,3.8034391202998674,0.3737221956253052,7.850851566482828,0.4602890845517359,6.006267769970455
2570d5ef94e740e9bd85d42e6b8c59f6,1,0.13989388942718506,0.0298509132117033,15.250423782117654,-0.13831914961338043,0.10353127121925354,0.625988781452179,3.894638362171408,0.5977458953857422,4.1880044104661,0.08800253990569834,18.80646309257082
2570d5ef94e740e9bd85d42e6b8c59f6,2,0.13938456773757935,0.029679585248231888,15.275421723169593,-0.13782283663749695,0.10336562991142273,0.6254938840866089,3.9019733893356396,0.5952650308609009,4.221247810505208,0.14456950228615334,15.653918207285669
2570d5ef94e740e9bd85d42e6b8c59f6,3,0.13984240591526031,0.02982981689274311,15.253494125016761,-0.1383013278245926,0.10345315933227539,0.625970184803009,3.8951480089447306,0.5966137051582336,4.205852020038328,0.10214565201813434,17.275176572104236
2570d5ef94e740e9bd85d42e6b8c59f6,4,0.12795686721801758,0.026454992592334747,15.774923557387508,-0.12552990019321442,0.103427454829216,0.6132173538208008,4.067102793753824,0.46953004598617554,6.223719271480279,0.14706876666227503,14.835510377346859
2570d5ef94e740e9bd85d42e6b8c59f6,5,0.09563463926315308,0.017805416136980057,17.49447871813809,-0.08229342848062515,0.105039082467556,0.570038378238678,4.670576017472909,0.35000646114349365,8.605360486366582,0.14880756611820506,14.72359202276174
25b1735633484414aef07006a0099c26,1,0.1126180961728096,0.017428191378712654,17.587476797287948,-0.11050000786781311,0.07223530113697052,0.6181498765945435,4.10116351280507,0.5825600624084473,4.466126924841957,0.09040360989927759,18.84280975875543
25b1735633484414aef07006a0099c26,2,0.11531273275613785,0.017947088927030563,17.46005985272579,-0.11387329548597336,0.07056885957717896,0.6215274930000305,4.056401796798248,0.5953812003135681,4.316914863566247,0.10061345795331243,18.22360911694347
25b1735633484414aef07006a0099c26,3,0.11422811448574066,0.017669526860117912,17.527750795136686,-0.11250397562980652,0.07079817354679108,0.6201479434967041,4.0753941436270145,0.5828367471694946,4.485407963181374,0.08321835121181283,19.703544391727156
25b1735633484414aef07006a0099c26,4,0.10444192588329315,0.015378687530755997,18.130807271140696,-0.10330203175544739,0.06861035525798798,0.6109411120414734,4.206089970713711,0.4879280924797058,6.017233453903614,0.08854663253777342,19.426824265276068
25b1735633484414aef07006a0099c26,5,0.07991405576467514,0.010468890890479088,19.800993265025582,-0.07332614809274673,0.07135941833257675,0.5809628367424011,4.628930915727528,0.4133172333240509,7.14336100559462,0.10110076345061275,18.345585286812117
25b74c8c02ef41f6bdb3dc2b097c6eee,1,0.25345584750175476,0.08680183440446854,10.614710966746593,-0.2367909699678421,0.1753050535917282,0.6981483697891235,2.912975546468128,0.621830940246582,3.4719850247832627,0.1420280178174293,14.9239724611275
25b74c8c02ef41f6bdb3dc2b097c6eee,2,0.25150951743125916,0.08621298521757126,10.644273167319193,-0.23491930961608887,0.17614170908927917,0.6965976357460022,2.9310333842425855,0.6179212331771851,3.512146564773375,0.21953161575311686,11.031954786297478
25b74c8c02ef41f6bdb3dc2b097c6eee,3,0.25226330757141113,0.08673521876335144,10.618045217990177,-0.2360960990190506,0.17605070769786835,0.697778582572937,2.9173410777945885,0.618652880191803,3.5070889635027136,0.12801602531697717,15.808243345933999
25b74c8c02ef41f6bdb3dc2b097c6eee,4,0.23198772966861725,0.07335006445646286,11.345995001837,-0.21388399600982666,0.16614364087581635,0.6756626963615417,3.2085457150068564,0.4867432415485382,5.670909899801857,0.2556448189961417,10.741729676024807
25b74c8c02ef41f6bdb3dc2b097c6eee,5,0.17490437626838684,0.043305736035108566,13.634545756233571,-0.14745548367500305,0.1468421369791031,0.6090192794799805,4.125323169650519,0.37065955996513367,7.862135816382313,0.270222736081459,10.309651078351633
260151f2360c484e8c0a5034ff391021,1,0.0837433859705925,0.010496209375560284,19.78967514692544,-0.06350119411945343,0.08039779961109161,0.5669986605644226,4.842422915335277,0.413945734500885,6.737076152658784,0.16133173525375322,14.307404715092769
260151f2360c484e8c0a5034ff391021,2,0.08622796088457108,0.010922381654381752,19.61682652237749,-0.06370648741722107,0.0828484371304512,0.5674784183502197,4.833640848219575,0.41201460361480713,6.7779726767095685,0.33697968532432715,8.200040462736682
260151f2360c484e8c0a5034ff391021,3,0.08777528256177902,0.011374964378774166,19.440499546819304,-0.06997103244066238,0.08049234747886658,0.5739167332649231,4.741849273947275,0.4227610230445862,6.617248752321028,0.09249202843233857,19.186054522397274
260151f2360c484e8c0a5034ff391021,4,0.07367334514856339,0.008500045165419579,20.705787666338974,-0.058477312326431274,0.07127726823091507,0.5623137354850769,4.936235968418591,0.3391914963722229,8.913121732592877,0.17106779715438022,14.335903023618243
260151f2360c484e8c0a5034ff391021,5,0.048364248126745224,0.004263889044523239,23.701941051020885,-0.012809287756681442,0.0640297681093216,0.5166409015655518,5.686325274521985,0.25202327966690063,11.609656311426997,0.17875590732344185,13.887005393594432
273a3aa035784eacb89db08c1a0710bf,1,0.2090584933757782,0.052888523787260056,12.76638554743055,-0.2089448869228363,0.09607577323913574,0.6944714188575745,3.1307253006973577,0.5332366228103638,5.09939935811513,0.18190806685518668,14.066402449777954
273a3aa035784eacb89db08c1a0710bf,2,0.21042796969413757,0.05347444862127304,12.718536847736967,-0.21028748154640198,0.0961957722902298,0.6958125233650208,3.114112841053897,0.5362240076065063,5.054592289868473,0.12600974484130148,16.724114367982942
273a3aa035784eacb89db08c1a0710bf,3,0.21045653522014618,0.05352834612131119,12.714161749144289,-0.21030454337596893,0.09643829613924026,0.6958311796188354,3.113807431293477,0.5359489321708679,5.061099790907397,0.19852752220355696,13.375530687720092
273a3aa035784eacb89db08c1a0710bf,4,0.20733071863651276,0.05157946050167084,12.875232047023985,-0.20724286139011383,0.09289702028036118,0.6927696466445923,3.1562493416804442,0.5100862979888916,5.607908139185919,0.2646517233373768,10.964318024687259
273a3aa035784eacb89db08c1a0710bf,5,0.1985359936952591,0.04622478410601616,13.35125108547044,-0.19845707714557648,0.08270170539617538,0.6839838624000549,3.2769224217154465,0.4849475920200348,6.094802282870151,0.26966414635200187,10.798098796353251
276f390b0cfc475898b445466d387cf6,1,0.1067570298910141,0.015755334869027138,18.025723617552874,-0.10646446794271469,0.06648799031972885,0.6026492118835449,4.330355965015263,0.473453551530838,6.191052693994299,0.09484216545631263,18.97020823128735
276f390b0cfc475898b445466d387cf6,2,0.1074109822511673,0.01618768461048603,17.908152656876794,-0.10688585788011551,0.06901519000530243,0.6030707955360413,4.321408697930459,0.4719941318035126,6.211727422715803,0.11150054523637579,16.5163379619638
276f390b0cfc475898b445466d387cf6,3,0.11102329939603806,0.017221026122570038,17.639409744797597,-0.11066249012947083,0.07053253799676895,0.6068453192710876,4.265388392093603,0.48181280493736267,6.047748371347277,0.08229662135093249,19.228380283948322
276f390b0cfc475898b445466d387cf6,4,0.1054176390171051,0.01586010865867138,17.996938416275107,-0.10519082844257355,0.06924591213464737,0.6013764142990112,4.345136793143908,0.42532792687416077,7.249180015832392,0.15284971224906513,14.669216960778943
276f390b0cfc475898b445466d387cf6,5,0.08440493792295456,0.012225803919136524,19.127225738267796,-0.08233275264501572,0.07380461692810059,0.5785156488418579,4.670851846662666,0.3629756271839142,8.572702761978944,0.15555108438032147,14.510485671586956
27b4f79643cb40ae8cdde5d5a9adebf1,1,0.08852499723434448,0.016624705865979195,17.792460297489,-0.08355554193258286,0.09819966554641724,0.5653136968612671,4.7359975434047605,0.47784870862960815,5.746118831804421,0.051308803863084965,22.674379863891563
27b4f79643cb40ae8cdde5d5a9adebf1,2,0.08959586173295975,0.016679322347044945,17.778215979978857,-0.08394347131252289,0.09814690798521042,0.565697193145752,4.72958638607661,0.4769415557384491,5.765422293172571,0.08933282847234864,18.589104362064646
27b4f79643cb40ae8cdde5d5a9adebf1,3,0.08976492285728455,0.01673370786011219,17.764078172702725,-0.08392950147390366,0.09843548387289047,0.5656855702400208,4.728905722845388,0.4766492545604706,5.767710001350301,0.06328229384035278,20.63116264733707
27b4f79643cb40ae8cdde5d5a9adebf1,4,0.08102862536907196,0.014390428550541401,18.41926272473123,-0.07528093457221985,0.09339812397956848,0.5570889711380005,4.870329082701445,0.39800769090652466,7.474321573875812,0.11228859880536726,16.801756078449483
27b4f79643cb40ae8cdde5d5a9adebf1,5,0.06078539043664932,0.008733726106584072,20.588004318633068,-0.04873521625995636,0.07974085956811905,0.5307287573814392,5.3087937715204605,0.32323527336120605,9.36040725973681,0.11630684834850878,16.6474826991226
285fbc3ac47c47dead4bae4f21dbf966,1,0.3298955261707306,0.1505240947008133,8.223939760963905,-0.2828287184238434,0.26557862758636475,0.6525521278381348,3.2873981080581887,0.5062745213508606,4.638381402121438,0.22821019508170975,11.23610343180762
285fbc3ac47c47dead4bae4f21dbf966,2,0.3327164947986603,0.15243622660636902,8.169118102561727,-0.2860020399093628,0.26578012108802795,0.6557213068008423,3.2506567698492406,0.5106537342071533,4.583214016005564,0.334059799796517,7.150839126691084
285fbc3ac47c47dead4bae4f21dbf966,3,0.33319714665412903,0.15290017426013947,8.155920196225141,-0.28560343384742737,0.26707836985588074,0.6555248498916626,3.2503563785030605,0.5094971060752869,4.6017308960394345,0.27980299192335484,10.012949328565616
285fbc3ac47c47dead4bae4f21dbf966,4,0.3149721026420593,0.13545195758342743,8.682147140598499,-0.26627740263938904,0.25406354665756226,0.6363215446472168,3.5417796898777003,0.415719598531723,6.749120333330208,0.4347230762416121,6.386866597295184
285fbc3ac47c47dead4bae4f21dbf966,5,0.27236151695251465,0.09754234552383423,10.108068054820887,-0.21836307644844055,0.22329334914684296,0.5885482430458069,4.302198592892598,0.3396182954311371,8.754867717616774,0.44203930777933914,6.242265444749519
28e9c03735124472877f9f4741a74d78,1,0.1686624139547348,0.03137849271297455,15.033679218759076,-0.16306307911872864,0.06920204311609268,0.6694735288619995,3.3845494976819817,0.5834083557128906,4.359620555031297,0.15334866316609386,15.827978519933588
28e9c03735124472877f9f4741a74d78,2,0.16911979019641876,0.031670842319726944,14.993403859509566,-0.16316471993923187,0.07105010002851486,0.6695557236671448,3.381670203377434,0.5829367637634277,4.364975596311222,0.11297457433969131,17.955704029076713
28e9c03735124472877f9f4741a74d78,3,0.17023783922195435,0.03205965459346771,14.94041160988707,-0.16414788365364075,0.07152008265256882,0.6705555319786072,3.3689953165236592,0.587095320224762,4.31441575289841,0.14263007282789295,16.435532163461346
28e9c03735124472877f9f4741a74d78,4,0.16730345785617828,0.030726388096809387,15.124884882895984,-0.1616709679365158,0.0677412897348404,0.6680704951286316,3.4046019951381985,0.5424984097480774,5.079667057385815,0.18649409384395255,14.035856515792913
28e9c03735124472877f9f4741a74d78,5,0.158494234085083,0.027539929375052452,15.600371778069213,-0.1530163586139679,0.06423334777355194,0.6594089269638062,3.520572222146679,0.49881890416145325,5.853135493617062,0.19056254062601108,13.833352212419122
28f3639867884b1ab9357e990899d9d6,1,0.31670325994491577,0.14644481241703033,8.343260079261253,-0.30789217352867126,0.22726021707057953,0.7108815312385559,2.7284140063102145,0.6039023995399475,3.456326220917126,0.13856174275962518,15.015317763115677
28f3639867884b1ab9357e990899d9d6,2,0.31453031301498413,0.14518706500530243,8.380720740426359,-0.30487358570098877,0.22855886816978455,0.7078620791435242,2.760507328693041,0.5978710055351257,3.5198834557615855,0.2519370403716569,10.322958384010946
28f3639867884b1ab9357e990899d9d6,3,0.3148546516895294,0.14548641443252563,8.371775593410113,-0.3043835461139679,0.22986315190792084,0.7073729038238525,2.7609966269744874,0.5986082553863525,3.5044739018787734,0.22880317854777718,11.437116074879327
28f3639867884b1ab9357e990899d9d6,4,0.2891058921813965,0.12388739734888077,9.069728707039795,-0.2787574827671051,0.2148991972208023,0.6817479729652405,3.1150061288039534,0.45749929547309875,6.086163435782595,0.41083635636784516,7.130462099563246
28f3639867884b1ab9357e990899d9d6,5,0.20664644241333008,0.06869615614414215,11.630675629708955,-0.19364219903945923,0.17663198709487915,0.5966320633888245,4.36279115214994,0.32339850068092346,9.302436392304367,0.419891259113681,6.94240807625281
2989fed94cf84cc8bddefad13d208932,1,0.2061104029417038,0.048115041106939316,13.177191388315348,-0.20455646514892578,0.07919404655694962,0.6985081434249878,3.0755158123363118,0.5568052530288696,4.637235203460325,0.16497418942491468,15.120806538759176
2989fed94cf84cc8bddefad13d208932,2,0.20803946256637573,0.048783622682094574,13.117259520250615,-0.20627428591251373,0.07895909994840622,0.7002245187759399,3.054798105386181,0.560850977897644,4.585242875703624,0.07005886689100184,21.020170066804738
2989fed94cf84cc8bddefad13d208932,3,0.21027253568172455,0.0495583713054657,13.048829747873338,-0.20866736769676208,0.07756482809782028,0.7026177644729614,3.0274677668762164,0.5647557377815247,4.544604009809355,0.14429394620828084,16.51863825181212
2989fed94cf84cc8bddefad13d208932,4,0.20468434691429138,0.04645103961229324,13.330045616955324,-0.2031017392873764,0.07211607694625854,0.6970532536506653,3.1024988093694357,0.5060868859291077,5.69550043168678,0.25049918402720966,11.74063678637982
2989fed94cf84cc8bddefad13d208932,5,0.18274062871932983,0.0360514335334301,14.430774615054332,-0.18099120259284973,0.05739005655050278,0.6749414801597595,3.395868252469052,0.446116179227829,6.8950172075871174,0.26073903721410874,11.40942382185585
29bc29d28a574da5a81e51a7bdccc563,1,0.041362836956977844,0.020197639241814613,16.946993891755845,-0.04135584831237793,0.13596811890602112,0.16621731221675873,10.583881903971537,0.16359984874725342,10.660533533643015,0.039160166995629485,17.25723199415397
29bc29d28a574da5a81e51a7bdccc563,2,0.030679112300276756,0.014521685428917408,18.379829752337624,-0.02980283461511135,0.11676248162984848,0.13425926864147186,11.844581437768475,0.13264332711696625,11.89424469576483,0.03382617990639471,18.02267606016523
29bc29d28a574da5a81e51a7bdccc563,3,0.032522495836019516,0.017218472436070442,17.640053802930687,-0.03136499226093292,0.1274155080318451,0.13191699981689453,11.882396161832649,0.13095733523368835,11.89977015984548,0.03418500205267003,17.577582923694152
29bc29d28a574da5a81e51a7bdccc563,4,0.02519366703927517,0.012084655463695526,19.17765726915315,-0.023402109742164612,0.10741041600704193,0.115088552236557,12.741819607710326,0.11270040273666382,12.822936946088506,0.025224498522499063,19.166453750537475
29bc29d28a574da5a81e51a7bdccc563,5,0.02007378824055195,0.007966984994709492,20.987060007986607,-0.01612720638513565,0.08778893947601318,0.10229737311601639,13.62503925429702,0.09912227094173431,13.712413199514879,0.01885551310986808,21.068887487172354
29dd1b62f2a74a1f85cad5fede2fc423,1,0.2623753845691681,0.11397937685251236,9.431737217283496,-0.21587583422660828,0.25957077741622925,0.6627825498580933,3.246961321913815,0.5538498163223267,3.9816245198330225,0.21264912199838576,12.203206791459833
29dd1b62f2a74a1f85cad5fede2fc423,2,0.260766863822937,0.11338574439287186,9.454415443910017,-0.21276649832725525,0.2609907388687134,0.6596729159355164,3.2792287997385268,0.5486841797828674,4.039804023932775,0.3782941115219149,7.030526513869365
29dd1b62f2a74a1f85cad5fede2fc423,3,0.2601853609085083,0.1133062019944191,9.457463176896885,-0.21093450486660004,0.26232200860977173,0.6578409671783447,3.29587307847337,0.5463380217552185,4.060215516315905,0.21546549244489624,11.532856587179232
29dd1b62f2a74a1f85cad5fede2fc423,4,0.23833630979061127,0.09863888472318649,10.059518468067301,-0.18859882652759552,0.2511361539363861,0.6355052590370178,3.621089993880515,0.4170966148376465,6.574605562125422,0.3116903539948569,8.688279481439057
29dd1b62f2a74a1f85cad5fede2fc423,5,0.1729942262172699,0.061557937413454056,12.107159402532004,-0.11558109521865845,0.21954259276390076,0.5624873042106628,4.750421599784902,0.29464808106422424,9.555105969966135,0.3126562627905536,8.661257509733467
29dfbc6436484061ba94690407c5f8fd,1,0.3256949484348297,0.11411087214946747,9.42672975305033,-0.3256949484348297,0.08963074535131454,0.7467231750488281,2.475314424527184,0.6042833924293518,3.7983005696013956,0.22874814315595096,12.053502322320446
29dfbc6436484061ba94690407c5f8fd,2,0.32930445671081543,0.11605967581272125,9.353186468762868,-0.32930445671081543,0.08728259056806564,0.750333309173584,2.437165707958309,0.6104434132575989,3.7328297268320494,0.11603100207780483,17.072223388234086
29dfbc6436484061ba94690407c5f8fd,3,0.33292868733406067,0.11773748695850372,9.290852382002742,-0.33292868733406067,0.0830419585108757,0.7539573907852173,2.4013597048294875,0.613453209400177,3.7197321637160834,0.23922113972011486,12.369713709057905
29dfbc6436484061ba94690407c5f8fd,4,0.3214593231678009,0.10847246646881104,9.646804846554412,-0.3214593231678009,0.07166855037212372,0.7424869537353516,2.546673143835456,0.5259069800376892,5.3152435964841835,0.3935952969180858,8.054429027343259
29dfbc6436484061ba94690407c5f8fd,5,0.2793867588043213,0.07972953468561172,10.983807705116957,-0.2793867588043213,0.04089703783392906,0.7004157900810242,3.078949288944175,0.4397623836994171,7.017564172109676,0.41080920016514466,7.698739923386684
2a37df8f84254af1aa4fca1efdbc4fe7,1,0.23185744881629944,0.07391528785228729,11.31265727461377,-0.18962925672531128,0.19482307136058807,0.6646432280540466,3.2328786731618853,0.5794991254806519,3.769526498399695,0.1404023977450568,15.556717654949438
2a37df8f84254af1aa4fca1efdbc4fe7,2,0.23423142731189728,0.07445403188467026,11.28111779068934,-0.18858447670936584,0.19720527529716492,0.6635974645614624,3.235392957383643,0.57970130443573,3.767435429460017,0.1739663969738235,13.466126648331171
2a37df8f84254af1aa4fca1efdbc4fe7,3,0.23480528593063354,0.07456449419260025,11.274679238270144,-0.18594001233577728,0.19997702538967133,0.6609542965888977,3.2582615635544885,0.5758292078971863,3.78791101148039,0.1296301168440285,15.56003297883392
2a37df8f84254af1aa4fca1efdbc4fe7,4,0.21537157893180847,0.06360647827386856,11.964986495196186,-0.16737860441207886,0.18865543603897095,0.6423913240432739,3.530657712553899,0.4474216401576996,6.1257091724278165,0.2376436188770113,11.422640955789225
2a37df8f84254af1aa4fca1efdbc4fe7,5,0.16029424965381622,0.03557634726166725,14.488386443784997,-0.1109120100736618,0.1525610387325287,0.5859276056289673,4.403206253558783,0.33029335737228394,8.92729343726251,0.245455278446133,11.17621362255958
2b59a3b183004c3c860337ceb41750c8,1,0.2563318908214569,0.07768572121858597,11.096587980052277,-0.25458627939224243,0.11345282196998596,0.7403002381324768,2.5588041191600746,0.7187808752059937,2.7183595566637795,0.15841156044365914,14.08516609457331
2b59a3b183004c3c860337ceb41750c8,2,0.25643545389175415,0.07763829082250595,11.099240340065597,-0.2547939121723175,0.11277564615011215,0.7405082583427429,2.557342507027002,0.7191676497459412,2.7166138984046513,0.11851965508870692,14.581936489197053
2b59a3b183004c3c860337ceb41750c8,3,0.2565520703792572,0.07772455364465714,11.094417633371217,-0.2549033761024475,0.11291065067052841,0.7406126260757446,2.5562115298033334,0.7190165519714355,2.7168016427727295,0.072968021965519,18.639859161841276
2b59a3b183004c3c860337ceb41750c8,4,0.23875465989112854,0.06773220747709274,11.692047699643222,-0.23714779317378998,0.10720599442720413,0.7228606939315796,2.771528180819346,0.572026252746582,4.722561460730613,0.21245602058588756,12.237463049025726
2b59a3b183004c3c860337ceb41750c8,5,0.17862112820148468,0.03957483917474747,14.025808413591413,-0.17518334090709686,0.09426363557577133,0.6608954668045044,3.55376389107899,0.4293440580368042,7.124855664248604,0.2516386092491853,11.20546002030942
2be296fc2d684166b4e0dcbe84d92337,1,0.3149130344390869,0.11410228163003922,9.427056711871446,-0.3149130344390869,0.12219679355621338,0.7742556929588318,2.1562210352274174,0.7696473002433777,2.206737628573964,0.3149012132708173,9.427306555573352
2be296fc2d684166b4e0dcbe84d92337,2,0.31491154432296753,0.11410104483366013,9.427103786894497,-0.31491154432296753,0.12219566851854324,0.7742555737495422,2.1562252881426978,0.7696927785873413,2.206243279768313,0.31482069871230384,9.429439494378762
2be296fc2d684166b4e0dcbe84d92337,3,0.31491032242774963,0.11410139501094818,9.42709045837233,-0.31491032242774963,0.12220023572444916,0.7742534279823303,2.1562405986721926,0.7696986198425293,2.206179177734836,0.31488107668054566,9.427811166692114
2be296fc2d684166b4e0dcbe84d92337,4,0.31490886211395264,0.11409945040941238,9.427164474725334,-0.31490886211395264,0.12219593673944473,0.7742530703544617,2.1562520816047352,0.7685412764549255,2.21912330208418,0.3149435627563776,9.426298515561518
2be296fc2d684166b4e0dcbe84d92337,5,0.3148942291736603,0.11409083008766174,9.427492600722827,-0.3148942291736603,0.12219841778278351,0.7742394804954529,2.1564013624907403,0.7674958109855652,2.2306898381192037,0.31494363838666684,9.426286383588176
2c0aa3bfb16540fba4ba538a8c67f3b3,1,0.04566865414381027,0.0034849385265260935,24.578048783481723,-0.04566865414381027,0.037407390773296356,0.4516563415527344,6.392108045071203,0.4483909606933594,6.444510178873527,0.04562159455374089,24.585217338789114
2c0aa3bfb16540fba4ba538a8c67f3b3,2,0.045669399201869965,0.003484974382445216,24.578004099916747,-0.045669399201869965,0.037406954914331436,0.45165711641311646,6.3920962020112775,0.44845831394195557,6.443535643916045,0.04557191392211426,24.592030681172446
2c0aa3bfb16540fba4ba538a8c67f3b3,3,0.04567094147205353,0.0034850770607590675,24.57787614497844,-0.04567094147205353,0.03740644454956055,0.451658695936203,6.392072797964018,0.44856536388397217,6.442095787127452,0.0456345914381985,24.58314631598768
2c0aa3bfb16540fba4ba538a8c67f3b3,4,0.045666296035051346,0.003484569489955902,24.57850870273521,-0.045666296035051346,0.03740533068776131,0.4516540467739105,6.392156263577178,0.4470181465148926,6.470056346088862,0.04568856811310822,24.57643985121838
2c0aa3bfb16540fba4ba538a8c67f3b3,5,0.04565027356147766,0.0034827864728868008,24.58073151005346,-0.04565027356147766,0.03740105777978897,0.45163801312446594,6.392443893856874,0.4454624652862549,6.4980313650746915,0.04568883882249916,24.57651848642819
2c3da301c24245ce9b25ce41e44a5b35,1,0.10838250815868378,0.02597903273999691,15.853770227588342,-0.07820285856723785,0.14093738794326782,0.5202344655990601,5.173026865555878,0.45018747448921204,6.099894989381301,0.0943463263389732,18.960889312768664
2c3da301c24245ce9b25ce41e44a5b35,2,0.10574343055486679,0.024827485904097557,16.050672560095812,-0.08298879861831665,0.13394157588481903,0.5266073942184448,5.103995683640176,0.4529491662979126,6.062603824051205,0.0900060029469049,19.111539018228047
2c3da301c24245ce9b25ce41e44a5b35,3,0.10548101365566254,0.02484399639070034,16.04778542520153,-0.084804967045784,0.13286125659942627,0.5277525186538696,5.090010666022389,0.454516738653183,6.0582441793487565,0.08065426015860155,19.902555306552678
2c3da301c24245ce9b25ce41e44a5b35,4,0.10096215456724167,0.022175699472427368,16.541226726360563,-0.076083242893219,0.12801186740398407,0.518305242061615,5.2415730416781265,0.3889267146587372,7.371735531286597,0.09925601137929342,16.58053684326838
2c3da301c24245ce9b25ce41e44a5b35,5,0.08833741396665573,0.014727208763360977,18.318795568598944,-0.05131028592586517,0.10997483134269714,0.4956034719944,5.656478262491195,0.33704090118408203,8.415163827798565,0.11263496664631438,15.389240446469174
2c60afeb98c3492f8007ac509de7698b,1,0.03924674168229103,0.013173485174775124,18.80299312970045,-0.03876224905252457,0.10803227871656418,0.26635342836380005,8.692121529683103,0.24034713208675385,9.388067462858784,0.036367089261730136,19.02979097212747
2c60afeb98c3492f8007ac509de7698b,2,0.03921835497021675,0.013156294822692871,18.80866402866944,-0.03875955194234848,0.10795366019010544,0.266318678855896,8.69313397641146,0.24074439704418182,9.377835030089475,0.03777382054212316,19.038521824397566
2c60afeb98c3492f8007ac509de7698b,3,0.039296966046094894,0.013186747208237648,18.798623192171934,-0.03885667771100998,0.10805973410606384,0.2664290964603424,8.689350720925361,0.24079495668411255,9.37388169043323,0.03559382526046431,19.046920170600213
2c60afeb98c3492f8007ac509de7698b,4,0.038598187267780304,0.013072398491203785,18.8364472183575,-0.038156650960445404,0.10777971893548965,0.26572948694229126,8.713329172922434,0.22540272772312164,9.922172821280679,0.04089607058723036,18.75557633521579
2c60afeb98c3492f8007ac509de7698b,5,0.036415427923202515,0.012691376730799675,18.964912641024235,-0.035515815019607544,0.10691119730472565,0.26309603452682495,8.804268236878391,0.2106001228094101,10.414474892109059,0.04180791193973079,18.691737925375968
2c6ce38f887f4373ae8f065210b7e9ee,1,0.04448756203055382,0.00371036515571177,24.305833471755683,-0.029463667422533035,0.05331283062696457,0.4925275146961212,5.952807331912634,0.3270786702632904,9.19119711565075,0.05142286275366016,23.061744676141092
2c6ce38f887f4373ae8f065210b7e9ee,2,0.044593583792448044,0.00375993805937469,24.248193095120605,-0.02963537909090519,0.053681302815675735,0.49269893765449524,5.948178150492912,0.32613101601600647,9.211841521666106,0.07612575587975093,19.089201061671492
2c6ce38f887f4373ae8f065210b7e9ee,3,0.044099073857069016,0.0037430147640407085,24.26778459840223,-0.03009549155831337,0.05326608568429947,0.4931614398956299,5.942172208907303,0.32742786407470703,9.197558016923828,0.05924867091288209,23.078246929947312
2c6ce38f887f4373ae8f065210b7e9ee,4,0.042496755719184875,0.003589558880776167,24.449589183898176,-0.028584664687514305,0.05265430361032486,0.4916505813598633,5.966318573430302,0.3075256943702698,9.782163296449742,0.0711934068638439,20.67128658437764
2c6ce38f887f4373ae8f065210b7e9ee,5,0.04375026747584343,0.003431312507018447,24.645397267432664,-0.02272283472120762,0.05399060621857643,0.4857887625694275,6.051880032356429,0.28557416796684265,10.297125004843025,0.07358510803115692,20.47824878711301
2c886582d8a94d5d9994de58b51911eb,1,0.3640088140964508,0.18132972717285156,7.415309918845584,-0.3244774639606476,0.2757609188556671,0.6347343325614929,3.3447324475800135,0.5152036547660828,4.677987376468283,0.2475355249387265,10.561240348927141
2c886582d8a94d5d9994de58b51911eb,2,0.3657727539539337,0.18291008472442627,7.3776234909203895,-0.32756882905960083,0.27497047185897827,0.6372014880180359,3.3149920346833865,0.5175721645355225,4.6512173277653055,0.18746001683447575,12.274334110632985
2c886582d8a94d5d9994de58b51911eb,3,0.3685915172100067,0.18569260835647583,7.312053833570705,-0.3326779305934906,0.27389416098594666,0.641313374042511,3.2655505234482525,0.5193600058555603,4.652124299307064,0.32837743716949336,8.798792190441691
2c886582d8a94d5d9994de58b51911eb,4,0.3598458766937256,0.1741018295288086,7.5919666512568265,-0.3232055902481079,0.26389390230178833,0.6322021484375,3.418566208910931,0.4602493643760681,6.027717135167357,0.4372666772771495,5.7199734474940565
2c886582d8a94d5d9994de58b51911eb,5,0.32906779646873474,0.1375034898519516,8.616862792576331,-0.28510186076164246,0.23710845410823822,0.5965321063995361,3.9858102331985883,0.4044499099254608,7.297196343547203,0.4511110361878542,5.417892040177703
2cdb6470844d4daba89365be8ad30f14,1,0.06743317097425461,0.036931123584508896,14.326074792667251,-0.06743317097425461,0.17995525896549225,0.20418645441532135,9.138941386636187,0.20314113795757294,9.156656035573635,0.06738679597743207,14.327116295383263
2cdb6470844d4daba89365be8ad30f14,2,0.0686238631606102,0.037686076015233994,14.238190802115572,-0.0686238631606102,0.18159526586532593,0.2217971235513687,9.022277535273508,0.22092974185943604,9.037067178206183,0.06853956362585228,14.239429628995548
2cdb6470844d4daba89365be8ad30f14,3,0.06881644576787949,0.03755999729037285,14.252744477364953,-0.06881644576787949,0.18117476999759674,0.24221138656139374,8.883005913813816,0.24121633172035217,8.900116745299192,0.06877092927864091,14.253457822104789
2cdb6470844d4daba89365be8ad30f14,4,0.06808536499738693,0.03737179934978485,14.27455991557106,-0.06808536499738693,0.1809314340353012,0.22122804820537567,9.047422173815807,0.2176494002342224,9.1054356160437,0.06808698372930438,14.274822739891984
2cdb6470844d4daba89365be8ad30f14,5,0.0678233727812767,0.03712889552116394,14.302879696049263,-0.0678233727812767,0.1803576648235321,0.21894878149032593,9.066685146753185,0.21306085586547852,9.160871423914221,0.06785201983841149,14.302955231691886
2cf849fec80647928b7638ef08e602f4,1,0.265442818403244,0.11379558593034744,9.438745836639018,-0.23934118449687958,0.23772121965885162,0.6479965448379517,3.4454844825299484,0.5080621242523193,4.682817752623902,0.1962881708570692,12.53543267487486
2cf849fec80647928b7638ef08e602f4,2,0.26564469933509827,0.11398862302303314,9.431384925660085,-0.23881514370441437,0.23865443468093872,0.647471010684967,3.4491901819925563,0.5075984597206116,4.6840879348605,0.31779640610041304,8.385232439601152
2cf849fec80647928b7638ef08e602f4,3,0.2656298279762268,0.11453904211521149,9.410464531924594,-0.2380092740058899,0.2406047284603119,0.646665096282959,3.456017285785618,0.5059417486190796,4.695227252549508,0.23885148821077684,10.880659476001364
2cf849fec80647928b7638ef08e602f4,4,0.2513445317745209,0.10252152383327484,9.891849472842791,-0.22142983973026276,0.23127980530261993,0.6301678419113159,3.702253869328235,0.4076228141784668,6.791453562175858,0.36349657188775775,7.684610049894741
2cf849fec80647928b7638ef08e602f4,5,0.21142472326755524,0.07344243675470352,11.340529220632806,-0.16480304300785065,0.2151334285736084,0.5743122100830078,4.531583926669739,0.32234933972358704,8.791888479038182,0.3683113588896379,7.53788138683523
2d0280394a11463a9bf5b6ef8a1659a1,1,0.20400695502758026,0.0647810846567154,11.885517846913459,-0.18117277324199677,0.1787666231393814,0.6144223809242249,4.030099968494136,0.4207656979560852,6.343197943108388,0.17853601941105376,13.342190077872482
2d0280394a11463a9bf5b6ef8a1659a1,2,0.20685580372810364,0.06668896973133087,11.75945991884902,-0.18677103519439697,0.1783410757780075,0.6200199127197266,3.958797466102947,0.42820167541503906,6.222552492982584,0.22544961672008781,10.361539087364246
2d0280394a11463a9bf5b6ef8a1659a1,3,0.2110874056816101,0.06881620734930038,11.623092662204455,-0.1931186467409134,0.17754267156124115,0.6263676881790161,3.880554103088738,0.43367472290992737,6.1646332083028454,0.15174261958456234,14.858669613269772
2d0280394a11463a9bf5b6ef8a1659a1,4,0.20487433671951294,0.0640387162566185,11.935573826905092,-0.18548184633255005,0.17214877903461456,0.6187307834625244,4.001933221862709,0.38254857063293457,7.61292455912959,0.3310797155781192,8.581833904838371
2d0280394a11463a9bf5b6ef8a1659a1,5,0.18063431978225708,0.048358004540205,13.155316283046023,-0.15635833144187927,0.15462884306907654,0.5896085500717163,4.459713586850008,0.3299224376678467,9.077624172095556,0.3435921174008929,8.257525091488422
2d514ed8cabb4519b0e376bd0950115e,1,0.32028812170028687,0.12860339879989624,8.907475534916214,-0.3178864121437073,0.16598686575889587,0.7576459050178528,2.3018965244457705,0.7205479145050049,2.5504953919955,0.17871752140201325,13.506253766208172
2d514ed8cabb4519b0e376bd0950115e,2,0.3196306824684143,0.1280263513326645,8.927006314418412,-0.3169417977333069,0.16605493426322937,0.756702184677124,2.310749896834827,0.7199703454971313,2.552039955262993,0.2100427864604401,11.471109940917314
2d514ed8cabb4519b0e376bd0950115e,3,0.31806573271751404,0.1273524910211563,8.949925557952854,-0.3158985674381256,0.16601382195949554,0.7557060718536377,2.3200885894951746,0.7190588116645813,2.5628943947826,0.2077409291712246,12.112416035329103
2d514ed8cabb4519b0e376bd0950115e,4,0.288292795419693,0.10737806558609009,9.690844241095476,-0.28472548723220825,0.1622018814086914,0.7232019901275635,2.683002334468161,0.5422290563583374,5.0156143554418495,0.3168060102391726,9.03563966250684
2d514ed8cabb4519b0e376bd0950115e,5,0.20538990199565887,0.05879480391740799,12.306610536808494,-0.18765544891357422,0.15355856716632843,0.626366138458252,3.9108630877040813,0.3774740397930145,7.978384628004691,0.32460847525785885,8.853026470223496
2d6cf5ded8634930b65314a62150bc6f,1,0.06358251720666885,0.025160856544971466,15.992745783927978,-0.06008360907435417,0.14680194854736328,0.4641704857349396,6.182392671811824,0.3891541361808777,7.353900874169765,0.055972818668949514,16.265681721077843
2d6cf5ded8634930b65314a62150bc6f,2,0.06365165114402771,0.025176724418997765,15.990007738028494,-0.06008590757846832,0.14685505628585815,0.4641760289669037,6.181563857163342,0.38856324553489685,7.3624938326473055,0.0561899986809366,16.429342747444014
2d6cf5ded8634930b65314a62150bc6f,3,0.06352132558822632,0.02518068253993988,15.989325022141706,-0.05995792895555496,0.1469208300113678,0.4640483260154724,6.183639818723169,0.38792282342910767,7.367835129556096,0.06273649615844806,16.086298543983727
2d6cf5ded8634930b65314a62150bc6f,4,0.062179602682590485,0.02497635781764984,16.024708924239658,-0.05872233957052231,0.1467243880033493,0.4628169536590576,6.207060724005437,0.3594833314418793,8.042436363758545,0.06955294687757252,15.803738813441031
2d6cf5ded8634930b65314a62150bc6f,5,0.0593012198805809,0.024500135332345963,16.108315166996004,-0.05500028654932976,0.14654387533664703,0.4591236114501953,6.272293756342917,0.3332384526729584,8.651965919561361,0.069925176208017,15.794367027870017
2d8059066be34f61af4776f23f00640c,1,0.1799977868795395,0.037654172629117966,14.24186890661395,-0.16669300198554993,0.09933584928512573,0.6667288541793823,3.413996152583251,0.5379876494407654,4.788093064079659,0.1402581280158191,16.156700171379804
2d8059066be34f61af4776f23f00640c,2,0.180576890707016,0.037966858595609665,14.20595335202366,-0.16708263754844666,0.1002509668469429,0.6671169996261597,3.408295088623819,0.537567138671875,4.7969572291914,0.10858931386407923,16.108851797561144
2d8059066be34f61af4776f23f00640c,3,0.18201453983783722,0.038536906242370605,14.141231536088945,-0.16948539018630981,0.0990535244345665,0.6695225238800049,3.379707014705749,0.5435088872909546,4.721241592902395,0.11999347302413599,17.45268391090377
2d8059066be34f61af4776f23f00640c,4,0.17601794004440308,0.035766392946243286,14.465248563993125,-0.1640886515378952,0.09402824193239212,0.6641266942024231,3.4577030709282037,0.4813632667064667,5.956804203913783,0.22318717779764294,12.569506396642211
2d8059066be34f61af4776f23f00640c,5,0.1560104936361313,0.027878761291503906,15.547265267080228,-0.14344389736652374,0.08545531332492828,0.6434808373451233,3.7443435454504232,0.4200552701950073,7.238132115910792,0.23284659483450648,12.247894870991459
2d82e08ea31549a99aa03ac6511613c6,1,0.21135172247886658,0.06978163123130798,11.56258882602505,-0.20663535594940186,0.16457054018974304,0.6769367456436157,3.2395809377201186,0.6259338855743408,3.631941471573745,0.1319860595570341,15.432935605787518
2d82e08ea31549a99aa03ac6511613c6,2,0.21340574324131012,0.07089049369096756,11.494119991520398,-0.20922967791557312,0.16466158628463745,0.6795775294303894,3.207938287817424,0.6320352554321289,3.5685706777774757,0.1719531101841614,13.662815514629765
2d82e08ea31549a99aa03ac6511613c6,3,0.21237421035766602,0.07032231241464615,11.529068567566851,-0.20823289453983307,0.16419917345046997,0.6785059571266174,3.2221423793944766,0.628304123878479,3.6142580134059177,0.10160950542177187,17.073408258721738
2d82e08ea31549a99aa03ac6511613c6,4,0.19311967492103577,0.05954607576131821,12.251468543552084,-0.1883155256509781,0.15518803894519806,0.6587184071540833,3.491894426976894,0.486286461353302,5.911869069708389,0.2275908507633716,11.090576357975978
2d82e08ea31549a99aa03ac6511613c6,5,0.1327144056558609,0.03318782150745392,14.790212543206163,-0.12505660951137543,0.13247136771678925,0.5954272747039795,4.395752451220035,0.35467424988746643,8.539592901698493,0.24223313107255076,10.6987210714855
2dfa3a4d58a442bb9abbf1f7beb2e5e6,1,0.455156534910202,0.23998261988162994,6.198202098001512,-0.4528365433216095,0.18687346577644348,0.7806153893470764,1.9867001718808313,0.6801521182060242,2.6519169858365066,0.2960314830438884,9.630769159556033
2dfa3a4d58a442bb9abbf1f7beb2e5e6,2,0.45520177483558655,0.23887698352336884,6.218256937425725,-0.4526978135108948,0.1842326521873474,0.7804762721061707,1.9925042260889767,0.6780881285667419,2.682865017623291,0.20811591286602876,11.204276536079803
2dfa3a4d58a442bb9abbf1f7beb2e5e6,3,0.46054238080978394,0.24287979304790497,6.146086158364548,-0.45885518193244934,0.17981040477752686,0.7866339683532715,1.9363511176238446,0.6875558495521545,2.602706982018999,0.1643886772498413,14.59713086565313
2dfa3a4d58a442bb9abbf1f7beb2e5e6,4,0.4359605610370636,0.2152090072631836,6.671395558549279,-0.4343114495277405,0.16304166615009308,0.7620897889137268,2.238409487738727,0.5456741452217102,4.834632830303439,0.5273148996884958,5.361761599403319
2dfa3a4d58a442bb9abbf1f7beb2e5e6,5,0.34917664527893066,0.13422270119190216,8.721740253846251,-0.3469175696372986,0.1177748367190361,0.6746960878372192,3.3586787892014867,0.4051191806793213,7.566862127805534,0.5518153087887437,5.000119314911155
2f761f9165384a0e8f51abafd1247e35,1,0.12182052433490753,0.020170439034700394,16.952846487246347,-0.11832278966903687,0.07855034619569778,0.6226466298103333,4.006040242105803,0.5064041614532471,5.315723780322626,0.08753298515839666,19.55811342120874
2f761f9165384a0e8f51abafd1247e35,2,0.1220729649066925,0.0202321857213974,16.93957197038115,-0.11817857623100281,0.07915812730789185,0.6224952340126038,4.007254120104753,0.5051646828651428,5.335027411471235,0.08866039210305056,18.818845781686804
2f761f9165384a0e8f51abafd1247e35,3,0.12331093847751617,0.02048233151435852,16.886206089175026,-0.11967287212610245,0.07849034667015076,0.6239928007125854,3.987572788576659,0.5094525218009949,5.276712415654375,0.05089703798173958,22.025797161920565
2f761f9165384a0e8f51abafd1247e35,4,0.11640577018260956,0.018132582306861877,17.4154034252554,-0.1129617765545845,0.07329542189836502,0.6172866225242615,4.089377320093474,0.43980422616004944,6.759378553215207,0.1586788718794993,15.069365597161609
2f761f9165384a0e8f51abafd1247e35,5,0.09414083510637283,0.012038779444992542,19.194175419133156,-0.09010865539312363,0.06260357052087784,0.5944281220436096,4.433565681970898,0.37259307503700256,8.327483099846225,0.1690649810334036,14.600045461368856
2fd7a41706254e6cb2c24467a5ca0370,1,0.03970208391547203,0.0026300677563995123,25.800330629735974,-0.03525727614760399,0.037242341786623,0.5000991225242615,5.860162402908237,0.36889657378196716,8.3110701157746,0.036121103568593466,26.503347205275706
2fd7a41706254e6cb2c24467a5ca0370,2,0.03995482251048088,0.002721153199672699,25.652470069524963,-0.035015564411878586,0.03866605460643768,0.4996018409729004,5.864639726989555,0.3676336705684662,8.314348895398652,0.04513331561793599,25.08676757425013
2fd7a41706254e6cb2c24467a5ca0370,3,0.040412865579128265,0.002747191349044442,25.611110897822332,-0.035687319934368134,0.03838758170604706,0.5002990961074829,5.853872797547628,0.3716309070587158,8.229518683333026,0.03916023609385469,26.003632787198715
2fd7a41706254e6cb2c24467a5ca0370,4,0.03901922330260277,0.0026119223330169916,25.830397411962124,-0.034714262932538986,0.03750789910554886,0.4993325173854828,5.870763393450792,0.35401660203933716,8.709345113709375,0.058239554505565234,23.06426465963891
2fd7a41706254e6cb2c24467a5ca0370,5,0.03564133867621422,0.002414305927231908,26.172076994041493,-0.03053298033773899,0.03849731758236885,0.49515461921691895,5.937854530989082,0.3340895473957062,9.189855433989004,0.05942621666207021,22.871339142082263
3050967715914e7791ae4a1d47551822,1,0.2690311670303345,0.09917278587818146,10.03607486761269,-0.2658361792564392,0.1688310205936432,0.655459463596344,3.5240497437224247,0.43857407569885254,6.2254892940400115,0.18201721381834163,13.00830773118907
3050967715914e7791ae4a1d47551822,2,0.276174396276474,0.10236095637083054,9.898656650998772,-0.2744651138782501,0.1644076406955719,0.6640887260437012,3.434965744309786,0.45022621750831604,6.029793720543114,0.17294979223907064,13.140805490927342
3050967715914e7791ae4a1d47551822,3,0.28016117215156555,0.10526200383901596,9.77728366715247,-0.2781141698360443,0.16707636415958405,0.6677384376525879,3.3814700099665824,0.4520933926105499,6.038684434617646,0.23832858445027774,11.411277078825442
3050967715914e7791ae4a1d47551822,4,0.27490290999412537,0.10067230463027954,9.970899892334842,-0.27269071340560913,0.16221000254154205,0.6623150110244751,3.4638774354530004,0.42223289608955383,6.865018109201227,0.42809660775267255,6.745260100853021
3050967715914e7791ae4a1d47551822,5,0.25655046105384827,0.08705323189496994,10.602151008465162,-0.25472187995910645,0.14889594912528992,0.6443470120429993,3.733312172613587,0.39665934443473816,7.3856634151613125,0.43567111950152043,6.5728971522050115
308472c7daa94a4fbb44be3a345a879a,1,0.1616421639919281,0.04229017719626427,13.737604951510765,-0.1053931936621666,0.17658555507659912,0.5452699065208435,4.874216354753865,0.323788583278656,8.58271909125228,0.15647619827049633,14.233968045989
308472c7daa94a4fbb44be3a345a879a,2,0.16764721274375916,0.044773221015930176,13.4898166105266,-0.10618626326322556,0.18302378058433533,0.5475524663925171,4.826603024752818,0.32995176315307617,8.396394278953816,0.22892164712900534,11.126223290617915
308472c7daa94a4fbb44be3a345a879a,3,0.16935430467128754,0.04538128152489662,13.431232442084077,-0.10725484788417816,0.18405888974666595,0.5480027794837952,4.811690162840973,0.330729603767395,8.318251375810982,0.1665017123599167,13.618701648127256
308472c7daa94a4fbb44be3a345a879a,4,0.16382810473442078,0.04201629385352135,13.765822582116034,-0.10486846417188644,0.17612183094024658,0.5448363423347473,4.881671952685434,0.3131941854953766,9.12087768499571,0.2685781906218081,10.005170304457716
308472c7daa94a4fbb44be3a345a879a,5,0.15215091407299042,0.035624317824840546,14.482534432709853,-0.0932287648320198,0.1641118973493576,0.5337611436843872,5.098923662769771,0.29307693243026733,9.928452867109518,0.27919731467816883,9.70132682852204
3098fe550c534448adf2e2844e06950d,1,0.08600114285945892,0.012036999687552452,19.194817507459774,-0.06371460109949112,0.08931656181812286,0.5426079034805298,5.009045406154731,0.44995516538619995,6.173053283318323,0.08339958707519476,19.07738992431088
3098fe550c534448adf2e2844e06950d,2,0.08561836183071136,0.012200326658785343,19.136285411114223,-0.06386491656303406,0.09011992067098618,0.542759895324707,5.004290721124233,0.44934454560279846,6.175249374780013,0.1575611090915344,13.34261882828438
3098fe550c534448adf2e2844e06950d,3,0.0859232097864151,0.012197443284094334,19.137311926018107,-0.06377295404672623,0.0901690348982811,0.5426702499389648,5.006083928276567,0.44905349612236023,6.181914169891126,0.07821950971261955,20.49846593201499
3098fe550c534448adf2e2844e06950d,4,0.08047273010015488,0.010730455629527569,19.693818369167623,-0.0567617304623127,0.08665196597576141,0.5357451438903809,5.121747405626692,0.3837071359157562,7.659985948582957,0.10513335987392541,17.793074732298898
3098fe550c534448adf2e2844e06950d,5,0.06729556620121002,0.007427382282912731,21.29164222632553,-0.034282661974430084,0.07907010614871979,0.5136063098907471,5.489998764131876,0.3223881125450134,9.117903717920608,0.1064119708284118,17.656777722252652
31260ec93c914a0ea7835850db66e445,1,0.13584434986114502,0.03789309039711952,14.214399740946364,-0.07426560670137405,0.17993807792663574,0.49674192070961,5.530391609535266,0.3123070299625397,8.5557099741958,0.1224991293606567,15.34177738676841
31260ec93c914a0ea7835850db66e445,2,0.13591152429580688,0.037904735654592514,14.213065277581357,-0.07439536601305008,0.1799168437719345,0.4969400465488434,5.523583534694207,0.3147195279598236,8.484468232126371,0.1498366988554394,15.203815991648419
31260ec93c914a0ea7835850db66e445,3,0.13543303310871124,0.03767372667789459,14.239614173440335,-0.07391447573900223,0.17947249114513397,0.4964325726032257,5.535210796683504,0.31235605478286743,8.554593122088631,0.14988102209189777,14.397931179300588
31260ec93c914a0ea7835850db66e445,4,0.13206270337104797,0.035199470818042755,14.53463865571059,-0.0704525038599968,0.17388476431369781,0.4929581582546234,5.621619801334056,0.28343814611434937,9.874344425057094,0.1904758328221448,11.466264321486122
31260ec93c914a0ea7835850db66e445,5,0.1213294044137001,0.02767924591898918,15.578457457789685,-0.0589938685297966,0.1555601805448532,0.4815308153629303,5.889883100845471,0.2587317228317261,10.961626021851474,0.2022959588591914,11.084880062664853
319376f14ac644759cc5f8fae239d6be,1,0.3084937632083893,0.11923449486494064,9.235980838384265,-0.304109126329422,0.16356076300144196,0.7504286766052246,2.3715614017842315,0.7160866856575012,2.5897677017181833,0.1520113893302243,15.196164582394395
319376f14ac644759cc5f8fae239d6be,2,0.30825895071029663,0.11921089142560959,9.23684064478676,-0.3039742410182953,0.16373927891254425,0.7502938508987427,2.37242849470277,0.7168419361114502,2.5831334779126642,0.21699370414523003,11.717520861408499
319376f14ac644759cc5f8fae239d6be,3,0.309009850025177,0.11992090195417404,9.21105113713416,-0.30441781878471375,0.1650778353214264,0.7507378458976746,2.365093169317942,0.7192000150680542,2.5567501646966684,0.12125092073673592,16.513043945195605
319376f14ac644759cc5f8fae239d6be,4,0.277523934841156,0.09856244921684265,10.062885130921526,-0.2728506028652191,0.15529009699821472,0.7191693186759949,2.750069235918435,0.5305783748626709,5.234763282565029,0.2993462364684156,9.587231599782998
319376f14ac644759cc5f8fae239d6be,5,0.17764325439929962,0.045923203229904175,13.379678266956006,-0.16741274297237396,0.13377659022808075,0.6137315630912781,4.143561682230591,0.35370969772338867,8.602714831096904,0.32630245439008565,8.876154862805839
31aa0fb227cb47b1897084a9d23aa10f,1,0.05132800713181496,0.005140860099345446,22.889642146330633,-0.050985801964998245,0.05041138455271721,0.48152610659599304,6.044485225539582,0.4738878905773163,6.139281338824523,0.039218945293460185,24.23631355531233
31aa0fb227cb47b1897084a9d23aa10f,2,0.05132903903722763,0.005144273396581411,22.88675958538053,-0.05093983933329582,0.05049165338277817,0.4814806282520294,6.044824132802527,0.47313621640205383,6.147405811083356,0.04294042931073242,24.370996879811475
31aa0fb227cb47b1897084a9d23aa10f,3,0.05131794139742851,0.005142218433320522,22.88849479157395,-0.05093782767653465,0.05047331377863884,0.4814806878566742,6.044976155097864,0.47320854663848877,6.1471976566662185,0.043572541382664504,23.75954867164114
31aa0fb227cb47b1897084a9d23aa10f,4,0.049010686576366425,0.004916391801089048,23.083535142577865,-0.048599161207675934,0.0505421943962574,0.4791424870491028,6.084490790819871,0.41311782598495483,7.247291195406193,0.050627820473116446,23.004341703947123
31aa0fb227cb47b1897084a9d23aa10f,5,0.04240125045180321,0.004263965878635645,23.70186279305017,-0.04076135531067848,0.0510144904255867,0.47133150696754456,6.216935624004323,0.35564738512039185,8.417186075866084,0.05115225063432292,22.979852313159284
322dc0a758414cd2932ad3bd3d78c678,1,0.1465567797422409,0.04496780037879944,13.470983556322665,-0.14271032810211182,0.15684886276721954,0.5916479229927063,4.13002494310816,0.44534045457839966,6.07321922108675,0.1440597802200816,14.692306493477505
322dc0a758414cd2932ad3bd3d78c678,2,0.14575757086277008,0.044820431619882584,13.485239655334272,-0.1418484002351761,0.15716063976287842,0.5907871127128601,4.1416792598143,0.4423835575580597,6.120758303867994,0.16704740072661886,13.588760621116002
322dc0a758414cd2932ad3bd3d78c678,3,0.14641445875167847,0.044910185039043427,13.47655155552517,-0.14256851375102997,0.15679414570331573,0.5915072560310364,4.1321975869946455,0.4439663887023926,6.0991155070546395,0.15124296446875726,14.037043432455288
322dc0a758414cd2932ad3bd3d78c678,4,0.14252977073192596,0.04243110120296478,13.723156969591653,-0.13751091063022614,0.15336835384368896,0.5866677761077881,4.205955312211531,0.398407518863678,7.199977726496317,0.20255774846839683,12.036172186101407
322dc0a758414cd2932ad3bd3d78c678,5,0.13449211418628693,0.0355415940284729,14.492630981332685,-0.1200205534696579,0.1453845202922821,0.5700764656066895,4.4525677953284335,0.35843583941459656,8.211514499734378,0.20363998962351995,11.976339642855834
3338cda4fe694bc8869b7c587c078246,1,0.16828760504722595,0.061839759349823,12.087322091487112,-0.16743218898773193,0.18386468291282654,0.5730262398719788,4.395702593179357,0.4968065917491913,5.174339776850767,0.06436037256505521,20.343679697692764
3338cda4fe694bc8869b7c587c078246,2,0.1686924546957016,0.062334612011909485,12.052707393486074,-0.16211719810962677,0.1898753046989441,0.563620388507843,4.481959882045216,0.4893488883972168,5.273605023245908,0.21831097798613278,9.588907775799077
3338cda4fe694bc8869b7c587c078246,3,0.16704852879047394,0.062292274087667465,12.055658141620178,-0.15434964001178741,0.1961337774991989,0.5510653853416443,4.599125146690383,0.4819277226924896,5.360208091542318,0.15058174520411333,13.320138795846713
3338cda4fe694bc8869b7c587c078246,4,0.15261098742485046,0.05335452780127525,12.728287193384837,-0.13048118352890015,0.1906021684408188,0.5234642028808594,5.005067167608579,0.39353153109550476,7.336622796421558,0.21794173219940816,10.13581103303993
3338cda4fe694bc8869b7c587c078246,5,0.12961257994174957,0.03702104091644287,14.315513744023507,-0.07591945677995682,0.1767972856760025,0.469562292098999,5.950702778402121,0.326135516166687,8.999153662229865,0.20846196847820225,10.321145340581204
3354476a318444a88d29eb0105f69289,1,0.11061181128025055,0.019630325958132744,17.070724889561287,-0.10775399953126907,0.08955110609531403,0.5628851652145386,4.701501494259576,0.42796385288238525,7.106002405142555,0.11244919772413804,17.750299450640906
3354476a318444a88d29eb0105f69289,2,0.11147750169038773,0.020109808072447777,16.965920742801657,-0.1085759699344635,0.09121988713741302,0.5637057423591614,4.6846390461788,0.4285670220851898,7.070982944925964,0.106522514411797,18.798170000770558
3354476a318444a88d29eb0105f69289,3,0.11317566782236099,0.020718637853860855,16.836388006641506,-0.1105843111872673,0.0921398401260376,0.5657147169113159,4.652488123293245,0.43422508239746094,6.970514966292397,0.11461380392465992,16.943854566763864
3354476a318444a88d29eb0105f69289,4,0.11110988259315491,0.020500848069787025,16.882281728754368,-0.10854654014110565,0.0933728963136673,0.5636757612228394,4.67670795892544,0.40306776762008667,7.544379186835349,0.14124809412233807,14.834333875679695
3354476a318444a88d29eb0105f69289,5,0.10756175965070724,0.019340118393301964,17.13540871649069,-0.09966456145048141,0.09699016064405441,0.5547953248023987,4.790193433641275,0.36851873993873596,8.129140134997984,0.1436078272804682,14.666348507781509
