scene,N,subset,solver_final_loss,solver_grad_norm,solver_tail_range,solver_restart,solver_iters,solver_si_mae_A,solver_ho_psnr,solver_success_asrecorded,solver_converged_asrecorded,score_P,score_cutoff,score_path,score_full_lam_min_pos_norm,score_full_lam_max_norm,score_full_logdet_pos_norm,score_full_a_opt_pos_norm,score_full_d_pos,score_full_trace,score_full_min_eig,score_full_gauge_residual,score_full_offdiag_max,score_rank_Fk_min,score_active_frac_min,score_boundary_frac_max,scores_matched
conf_cone_r04_d12,3,"0,5,7",0.00017691456014290452,0.0005439227174148575,nan,0,1400,0.007293252274394035,33.29955497472598,0,0,1000,1e-08,dense,4.292502088569139e-08,0.0013422216494790595,-6.987966351203826,29491.974006280085,997,1388.901366590753,1.8168867328329997e-10,8.27952947956979e-06,0.40583425090976116,7,0.905,0.0,1
conf_cone_r04_d12,3,"0,6,11",0.00013221416156738997,0.0005228343699126283,nan,0,1400,0.008289013989269733,33.017346244607744,0,0,1000,1e-08,dense,1.0045343123950252e-08,0.0014248780361918016,-7.025456424002128,113611.73250530075,997,631.4827464656273,1.7573166402807348e-10,7.287975880070114e-06,0.19429749012171932,7,0.528,0.0,1
conf_cone_r04_d12,3,"1,10,18",0.00013610091991722584,0.0005533985125213682,nan,0,1400,0.007055200636386871,18.755777118774297,0,0,1000,1e-08,dense,1.178394987486043e-08,0.001632836681591719,-7.1962962495593485,130028.06554841611,998,1074.649383168227,-8.621248970105947e-10,2.0846731225098853e-06,0.625140976601213,8,0.51,0.0,1
conf_cone_r04_d12,3,"1,12,26",0.00011981817078776658,0.0005339587088128703,nan,0,1400,0.007146794814616442,17.470880121615732,0,0,1000,1e-08,dense,8.182906021230597e-07,0.0021432620783017574,-7.459565498202673,14333.1314029779,996,608.9499754161587,-5.68861644834004e-10,2.7140644442706704e-06,0.2973657439700088,7,0.48,0.0,1
conf_cone_r04_d12,3,"2,21,30",0.00014328010729514062,0.0005479027771342765,nan,0,1400,0.006624511908739805,17.897564940441534,0,0,1000,1e-08,dense,1.7065846344314628e-07,0.0017859549411690797,-7.277342285529503,9600.52941051172,997,859.5755052914192,-7.247217714547398e-10,2.884110077657063e-06,0.3087128870006755,7,0.727,0.0,1
conf_cone_r04_d12,3,"3,12,18",0.00012856500688940287,0.000541834753137296,nan,0,1400,0.0074537149630486965,17.91732426371392,0,0,1000,1e-08,dense,3.522791592815604e-08,0.0016052207106003573,-7.2740423556637746,53138.3637051275,997,754.0488671188183,-7.140334785016794e-11,4.125324738944704e-06,0.2773393314929473,7,0.565,0.0,1
conf_cone_r04_d12,3,"3,13,28",0.00015570031246170402,0.0005294436963499374,nan,0,1400,0.0076946173794567585,18.340949246742618,0,0,1000,1e-08,dense,1.3726210149935268e-07,0.001523260016079179,-7.146460376016393,13528.782280401463,997,1034.4931340351661,1.539186973052982e-11,1.607722565614786e-05,0.23195620351637697,7,0.89,0.0,1
conf_cone_r04_d12,3,"4,13,16",0.00015982001787051558,0.0005243317281661058,nan,0,1400,0.00804495345801115,18.324105409897765,0,0,1000,1e-08,dense,7.43849423679046e-08,0.0014923361293735459,-7.12699911245856,27217.088063529787,998,916.7119959560482,3.228385492737724e-10,4.644024483655333e-06,0.4140523842756552,8,0.513,0.0,1
conf_cone_r04_d12,3,"4,13,17",0.00013446353841573,0.0005485364214744671,nan,0,1400,0.007208297029137611,18.519440626403867,0,0,1000,1e-08,dense,5.618756365706838e-08,0.0016552345057008462,-7.1365094514331835,29221.885828012422,998,715.5560587390167,6.159394831132361e-10,3.6674123683469956e-07,0.20768463528505887,8,0.534,0.0,1
conf_cone_r04_d12,3,"5,12,29",0.0001654693332966417,0.000546088555497838,nan,0,1400,0.006970877293497324,18.987883333826453,0,0,1000,1e-08,dense,1.9132452715751854e-07,0.001383000590432973,-7.044457769258282,7201.325996220217,996,1110.330861737325,-1.1607329778275268e-10,3.5253933657957545e-06,0.2541274660526758,7,0.576,0.0,1
conf_cone_r04_d12,3,"6,16,23",0.00013167501310817897,0.00047264834426747455,nan,0,1400,0.008086776360869408,16.57933988332111,0,0,1000,1e-08,dense,3.308009429606974e-08,0.001962680134011782,-7.525074587042242,127780.31435607406,993,660.5130050676875,-8.11329943236234e-16,1.846712749685208e-05,0.2550873990157856,7,0.515,0.0,1
conf_cone_r04_d12,3,"6,19,25",9.801337728276849e-05,0.00037269489044992963,nan,0,1400,0.014394470490515232,13.245344441609907,0,0,1000,1e-08,dense,1.7151289954149986e-08,0.005819852155687725,-8.26568550370878,296299.4362126487,795,202.0254689095109,-3.308250880346436e-16,4.79309244530577e-06,0.1274314479873434,7,0.508,0.0,1
conf_cone_r04_d12,3,"6,25,26",0.00012042751768603921,0.0005365418945634149,nan,0,1400,0.006926784757524729,17.683781122247787,0,0,1000,1e-08,dense,2.6951793602366712e-08,0.002169885648721645,-7.5269962347268144,107153.38959441696,996,703.8694924650835,5.867486089526449e-10,2.8823053738780016e-06,0.4308867260208501,7,0.517,0.0,1
conf_cone_r04_d12,3,"8,19,27",0.0001404222275596112,0.0005204003793487712,nan,0,1400,0.007249581627547741,17.30808529685426,0,0,1000,1e-08,dense,1.6402187022488702e-08,0.001442980567852242,-7.123917906668831,79041.4440213282,997,568.1040236983608,-4.5654766117572026e-10,8.062614151496098e-06,0.17936116281403836,7,0.752,0.0,1
conf_cone_r04_d12,3,"9,21,31",0.00014587065379600972,0.0004995385943838614,nan,0,1400,0.008103860542178154,17.891051852629566,0,0,1000,1e-08,dense,1.7711889860965128e-08,0.0018741985236044821,-7.4364219476727085,65445.66390609241,997,943.8024716474421,-8.373012093971409e-10,2.0770542472313227e-06,0.1744387646333685,8,0.564,0.0,1
conf_cone_r04_d12,3,"9,27,28",0.00010821108298841864,0.0004864578583824927,nan,0,1400,0.006636316888034344,14.670071356110583,0,0,1000,1e-08,dense,2.6424484775483318e-08,0.0040623186549951056,-8.314007043135272,81898.79642747258,997,435.0470813237639,8.115829805658536e-12,6.613544745344752e-06,0.1599827778368927,7,0.558,0.0,1
conf_cone_r04_d12,3,"11,16,21",0.0001578607625560835,0.00047311932348140934,nan,0,1400,0.009610455483198166,17.27476396812689,0,0,1000,1e-08,dense,1.2935989684510792e-08,0.0016989582762978084,-7.339434158831602,103075.57797193795,997,771.2562718375834,1.4380366426008604e-10,3.3540756324051544e-06,0.23501831748232144,7,0.908,0.0,1
conf_cone_r04_d12,3,"11,23,27",0.0001229570189025253,0.0005208034085994039,nan,0,1400,0.006537012755870819,16.17372856578125,0,0,1000,1e-08,dense,1.6199973593665985e-08,0.002517904263557974,-7.819704434491112,257755.67438525916,983,578.7715007819781,-2.326069892261409e-12,2.712885713421802e-06,0.19946669999547623,7,0.736,0.0,1
conf_cone_r04_d12,3,"11,24,30",0.00012020915164612234,0.0004733195187371899,nan,0,1400,0.006703238468617201,14.687391938825968,0,0,1000,1e-08,dense,1.5289027853710393e-08,0.0032446422682568844,-7.997671426976609,370091.2008554981,936,354.6086763750691,-3.5155281690193467e-16,9.332908821676274e-06,0.19846948399119163,7,0.736,0.0,1
conf_cone_r04_d12,3,"13,15,21",0.00017155788373202085,0.0005103281199024674,nan,0,1400,0.00837449636310339,18.689031949568733,0,0,1000,1e-08,dense,9.926696697516425e-07,0.0015498024934853375,-7.183953123682497,4688.165095667597,996,1410.891246743373,2.4709299115032255e-09,2.0165206714137377e-06,0.4297928829437293,8,0.98,0.0,1
conf_cone_r04_d12,3,"16,21,24",0.00016889275866560638,0.0004731195587148165,nan,0,1400,0.009818174876272678,17.284413129182145,0,0,1000,1e-08,dense,1.7887751347238964e-08,0.0017261147682003306,-7.382342042647732,89324.48504002678,997,907.5837868657197,-1.2396955007621032e-09,6.949171961093839e-06,0.39506794546654,8,0.932,0.0,1
conf_cone_r04_d12,3,"16,30,31",0.00014540969277732074,0.00048641825179506284,nan,0,1400,0.008282653987407684,17.086307375832202,0,0,1000,1e-08,dense,1.095895326052559e-07,0.002323859358946607,-7.722428152382702,101090.0922423427,997,808.9994877520704,7.50929279523358e-10,4.140198762541421e-06,0.46818862885113344,7,0.727,0.0,1
conf_cone_r04_d12,3,"17,20,21",0.00013325312465894967,0.0005389858971734389,nan,0,1400,0.0069175767712295055,17.712574043687745,0,0,1000,1e-08,dense,5.876895917518681e-08,0.0024869508752155996,-7.420330913550604,28325.302919702728,997,739.0328806656642,3.601029695730324e-10,7.329380902130187e-06,0.279065678780016,7,0.607,0.0,1
conf_cone_r04_d12,3,"17,20,28",0.00011238548177061602,0.00046955987496130185,nan,0,1400,0.006750584580004215,14.789247420306683,0,0,1000,1e-08,dense,1.1155951985787317e-08,0.0048456058154713166,-8.732625757763909,1485893.8975271964,987,533.4954159179231,7.674986727485555e-12,6.602792761806129e-06,0.2331700244058116,7,0.628,0.0,1
conf_cone_r04_d12,3,"17,21,27",0.0001298326678806916,0.0005244715123617627,nan,0,1400,0.0069649540819227695,17.589852523090915,0,0,1000,1e-08,dense,1.3515520491376671e-08,0.0021084659019148426,-7.40329600192259,102654.84324607905,998,643.1488047897967,1.4621184269531034e-10,2.490646595305515e-06,0.2065007593233063,7,0.598,0.0,1
conf_cone_r04_d12,3,"19,20,22",0.00012067196075804532,0.0003732562512584872,nan,0,1400,0.025538329035043716,13.338397082158508,0,0,1000,1e-08,dense,1.244302799781902e-08,0.005597008421784007,-8.474412413783714,587740.9847051214,851,294.8407022296882,-8.982317720529555e-11,4.4619496427194654e-06,0.14039714969262324,7,0.648,0.0,1
conf_cone_r04_d12,3,"20,21,23",0.0001481379586039111,0.0005127039867545809,nan,0,1400,0.0074758646078407764,17.906842080115766,0,0,1000,1e-08,dense,1.0674144430521644e-08,0.0020860148444899257,-7.484745334665817,171717.047233203,997,1053.0850952726544,4.709205523779313e-10,2.54323567921289e-06,0.46727373834700203,7,0.791,0.0,1
conf_cone_r04_d12,3,"20,26,31",0.0001484004023950547,0.0005223190999207629,nan,0,1400,0.007674134336411953,17.921385483636655,0,0,1000,1e-08,dense,1.0308954741619505e-08,0.0021535177662232157,-7.661217373811762,196054.24803364693,995,1192.3177538826076,1.9329095048672533e-10,4.761638565491415e-06,0.8384871877853702,7,0.789,0.0,1
conf_cone_r04_d12,3,"24,27,28",0.00012326534488238394,0.00046504353572014354,nan,0,1400,0.006352756172418594,14.904549657347786,0,0,1000,1e-08,dense,1.353366345291835e-08,0.003173235414367533,-8.010993104911265,468591.41205454303,930,565.5301271032755,-8.251224357790214e-10,2.009432912078168e-06,0.24960343443394833,7,0.743,0.0,1
conf_cone_r04_d12,3,"27,30,31",0.00012596833403222263,0.0005119493755793503,nan,0,1400,0.0064148795790970325,16.52555577665694,0,0,1000,1e-08,dense,1.0768449936504004e-08,0.0030584134235251623,-7.974538552483319,590649.9535835778,985,689.2222410397404,-2.062250015489609e-10,2.503742917670778e-06,0.26842101219384734,7,0.74,0.0,1
conf_cone_r04_d12,5,"0,2,3,6,17",0.00011905549035873264,0.0005381954722758751,nan,0,1800,0.007461323402822018,32.823687597993384,0,0,1000,1e-08,dense,7.5012266602059e-08,0.0012700558525739882,-6.99382368353116,18573.657757457815,998,959.6049527295033,7.714217395959258e-10,2.9901473075109935e-06,0.18269026957560142,7,0.516,0.0,1
conf_cone_r04_d12,5,"0,3,27,29,31",0.00013828961527906358,0.0005380674917856836,nan,0,1800,0.006988990120589733,32.90866974605998,0,0,1000,1e-08,dense,1.1609877141633152e-07,0.0015199511770860469,-7.0729251843609635,11279.073650562315,997,1568.92671592748,1.2670450694809444e-09,5.302547931736871e-06,0.6490781033610251,7,0.734,0.0,1
conf_cone_r04_d12,5,"0,6,16,23,24",0.00013599316298495978,0.0005346035932483936,nan,0,1800,0.007129646837711334,32.84670529860341,0,0,1000,1e-08,dense,2.1701353249945627e-07,0.0014227909914121982,-7.050400572389324,6873.362792051292,997,1435.479441944333,1.5927811909256197e-10,1.8757336785035827e-05,0.4217252815196858,7,0.539,0.0,1
conf_cone_r04_d12,5,"0,23,26,27,29",0.00014477460354100913,0.0005485959854355908,nan,0,1800,0.006596245802938938,32.996206196027615,0,0,1000,1e-08,dense,2.0355610281286147e-08,0.0016277960815482878,-7.142366014905012,52670.34579506367,997,1965.118218282107,1.4912381672831348e-09,8.542232206944835e-07,0.8974124585418938,7,0.726,0.0,1
conf_cone_r04_d12,5,"1,3,18,20,21",0.00011816951155196875,0.0005562690078199125,nan,0,1800,0.007088355254381895,17.841227308042946,0,0,1000,1e-08,dense,4.4801335748932215e-08,0.001655748263838896,-7.285858688556388,46198.41976407527,998,1353.7794532841071,2.386553664207225e-09,6.2477125027472696e-06,0.5542150180554635,7,0.501,0.0,1
conf_cone_r04_d12,5,"1,6,11,21,27",0.00010292862134519964,0.0005223620739847811,nan,0,1800,0.007464160211384296,16.39070049801495,0,0,1000,1e-08,dense,3.539006905015675e-08,0.001839199661316847,-7.410234303448562,44736.498887945876,998,629.2568951333926,-5.688150600874525e-10,4.005214047409855e-06,0.31030545505962903,7,0.49,0.0,1
conf_cone_r04_d12,5,"2,3,4,19,27",0.00010954062599921599,0.0005028840882169639,nan,0,1800,0.007039862219244242,15.437709443403012,0,0,1000,1e-08,dense,4.080417676520536e-07,0.0027677117911229883,-7.30329457227123,7644.895549190578,998,499.62419521584803,8.353025383395207e-10,5.005888196238977e-06,0.152262424859613,7,0.525,0.0,1
conf_cone_r04_d12,5,"2,3,5,21,22",0.00013483288057614118,0.0005615184396135033,nan,0,1800,0.006981514394283295,18.401660891702882,0,0,1000,1e-08,dense,1.1569213910157051e-08,0.0014197957057733364,-7.0767035516278405,104729.28390396286,998,1558.7142732887614,-1.404045744643335e-09,3.3849440607426392e-06,0.44536909842106365,8,0.647,0.0,1
conf_cone_r04_d12,5,"2,3,12,14,17",0.00010303621820639819,0.0005072520358375202,nan,0,1800,0.0071966336108744144,15.405262685046353,0,0,1000,1e-08,dense,1.3056872233177003e-07,0.004011077241845221,-7.300898004315263,12954.969039069805,998,478.3065746231623,2.0086914054053127e-10,3.266125771008075e-06,0.18555751277201216,7,0.565,0.0,1
conf_cone_r04_d12,5,"2,8,18,30,31",0.00013818081060890108,0.0005638424144245417,nan,0,1800,0.006478725001215935,18.310382706569925,0,0,1000,1e-08,dense,1.7328999600682608e-07,0.0016706730047660562,-7.216032550142021,9513.51129292477,997,1840.0564615196733,1.7031447622949087e-09,1.7232379350330018e-06,0.8387925786579706,7,0.742,0.0,1
conf_cone_r04_d12,5,"2,11,22,29,31",0.00012286496348679066,0.0005260833479884562,nan,0,1800,0.00657410966232419,16.789364072746423,0,0,1000,1e-08,dense,9.696135562126822e-08,0.002154775463937563,-7.467738793400661,15836.800210043393,997,1142.0684389039352,-4.706902172020617e-10,3.9375718606858496e-06,0.21613721431525615,7,0.642,0.0,1
conf_cone_r04_d12,5,"3,4,15,23,28",0.00011454478953965008,0.0005117548195523872,nan,0,1800,0.006743772886693478,16.089313545651223,0,0,1000,1e-08,dense,1.541642634051474e-08,0.0027708762034747932,-7.777561814960551,131961.6034025605,998,1061.8066675628775,1.122768934474082e-09,4.486045303855448e-07,0.4491874685173637,8,0.527,0.0,1
conf_cone_r04_d12,5,"3,16,20,21,29",0.00012716109631583095,0.0005315235281745269,nan,0,1800,0.006782459560781717,17.08793175455548,0,0,1000,1e-08,dense,5.972354320538284e-08,0.001757233758424444,-7.417971994893742,34181.471636641916,997,1333.1751332734275,1.4818420604547916e-09,6.205487949414294e-06,0.6795216673599584,7,0.797,0.0,1
conf_cone_r04_d12,5,"4,9,11,17,21",0.00010659318650141358,0.0005306112401377883,nan,0,1800,0.007237499579787254,16.45353079079039,0,0,1000,1e-08,dense,2.2834980416370278e-07,0.0025670075931526625,-7.350752228458243,12144.675276759903,998,644.9838750909732,5.058880783891878e-10,2.6718569767053387e-06,0.20611169172161453,7,0.519,0.0,1
conf_cone_r04_d12,5,"4,15,22,23,24",0.00011429056758061051,0.0005077847901542144,nan,0,1800,0.006563989911228418,15.908748784417721,0,0,1000,1e-08,dense,1.2383830302816987e-07,0.0027637287721655754,-7.926677720322712,60011.41656476431,998,972.2863104343385,9.755146096972061e-10,2.1460609234217046e-06,0.30428459887916415,7,0.548,0.0,1
conf_cone_r04_d12,5,"5,7,8,27,28",0.00014645347255282104,0.0005585920140561284,nan,0,1800,0.006740719545632601,18.44836138439819,0,0,1000,1e-08,dense,3.834019316090396e-08,0.0014694660162324817,-7.075267087161125,36747.17397998356,998,1589.8733167802445,2.4120471313121884e-09,9.872257599128182e-06,0.570399145358637,7,0.726,0.0,1
conf_cone_r04_d12,5,"5,10,15,26,27",0.00014486792497336864,0.0005646345395257665,nan,0,1800,0.0064796097576618195,18.76514245452806,0,0,1000,1e-08,dense,1.4285202988036332e-08,0.0015248195502265173,-7.128075901635688,121316.637330317,998,2131.2365845180857,6.024980275419032e-09,6.872621828895416e-07,0.659532579605158,7,0.755,0.0,1
conf_cone_r04_d12,5,"5,14,17,24,28",0.00013610707537736744,0.000539378930523476,nan,0,1800,0.006822071969509125,17.829802434653732,0,0,1000,1e-08,dense,1.4858051322762104e-08,0.0018156580379858184,-7.110376270612307,72107.30276073767,998,1246.816396629521,-1.2315497373396687e-09,3.0997014423499263e-06,0.2885910068122621,7,0.566,0.0,1
conf_cone_r04_d12,5,"6,7,12,23,30",0.00010348756040912122,0.0005067586131583087,nan,0,1800,0.006741389166563749,15.639765211528765,0,0,1000,1e-08,dense,1.713172365087103e-08,0.003885655701362393,-8.026710373380023,271140.0565970205,997,762.9220321206614,2.0424358547001628e-11,1.3297612348928675e-06,0.46577087704101816,7,0.517,0.0,1
conf_cone_r04_d12,5,"6,7,13,21,30",0.00012756911746691912,0.0005595383108835756,nan,0,1800,0.006943921092897654,18.314075148540677,0,0,1000,1e-08,dense,1.6206229766214725e-08,0.0015464735911610175,-7.205503642398848,83116.1095515895,998,1376.2719035611494,1.0338433891434599e-09,6.091596539225969e-06,0.5080583756828227,7,0.511,0.0,1
conf_cone_r04_d12,5,"6,8,12,18,23",0.0001235692761838436,0.0005566847782174718,nan,0,1800,0.00692970072850585,18.194880270669824,0,0,1000,1e-08,dense,2.072784016778658e-08,0.0015979224657023268,-7.204937492489577,74913.53343401426,997,1505.7670893249444,-1.5540034970874357e-09,1.455917014301719e-06,0.447894780942274,7,0.517,0.0,1
conf_cone_r04_d12,5,"6,9,19,20,22",8.933947538025677e-05,0.00044304979375551134,nan,0,1800,0.006947188638150692,13.449461399036192,0,0,1000,1e-08,dense,1.2925091415340585e-08,0.006311049297840843,-9.026459883961607,454683.2648304072,998,319.454429746262,1.0149125196671601e-10,4.489827901026981e-06,0.27377092411831055,7,0.521,0.0,1
conf_cone_r04_d12,5,"6,16,22,28,30",0.00011014287156285718,0.0005144828769747412,nan,0,1800,0.0067831468768417835,15.955112108688285,0,0,1000,1e-08,dense,5.250539571707756e-07,0.0034357907495317307,-7.802113984303571,25562.556577311945,997,724.5785149821193,9.180613417280047e-11,6.192085525071724e-06,0.47821451134572956,7,0.518,0.0,1
conf_cone_r04_d12,5,"7,8,11,18,25",0.00012884789612144232,0.0005565834918646176,nan,0,1800,0.006895228289067745,17.976398090268056,0,0,1000,1e-08,dense,8.635086506939925e-08,0.0016190976771290734,-7.180006156846632,17278.503671987437,997,1306.588514645098,2.09748915346569e-09,4.870528564757923e-06,0.5632887081255513,7,0.715,0.0,1
conf_cone_r04_d12,5,"8,23,26,29,31",0.0001411904231645167,0.0005353588229469936,nan,0,1800,0.006519383750855923,18.078392982372232,0,0,1000,1e-08,dense,3.3598029053416615e-07,0.0017833165263294157,-7.320284644520168,10700.387426377014,997,2220.454505795013,1.8547221758409168e-10,1.6630802756729805e-05,0.7212557134599948,7,0.971,0.0,1
conf_cone_r04_d12,5,"9,13,18,21,31",0.0001367683580610901,0.0005755282331976858,nan,0,1800,0.006598110776394606,18.760749910153883,0,0,1000,1e-08,dense,1.7256474405373797e-08,0.0016006077057358157,-7.227509834938405,67491.93842786744,998,2237.116023009678,1.3553867231625236e-10,1.7785399000076695e-05,0.966294728271865,7,0.568,0.0,1
conf_cone_r04_d12,5,"13,14,22,28,30",0.00012751315080095083,0.0005481166044108921,nan,0,1800,0.006794491782784462,17.74011661947018,0,0,1000,1e-08,dense,4.0342584181011813e-08,0.002288270008422843,-7.217560900583341,28699.301655315998,997,1187.8942628642844,1.051272416469554e-09,5.044859157866831e-06,0.3572386895936305,7,0.568,0.0,1
conf_cone_r04_d12,5,"17,19,25,27,28",0.0001026659447234124,0.00046864595778142276,nan,0,1800,0.00656494777649641,14.421354875772096,0,0,1000,1e-08,dense,1.077323201680929e-08,0.00510141876430881,-8.877388186048112,1444990.1261655386,985,631.6797895666205,3.540253848323619e-11,5.231932238145997e-06,0.2646885741879754,7,0.592,0.0,1
conf_cone_r04_d12,5,"18,19,21,24,29",0.00013603211846202612,0.0005494074277705763,nan,0,1800,0.006457592826336622,17.858938453973042,0,0,1000,1e-08,dense,8.196994816587847e-08,0.0017742652291767823,-7.376951137889916,23023.6756110424,997,1687.6784552019606,3.0759340023285674e-09,6.510495291534774e-06,1.0201021430720503,7,0.78,0.0,1
conf_cone_r04_d12,5,"20,25,26,29,30",0.0001244605955434963,0.0005406749707427944,nan,0,1800,0.006447249092161655,17.309152186797508,0,0,1000,1e-08,dense,1.056326979287097e-07,0.0026898790123950846,-7.704668533818094,65933.66753763014,997,1338.2964851020683,-3.094655567165188e-10,3.676799068737028e-06,0.5467352394548306,7,0.721,0.0,1
conf_cone_r04_d12,8,"0,1,2,15,17,19,25,27",0.00012093087570974603,0.0005317079574316418,nan,0,2400,0.007014573086053133,17.040654302317275,0,0,1000,1e-08,dense,7.777235776387282e-08,0.0023960476993456583,-7.095246183603585,18063.427181942247,998,1417.5975207941087,-1.0133405012432168e-09,4.727782205712942e-06,0.3020296003604856,7,0.502,0.0,1
conf_cone_r04_d12,8,"0,2,3,10,15,20,26,27",0.00013255518570076674,0.0005469649604489945,nan,0,2400,0.006841924041509628,32.899388585993265,0,0,1000,1e-08,dense,2.989402850253997e-08,0.0015916592367299968,-7.118080407123706,48331.97908099266,998,2448.427388042652,1.2410591285408973e-09,6.702067346635627e-06,0.9372470785737433,7,0.724,0.0,1
conf_cone_r04_d12,8,"0,2,4,6,13,19,23,24",0.00013075789320282638,0.0005403056248790323,nan,0,2400,0.007088447920978069,32.91226874159453,0,0,1000,1e-08,dense,1.3354937150420536e-07,0.001397570985844648,-7.063773422898277,13657.485001355079,998,2164.8670742448985,2.2270128569444292e-09,8.690879273624052e-06,0.5913863401379769,7,0.51,0.0,1
conf_cone_r04_d12,8,"0,2,5,6,9,20,26,31",0.00013508180563803762,0.0005544104507159083,nan,0,2400,0.006956449709832668,33.06179843882888,0,0,1000,1e-08,dense,3.304975567567557e-08,0.0014084476753987419,-7.062000314574668,35377.646070280585,998,2723.909720122332,7.82284501123581e-10,2.0845589185844425e-05,0.8359637284224454,7,0.524,0.0,1
conf_cone_r04_d12,8,"0,2,10,16,17,20,24,30",0.00013410596875473857,0.0005377717421956106,nan,0,2400,0.006789470091462135,32.82389101753898,0,0,1000,1e-08,dense,3.33087523154905e-08,0.001721362474116762,-7.089534390311042,32488.64131184219,998,2044.7734574774413,1.2908292557631402e-09,1.9131306699787275e-05,0.7973068436636412,7,0.589,0.0,1
conf_cone_r04_d12,8,"0,4,6,10,13,15,25,31",0.0001313969842158258,0.0005597376392247671,nan,0,2400,0.006964567583054304,33.05001758515979,0,0,1000,1e-08,dense,7.570701550139074e-08,0.0014579864250123264,-7.10181844705471,23947.433264109393,998,2595.2107654660176,-5.321096442624248e-09,2.4444545300306025e-06,0.6589079253717797,7,0.517,0.0,1
conf_cone_r04_d12,8,"0,4,6,15,19,20,27,31",0.00012007146142423153,0.0005326217324638524,nan,0,2400,0.006962239742279053,32.616226813150774,0,0,1000,1e-08,dense,5.612913647364635e-08,0.002167785015870406,-7.156359431845809,28502.34757822612,998,1657.7762242628805,-4.880654055116751e-10,3.049966994801676e-06,0.5658287231392112,7,0.504,0.0,1
conf_cone_r04_d12,8,"0,14,17,22,23,28,30,31",0.00012350472388789058,0.0005463129796673801,nan,0,2400,0.006837041582912207,32.76268341163109,0,0,1000,1e-08,dense,3.191303150130057e-08,0.0023648038264900313,-7.183737077906128,41491.9255063364,998,2024.7293387836144,-9.935430248452064e-10,3.085803530760075e-06,0.660396212877435,7,0.568,0.0,1
conf_cone_r04_d12,8,"1,2,5,8,19,22,23,25",0.0001297683920711279,0.000543400648784978,nan,0,2400,0.0070211011916399,17.930989487797966,0,0,1000,1e-08,dense,1.043243809731253e-07,0.0015313005512808135,-7.098089674678105,15993.146021484896,998,2013.178640262882,3.227116309255572e-10,1.6162630530106946e-06,0.5919495205029262,7,0.511,0.0,1
conf_cone_r04_d12,8,"1,2,7,8,20,24,25,31",0.00012057858111802489,0.0005295833648784233,nan,0,2400,0.006738885771483183,16.89170283634463,0,0,1000,1e-08,dense,1.0623938783075516e-07,0.0023730382982993002,-7.332550183109765,13719.197777080819,998,1675.4387478136896,5.334659543502034e-10,1.589908299789604e-05,0.7605460064566705,7,0.509,0.0,1
conf_cone_r04_d12,8,"1,2,11,13,22,23,25,31",0.00012004991003777832,0.0005514748491502767,nan,0,2400,0.006891406141221523,17.546969732253434,0,0,1000,1e-08,dense,7.151725091632542e-08,0.0019353091862006502,-7.277332939644416,30478.693022194453,998,2001.8868412269603,1.3935572831653733e-09,2.0565748182989788e-06,0.6506563478791842,7,0.497,0.0,1
conf_cone_r04_d12,8,"1,4,9,16,17,20,23,27",0.00010304403258487582,0.0005155719006742356,nan,0,2400,0.00695571955293417,15.689136585448002,0,0,1000,1e-08,dense,1.8975639825783623e-07,0.0036638499103284457,-7.715301387981897,17539.181322900593,998,1015.2835329985917,3.083454905740729e-10,5.809723558896683e-06,0.5020164337006187,7,0.497,0.0,1
conf_cone_r04_d12,8,"1,6,7,8,9,26,27,28",0.0001121607274399139,0.0005321022471381803,nan,0,2400,0.007094888016581535,16.93797655568332,0,0,1000,1e-08,dense,5.017017048395909e-08,0.002077728017343188,-7.310737207053156,28171.519153048055,998,1484.9194911374907,4.161395573112076e-09,9.262647494485668e-06,0.8829478878001213,7,0.485,0.0,1
conf_cone_r04_d12,8,"1,6,13,15,20,22,25,30",0.00011222217290196568,0.0005290805505765415,nan,0,2400,0.0069288345985114574,16.657651550113307,0,0,1000,1e-08,dense,8.54123795746805e-08,0.0029913935689829894,-7.3326174264226305,23614.20200214172,998,1414.734775459111,-1.1041496528872442e-10,4.04093083407523e-06,0.5630216900678819,7,0.501,0.0,1
conf_cone_r04_d12,8,"1,9,16,20,22,24,27,31",0.00010810051753651351,0.0005115700920783746,nan,0,2400,0.006811451632529497,15.878616782421132,0,0,1000,1e-08,dense,8.368118674542675e-08,0.002938187234239888,-7.811159327033409,31454.488309939145,998,1182.5095294120315,8.765190178340883e-10,4.523525173686891e-06,0.38287226632555765,7,0.509,0.0,1
conf_cone_r04_d12,8,"2,3,4,7,13,20,23,31",0.00012285371485631913,0.0005502934357917817,nan,0,2400,0.0067942384630441666,17.376897096859917,0,0,1000,1e-08,dense,6.876457034291836e-08,0.0018717874469482388,-7.273777806382387,25414.99637745351,998,2203.6302223618322,1.3967004203135707e-09,7.221476677237171e-06,0.8171752797331998,7,0.535,0.0,1
conf_cone_r04_d12,8,"2,4,5,9,14,16,18,28",0.00012795993825420737,0.0005472704057031129,nan,0,2400,0.006968874484300613,17.83329138122883,0,0,1000,1e-08,dense,1.4142661122330425e-07,0.0015017594950224964,-7.121391942307407,15652.257823262747,998,2126.3052178329403,5.399878095715905e-09,4.7821444899716224e-06,0.6850978421087377,7,0.506,0.0,1
conf_cone_r04_d12,8,"3,12,14,17,23,27,30,31",0.00010611400648485869,0.0005212669717930297,nan,0,2400,0.006838955916464329,16.085615866595187,0,0,1000,1e-08,dense,4.5776367638215106e-08,0.0032479854246185796,-7.695531829792551,38499.59436647922,998,1363.8926469799862,2.764660710729746e-10,5.779758852352004e-06,0.5825731030644584,7,0.566,0.0,1
conf_cone_r04_d12,8,"4,5,7,8,9,17,18,31",0.0001292598753934726,0.0005595029579969372,nan,0,2400,0.006990266032516956,18.269910600008593,0,0,1000,1e-08,dense,1.1444718588183815e-07,0.0014289950952757987,-7.110744665951761,18259.902467908654,998,2384.227557706331,7.219990887269062e-09,4.808680599809728e-06,0.9104996118430235,7,0.499,0.0,1
conf_cone_r04_d12,8,"4,5,8,12,18,22,23,31",0.00013196683721616864,0.0005651795668262138,nan,0,2400,0.006880670320242643,18.415095930307626,0,0,1000,1e-08,dense,6.659364746020111e-08,0.0015537707704892363,-7.153931829796021,25494.912291632514,998,2704.29474408862,-2.0144908539875648e-09,3.455717362155595e-06,1.4228705147894507,7,0.517,0.0,1
conf_cone_r04_d12,8,"4,6,8,12,15,16,25,26",0.00011487278970889747,0.0005363567372809856,nan,0,2400,0.007034861017018557,17.257657450396426,0,0,1000,1e-08,dense,1.0210715818175599e-07,0.002076696092093535,-7.278466566869076,17378.96577048501,998,1672.7501095202454,5.929384098650837e-10,1.563093336065316e-05,0.5322468577415521,7,0.504,0.0,1
conf_cone_r04_d12,8,"4,7,8,12,16,23,24,25",0.0001179634127765894,0.0005351087673685327,nan,0,2400,0.006815329659730196,16.93087925044527,0,0,1000,1e-08,dense,1.021013542974846e-07,0.002474820264905683,-7.321375776942749,15753.196010367215,998,1546.1124257622873,-1.0283180723032128e-09,5.295122815695574e-06,0.6416821931978652,7,0.503,0.0,1
conf_cone_r04_d12,8,"5,7,8,9,12,14,17,26",0.00012597246677614748,0.0005579544592812382,nan,0,2400,0.007150421384721994,17.99854892611853,0,0,1000,1e-08,dense,6.029968760936116e-08,0.001655192617969414,-7.098737617084069,29862.769899536754,998,1921.66868262797,-3.435082140945684e-09,6.116375481474919e-06,0.4388472876097346,7,0.58,0.0,1
conf_cone_r04_d12,8,"5,7,9,15,16,19,23,28",0.00012517275172285736,0.0005406940729883019,nan,0,2400,0.006732350680977106,17.318802658686728,0,0,1000,1e-08,dense,3.3641702033326904e-08,0.0019168471560076896,-7.191220665619615,43548.007449329576,998,2106.307551450396,6.184853036956644e-10,5.3053393492053515e-06,0.8344724384665465,7,0.548,0.0,1
conf_cone_r04_d12,8,"5,8,12,21,22,25,26,27",0.0001340231829090044,0.0005612447994137165,nan,0,2400,0.006897698622196913,18.449561005167098,0,0,1000,1e-08,dense,2.593779193803945e-08,0.001479066114611931,-7.1249308557418445,47465.56643345731,998,2495.407003155776,1.4900009530778401e-09,2.861008732537122e-06,0.8180483067620863,7,0.564,0.0,1
conf_cone_r04_d12,8,"7,8,12,13,16,19,23,31",0.00012792967027053237,0.0005499496114138217,nan,0,2400,0.006812629755586386,17.82415663563516,0,0,1000,1e-08,dense,1.6065857541309855e-08,0.0016756152208783311,-7.2276707760037295,70595.52782396237,998,2369.180118730029,5.399191146659839e-10,1.4161591704049189e-05,0.7811699231361895,7,0.57,0.0,1
conf_cone_r04_d12,8,"7,11,12,13,16,20,21,25",0.00012433173833414912,0.0005430022544677033,nan,0,2400,0.0068555427715182304,17.535005886087955,0,0,1000,1e-08,dense,3.496191806250446e-08,0.0019473927383602838,-7.253816342080206,33248.37696717984,997,1939.400940391069,-1.4852851616663271e-09,2.936817430132017e-06,0.7456177331347249,7,0.59,0.0,1
conf_cone_r04_d12,8,"7,11,13,15,21,25,29,30",0.00012466339103411883,0.0005470700636301874,nan,0,2400,0.006707996129989624,17.649338187099143,0,0,1000,1e-08,dense,2.3586148103680126e-08,0.0018564676355798631,-7.295119278540482,52897.10781467306,998,2218.842266877404,-2.3306720815061713e-09,5.001786509584152e-06,0.8863227728647829,7,0.713,0.0,1
conf_cone_r04_d12,8,"10,13,14,16,19,20,21,25",0.00012898709974251688,0.0005526292853265903,nan,0,2400,0.006865900009870529,17.973255424584153,0,0,1000,1e-08,dense,7.163970170459388e-07,0.0015742036175417269,-7.154557774795181,4333.819473777727,997,2288.8692999289797,3.8599535668719776e-10,1.7836851652516843e-05,0.9000663161666645,7,0.555,0.0,1
conf_cone_r04_d12,8,"15,16,19,20,22,24,27,28",0.00011186511255800724,0.0004979055351867104,nan,0,2400,0.006522081326693296,15.551684364924817,0,0,1000,1e-08,dense,3.1849544351942267e-08,0.0030087261710450264,-7.883266615378228,80226.44430831907,998,1416.7966053653336,2.6147461905013143e-12,7.092929022190822e-06,0.6847334232703148,7,0.659,0.0,1
conf_cube_axis,3,"0,12,16",7.351262320298702e-05,0.00028985475013750407,nan,0,1400,0.002827727934345603,23.79973796402783,0,0,1000,1e-08,dense,9.820300413317338e-06,0.0015284216753108698,-6.912288209181607,1105.0838259162206,997,1025.1919947244444,-6.322604387247863e-12,1.0690507847824313e-05,0.2537799224905344,2,0.205,0.0,1
conf_cube_axis,3,"1,2,18",6.209256389411166e-05,0.00026328676307339657,nan,0,1400,0.003533530281856656,17.588716265377077,0,0,1000,1e-08,dense,2.0115284877852075e-08,0.0024251719486945433,-7.1094521908217345,51281.2591604231,996,308.75577553690493,-2.387065633335642e-10,4.095701900072735e-09,0.1605459982442916,2,0.218,0.0,1
conf_cube_axis,3,"1,3,8",7.291846122825518e-05,0.00030865854596308254,nan,0,1400,0.002839787397533655,20.97626238663505,0,0,1000,1e-08,dense,3.4089116223433766e-07,0.001777435212794725,-6.927932828192886,3972.7517876574198,997,718.7599602620751,-1.51049080949403e-11,1.2830685121028716e-05,0.19592721496570537,2,0.2,0.0,1
conf_cube_axis,3,"1,19,25",6.639275670750067e-05,0.00017821803451576121,nan,0,1400,0.054238054901361465,12.723885302437166,0,0,1000,1e-08,dense,2.1453685555045644e-05,0.005011001482237734,-9.66010718661301,37215.9830167833,996,266.9320375141555,-1.9695220648238006e-12,1.463087031477964e-06,0.15701649556554786,2,0.198,0.0,1
conf_cube_axis,3,"2,8,26",7.366300269495696e-05,0.00028925391221765466,nan,0,1400,0.003118108958005905,21.528112348535476,0,0,1000,1e-08,dense,8.395328388555118e-07,0.002039573065560021,-6.927185293378307,2221.730941704309,996,785.7921001741852,-2.4578259622743194e-10,1.459595623884709e-09,0.5734229184588255,5,1.0,0.0,1
conf_cube_axis,3,"3,4,31",6.536950240842998e-05,0.0002708520814312599,nan,0,1400,0.0029776974115520716,17.996647190489462,0,0,1000,1e-08,dense,7.639716701192216e-07,0.002567646870870771,-7.131606967461114,2730.6821734735513,996,454.9841508771652,-8.286874612243984e-10,2.4690418829835214e-09,0.18014609334409581,3,0.992,0.0,1
conf_cube_axis,3,"3,5,17",7.26466387277469e-05,0.0002835157190759705,nan,0,1400,0.002817706437781453,20.515508429771234,0,0,1000,1e-08,dense,1.1149752402039044e-08,0.00154303947849127,-6.916268541324753,91046.14021107652,996,720.8071792789083,-1.2959417324507379e-09,2.5859518120144968e-09,0.39434085412784264,3,0.225,0.0,1
conf_cube_axis,3,"3,8,31",7.462505163857713e-05,0.00031505340806504994,nan,0,1400,0.002788606798276305,21.27804399994269,0,0,1000,1e-08,dense,9.725161169780808e-07,0.0017653285703018802,-6.926078705671215,2056.7888490461787,996,899.4032404124608,-4.203824350153339e-12,2.8168135902854617e-09,0.5612359469030774,5,1.0,0.0,1
conf_cube_axis,3,"3,9,17",6.151958223199472e-05,0.00026119800018287507,nan,0,1400,0.0030374627094715834,17.365220548310738,0,0,1000,1e-08,dense,0.0006548961945716192,0.002498677505820203,-7.075128938832727,1310.2162965971133,995,347.09542513196504,-3.832276206781103e-08,2.3328373356560297e-09,0.1277167511519458,2,0.19,0.0,1
conf_cube_axis,3,"3,20,29",6.914456025697291e-05,0.00028005865870051185,nan,0,1400,0.002945409854874015,19.129640818830854,0,0,1000,1e-08,dense,1.5360289951151077e-05,0.002649182589955061,-7.153367377386646,1534.7860053157492,997,574.4623302890755,-1.9648168601653564e-11,1.0611206891176038e-05,0.16031811726022932,4,0.22,0.0,1
conf_cube_axis,3,"4,16,29",7.07829458406195e-05,0.0002813582183143155,nan,0,1400,0.003877517068758607,19.795348846839,0,0,1000,1e-08,dense,6.589966836286319e-08,0.002701706060017576,-7.152453806484142,16689.289304856236,996,532.3148748869247,-3.6004062081524833e-09,1.993109294418722e-09,0.4828348756876661,3,0.99,0.0,1
conf_cube_axis,3,"5,8,12",7.48891761759296e-05,0.0002923745637829816,nan,0,1400,0.0028090891428291798,22.033211584514643,0,0,1000,1e-08,dense,0.0007696849519126187,0.0016878841472390033,-6.911725738223785,1013.7054869276284,995,966.3157033584637,-1.16874498843487e-09,1.6155569236304253e-09,0.34024556694480557,3,0.204,0.0,1
conf_cube_axis,3,"5,12,28",6.587847019545734e-05,0.00029511381911563904,nan,0,1400,0.0030187813099473715,19.49210302990281,0,0,1000,1e-08,dense,6.220423937542022e-05,0.001984406389020687,-7.005466612396819,1193.2070889729775,997,650.699762433954,-5.40539556994711e-12,7.032979604140904e-06,0.24121623417464466,2,0.217,0.0,1
conf_cube_axis,3,"6,7,8",6.679722719127312e-05,0.000278126786338899,nan,0,1400,0.0029929850716143847,19.88913357632168,0,0,1000,1e-08,dense,4.286621699725316e-08,0.0016326773480987824,-6.922404632418554,24766.792189424094,997,568.5654369059398,-6.512292680760171e-10,3.875405647486594e-08,0.33137373960550676,4,0.22,0.0,1
conf_cube_axis,3,"6,17,27",6.720603414578363e-05,0.00017904929142146763,nan,0,1400,0.05486775189638138,12.725234127285791,0,0,1000,1e-08,dense,9.6046242278082e-07,0.004657699280352881,-11.933743173328303,798533.2249747631,995,304.6025117458237,-2.85101326462158e-10,1.3799423370140695e-09,0.1719769676635164,3,0.218,0.0,1
conf_cube_axis,3,"6,21,22",6.511301035061479e-05,0.00027378899515813815,nan,0,1400,0.0030937357805669308,19.256633257693416,0,0,1000,1e-08,dense,9.908733705381357e-06,0.002658241420169592,-7.192908887852105,1663.6173040230149,997,523.6207297130982,2.0764256081659395e-15,5.016697981705756e-06,0.22688066034477122,4,0.229,0.0,1
conf_cube_axis,3,"7,9,13",6.66086416458711e-05,0.0002788530699012501,nan,0,1400,0.003025372978299856,20.077193732858916,0,0,1000,1e-08,dense,3.994448928156019e-06,0.001762531865026761,-6.937447409365271,1298.9793740810192,996,544.4079314767691,-1.866793714745303e-08,3.9007528950016076e-08,0.4066116138313471,2,0.195,0.0,1
conf_cube_axis,3,"7,12,24",6.067651338526048e-05,0.00022115422891438733,nan,0,1400,0.019393600523471832,14.737444325705164,0,0,1000,1e-08,dense,3.045794768138148e-06,0.004274437689475382,-7.9418285047128,4546.395400455282,996,284.86139318934994,-7.014398805739139e-11,2.5253310615383856e-08,0.2402142182469582,3,0.2,0.0,1
conf_cube_axis,3,"7,20,25",6.740149547113106e-05,0.00017836581119881013,nan,0,1400,0.055894818156957626,12.712786445239274,0,0,1000,1e-08,dense,4.859414753457861e-07,0.005183647712941478,-5.4623897802658155,11000.962822906697,201,283.5646112837242,-9.877987013821351e-12,6.416918110031474e-08,0.2811532533643819,4,0.204,0.0,1
conf_cube_axis,3,"7,22,25",6.842919538030401e-05,0.00017744077811807966,nan,0,1400,0.057677868753671646,12.706354803635689,0,0,1000,1e-08,dense,2.6361351640024384e-08,0.004955261143091995,-5.483925359657404,183269.2311540916,208,308.5802815183434,-2.3011370586800695e-11,6.924561934378965e-08,0.2421615841731589,4,0.211,0.0,1
conf_cube_axis,3,"8,20,23",6.824318552389741e-05,0.0002831719438772825,nan,0,1400,0.0029673997778445482,20.178489658741775,0,0,1000,1e-08,dense,1.9820940348617357e-07,0.001934731707332574,-6.996001725614058,6355.816687745631,997,745.6730519310777,-1.0852882335226622e-09,1.1604339732595894e-08,0.4828363411022702,4,0.214,0.0,1
conf_cube_axis,3,"11,17,29",6.485511403298005e-05,0.00024712903196475247,nan,0,1400,0.007447457406669855,17.045830610061287,0,0,1000,1e-08,dense,1.4525169146856002e-08,0.0037432963410451913,-7.545342285182815,71538.40456269722,997,422.6002573854371,-6.15692074312848e-11,8.18581458669783e-06,0.13758169201130122,2,0.196,0.0,1
conf_cube_axis,3,"13,18,24",7.525613182224333e-05,0.0002982354217182382,nan,0,1400,0.0033206811640411615,21.804916430902345,0,0,1000,1e-08,dense,2.4068592243831902e-05,0.0021168301143691766,-6.964029232069586,1138.9127673342443,997,854.1335698122368,-2.6589944106652188e-12,1.59892526965158e-05,0.23513411094724948,4,1.0,0.0,1
conf_cube_axis,3,"14,17,28",6.885608308948576e-05,0.00017934515402264414,nan,0,1400,0.05859725549817085,12.735066655682406,0,0,1000,1e-08,dense,3.6344658187441138e-06,0.004697491476445495,-10.940799760695764,208270.66805980683,996,347.5936856045252,-2.5016864936842535e-11,2.0281721223300546e-08,0.2633374236615628,3,0.216,0.0,1
conf_cube_axis,3,"15,17,21",6.48728891974315e-05,0.00027225458784311423,nan,0,1400,0.0030856062658131123,19.276261405055674,0,0,1000,1e-08,dense,0.0005412960874295016,0.002850245192116038,-7.184942834669926,1541.8375955392114,995,512.0158941183215,-2.6754117385312994e-07,1.3093111613240863e-09,0.24643903649701196,2,0.198,0.0,1
conf_cube_axis,3,"17,24,27",6.421960279112682e-05,0.00022443633271074446,nan,0,1400,0.024813786149024963,14.869435156538476,0,0,1000,1e-08,dense,1.2119425502372549e-05,0.004613000877459516,-8.230996110073884,6144.918012792087,996,410.7454713811717,-1.2478485032066021e-11,1.1229817730699402e-09,0.3724242403565698,3,0.196,0.0,1
conf_cube_axis,3,"18,26,28",7.129079313017428e-05,0.00028806803763479116,nan,0,1400,0.0034305891022086143,20.221177158094758,0,0,1000,1e-08,dense,7.684826429090887e-05,0.003146497861144748,-7.262108459718355,1723.5876306155928,997,652.0642497770791,-7.650294444191291e-13,7.83981310662677e-06,0.8065614024411867,4,1.0,0.0,1
conf_cube_axis,3,"19,20,23",6.57992422929965e-05,0.0002061638645477817,nan,0,1400,0.042267169803380966,13.44744629158825,0,0,1000,1e-08,dense,6.5198046946977935e-06,0.004865621728135276,-8.570394039642743,9427.486099900018,997,353.5850601664727,-7.05451724089049e-12,4.146623841659061e-06,0.3750272672270329,4,0.2,0.0,1
conf_cube_axis,3,"19,21,28",6.492479587905109e-05,0.00027371999500627357,nan,0,1400,0.0031102171633392572,19.36214861119116,0,0,1000,1e-08,dense,1.2821297831854243e-06,0.0031491485584857607,-7.292006069195672,2561.4875206303163,996,607.6217547317626,-1.6464995675601694e-10,1.5877405883176508e-09,0.6421588647723591,5,1.0,0.0,1
conf_cube_axis,3,"19,29,31",6.615610618609935e-05,0.00025070503015424547,nan,0,1400,0.00918686855584383,17.279895469249382,0,0,1000,1e-08,dense,1.1223758031655216e-05,0.00394192766366149,-7.71397440375494,3257.675843154828,997,566.1904015923269,-2.3013341082603487e-11,4.644414557822842e-06,0.5208633627513686,4,1.0,0.0,1
conf_cube_axis,5,"0,1,6,10,24",6.803293217672035e-05,0.00027637259932150317,nan,0,1800,0.0029491581954061985,22.580876948263487,0,0,1000,1e-08,dense,2.1021916518504572e-08,0.0014760193915832566,-6.9257482647838335,48701.18403820131,998,1088.0264364807508,1.6337073260438154e-11,1.3482621519871953e-05,0.31057600624950976,2,0.212,0.0,1
conf_cube_axis,5,"0,1,6,21,22",6.807992758695036e-05,0.00028470054970761556,nan,0,1800,0.002974651986733079,22.894095589060267,0,0,1000,1e-08,dense,1.5517584090025114e-08,0.001457315409192816,-6.929814285163018,65648.85622513191,998,1225.50872152534,2.0070657198262537e-12,1.0440023784258452e-05,0.23114227444214597,2,0.198,0.0,1
conf_cube_axis,5,"0,2,7,11,30",6.289954762905836e-05,0.0002673813721265754,nan,0,1800,0.0030549729708582163,22.89700785020385,0,0,1000,1e-08,dense,1.8233454122245196e-05,0.001489822791513808,-6.935495249032338,1101.574099645155,997,1062.5976747832376,-8.987404504483646e-12,9.383167149585261e-06,0.21891000437618652,4,0.228,0.0,1
conf_cube_axis,5,"0,2,17,23,31",6.389089685399085e-05,0.0002741242326309398,nan,0,1800,0.003053991822525859,22.97242945547594,0,0,1000,1e-08,dense,0.0007912319629277338,0.001845193088120146,-6.970370930410508,1117.1537738233399,996,1192.61497193193,-1.8082501514241435e-09,1.7280704154533058e-09,0.372336884376044,2,0.202,0.0,1
conf_cube_axis,5,"0,11,27,28,31",6.516349094454199e-05,0.00027302732799730907,nan,0,1800,0.00303122540935874,23.062151775361865,0,0,1000,1e-08,dense,1.3083645013337478e-08,0.002203214629512316,-7.024528873534085,77777.24785412093,998,1279.236736588686,1.2271966717028324e-11,8.064160933915746e-06,0.5714780104609822,4,1.0,0.0,1
conf_cube_axis,5,"0,17,19,20,24",6.353745993692428e-05,0.0002769420865969454,nan,0,1800,0.0030598402954638004,23.003694046647833,0,0,1000,1e-08,dense,3.523184294176471e-08,0.0019874075405536223,-6.991778500272054,29656.10903774717,997,1164.9652434426255,-4.410376429660629e-10,1.4645721069945258e-09,0.3306657829986542,2,0.179,0.0,1
conf_cube_axis,5,"1,2,3,18,20",6.39649952063337e-05,0.00026832114472554266,nan,0,1800,0.003002369310706854,17.95663660101235,0,0,1000,1e-08,dense,7.529598442370374e-08,0.0023318659574141105,-7.065575000013403,14753.019654923086,997,615.3368452895525,2.4583913371325575e-11,1.2945733127433599e-08,0.35767901302324456,2,0.193,0.0,1
conf_cube_axis,5,"1,3,5,21,22",7.15588903403841e-05,0.00028435867383911083,nan,0,1800,0.0028548049740493298,20.569217705731457,0,0,1000,1e-08,dense,1.0563171433532724e-07,0.0017644573982083182,-6.942146592138035,10926.45533833933,997,1107.109569346263,-4.278849198440299e-11,2.0123841341414057e-08,0.7592609992628467,2,0.199,0.0,1
conf_cube_axis,5,"1,3,28,30,31",5.823530227644369e-05,0.00025185548057541734,nan,0,1800,0.0031314236111938953,16.7114810638376,0,0,1000,1e-08,dense,3.1336033662816217e-07,0.003616070015868232,-7.4850312505220735,5632.94009290936,997,756.2218410986798,-1.1085642210647865e-10,1.414747862769555e-09,0.5456654769087266,2,0.198,0.0,1
conf_cube_axis,5,"1,4,7,15,19",4.89829144498799e-05,0.00017338972593856263,nan,0,1800,0.02626853622496128,12.742438956273203,0,0,1000,1e-08,dense,2.9880982480191914e-05,0.004641453034399935,-9.33784281977253,26266.180000779448,996,306.28350166384996,-1.0967404088077774e-09,1.537506991538712e-09,0.1981222706691277,2,0.212,0.0,1
conf_cube_axis,5,"1,5,11,12,31",6.371617200784385e-05,0.0002652054707755684,nan,0,1800,0.003038551192730665,18.264370114390122,0,0,1000,1e-08,dense,1.2546945153755284e-06,0.00220809413064984,-7.043448721666816,2041.20038327391,996,809.7415182873434,-1.3831194173321343e-10,2.3881514435335527e-09,0.4000725153914727,2,0.205,0.0,1
conf_cube_axis,5,"1,6,18,19,27",5.3779560403199866e-05,0.0002495185195233173,nan,0,1800,0.003178903367370367,16.14510727083153,0,0,1000,1e-08,dense,1.3409246840566573e-06,0.003913098363975657,-7.559428911901502,3269.1578405731193,996,532.7227515564236,-8.635529364984671e-10,1.6219729888290876e-09,0.690956041568978,2,0.189,0.0,1
conf_cube_axis,5,"1,12,16,26,28",6.395731907105073e-05,0.0002777690319078965,nan,0,1800,0.0030493319500237703,18.468838235476394,0,0,1000,1e-08,dense,1.7151864304779604e-05,0.003207845426448779,-7.28234871508424,1807.3789009032155,997,748.3556425438474,-3.152652440380592e-12,6.5040911085853705e-06,0.23249214445389826,2,0.193,0.0,1
conf_cube_axis,5,"1,17,18,20,21",6.528595986310393e-05,0.0002744788967934673,nan,0,1800,0.003023032331839204,19.06741457659694,0,0,1000,1e-08,dense,1.811746625195153e-06,0.002820854903078156,-7.170095276964021,2044.489231249002,997,783.7968829448738,-7.264402548642412e-12,9.319228262690503e-06,0.5054340234676294,2,0.192,0.0,1
conf_cube_axis,5,"2,7,18,23,31",5.9005811635870486e-05,0.0002546942793281452,nan,0,1800,0.0031184894032776356,16.856770216276818,0,0,1000,1e-08,dense,2.2290480766052282e-05,0.003337239808585088,-7.448285598131168,2290.97911531681,997,712.2051395028839,-1.6245050297280823e-12,8.874764727669881e-06,0.4201747472057693,4,0.229,0.0,1
conf_cube_axis,5,"3,6,15,16,27",6.461774319177493e-05,0.0002667898880584099,nan,0,1800,0.002990718698129058,18.30289968685456,0,0,1000,1e-08,dense,1.4160700566049843e-06,0.0025714295501892024,-7.138286652666625,2143.398426486465,996,760.1654290589693,7.449731672427039e-11,3.657725014070107e-09,0.36065168397352493,5,1.0,0.0,1
conf_cube_axis,5,"3,7,9,19,26",6.36439144727774e-05,0.0002621174616011099,nan,0,1800,0.0030218479223549366,17.932075219298184,0,0,1000,1e-08,dense,7.835769246915634e-05,0.002997982608102619,-7.139724409760731,1433.1235665294048,997,623.7478351824907,-8.987283243522305e-13,8.827886187689539e-06,0.3757873694406364,2,0.162,0.0,1
conf_cube_axis,5,"3,9,22,25,29",6.215515895746648e-05,0.0002590715425317536,nan,0,1800,0.003059051465243101,17.566693517124044,0,0,1000,1e-08,dense,6.613475287527811e-08,0.003398648556923697,-7.355083400752737,17424.568355226005,997,742.9128940185174,-8.742023699521941e-10,1.9477630313136347e-08,0.4170039653807419,2,0.192,0.0,1
conf_cube_axis,5,"4,8,14,25,29",6.51823211228475e-05,0.0002750721875753964,nan,0,1800,0.0030362375546246767,19.292220687186628,0,0,1000,1e-08,dense,1.3166247079426625e-06,0.002343478702638548,-7.073526949926251,2129.700376704648,997,976.8411983511978,1.7026428351286983e-11,3.113563568661181e-08,0.45577498870654237,4,0.211,0.0,1
conf_cube_axis,5,"4,11,17,22,23",5.12832666572649e-05,0.00021058389131450406,nan,0,1800,0.011876718141138554,13.964120397799658,0,0,1000,1e-08,dense,6.529854394473707e-07,0.004302515596999726,-8.21273371304822,7822.30232033751,997,508.1184983846515,-5.791886257687245e-10,1.649646280308646e-08,0.4260868939754086,3,0.211,0.0,1
conf_cube_axis,5,"5,9,23,24,26",6.872263475088403e-05,0.00027633161239416933,nan,0,1800,0.002913739997893572,19.596169395162978,0,0,1000,1e-08,dense,9.106002191608222e-07,0.0025247108862087616,-7.053547912617479,2352.5475702110243,996,1000.1597602945828,-5.716421118868643e-10,2.2377150131999952e-09,0.6622804821010477,2,0.17,0.0,1
conf_cube_axis,5,"5,15,19,24,29",6.717981887049973e-05,0.00027746818985616335,nan,0,1800,0.0029571917839348316,19.27732017841403,0,0,1000,1e-08,dense,1.400345638632683e-06,0.0026215968190674826,-7.102574271931269,2068.7392808232444,996,1009.4026300814169,-2.5658099478825887e-10,1.7910217423228605e-09,0.5770771607056883,5,1.0,0.0,1
conf_cube_axis,5,"5,19,20,27,31",6.135513831395656e-05,0.00026695234229894845,nan,0,1800,0.0031107687391340733,18.18768354406229,0,0,1000,1e-08,dense,3.5389175021847997e-07,0.003110887635413708,-7.1927398598941945,4509.135973730981,997,923.0384479072129,-5.011883850427434e-10,6.621680536111644e-09,0.719126875476078,4,0.184,0.0,1
conf_cube_axis,5,"6,7,17,20,29",5.139420318300836e-05,0.00023292264891779568,nan,0,1800,0.004458989482372999,15.21441095339207,0,0,1000,1e-08,dense,8.340181595026105e-06,0.003997908292288831,-7.974088030082297,4661.911433962575,997,560.6402407461705,-1.940667369169655e-11,3.137652286247509e-06,0.2143552906698308,2,0.217,0.0,1
conf_cube_axis,5,"6,21,23,27,31",6.141089397715405e-05,0.0002714536555313453,nan,0,1800,0.003110322402790189,17.94384071774248,0,0,1000,1e-08,dense,1.1259198777999503e-06,0.0037071511104415345,-7.399304765705436,2922.0425638182123,996,829.1966854884322,-5.067469892817756e-10,7.327296143919118e-10,0.4432214134124373,5,1.0,0.0,1
conf_cube_axis,5,"8,14,20,23,27",6.104929343564436e-05,0.0002842118886381335,nan,0,1800,0.00310471560806036,18.328909974557238,0,0,1000,1e-08,dense,1.096232642604288e-06,0.0026748283791017146,-7.137814376103105,2376.6709036772913,997,961.6295422843058,7.886566060764817e-11,2.3449498006674928e-08,0.5098636403065613,4,0.208,0.0,1
conf_cube_axis,5,"9,10,17,21,22",6.413273513317108e-05,0.00028078090644850757,nan,0,1800,0.0030515773687511683,18.342367795904547,0,0,1000,1e-08,dense,0.0004793507257444649,0.002794189497094857,-7.239203367702746,1687.02804226193,995,788.2202743769526,-2.7816662284849443e-10,1.4427241222710801e-09,0.21770057195397932,2,0.225,0.0,1
conf_cube_axis,5,"11,13,20,25,27",6.218410999281332e-05,0.0002727098580864169,nan,0,1800,0.003108099102973938,18.575095019198812,0,0,1000,1e-08,dense,8.981319885404698e-07,0.0026349901080772228,-7.208440933060726,2774.9121004730637,997,1014.3618262997859,-7.646958538899713e-10,2.3139361349386098e-08,0.4418211056137221,4,0.243,0.0,1
conf_cube_axis,5,"13,15,24,26,30",6.905867485329509e-05,0.0002815833291441613,nan,0,1800,0.002953787799924612,20.159043871093406,0,0,1000,1e-08,dense,1.3160093421115905e-07,0.0026450259584785115,-7.141911424557837,9295.446926263878,997,1151.1805664393805,-7.839955415586528e-11,3.188798124735875e-09,0.6106994463932601,4,0.216,0.0,1
conf_cube_axis,5,"13,17,20,30,31",6.210375431692228e-05,0.0002689928185815226,nan,0,1800,0.003109724260866642,18.657975216273414,0,0,1000,1e-08,dense,3.5841455663029984e-05,0.002923598865070722,-7.244124683029927,1703.8236617915602,997,1050.5010676271163,-3.1543708192489165e-11,6.339749301815928e-06,0.5716978117784812,2,0.21,0.0,1
conf_cube_axis,8,"0,2,4,8,16,25,27,31",6.805389421060681e-05,0.00028056889120692545,nan,0,2400,0.002954830415546894,23.313957079910338,0,0,1000,1e-08,dense,0.0008355998700664607,0.0016928020104971006,-6.948216127423637,1077.0013680462903,996,2004.0571700916526,-1.8338404515355008e-09,1.9170105072063267e-09,1.1308240028101897,3,0.201,0.0,1
conf_cube_axis,8,"0,3,4,6,7,16,22,26",6.880336150061339e-05,0.00028046317058587816,nan,0,2400,0.0029257708229124546,23.224405139035987,0,0,1000,1e-08,dense,1.6309131442874938e-08,0.001556290949057512,-6.950719226804211,62560.23116064796,998,1676.207141841876,1.5186046804717835e-11,1.393899417519781e-05,0.3632951274760848,3,0.213,0.0,1
conf_cube_axis,8,"0,5,8,9,10,14,21,26",7.38383096177131e-05,0.0002902849905875098,nan,0,2400,0.0027972531970590353,23.743560496965497,0,0,1000,1e-08,dense,0.0009689538006741927,0.0017116442712324948,-6.905612407434201,1000.2861359652667,995,2481.719914219419,-1.759202301557968e-07,1.979795772186666e-09,0.8533938606534845,2,0.218,0.0,1
conf_cube_axis,8,"0,6,8,9,12,15,18,28",6.654068420175463e-05,0.00027739115165445797,nan,0,2400,0.002990172943100333,23.23113537095744,0,0,1000,1e-08,dense,2.6426237258121377e-07,0.0015301384739388147,-6.946133228472854,4911.163883386118,997,1836.039703105131,-1.520966674874423e-10,2.335927942193368e-09,0.7004537129991333,2,0.21,0.0,1
conf_cube_axis,8,"0,8,12,13,17,24,28,30",6.93159963702783e-05,0.0002836082256486466,nan,0,2400,0.002934075891971588,23.501496627927693,0,0,1000,1e-08,dense,8.675578995311704e-06,0.001650122146678795,-6.948777551072319,1184.074977342547,997,2290.6170433384323,2.969753854592926e-12,6.6150787483383685e-06,1.1161278562454713,2,0.198,0.0,1
conf_cube_axis,8,"0,9,11,12,15,18,29,30",6.513474363600835e-05,0.0002780400518692164,nan,0,2400,0.003008258529007435,22.98428265766291,0,0,1000,1e-08,dense,3.9496667542281274e-05,0.0021678062008506967,-7.024800730190646,1234.9360304910454,997,1635.052681069319,3.061093578144686e-12,8.026429599812728e-06,0.6653742698666583,2,0.197,0.0,1
conf_cube_axis,8,"1,2,3,13,14,25,27,30",6.022079833201133e-05,0.00026093101051905183,nan,0,2400,0.0031157094053924084,17.77906771230896,0,0,1000,1e-08,dense,0.0005746719380185572,0.0027245318518886535,-7.147551924932206,1460.5266386467454,995,1253.1364146605972,-4.956808419520536e-12,2.1784854892767376e-09,0.3761040497032776,2,0.199,0.0,1
conf_cube_axis,8,"1,2,8,13,15,18,25,27",6.614052836084738e-05,0.00027952944851773954,nan,0,2400,0.0030018503312021494,19.68698238475749,0,0,1000,1e-08,dense,0.00012915261489285443,0.0020507674817023384,-6.989795631699136,1153.022602550891,997,1567.0075257171038,1.2279369388360505e-12,1.081824872767721e-05,1.1437891622889271,2,0.18,0.0,1
conf_cube_axis,8,"1,3,5,6,20,22,27,31",6.124244828242809e-05,0.00026083793866808514,nan,0,2400,0.0030815128702670336,17.71356303308445,0,0,1000,1e-08,dense,0.00014483083018014352,0.002791764166308136,-7.127132205432917,1410.7265226708018,997,1221.8474834240735,-1.088359074883506e-12,7.061046380049516e-06,0.9446025402512769,2,0.179,0.0,1
conf_cube_axis,8,"1,4,5,6,14,17,21,22",6.065680645406246e-05,0.00026366277305488433,nan,0,2400,0.0031137249898165464,18.033036486820667,0,0,1000,1e-08,dense,1.1229978773691838e-08,0.002286126708349531,-7.087699454696643,90578.03380056909,998,1176.443833913008,4.844556302689917e-12,7.985560059606661e-06,0.6162114507196266,2,0.221,0.0,1
conf_cube_axis,8,"1,6,9,10,16,17,18,22",6.119458703324199e-05,0.00025893890391153596,nan,0,2400,0.0030572551768273115,17.484426707293327,0,0,1000,1e-08,dense,0.0005260375677199197,0.0031325484500508015,-7.218014816842384,1603.094553416609,995,913.0937361766532,-7.253175379368498e-08,1.9449823083836475e-09,0.9422365271126485,2,0.181,0.0,1
conf_cube_axis,8,"1,6,15,16,23,24,26,30",6.012010635458864e-05,0.00025971955718233776,nan,0,2400,0.003091114107519388,17.32104150357317,0,0,1000,1e-08,dense,8.640724159960255e-08,0.0034035724191413806,-7.449208837447424,14156.466401497884,997,1192.9110595842894,-1.4601838953717167e-09,1.0780754436122111e-09,0.7328040522179488,2,0.209,0.0,1
conf_cube_axis,8,"2,6,20,21,22,24,27,28",5.512743518920615e-05,0.0002496690064605688,nan,0,2400,0.0031473056878894567,16.46115171636271,0,0,1000,1e-08,dense,1.5890466733246844e-07,0.003973970848026901,-7.577974881065269,9106.506861491833,997,1078.3529669337859,-3.0116092880914863e-10,9.52236334782494e-09,1.0747812036322888,4,0.192,0.0,1
conf_cube_axis,8,"2,8,12,15,16,18,27,28",6.549325917148963e-05,0.00027102197581483863,nan,0,2400,0.0029969597235322,19.05169647554544,0,0,1000,1e-08,dense,6.056023713238122e-07,0.002421390629128116,-7.087541199385169,2982.7294807978647,996,1486.3067271571324,2.498424052489897e-11,1.6753014105389411e-09,0.7197327911787523,3,0.206,0.0,1
conf_cube_axis,8,"2,9,10,12,19,21,24,27",5.978134140605107e-05,0.00025663553794716653,nan,0,2400,0.0031003716867417097,17.18004447424026,0,0,1000,1e-08,dense,7.396359030127638e-08,0.0034859171673539075,-7.339520753255462,15500.35777647173,997,1013.7003265913605,-1.2219188170518352e-09,1.4765719700780617e-09,0.7136743042277098,2,0.181,0.0,1
conf_cube_axis,8,"3,4,8,9,11,22,25,31",6.348959868773818e-05,0.000263616630626274,nan,0,2400,0.003038679249584675,18.14278158105045,0,0,1000,1e-08,dense,2.1426866483781574e-05,0.0022950356348821494,-7.101472109250874,1416.8146854226761,997,1427.2226080154833,7.72162578969658e-12,6.87771007439974e-06,0.6252801260540839,2,0.238,0.0,1
conf_cube_axis,8,"3,5,6,11,22,23,27,29",6.443261372623965e-05,0.00026564046720576435,nan,0,2400,0.0029863109812140465,18.340399952587976,0,0,1000,1e-08,dense,1.3493620282705507e-07,0.0025195145666803056,-7.1289195025729315,8883.181408146269,997,1454.149164697874,-5.27469655346427e-10,1.7453914967623292e-09,0.7635917362480511,4,0.221,0.0,1
conf_cube_axis,8,"3,7,8,16,22,24,25,26",6.976848089834675e-05,0.0002834008202062016,nan,0,2400,0.0028890478424727917,19.843225368823042,0,0,1000,1e-08,dense,1.1123530905326807e-07,0.002222307538798778,-7.047956421422784,10672.017171550067,997,1700.9223116588882,-1.491762233068957e-10,2.858185283941618e-08,1.1126971316067673,4,0.211,0.0,1
conf_cube_axis,8,"4,6,11,22,24,28,29,31",5.483817949425429e-05,0.00024081260029810408,nan,0,2400,0.003134397557005286,15.718606011426509,0,0,1000,1e-08,dense,2.3040170066732052e-05,0.00408033802399915,-7.8315302967109846,3727.3886003097427,997,1078.078848646519,5.6106388009762235e-12,5.8115209004386235e-06,0.5852931962815643,3,0.211,0.0,1
conf_cube_axis,8,"4,7,8,10,13,15,17,23",6.575771840289235e-05,0.000274376486671936,nan,0,2400,0.0029937096405774355,19.251670428304713,0,0,1000,1e-08,dense,1.6840382621537915e-07,0.001885824230984691,-6.987706197365011,7177.320395225865,997,1471.5199115385271,3.558935850378818e-10,1.203761788690713e-08,0.6624308694700314,3,0.198,0.0,1
conf_cube_axis,8,"5,9,10,11,12,15,27,29",6.351605406962335e-05,0.000263494058691547,nan,0,2400,0.0030316838528960943,17.948072068465112,0,0,1000,1e-08,dense,1.0083629095943245e-06,0.0027047261481635302,-7.1446718828550715,2433.7588001924596,996,1231.1010275803587,-1.955595439574085e-10,1.9769484212465826e-09,0.48269389343519475,2,0.196,0.0,1
conf_cube_axis,8,"5,10,14,15,17,18,25,26",6.663098611170426e-05,0.00027006931721818575,nan,0,2400,0.002953530987724662,19.001020403905585,0,0,1000,1e-08,dense,7.737335173628471e-07,0.0023758420935475486,-7.1253536829633815,2791.9826504330617,997,1532.8485254609163,-6.510229640437397e-10,1.936276652926631e-08,0.8071785556434383,3,0.235,0.0,1
conf_cube_axis,8,"5,10,14,22,24,25,29,30",6.35792821412906e-05,0.00026656859137818195,nan,0,2400,0.003029124578461051,18.179690592646395,0,0,1000,1e-08,dense,2.295877865623311e-07,0.0030452279832806884,-7.253372769323908,6161.85704072694,997,1468.5439508266165,-4.980489581633677e-10,3.5902505792648454e-08,0.7372066445212357,4,0.211,0.0,1
conf_cube_axis,8,"6,9,10,16,17,21,28,30",6.33483796264045e-05,0.0002659589031341746,nan,0,2400,0.0030531822703778744,18.15743415897576,0,0,1000,1e-08,dense,4.649417385361641e-07,0.003028923247637836,-7.289453037256141,4004.612014073445,997,1268.5959399895853,-1.1644644821795804e-09,1.7467655557846754e-09,0.9518219406987887,2,0.21,0.0,1
conf_cube_axis,8,"7,8,10,13,25,26,27,29",7.04411868355237e-05,0.00028202175484288815,nan,0,2400,0.002889829222112894,20.487262283854765,0,0,1000,1e-08,dense,1.5623966970834077e-07,0.002155331205069332,-7.0350992432612545,8203.005770370242,997,1926.4491237953073,-3.1048118788147607e-10,2.1451090683056104e-08,0.5194009678774653,4,0.216,0.0,1
conf_cube_axis,8,"7,9,12,14,15,17,23,24",4.542054739431478e-05,0.00021813589925990325,nan,0,2400,0.003408379852771759,13.905276861624216,0,0,1000,1e-08,dense,0.00011044951801879558,0.004519988938213398,-8.346595390781257,7208.525557932662,995,747.180112954535,-5.56073053633469e-09,1.6765599680151662e-09,0.4173677425466379,2,0.203,0.0,1
conf_cube_axis,8,"7,10,12,13,15,16,23,24",6.612601282540709e-05,0.00027922649646657194,nan,0,2400,0.0029693995602428913,18.844473513857878,0,0,1000,1e-08,dense,9.031998285832493e-08,0.002536019304838994,-7.0961797829421975,13502.648617712422,997,1339.0326991187937,-2.2878639786827434e-09,8.373677709582678e-09,0.6166425138958602,3,0.192,0.0,1
conf_cube_axis,8,"7,10,20,21,24,25,27,31",6.128668610472232e-05,0.00025907546421833835,nan,0,2400,0.0030869273468852043,17.511095435488315,0,0,1000,1e-08,dense,1.326348753934286e-07,0.003555949841160406,-7.468134028461809,10037.747154387453,997,1300.0822699786436,-1.2825113802053682e-10,2.1912989374224724e-08,0.6635389533404824,4,0.211,0.0,1
conf_cube_axis,8,"8,11,13,14,15,17,21,30",6.833257793914527e-05,0.0002829095004847413,nan,0,2400,0.0029547035228461027,20.18387770947995,0,0,1000,1e-08,dense,3.111766863928953e-05,0.0020023944593009577,-6.999864573150072,1196.1304669623635,997,1791.1963511504268,3.823602857934597e-12,1.0030061081617627e-05,1.081659407428483,2,0.203,0.0,1
conf_cube_axis,8,"12,17,18,20,21,22,25,27",5.857276846654713e-05,0.000259080955462131,nan,0,2400,0.0031285870354622602,17.39417220804203,0,0,1000,1e-08,dense,1.3033681051234512e-05,0.0038440543258171063,-7.462559457459652,2283.650536660863,997,1170.396373476995,-2.4005258404952404e-11,3.138873531911631e-06,0.5447363066326141,2,0.181,0.0,1
conf_cube_plus_cone,3,"1,6,28",7.810936222085729e-05,0.0002935331055310425,nan,0,1400,0.02217625454068184,13.611675301892534,0,0,1000,1e-08,dense,4.822454389562041e-08,0.0038886801936311157,-10.209315188877653,165932.2983617944,995,280.91655923534785,6.204972128192182e-13,1.485096175148996e-12,0.24894609994622133,9,0.279,0.0,1
conf_cube_plus_cone,3,"1,10,22",0.0001575158239575103,0.00038765962316638096,nan,0,1400,0.005900361575186253,16.713213611037915,0,0,1000,1e-08,dense,7.67442171160996e-08,0.0025809739918790536,-7.4876478179292665,19589.01260750479,996,390.80481908669407,-5.513393256550018e-13,1.1776789065545859e-12,0.3289657555259751,9,0.304,0.0,1
conf_cube_plus_cone,3,"1,13,24",0.0005606929771602154,0.00042699278384109935,nan,0,1400,0.008382321335375309,20.058299807927433,0,0,1000,1e-08,dense,6.551345075638294e-08,0.001862613151335538,-7.0023459880734915,19213.4994288039,996,697.3360790493443,2.1817869995262352e-11,1.764390236099792e-11,0.11322103853828344,9,0.294,0.0,1
conf_cube_plus_cone,3,"2,3,26",0.00014842176460660994,0.0004393478570396007,nan,0,1400,0.004473355133086443,19.495855135685723,0,0,1000,1e-08,dense,1.2205874328181861e-08,0.002496336690600376,-7.060612711992253,85328.26623077985,997,605.17987685922,1.700618486027016e-12,1.501576470682667e-12,0.22268708613755078,9,1.0,0.0,1
conf_cube_plus_cone,3,"2,11,26",0.0001398183812852949,0.0004074486403584304,nan,0,1400,0.005056749098002911,18.229834777187378,0,0,1000,1e-08,dense,1.4002285220053436e-07,0.0029136226327153964,-7.275793437956439,10233.113431189071,996,520.1966145294882,-7.281823144624748e-12,5.074528614569593e-12,0.2903004697627162,9,0.976,0.0,1
conf_cube_plus_cone,3,"3,8,20",0.0005912836641073227,0.0004317762576923977,nan,0,1400,0.01453800406306982,18.94117903569764,0,0,1000,1e-08,dense,7.746691556156159e-08,0.001674412275484535,-6.966341557999685,17961.59626664281,996,786.9418372442229,4.085752138490769e-12,4.682953612899817e-12,0.28266051200599374,9,0.373,0.0,1
conf_cube_plus_cone,3,"3,10,25",0.00014086597366258502,0.00042083917059719577,nan,0,1400,0.004375581629574299,18.834434068771458,0,0,1000,1e-08,dense,1.394204763617883e-06,0.0023959969076429817,-7.098671149184044,2969.6304551255284,996,565.2052657362929,-3.7372186406274e-12,3.4104439574231083e-12,0.43577597039392746,9,0.324,0.0,1
conf_cube_plus_cone,3,"3,13,16",0.000833592377603054,0.0004496800668530931,nan,0,1400,0.010355386883020401,21.203678824846584,0,0,1000,1e-08,dense,4.996644860470765e-07,0.002161949296395721,-6.95164831267716,4343.353688547615,996,898.7580076305717,-1.4741791445470757e-11,7.78552184028011e-12,0.16656399575043931,9,1.0,0.0,1
conf_cube_plus_cone,3,"3,19,24",0.00037640176014974713,0.0003921352777454446,nan,0,1400,0.03494838625192642,16.0423157524377,0,0,1000,1e-08,dense,1.085768941448793e-08,0.0025285013499595334,-7.345316370252527,118145.83439937221,996,539.309513830276,-6.839169633785747e-11,6.589460543410496e-11,0.06562830168209968,9,0.957,0.0,1
conf_cube_plus_cone,3,"4,5,9",0.00015232258010655642,0.0004291440811133836,nan,0,1400,0.004880483727902174,19.150574303891396,0,0,1000,1e-08,dense,1.411864809926664e-08,0.001886100614883905,-6.952237836622815,76483.5699518248,995,543.202313863839,6.34040853729422e-12,7.766154054492168e-12,0.1366248719361484,9,0.311,0.0,1
conf_cube_plus_cone,3,"4,9,27",0.00018391726189292967,0.0002899462729708895,nan,0,1400,0.031552910804748535,13.010128724335054,0,0,1000,1e-08,dense,1.1937072802610904e-08,0.0043401210156292,-11.06643676162336,525881.9697572012,976,270.6355604344924,-3.514978386470603e-11,1.849412730223489e-11,0.12584703264179886,9,0.29,0.0,1
conf_cube_plus_cone,3,"4,10,30",0.00011864196858368814,0.0003915758166006226,nan,0,1400,0.005821617785841227,16.88238353335536,0,0,1000,1e-08,dense,3.6214669126467056e-08,0.0031934074011833917,-7.5970246090634195,45507.60541851322,996,447.7821207410062,7.59895419473766e-12,1.1375085381108326e-11,0.3585561937647809,9,0.327,0.0,1
conf_cube_plus_cone,3,"5,10,17",0.00015179476758930832,0.0004422969586766826,nan,0,1400,0.004261533264070749,19.92181416755956,0,0,1000,1e-08,dense,1.0220839570443092e-07,0.002492502919567755,-6.989014667682862,16125.533067269502,996,755.4698077920416,-7.004726624459664e-12,4.340826650846331e-12,0.3832758088495276,9,0.326,0.0,1
conf_cube_plus_cone,3,"5,12,13",0.00016192329348996282,0.0004570081964051062,nan,0,1400,0.004135828465223312,21.46442078848942,0,0,1000,1e-08,dense,1.378379737711933e-07,0.0019195508507868883,-6.951012371503345,10695.397043082152,996,971.246365569671,6.630640233378996e-12,3.783566660549176e-12,0.28509794161028645,9,0.324,0.0,1
conf_cube_plus_cone,3,"6,21,28",0.0001379848108626902,0.00043403699549579973,nan,0,1400,0.005229202099144459,19.301335733685015,0,0,1000,1e-08,dense,1.2842751736774628e-08,0.0026757104541822725,-7.26659050759565,113286.50812590665,996,590.8354449056972,8.536943421449474e-12,1.0120933289172439e-11,0.23423896933932314,9,0.915,0.0,1
conf_cube_plus_cone,3,"7,16,26",0.0008662912296131253,0.00042975594196461973,nan,0,1400,0.007386918179690838,19.88399646965032,0,0,1000,1e-08,dense,2.922040506753303e-07,0.002276055532830027,-7.160903619271204,6888.9849668766765,996,657.6298806825783,5.9238182173550145e-12,4.033916339987058e-12,0.380217448904411,9,0.364,0.0,1
conf_cube_plus_cone,3,"8,21,31",0.0007361581083387136,0.0004489854626708144,nan,0,1400,0.007193901110440493,20.776610157407895,0,0,1000,1e-08,dense,6.90276262909998e-08,0.0018927481381604857,-6.995209558542985,19945.23044120146,996,1095.798920468946,4.130758005459501e-12,2.1328822751006545e-12,0.2857649103735478,9,1.0,0.0,1
conf_cube_plus_cone,3,"9,21,27",0.00029376120073720813,0.00041866980138789044,nan,0,1400,0.0067802900448441505,19.09305001277899,0,0,1000,1e-08,dense,7.670732701291272e-08,0.002545807003524615,-7.291378150679245,18811.86446581264,996,627.982923039411,-4.3776873642781526e-12,5.348007433077561e-12,0.18260399449879403,9,0.319,0.0,1
conf_cube_plus_cone,3,"9,22,24",0.0002812994353007525,0.0003348193342086099,nan,0,1400,0.027252288535237312,14.226363750259132,0,0,1000,1e-08,dense,1.9436716406889018e-08,0.0038152412665285323,-8.173165337969227,71845.2096344111,996,404.4636488200129,2.278519314203476e-11,3.689923234502671e-11,0.17122294497331286,9,0.298,0.0,1
conf_cube_plus_cone,3,"10,14,19",0.0002859062806237489,0.00038665407148379604,nan,0,1400,0.006185084115713835,16.76012820362597,0,0,1000,1e-08,dense,1.4392676651290022e-07,0.0028875327763641214,-7.532338750317608,14045.497475832273,996,411.56785686163965,-1.8288183121758927e-12,4.689682947972472e-12,0.25453679747504704,9,0.291,0.0,1
conf_cube_plus_cone,3,"10,15,29",0.0004221071139909327,0.0004162124769435346,nan,0,1400,0.005192379467189312,18.488572664195527,0,0,1000,1e-08,dense,1.1168948569886878e-08,0.0033715415070300386,-7.39860111168616,94073.52498243879,997,645.9205103800093,3.496744973699847e-12,2.112842874180593e-12,0.41244042429215894,9,0.998,0.0,1
conf_cube_plus_cone,3,"10,23,26",0.00014793068112339824,0.0004227854922197408,nan,0,1400,0.004432902671396732,19.067584911998537,0,0,1000,1e-08,dense,1.2559888116091464e-07,0.003468128337656269,-7.328990493387098,11300.065166267372,996,797.1910473593798,1.5539442901688955e-11,6.143782738944227e-12,0.3858081846649892,9,1.0,0.0,1
conf_cube_plus_cone,3,"13,14,17",0.00016763561870902777,0.00045206527375756705,nan,0,1400,0.00495618162676692,20.02658855355225,0,0,1000,1e-08,dense,5.963001823579755e-08,0.0018172733534390488,-7.029075461188611,23324.77754019081,996,663.0378757861362,1.109524376222948e-11,9.34924039772094e-12,0.24912543008569366,9,0.307,0.0,1
conf_cube_plus_cone,3,"13,21,24",0.0006104970234446228,0.00044398013119034094,nan,0,1400,0.005468275863677263,21.347031081573444,0,0,1000,1e-08,dense,1.930387937704909e-08,0.0020650515866351376,-6.998082400543995,57663.3407136224,996,1024.3736936243604,5.954459093275079e-12,3.0344849983993933e-12,0.2976339773754675,9,0.99,0.0,1
conf_cube_plus_cone,3,"14,20,30",0.00013019563630223274,0.00029829506196062084,nan,0,1400,0.030293701216578484,13.641690997676081,0,0,1000,1e-08,dense,1.2242895504645536e-08,0.0038764847883616363,-6.799698101362866,298454.25924518344,360,457.0873941304058,-2.14572803969304e-11,7.943520339246277e-12,0.63801175734897,9,0.316,0.0,1
conf_cube_plus_cone,3,"16,18,28",0.0008634148980490863,0.00044369915760560227,nan,0,1400,0.0062147025018930435,20.224509185705244,0,0,1000,1e-08,dense,7.239524437394436e-07,0.002412686910904716,-7.200647261381267,3877.201003823032,996,810.9372941626962,4.381115942152869e-12,2.297308032508958e-12,0.29543525346654986,9,0.998,0.0,1
conf_cube_plus_cone,3,"18,22,30",0.00017011802992783487,0.0004286486138039376,nan,0,1400,0.005372727755457163,18.360691217357186,0,0,1000,1e-08,dense,2.2692557567445405e-08,0.002910006774456173,-7.557961703409101,53099.90487386614,996,667.8670206354427,1.4250601897206153e-12,1.482373083108667e-12,0.26499896462933403,9,0.325,0.0,1
conf_cube_plus_cone,3,"21,22,23",0.00019290928321424872,0.0004326901505031675,nan,0,1400,0.004887476097792387,19.413866123362983,0,0,1000,1e-08,dense,1.430250291312928e-07,0.0025223057876748007,-7.310880669474444,11233.807690572261,996,734.4034329950973,6.184318978489567e-12,4.591639469325264e-12,0.46914739721637544,9,0.324,0.0,1
conf_cube_plus_cone,3,"26,27,30",0.000272018660325557,0.00041052886333245176,nan,0,1400,0.006285512819886208,18.082582495043205,0,0,1000,1e-08,dense,1.1511901604422901e-08,0.0030872521169080206,-7.731188873137262,117825.46052496125,996,751.9594526782646,-1.3145244326979597e-11,9.25873920810891e-12,0.36895827308536183,9,0.356,0.0,1
conf_cube_plus_cone,5,"0,1,3,9,17",0.0001342095056315884,0.00043266923114804065,nan,0,1800,0.004886431619524956,20.215033705739017,0,0,1000,1e-08,dense,1.4926772632399955e-08,0.0013784640830703883,-6.969110251230373,75753.26244621718,997,1008.4581839082464,-3.715639008801932e-12,3.307670064580344e-12,0.2233778268426368,9,0.292,0.0,1
conf_cube_plus_cone,5,"0,1,4,8,31",0.0004923974629491568,0.00043277681716830747,nan,0,1800,0.017384592443704605,21.028568715912485,0,0,1000,1e-08,dense,1.2837314344571349e-08,0.0015818150023716017,-6.950155063450551,88019.58744173606,997,1417.8217866094708,8.602873476481143e-12,5.747289687851823e-12,0.28571110676988937,9,0.289,0.0,1
conf_cube_plus_cone,5,"0,1,5,21,29",0.0003147399111185223,0.0004465013159377688,nan,0,1800,0.005490992218255997,21.263087626977075,0,0,1000,1e-08,dense,1.0923060504394737e-08,0.0017655415822951067,-6.947516875619525,101044.23192639246,997,1733.8952210003656,-5.096555884671513e-12,2.130551502232137e-12,0.6410144458983544,9,0.285,0.0,1
conf_cube_plus_cone,5,"0,4,9,23,30",0.000132753950310871,0.0004193905690702553,nan,0,1800,0.005362318828701973,22.230071697573422,0,0,1000,1e-08,dense,5.423477158778252e-07,0.0017116238399371858,-6.998845968569532,4109.318156289639,996,1165.5868953222748,1.4496239985755757e-11,1.657801585555668e-11,0.3818480303382513,9,0.31,0.0,1
conf_cube_plus_cone,5,"0,5,15,20,24",0.00042511391802690923,0.00043872425727846273,nan,0,1800,0.005080800969153643,22.777846379834905,0,0,1000,1e-08,dense,2.0869922590559457e-08,0.001551370809155963,-6.954105903797638,51988.86234926156,997,1565.884952679755,1.6990995260242708e-11,8.444402039978728e-12,0.4314121729509419,9,0.352,0.0,1
conf_cube_plus_cone,5,"0,7,8,23,25",0.0005255417781881988,0.0004395823155828217,nan,0,1800,0.013332321308553219,22.640733758888942,0,0,1000,1e-08,dense,1.4930838792936766e-08,0.0015859862486644687,-6.954484142638957,71683.38655282454,997,1558.6041957655307,-1.3303737564075384e-11,2.3648133232020978e-11,0.41889921594990465,9,0.36,0.0,1
conf_cube_plus_cone,5,"0,7,20,23,26",0.00014443164400290698,0.0004394495544453443,nan,0,1800,0.004809635225683451,22.59160890047435,0,0,1000,1e-08,dense,2.5678167751494764e-07,0.0022572688302861695,-7.008631163834811,6020.962414298374,996,1440.0121346059439,7.949231605914162e-13,5.285973438371654e-13,0.7889887787125076,9,0.383,0.0,1
conf_cube_plus_cone,5,"0,17,21,29,31",0.00031008938094601035,0.0004477801082783279,nan,0,1800,0.005812573246657848,22.8339072571693,0,0,1000,1e-08,dense,2.3705081980829096e-07,0.001715283671932534,-7.010682764263856,6368.028274701646,996,1676.501053116819,-2.1911447779686965e-12,1.0857490804489133e-12,0.5140924317070853,9,0.332,0.0,1
conf_cube_plus_cone,5,"1,7,8,12,27",0.0004992877366021276,0.00039176329554108693,nan,0,1800,0.01097035314887762,17.1648616195997,0,0,1000,1e-08,dense,3.259109222231893e-07,0.002045136774990262,-7.087346967693961,6916.983577190691,996,807.7956685508403,-8.584441535669373e-12,1.863681491169221e-11,0.2989727390434832,9,0.296,0.0,1
conf_cube_plus_cone,5,"1,9,10,11,15",0.00011917385563720018,0.0003774401883858643,nan,0,1800,0.006086352746933699,16.067647835151682,0,0,1000,1e-08,dense,2.2317261925472173e-08,0.0033875752593692013,-7.48109551803928,49165.420331882204,997,532.9161760628313,-5.08219426586015e-12,3.429170098333282e-12,0.37317816979696916,9,0.284,0.0,1
conf_cube_plus_cone,5,"1,14,18,25,27",0.0002150336222257465,0.00039818156975266893,nan,0,1800,0.0065583763644099236,16.81259901559796,0,0,1000,1e-08,dense,1.1390129469038259e-08,0.003124398862808311,-7.674415906611535,102362.90008973074,997,783.4829093073603,-2.171115195468084e-11,1.3455210530743493e-11,0.3926222611329675,9,0.292,0.0,1
conf_cube_plus_cone,5,"1,14,19,21,27",0.00029395497404038906,0.0003993212593079559,nan,0,1800,0.008792426437139511,17.458148259409743,0,0,1000,1e-08,dense,1.0452996128614852e-08,0.003063811361567003,-7.452816051829502,120771.9019755943,997,770.2272057126445,1.1492566412397735e-11,7.183360020412785e-12,0.20927584189543366,9,0.274,0.0,1
conf_cube_plus_cone,5,"2,4,9,13,19",0.000217784006963484,0.00041595685709163203,nan,0,1800,0.005630164872854948,18.43694719425391,0,0,1000,1e-08,dense,3.697745144314589e-08,0.001830591783602083,-7.058430321851107,30440.844955917753,997,778.531899668807,-4.688717613471857e-12,9.887526408421104e-12,0.3120079365440904,9,0.302,0.0,1
conf_cube_plus_cone,5,"2,7,9,17,22",0.00012392070493660867,0.00033806988428892993,nan,0,1800,0.006411650683730841,13.910992085473755,0,0,1000,1e-08,dense,3.9342191397422936e-08,0.00397366287633505,-8.680140645045851,47736.09080227537,997,467.79222413116605,3.608321104069922e-12,3.5811657716017847e-12,0.41739861313636306,9,0.296,0.0,1
conf_cube_plus_cone,5,"3,5,7,10,13",0.00015856117533985525,0.00045126229107482653,nan,0,1800,0.004114523064345121,20.455948086680444,0,0,1000,1e-08,dense,3.0967484160798376e-08,0.002180690927560156,-6.9614288252343774,35775.95003700511,997,1344.5612692451678,1.1505513095847121e-11,3.9773837060379595e-12,0.571775623757965,9,0.382,0.0,1
conf_cube_plus_cone,5,"5,9,18,20,27",0.0002412421745248139,0.000427411674703394,nan,0,1800,0.005018038209527731,19.316243334273253,0,0,1000,1e-08,dense,3.732721284217266e-07,0.002052810838043954,-7.101460372514113,5026.650954759052,996,1144.0879072523608,-1.0057823001761934e-11,4.755897117830194e-12,0.531635376854958,9,0.295,0.0,1
conf_cube_plus_cone,5,"5,10,25,26,31",0.0001476028119213879,0.00043720598611103856,nan,0,1800,0.004282244946807623,19.719556208280736,0,0,1000,1e-08,dense,1.7101699109542088e-07,0.0026342867678646443,-7.12534827826652,9000.885645643333,996,1408.2651951583277,-2.3638405090281263e-11,6.908210754048896e-12,0.6080056678195572,9,0.324,0.0,1
conf_cube_plus_cone,5,"5,12,16,20,28",0.0005752299330197275,0.0004267161964011118,nan,0,1800,0.005887155421078205,19.427146466799194,0,0,1000,1e-08,dense,5.811427703937098e-07,0.002497076054406188,-7.083941351216978,3842.184719709312,996,1145.068472632767,1.3523569515566815e-11,5.000086565671956e-12,0.6640375169887509,9,0.322,0.0,1
conf_cube_plus_cone,5,"5,14,20,21,24",0.0004408492532093078,0.00043891519282515255,nan,0,1800,0.006457753945142031,19.850422946998847,0,0,1000,1e-08,dense,1.602602261429155e-08,0.001916791035601076,-7.060408980440933,67049.83541627134,997,1250.3323989158755,-1.1812381845365064e-11,5.125252872429745e-12,0.4545877935615424,9,0.31,0.0,1
conf_cube_plus_cone,5,"5,15,22,23,26",0.00016567506827414036,0.00042555224176042857,nan,0,1800,0.004790039733052254,19.289924046340293,0,0,1000,1e-08,dense,4.640715603415183e-07,0.0026079120571287457,-7.152892827801667,4540.10445114438,996,1308.6221686678566,3.040354920123023e-11,9.638701549705503e-12,0.6864923690795384,9,0.342,0.0,1
conf_cube_plus_cone,5,"6,9,11,22,24",0.00024742784444242716,0.000339899387353795,nan,0,1800,0.019383713603019714,14.089360892402325,0,0,1000,1e-08,dense,2.004131771395911e-08,0.003842120070808478,-8.038984749821914,81506.02048518033,997,532.0719338384871,5.945033120189786e-12,6.732678364187348e-12,0.1808292351736263,9,0.274,0.0,1
conf_cube_plus_cone,5,"6,18,21,22,24",0.000430976040661335,0.00042031000680056057,nan,0,1800,0.007450419012457132,19.2156972139588,0,0,1000,1e-08,dense,1.1444166154712533e-08,0.002471544069017887,-7.23572349064646,92892.78063024521,997,1050.8787708028653,-1.095649484907214e-11,4.7300221044576126e-12,0.3605310744872435,9,0.307,0.0,1
conf_cube_plus_cone,5,"7,9,15,19,26",0.00020723481429740787,0.0003868093506654202,nan,0,1800,0.0060013532638549805,16.603980310436906,0,0,1000,1e-08,dense,7.228811709874353e-07,0.003365532902702641,-7.679319287600713,6057.1691222896125,996,729.8638475259976,2.142842182862935e-12,3.85138804832743e-12,0.4933893495128608,9,0.306,0.0,1
conf_cube_plus_cone,5,"7,11,17,24,27",0.0004248382174409926,0.00035253092018956575,nan,0,1800,0.010911385528743267,14.996865668407914,0,0,1000,1e-08,dense,7.269326907201086e-08,0.0035924836133122647,-8.060639160616962,27478.116535275854,996,672.4628024145419,3.65047972198284e-12,1.9693179315948913e-12,0.43927676401118343,9,0.309,0.0,1
conf_cube_plus_cone,5,"8,14,18,23,28",0.000536044011823833,0.00043115203578705834,nan,0,1800,0.014759732410311699,19.505629490466468,0,0,1000,1e-08,dense,1.1357611101706771e-08,0.0022954729674208147,-7.124683075485222,95069.44552290252,997,1312.7642131946495,-2.942312618318475e-12,1.3743000906307774e-12,0.5938711509841501,9,0.328,0.0,1
conf_cube_plus_cone,5,"8,16,17,24,28",0.000982985133305192,0.0004113510547687418,nan,0,1800,0.021363988518714905,17.998536170289185,0,0,1000,1e-08,dense,8.425068307122832e-08,0.002115866635688781,-7.101973704236107,14920.04447711143,996,1236.9061275217555,8.211843811123136e-11,7.078538198095241e-11,0.30957299538338606,9,0.297,0.0,1
conf_cube_plus_cone,5,"9,11,16,20,31",0.0005557677359320223,0.00040404599717472816,nan,0,1800,0.009667406789958477,17.40747591829691,0,0,1000,1e-08,dense,1.7947898107285182e-07,0.002806381136890176,-7.449277653582511,10364.29197861559,996,860.6023857077726,-3.794608064190849e-12,3.3092981359486423e-12,0.3360171285606397,9,0.299,0.0,1
conf_cube_plus_cone,5,"10,13,26,27,31",0.00024210484116338193,0.00043814493981296585,nan,0,1800,0.004460977856069803,20.03808020013007,0,0,1000,1e-08,dense,1.3696972781754241e-07,0.0023842004109438926,-7.146299702890137,9899.872850798121,996,1473.521965201854,3.8013575855676205e-11,1.450094708570597e-11,0.589523219579345,9,0.966,0.0,1
conf_cube_plus_cone,5,"12,18,19,21,26",0.0002326011745026335,0.00044254080271125034,nan,0,1800,0.004331725649535656,19.951811918867605,0,0,1000,1e-08,dense,4.94943805221287e-07,0.0023172770672863635,-7.189050510613433,5505.539417710602,996,1193.0746724795717,1.3316643619467925e-11,7.068894547087197e-12,0.5053251502606464,9,0.314,0.0,1
conf_cube_plus_cone,5,"14,17,18,19,25",0.0002088820474455133,0.0004015309878630841,nan,0,1800,0.005929994862526655,16.89593812621563,0,0,1000,1e-08,dense,1.5824779764250766e-07,0.0030276729879863454,-7.693028736028171,13800.217520844246,996,848.420120980638,1.2263313279224947e-11,9.378688683660884e-12,0.6150251646939611,9,0.319,0.0,1
conf_cube_plus_cone,8,"0,1,2,6,9,21,28,29",0.00023853458696976304,0.00042160054848628244,nan,0,2400,0.005419042427092791,16.089745196003854,0,0,1000,1e-08,dense,1.9339709560011713e-08,0.0017658639338331854,-7.021557255921565,66530.07036677549,997,1696.3477196957274,2.172390422209315e-10,5.163638860929624e-07,0.48538881544885415,8,0.28,0.0,1
conf_cube_plus_cone,8,"0,1,5,11,14,16,17,18",0.00042070134077221155,0.0004335407479603674,nan,0,2400,0.005621795076876879,20.633264358047036,0,0,1000,1e-08,dense,1.5965565332105008e-08,0.0015661295053458135,-6.957415324074196,65553.12503094791,997,1955.9823000753868,4.1342356921992235e-12,5.604852704918955e-12,0.37082538823462374,9,0.307,0.0,1
conf_cube_plus_cone,8,"0,1,6,7,15,21,26,31",0.00013641257828567177,0.00043331043422687387,nan,0,2400,0.004822553601115942,20.369307322509094,0,0,1000,1e-08,dense,1.4010460303336822e-08,0.0020744013272743717,-7.037064733092884,76632.99247515186,997,1829.963247894422,-2.256042692234009e-12,1.4984884367562375e-12,0.6255926910776098,9,0.29,0.0,1
conf_cube_plus_cone,8,"0,1,14,15,18,21,23,26",0.0001527172717032954,0.00043653887767540744,nan,0,2400,0.0045491172932088375,20.59867637759001,0,0,1000,1e-08,dense,1.4927214065606382e-08,0.0020888739559365016,-7.037211027478346,72083.06066548298,997,2123.209219709095,-1.0903362211308924e-11,2.6071938425315277e-12,0.7242232419600635,9,0.311,0.0,1
conf_cube_plus_cone,8,"0,2,3,5,7,8,19,24",0.0005974288214929402,0.0004346540198760403,nan,0,2400,0.014270471408963203,22.54580422749997,0,0,1000,1e-08,dense,3.6979797493260295e-08,0.001618763177738494,-6.941206757697648,30368.509914403054,997,2192.3424348309527,1.46298307236184e-11,4.567527760897057e-12,0.5897378888454203,9,0.365,0.0,1
conf_cube_plus_cone,8,"0,2,15,16,21,23,24,31",0.0005886556464247406,0.0004236996530481637,nan,0,2400,0.005948227364569902,22.537084931490114,0,0,1000,1e-08,dense,1.8940027593235504e-08,0.0020540329574800175,-7.050093602347122,56610.27477313797,997,2183.7528111553484,1.3158138506058765e-11,3.0458872392544174e-12,0.8676374546347471,9,0.984,0.0,1
conf_cube_plus_cone,8,"0,3,6,15,16,18,19,31",0.00045987157500348985,0.00042661863428072226,nan,0,2400,0.005353734828531742,22.474929416825013,0,0,1000,1e-08,dense,2.5417661364528746e-08,0.0016100158092417786,-7.001271241645645,42644.27217585297,997,2013.9503093601438,-1.4955462158104944e-11,7.60783700320611e-12,0.5960781673728716,9,0.933,0.0,1
conf_cube_plus_cone,8,"0,4,16,25,26,28,29,30",0.0005039980751462281,0.000424587900865502,nan,0,2400,0.007622245699167252,22.46493892629561,0,0,1000,1e-08,dense,3.174270157869434e-07,0.00220304335799784,-7.095094221434418,5457.389679403882,996,2072.194418327242,1.911582465690035e-12,9.403055586868321e-12,0.6957660361150906,9,0.304,0.0,1
conf_cube_plus_cone,8,"0,5,6,7,11,12,17,28",0.00012902621529065073,0.0004178673924548363,nan,0,2400,0.005145216826349497,22.25848797153846,0,0,1000,1e-08,dense,1.8783304725061964e-08,0.0017682636991342695,-6.981115257921303,58987.16857412353,997,1700.9016357364774,-2.3049434333338823e-11,8.563081625811647e-12,0.7882456309822525,9,0.311,0.0,1
conf_cube_plus_cone,8,"0,5,8,9,17,25,28,29",0.00046811564243398607,0.0004307853352562926,nan,0,2400,0.01447885762900114,22.55758370853276,0,0,1000,1e-08,dense,1.1530263275047502e-08,0.0015049541106862624,-6.975979115682785,94434.0322999864,997,2347.151468476523,-1.821386737316436e-10,9.977384468760935e-11,0.6024916542878858,9,0.276,0.0,1
conf_cube_plus_cone,8,"0,5,10,11,21,22,25,27",0.0002167929196730256,0.00043603759319610564,nan,0,2400,0.004780968651175499,22.633906245140487,0,0,1000,1e-08,dense,1.5309054955231228e-08,0.0015790130266629622,-6.9883456828841615,72427.6517581072,997,2235.7249759440438,2.933384064904973e-11,9.221417687972346e-12,0.5266071174501471,9,0.308,0.0,1
conf_cube_plus_cone,8,"0,6,8,12,15,21,25,27",0.0004198316019028425,0.0004305492183038627,nan,0,2400,0.016244124621152878,22.444727994996207,0,0,1000,1e-08,dense,4.686300376838503e-08,0.0016039192669512657,-6.9895368093036225,24030.671366817478,996,2065.3565035109145,-2.8798093143860636e-11,1.788245912530798e-11,0.8955272447671072,9,0.318,0.0,1
conf_cube_plus_cone,8,"0,6,15,16,20,22,24,30",0.0005683507188223302,0.0004049183779086932,nan,0,2400,0.009084774181246758,22.116674220376073,0,0,1000,1e-08,dense,1.788559796264168e-08,0.002109884251365079,-7.106315467919194,62079.30910657275,997,1808.9053024852528,1.1363067988897595e-11,5.737803506231911e-12,0.6498697229330674,9,0.321,0.0,1
conf_cube_plus_cone,8,"0,7,17,19,24,25,27,30",0.00038635614328086376,0.00039176957049245746,nan,0,2400,0.008184188045561314,21.77875214986221,0,0,1000,1e-08,dense,6.982714206047636e-07,0.002453807373795495,-7.193651201430883,4238.903895279401,996,1740.2094573803345,-6.317260947691009e-11,2.0552209500160643e-11,0.7403851758835547,9,0.311,0.0,1
conf_cube_plus_cone,8,"0,14,15,21,22,24,26,31",0.00033973465906456113,0.00043287582875994754,nan,0,2400,0.005647656507790089,22.52042524342937,0,0,1000,1e-08,dense,1.2007071926780145e-08,0.0019795663206257745,-7.0935216347253895,89403.92374469191,997,2225.999295644993,4.047295441830531e-11,9.309570874274624e-12,1.6027809252852707,9,0.328,0.0,1
conf_cube_plus_cone,8,"1,3,4,6,16,22,24,30",0.0004269002238288522,0.00036574730730379193,nan,0,2400,0.028974689543247223,15.156240958802133,0,0,1000,1e-08,dense,3.520191073632455e-08,0.0028948746386016125,-7.409992464833604,37172.55563667211,997,1094.3719514988609,2.981624008677363e-10,2.8008902259258817e-06,0.4357164162775744,8,0.278,0.0,1
conf_cube_plus_cone,8,"1,5,19,20,25,27,28,31",0.00021732547611463815,0.0003990194873534936,nan,0,2400,0.005951781757175922,17.223732747036255,0,0,1000,1e-08,dense,7.249561437824946e-07,0.0028092226779989544,-7.404505003711303,4470.26036341655,996,1596.406508644643,-1.0709876588395219e-11,4.387451501137502e-12,1.0766787164597569,9,0.287,0.0,1
conf_cube_plus_cone,8,"2,3,6,7,10,18,25,26",0.00013740299618802965,0.0004076737508515251,nan,0,2400,0.004871679004281759,18.239316441586997,0,0,1000,1e-08,dense,1.3333158584867353e-08,0.0030216260522721874,-7.201061901156992,95588.01682510173,998,1382.2808748153748,-1.690482382986968e-11,8.09654540916568e-12,1.117798539368549,9,0.325,0.0,1
conf_cube_plus_cone,8,"2,9,10,12,14,18,26,27",0.0002074108342640102,0.0004023459996664768,nan,0,2400,0.005320433992892504,17.69994245168858,0,0,1000,1e-08,dense,2.1579815118461987e-08,0.0027560689526872997,-7.407829056866969,63030.99437606247,997,1373.9857059979988,1.1128094618908165e-10,5.85230579384413e-11,0.6341357760937699,9,0.309,0.0,1
conf_cube_plus_cone,8,"2,12,16,17,18,22,28,31",0.0004148781590629369,0.00040165918443314276,nan,0,2400,0.005827788729220629,17.672202557299425,0,0,1000,1e-08,dense,2.0849359274133596e-08,0.0029025319075283843,-7.476851797932224,52007.8019528521,997,1524.87523739652,2.2823967802564368e-11,6.359422096897118e-12,1.1040812493228587,9,0.317,0.0,1
conf_cube_plus_cone,8,"3,4,9,16,21,24,28,29",0.0006464611506089568,0.0004133724715071814,nan,0,2400,0.017480261623859406,18.54749174493001,0,0,1000,1e-08,dense,1.1594880534143429e-08,0.0024601299221105226,-7.210368643663796,93951.92236208131,997,1587.2176794506959,9.366029372566598e-12,6.18025763097249e-12,0.6233647964724047,9,0.283,0.0,1
conf_cube_plus_cone,8,"4,8,11,14,16,25,26,31",0.0006220688810572028,0.0004165285501133294,nan,0,2400,0.022856825962662697,18.683122259777342,0,0,1000,1e-08,dense,3.4388024893527274e-07,0.0022804463197762677,-7.140471758993134,5873.206993085518,996,1684.09395965246,1.043907977759436e-11,3.3791105668945025e-12,0.8329383029523905,9,0.296,0.0,1
conf_cube_plus_cone,8,"5,6,17,21,23,26,30,31",0.00013422527990769595,0.0004267540380987402,nan,0,2400,0.004671541973948479,19.10454666881612,0,0,1000,1e-08,dense,1.1331854564371695e-08,0.002375981495634486,-7.1921089687625,94256.44179626147,997,1936.975277525651,1.633898264822838e-11,3.926523493161617e-12,0.6538115282075809,9,0.292,0.0,1
conf_cube_plus_cone,8,"5,8,9,10,16,18,21,30",0.0006611563148908317,0.000445064395783447,nan,0,2400,0.011687804013490677,20.32155099455192,0,0,1000,1e-08,dense,2.5282250937144942e-08,0.001835581912559413,-6.986403543610349,42403.00461839442,997,2233.8108828940294,-6.667930132077912e-12,6.009081953777578e-12,0.5590229322619498,9,0.275,0.0,1
conf_cube_plus_cone,8,"5,8,9,12,20,21,23,30",0.0003850081702694297,0.0004334191938919812,nan,0,2400,0.011371512897312641,19.52605054343704,0,0,1000,1e-08,dense,1.80033318032823e-08,0.0018535876046226834,-7.052982200275836,62771.73668012055,997,2002.3877345755216,-5.3065365163764485e-11,1.7697876421660364e-11,1.4279546799729799,9,0.306,0.0,1
conf_cube_plus_cone,8,"5,8,10,11,14,15,17,22",0.00040149234700948,0.00042367668632212516,nan,0,2400,0.011963398195803165,18.92604120520455,0,0,1000,1e-08,dense,2.6351698331621518e-08,0.0016837747523688721,-7.028877165129966,42436.01023908546,997,1705.6929058116868,8.071432893695319e-12,3.262202631796391e-12,0.6484537402761694,9,0.317,0.0,1
conf_cube_plus_cone,8,"5,9,12,13,16,21,23,29",0.0005276951706036925,0.0004395539262366508,nan,0,2400,0.0063528865575790405,20.183783191266368,0,0,1000,1e-08,dense,1.2324892309994646e-08,0.0017887300746136576,-7.024810463344944,89514.13083212347,997,2156.3897064061275,-2.6054541177203763e-11,9.98373039653254e-12,0.6813785356043145,9,0.294,0.0,1
conf_cube_plus_cone,8,"5,14,15,16,19,21,26,28",0.00047722156159579754,0.00043110055254147055,nan,0,2400,0.005194477271288633,19.66742808733907,0,0,1000,1e-08,dense,1.3968014320833145e-08,0.0020897666139024313,-7.121224388000476,77464.29446877139,997,1962.831625130817,7.721205039020324e-12,2.1295908978525112e-12,0.5924019841066841,9,0.308,0.0,1
conf_cube_plus_cone,8,"7,10,13,15,19,20,22,26",0.00020245157065801322,0.00041696738438146066,nan,0,2400,0.005160638131201267,18.607710748435295,0,0,1000,1e-08,dense,2.3290334548663662e-08,0.0027156814532701416,-7.2354175890881605,46434.885247873266,997,1650.9596761860664,-2.528370657032637e-11,7.493907160875603e-12,1.1584342249507782,9,0.336,0.0,1
conf_cube_plus_cone,8,"9,15,16,17,20,22,23,24",0.0005596984410658479,0.00037262396402016674,nan,0,2400,0.009637697599828243,16.447347705863567,0,0,1000,1e-08,dense,1.4139686042800989e-08,0.003047575339095872,-7.693453258910194,79422.45642466353,997,1329.9371479681165,1.967098674439605e-12,1.3576993018336938e-12,0.8681321940290335,9,0.304,0.0,1
conf_cyl_plus_sphere,3,"0,1,13",0.000306563830235973,0.0004692531772924396,nan,0,1400,0.0074284737929701805,20.24575306629277,0,0,1000,1e-08,dense,4.9674946082970486e-08,0.001521676310220482,-7.05268884156436,30124.92414413302,999,1277.5557008471283,-1.7504752870331129e-13,1.0460578233357387e-13,0.06609836841595085,9,0.394,0.0,1
conf_cyl_plus_sphere,3,"0,7,13",0.0002887630835175514,0.000464943668429316,nan,0,1400,0.008430971764028072,27.748150593384032,0,0,1000,1e-08,dense,8.229805845393357e-08,0.0014765156709287412,-7.0359852211347915,20337.546722297877,999,1316.3889189129377,-6.884389532437807e-13,3.76305878658776e-13,0.06741031977791097,9,0.668,0.0,1
conf_cyl_plus_sphere,3,"1,4,8",0.00024178183230105788,0.0005042092212303097,nan,0,1400,0.007258635945618153,20.437797205483292,0,0,1000,1e-08,dense,1.5714922709225825e-07,0.001654881165259688,-7.092106175414068,13137.172146242863,999,619.3134405140395,-2.6898113575211545e-14,6.15333545061556e-14,0.10496096184821382,9,0.398,0.0,1
conf_cyl_plus_sphere,3,"1,6,24",0.0005014714552089572,0.00039633514071374853,nan,0,1400,0.016787435859441757,15.783296497165459,0,0,1000,1e-08,dense,2.5741805564064476e-08,0.004938031937983829,-7.7513056951739285,98484.8243195516,970,403.0420114875728,-2.8303268860058185e-16,5.33903969138463e-14,0.23519427078773833,9,0.389,0.0,1
conf_cyl_plus_sphere,3,"1,6,26",0.0005281100166030228,0.0004404589018057182,nan,0,1400,0.011987828649580479,18.393299857054032,0,0,1000,1e-08,dense,7.21400422921471e-08,0.0023052453839061604,-7.470704848706844,43011.80497916735,986,566.6713741323897,-6.226165458880224e-16,2.7503711069601976e-13,0.11369034788259127,9,0.393,0.0,1
conf_cyl_plus_sphere,3,"1,10,28",0.00038527161814272404,0.0003927608313971165,nan,0,1400,0.013530793599784374,16.883869047114576,0,0,1000,1e-08,dense,3.196023998041275e-08,0.0034845401943044787,-7.5238038866936705,68247.40575208479,986,506.4862515636811,-1.2458609255421182e-15,3.5999432390594887e-13,0.12136704700304596,9,0.42,0.0,1
conf_cyl_plus_sphere,3,"1,18,25",0.00027162631158716977,0.00046022378665019084,nan,0,1400,0.00826571136713028,18.742269592670564,0,0,1000,1e-08,dense,4.887564296358353e-08,0.0026889219057109085,-7.490130376382089,47346.55950496754,999,541.5001487586035,8.228876983015525e-14,8.386647477598736e-14,0.08374875863792652,9,0.399,0.0,1
conf_cyl_plus_sphere,3,"1,27,28",0.0003699181543197483,0.0003475997148647784,nan,0,1400,0.03961089625954628,13.89011334880059,0,0,1000,1e-08,dense,1.5574858002932435e-08,0.0047135509283394005,-8.064821932574906,269976.16765399737,874,390.40397594977856,-4.98718767027735e-16,6.36925286204672e-14,0.16338664757168514,9,0.389,0.0,1
conf_cyl_plus_sphere,3,"2,9,11",0.0004903765511699021,0.0003849643504057859,nan,0,1400,0.014466620050370693,14.607568518324925,0,0,1000,1e-08,dense,5.378345066408441e-07,0.0034445697800624363,-7.42147213121537,9687.56399747974,999,331.7049357443938,1.227947443320563e-13,1.1777041666021984e-13,0.08037785076762798,9,0.559,0.0,1
conf_cyl_plus_sphere,3,"3,6,22",0.000502740906085819,0.0004294169402855801,nan,0,1400,0.013912037014961243,16.697467023054205,0,0,1000,1e-08,dense,1.774906070907861e-08,0.0041138691303655986,-7.360631293793064,99295.29898320565,998,441.956790615288,-2.637225536217193e-13,1.5751629701516355e-13,0.18213892147967348,9,0.679,0.0,1
conf_cyl_plus_sphere,3,"3,13,19",0.0006709968438372016,0.00044403471754534513,nan,0,1400,0.015459364280104637,20.11940992992313,0,0,1000,1e-08,dense,5.323381303134034e-08,0.001854443682160393,-7.113368959407152,31521.16563485711,999,1103.9628852061505,-1.0935624069659251e-13,7.951633851136379e-14,0.10957877468981539,9,0.888,0.0,1
conf_cyl_plus_sphere,3,"4,7,28",0.0002131722867488861,0.0003480576158735493,nan,0,1400,0.019130893051624298,14.121254452049712,0,0,1000,1e-08,dense,1.644904378896771e-08,0.006138265730469805,-8.553656472389058,187924.92847216642,995,281.00533512846084,-4.256317398895848e-17,9.804865573547325e-14,0.08469468126908042,9,0.583,0.0,1
conf_cyl_plus_sphere,3,"4,12,17",9.567659435560927e-05,0.0003654959512400818,nan,0,1400,0.008138393051922321,12.725075348969073,0,0,1000,1e-08,dense,2.613102178895944e-08,0.01434640630439258,-9.237022815293747,589432.8796950714,764,104.31407249202813,-7.2574618948876775e-16,3.1588389538573945e-14,0.07483260514403181,9,0.578,0.0,1
conf_cyl_plus_sphere,3,"4,13,22",0.00020325620425865054,0.0005062390416520423,nan,0,1400,0.007485601119697094,21.029755957849385,0,0,1000,1e-08,dense,1.1943380368186492e-07,0.0017316154848699378,-7.134605931637136,16519.852092483918,999,736.9824634762174,-7.087266429110783e-13,5.909904573311116e-13,0.09653655089357215,9,0.569,0.0,1
conf_cyl_plus_sphere,3,"5,21,24",0.00039517198456451297,0.00044915925505044867,nan,0,1400,0.012936074286699295,21.720915635425648,0,0,1000,1e-08,dense,1.988548202620182e-08,0.0016145310657898727,-7.154130563927583,67286.3044003834,999,1409.544682563218,1.2180124670282542e-13,1.092244419861288e-13,0.11861477594504045,9,0.953,0.0,1
conf_cyl_plus_sphere,3,"5,26,27",0.0003483562031760812,0.0004512667359401081,nan,0,1400,0.012483248487114906,21.283332243973575,0,0,1000,1e-08,dense,1.509703417085103e-08,0.001675119247424235,-7.193107032158144,81922.87286667382,999,1186.4268188315154,2.3996546648534287e-14,1.0341685575251832e-13,0.11033717360257751,9,0.808,0.0,1
conf_cyl_plus_sphere,3,"6,17,30",0.00041509492439217865,0.00031696855805032567,nan,0,1400,0.04849330335855484,13.054893694050016,0,0,1000,1e-08,dense,3.561331559243994e-08,0.007537173890316004,-8.952182247936317,363859.94726833736,898,269.61476182820735,-1.3642461726276478e-14,3.105621785611152e-14,0.22516998275105576,9,0.603,0.0,1
conf_cyl_plus_sphere,3,"8,11,30",0.0005210784147493541,0.00045896661025852264,nan,0,1400,0.01193175371736288,20.60943802016864,0,0,1000,1e-08,dense,5.582819891030669e-08,0.002072668397156192,-7.173015951047273,26482.008587977387,999,909.2269919114418,1.7692789304490399e-13,1.1121159148008257e-13,0.1503516723009868,9,0.726,0.0,1
conf_cyl_plus_sphere,3,"10,15,19",0.0006570130935870111,0.0004028036361513292,nan,0,1400,0.010650189593434334,16.747512031944275,0,0,1000,1e-08,dense,1.8682939495106924e-08,0.003331393994666964,-7.550907585155158,87796.78214828842,998,575.3536935161649,-3.6860265553601023e-13,2.4016986988808486e-13,0.10236739368707645,9,0.873,0.0,1
conf_cyl_plus_sphere,3,"11,21,24",0.0005856763455085456,0.0004046302908110312,nan,0,1400,0.01605953462421894,19.257017739762624,0,0,1000,1e-08,dense,3.322581237642405e-08,0.002450667852446769,-7.400593602836431,63273.39425562753,998,1069.5400942955846,-2.845176256436022e-13,1.153019502140594e-13,0.18968418253415176,9,0.964,0.0,1
conf_cyl_plus_sphere,3,"11,21,28",0.0005902168340981007,0.00042831508193620166,nan,0,1400,0.01342109777033329,19.464749244012,0,0,1000,1e-08,dense,2.937136783485512e-08,0.001862655109739091,-7.3745594368712375,54260.732398730026,999,1008.8687095574188,-1.1101353143634684e-13,7.50257729465369e-14,0.12825493876523203,9,0.862,0.0,1
conf_cyl_plus_sphere,3,"12,13,19",0.0004468521219678223,0.00047676775584794555,nan,0,1400,0.009571687318384647,20.721875206307324,0,0,1000,1e-08,dense,9.532547734963065e-08,0.0015830786592001694,-7.1604698939594735,15900.911583478293,999,835.1767872748792,-6.884389832498609e-14,1.4181737687209948e-13,0.10462842734114922,9,0.603,0.0,1
conf_cyl_plus_sphere,3,"12,14,15",0.00039855026989243925,0.00038188885823125406,nan,0,1400,0.008081149309873581,14.07824994114514,0,0,1000,1e-08,dense,1.0281383199431304e-08,0.006054280279257915,-8.724432608852801,528013.9689791522,975,247.3188960213831,-3.32469647515779e-14,3.633002274262054e-14,0.12525940631757196,9,0.577,0.0,1
conf_cyl_plus_sphere,3,"12,24,28",0.00031324324663728476,0.000430553046067547,nan,0,1400,0.009084178134799004,16.383967924124487,0,0,1000,1e-08,dense,1.613880186061686e-08,0.003410098131298491,-8.00208535070559,167274.03513819838,994,557.7479997098553,-1.4098464043202061e-16,2.0623654227670034e-13,0.1363337291741808,9,0.577,0.0,1
conf_cyl_plus_sphere,3,"14,17,23",0.0003531155816745013,0.00043204581638764443,nan,0,1400,0.007237745448946953,15.879268532035047,0,0,1000,1e-08,dense,1.1555960790939301e-07,0.004564245267831614,-8.13339661125418,71705.68987286516,991,382.0656033661746,-1.388664108078265e-14,7.50425393055974e-14,0.12467929690010793,9,0.597,0.0,1
conf_cyl_plus_sphere,3,"16,17,28",0.0002745788369793445,0.0004690862070458011,nan,0,1400,0.008678081445395947,18.786291729312644,0,0,1000,1e-08,dense,1.8848316648396382e-07,0.002465704567813546,-7.416784187961162,15599.954818164706,999,718.1385284513465,-5.5701835288343747e-14,8.160927524485248e-14,0.11635582890979577,9,0.605,0.0,1
conf_cyl_plus_sphere,3,"17,21,29",0.00016916540334932506,0.000471454976747279,nan,0,1400,0.01102541759610176,20.662351814693057,0,0,1000,1e-08,dense,1.1711245127939313e-07,0.0019118663019596532,-7.406580847442328,25829.041475359812,999,1096.4990889053995,4.741323553158264e-13,2.517844305649725e-13,0.11307853317102433,9,0.59,0.0,1
conf_cyl_plus_sphere,3,"17,23,28",0.00021605007350444794,0.00038427337781784604,nan,0,1400,0.010563654825091362,15.72579874577519,0,0,1000,1e-08,dense,5.944713792081425e-08,0.004492519035191493,-8.214938279177142,127905.61158463113,989,516.6433679541553,-1.3092772047317505e-16,1.0399039095353836e-13,0.1017005504094455,9,0.608,0.0,1
conf_cyl_plus_sphere,3,"18,22,29",0.0002655046118889004,0.0004543852871798278,nan,0,1400,0.011574494652450085,19.853638652114917,0,0,1000,1e-08,dense,4.0429681156924665e-08,0.0019836994026087022,-7.456791122067926,69988.66478829274,999,1008.7526685613012,1.931621052693614e-15,5.4180080712979675e-14,0.14449287859890347,9,0.682,0.0,1
conf_cyl_plus_sphere,5,"0,3,10,13,23",0.0005152150988578796,0.0004936694068288319,nan,0,1800,0.007798883132636547,27.65333740505578,0,0,1000,1e-08,dense,3.1076218550477133e-07,0.00146374718679748,-7.0272763821731505,8411.467466055496,999,2127.356112424005,-1.0308363497187667e-12,3.6142481617625165e-13,0.1061270341247044,9,0.949,0.0,1
conf_cyl_plus_sphere,5,"0,7,11,24,25",0.00047477096086367965,0.0004883153560851332,nan,0,1800,0.008961839601397514,27.32377031944804,0,0,1000,1e-08,dense,2.8864285050828265e-07,0.0017761551380731037,-7.048173002438327,6518.498673929015,999,1318.90033819663,-9.732045356224128e-14,5.1745579967800573e-14,0.17986600881282666,9,0.654,0.0,1
conf_cyl_plus_sphere,5,"0,7,12,23,30",0.0002272741694469005,0.0004989951279595214,nan,0,1800,0.007414333987981081,27.307640564726547,0,0,1000,1e-08,dense,1.869360131162925e-07,0.0024018230083541476,-7.042684593479804,8880.9920165559,999,1147.3117171536844,2.029286038925058e-13,8.853492470917837e-14,0.14895005360313018,9,0.58,0.0,1
conf_cyl_plus_sphere,5,"0,8,11,13,29",0.0004228590405546129,0.0005127802849828022,nan,0,1800,0.007486230228096247,27.848377108516182,0,0,1000,1e-08,dense,5.174096840180094e-08,0.0015467570231303557,-7.078090040101005,33376.47969779459,999,2503.438095667437,-4.2001500935918593e-14,8.543012430413041e-14,0.14673722761120722,9,0.957,0.0,1
conf_cyl_plus_sphere,5,"0,23,25,26,31",0.00021850541816093028,0.0004918608125895873,nan,0,1800,0.008358837105333805,27.35885582707723,0,0,1000,1e-08,dense,7.636762019029045e-08,0.00185173964470099,-7.1233563352299765,19929.47243166197,999,1922.2910065155043,7.849584844334674e-14,4.4765385145341796e-14,0.1514555001221881,9,0.732,0.0,1
conf_cyl_plus_sphere,5,"1,18,19,22,25",0.00038200212293304503,0.0004750227564190221,nan,0,1800,0.007523158099502325,17.757200241896204,0,0,1000,1e-08,dense,1.287887374475899e-07,0.0035218661068014538,-7.5858730241613275,29874.68957387661,999,836.7326817768619,2.643177406836915e-13,1.165352969033263e-13,0.21996469388659767,9,0.409,0.0,1
conf_cyl_plus_sphere,5,"2,3,14,16,30",0.00047019089106470346,0.00047240358313976476,nan,0,1800,0.009892664849758148,18.046578573841913,0,0,1000,1e-08,dense,2.6220629153729196e-07,0.0024150201501693825,-7.216623729485304,7958.540369207557,999,1050.2896580669808,-3.19956626297635e-13,1.6173908556844038e-13,0.24223607273291892,9,0.636,0.0,1
conf_cyl_plus_sphere,5,"2,4,5,10,13",0.0003443320747464895,0.00047924928310617376,nan,0,1800,0.00918527226895094,20.482701300333144,0,0,1000,1e-08,dense,1.6387221551287923e-07,0.002164827094105808,-7.131188466338812,12199.822293329215,999,1509.2013614504697,-9.40034751792987e-14,7.819423590064308e-14,0.15899374172437475,9,0.563,0.0,1
conf_cyl_plus_sphere,5,"2,8,21,24,27",0.0003931629762519151,0.000505167560094697,nan,0,1800,0.007212458178400993,20.83170575462511,0,0,1000,1e-08,dense,8.290130963893621e-08,0.0018365050288572497,-7.204491518201855,18047.148552017305,999,1767.525384728283,4.793021448484813e-13,1.8001507628480153e-13,0.18639240228973725,9,0.792,0.0,1
conf_cyl_plus_sphere,5,"3,6,14,17,30",0.0004573496407829225,0.0004247037908956857,nan,0,1800,0.013240734115242958,15.854324520310621,0,0,1000,1e-08,dense,2.3964533932544622e-08,0.005012193522612671,-7.4748343571788585,61363.81144017668,997,632.5199042998279,2.861831385892539e-16,4.7418627709765365e-14,0.4379182118876608,9,0.592,0.0,1
conf_cyl_plus_sphere,5,"3,7,9,16,23",0.0004180271062068641,0.0004796070518641652,nan,0,1800,0.009128978475928307,18.035770347141153,0,0,1000,1e-08,dense,2.266480339905987e-07,0.0018876103990551547,-7.2373366181781265,9940.986132682374,999,1079.610091477724,1.6282847673709984e-13,9.835021558028987e-14,0.13500061242293251,9,0.584,0.0,1
conf_cyl_plus_sphere,5,"3,8,17,19,29",0.0004396631265990436,0.000503939965669192,nan,0,1800,0.009047227911651134,19.837999630212096,0,0,1000,1e-08,dense,1.765740012713709e-07,0.0021123734487602302,-7.198348797947633,11618.828320254077,999,1536.7750747062878,-9.0461694057342e-14,3.751685297391666e-14,0.23782694948615435,9,0.606,0.0,1
conf_cyl_plus_sphere,5,"4,6,7,17,18",0.00037669888115487993,0.00047010423516976907,nan,0,1800,0.007192249875515699,17.429710043392316,0,0,1000,1e-08,dense,6.886077200452058e-07,0.003058415038773698,-7.410206998792273,9079.058396952953,999,602.4319136774736,-2.530658948929755e-14,5.340916249246138e-14,0.11734626106879711,9,0.553,0.0,1
conf_cyl_plus_sphere,5,"4,7,10,11,23",0.0005375435575842857,0.00041735582696388176,nan,0,1800,0.008898066356778145,16.834445226141202,0,0,1000,1e-08,dense,4.42455182848329e-07,0.003260101272359119,-7.4104399669520005,10495.679343972028,999,798.3727771946731,-1.7801000474007567e-14,9.380635772230249e-14,0.15482735458741764,9,0.555,0.0,1
conf_cyl_plus_sphere,5,"5,12,21,27,31",0.000255934486631304,0.0005162751294266642,nan,0,1800,0.00676635280251503,20.906945249742655,0,0,1000,1e-08,dense,9.226890838845989e-08,0.0016959734279880176,-7.186635437376164,16452.290438181695,999,1704.6885097738843,-9.278211286425789e-14,6.431468922276083e-14,0.21053673696089514,9,0.603,0.0,1
conf_cyl_plus_sphere,5,"5,13,15,21,31",0.00025574275059625506,0.00048590299429297984,nan,0,1800,0.008343507535755634,21.17517003776176,0,0,1000,1e-08,dense,4.3126134848329174e-08,0.0017433740583537585,-7.1637061461133085,40825.76519054773,999,2197.089315952853,-1.8562913523277914e-13,8.741604913061102e-14,0.15286467402301496,9,0.871,0.0,1
conf_cyl_plus_sphere,5,"6,9,15,21,28",0.0004294289683457464,0.0004811671356988723,nan,0,1800,0.007224476430565119,18.620479063819076,0,0,1000,1e-08,dense,1.616790237984471e-07,0.0024097891574217712,-7.445498830375346,17400.08851176697,999,983.158879516408,3.441121898894224e-13,1.6454699955170797e-13,0.16568141758343252,9,0.552,0.0,1
conf_cyl_plus_sphere,5,"6,10,12,16,19",0.0005966161843389273,0.00045386799509975926,nan,0,1800,0.010311726480722427,17.934274644712087,0,0,1000,1e-08,dense,1.4385610575756038e-07,0.0025551757452906497,-7.322307486424118,13283.325551730575,999,984.4514787494189,-2.615980972866466e-13,1.4609544243166128e-13,0.17593480798614874,9,0.596,0.0,1
conf_cyl_plus_sphere,5,"6,21,26,28,29",0.0003784801810979843,0.0004995033307475592,nan,0,1800,0.0074881273321807384,20.140890800362186,0,0,1000,1e-08,dense,3.4978403056333425e-08,0.0019949799858475377,-7.489083828528124,61496.008682235166,999,1778.5380154399313,1.7488528815390483e-14,5.6395008855683035e-14,0.2668666746035733,9,0.761,0.0,1
conf_cyl_plus_sphere,5,"7,8,11,26,27",0.0004751511150971055,0.0004878312792118705,nan,0,1800,0.00842416100203991,20.215457875360407,0,0,1000,1e-08,dense,1.630306256555411e-07,0.0017925744261122797,-7.176883578676818,11810.188291196899,999,1529.3178228241986,1.7019799605040228e-13,8.183115229090447e-14,0.28176827237843266,9,0.678,0.0,1
conf_cyl_plus_sphere,5,"7,13,19,20,31",0.0003876861883327365,0.0005025327522411735,nan,0,1800,0.006656816694885492,19.999604545123947,0,0,1000,1e-08,dense,1.4830339662566015e-07,0.0020965821447733787,-7.256819030085848,14002.141722149388,999,1343.705241759298,-4.979196849655119e-13,1.934382042394231e-13,0.131372607371814,9,0.679,0.0,1
conf_cyl_plus_sphere,5,"8,9,17,20,28",0.0001976524799829349,0.0004957794935887724,nan,0,1800,0.0072580548003315926,19.52555301405855,0,0,1000,1e-08,dense,2.546552280743982e-07,0.0027280622993004753,-7.189378583860427,8980.920242132133,999,1002.0720392313036,-1.1535103384627265e-13,7.474227102280586e-14,0.158827644540463,9,0.572,0.0,1
conf_cyl_plus_sphere,5,"9,11,13,20,21",0.00041994694038294256,0.0005063260800745531,nan,0,1800,0.00753129692748189,20.853453207149126,0,0,1000,1e-08,dense,1.3429439979634032e-07,0.0016001114055450628,-7.20696161608874,13780.466477460159,999,1523.5796127427716,5.45977684991792e-13,2.450689759562661e-13,0.1548329288209315,9,0.572,0.0,1
conf_cyl_plus_sphere,5,"9,15,17,18,29",0.00023467896971851587,0.0004719377686420667,nan,0,1800,0.007293364964425564,18.6471974716885,0,0,1000,1e-08,dense,1.1342745207137948e-07,0.0022605358681915453,-7.479234143931314,28516.209554467074,999,1143.2620085671965,-2.542709381338332e-13,1.0717767173613152e-13,0.14992916103407605,9,0.555,0.0,1
conf_cyl_plus_sphere,5,"9,20,25,27,30",0.00020309460524003953,0.00037081787678508953,nan,0,1800,0.008239113725721836,13.708817318971114,0,0,1000,1e-08,dense,1.740211060369007e-08,0.006138710058906824,-8.951855479287213,487288.67308604904,954,614.0967104218273,-3.1522787428599577e-16,1.1820742040994569e-13,0.25652790485400473,9,0.578,0.0,1
conf_cyl_plus_sphere,5,"10,11,16,20,25",0.0005192175740376115,0.00046724724148612326,nan,0,1800,0.00883257482200861,18.196776579621257,0,0,1000,1e-08,dense,1.9892690382557378e-07,0.0021951358125012975,-7.3650919115945594,13811.17788635921,999,1090.3554286934486,-1.7260561121485284e-13,8.914801304223101e-14,0.18387297953640344,9,0.679,0.0,1
conf_cyl_plus_sphere,5,"10,13,17,29,31",0.00024925736943259835,0.00047651547751281434,nan,0,1800,0.007991346530616283,20.51966179008504,0,0,1000,1e-08,dense,1.2173729678052944e-07,0.0017997899293361798,-7.25581877624108,17072.011511122342,999,1828.3402135219894,3.1243499791939536e-13,1.2406166070884113e-13,0.1634956828148327,9,0.616,0.0,1
conf_cyl_plus_sphere,5,"11,17,19,27,29",0.00042183618643321097,0.000422016625657933,nan,0,1800,0.011675501242280006,16.307242833669893,0,0,1000,1e-08,dense,1.2363842564318551e-07,0.0035968043336906063,-7.794275600835305,41876.39019508012,999,1069.797505581857,-2.3326403182668773e-13,7.189944815093446e-14,0.39636995490635335,9,0.603,0.0,1
conf_cyl_plus_sphere,5,"14,19,25,28,31",0.00042168324580416083,0.00042015744134096025,nan,0,1800,0.008432537317276001,16.022394116738557,0,0,1000,1e-08,dense,1.300141050983514e-08,0.0036157095425464747,-8.130287393180726,280725.36099930166,984,941.6259659179229,-1.657782625174405e-13,8.829169533331606e-14,0.2966961088228016,9,0.652,0.0,1
conf_cyl_plus_sphere,5,"15,18,19,29,30",0.00039831805042922497,0.000478601488406391,nan,0,1800,0.0070876204408705235,18.6542548506584,0,0,1000,1e-08,dense,3.396392352242377e-08,0.002240228015354102,-7.591797983527196,96029.41047582263,997,1382.8863127047023,1.769417945496343e-15,3.744390703903675e-14,0.22697325780113625,9,0.745,0.0,1
conf_cyl_plus_sphere,8,"0,1,2,4,5,13,24,30",0.00030291223083622754,0.0005289643450959028,nan,0,2400,0.007107050623744726,18.16342909853962,0,0,1000,1e-08,dense,2.5755562053468386e-07,0.0013865791315500811,-7.029726958264509,7024.414213314904,999,2407.6306090360545,-3.2921107547100644e-14,4.040071125993904e-14,0.2750153122328735,9,0.408,0.0,1
conf_cyl_plus_sphere,8,"0,3,10,14,15,20,26,30",0.00045451385085470974,0.0004939728419650776,nan,0,2400,0.007333364803344011,27.38849333847049,0,0,1000,1e-08,dense,4.482614017003675e-07,0.0017479923373154198,-7.060161508816869,5240.179883623231,999,2190.1272468580687,3.5239136776795896e-13,1.527225378237041e-13,0.26688483245979133,9,0.64,0.0,1
conf_cyl_plus_sphere,8,"0,3,11,13,15,18,20,27",0.0005423963884823024,0.0004947686698576444,nan,0,2400,0.008084799163043499,27.462564966473405,0,0,1000,1e-08,dense,3.0422128891220554e-07,0.001375521756848249,-7.053369341478002,6672.727535970088,999,2651.4577592125734,-4.1901281257560974e-13,1.3436913379154976e-13,0.29999082839652,9,0.758,0.0,1
conf_cyl_plus_sphere,8,"0,5,8,9,12,18,21,29",0.0001923420641105622,0.0005295243498175889,nan,0,2400,0.0074739656411111355,27.80366398603009,0,0,1000,1e-08,dense,1.401524408501655e-07,0.0014921146000249162,-7.066415088165992,11305.479690240601,999,3241.6309203472542,-1.7027585163433118e-12,3.7570181523229514e-13,0.21540535053430288,9,0.575,0.0,1
conf_cyl_plus_sphere,8,"0,5,10,13,16,18,26,30",0.00027524540200829506,0.0004994074796613565,nan,0,2400,0.0075231692753732204,27.66826945734301,0,0,1000,1e-08,dense,1.1172945862074005e-07,0.0015806439166605672,-7.085280401811871,15750.490991801207,999,3575.092159302994,1.151066862285717e-12,2.3322240656897634e-13,0.16270565028591047,9,0.768,0.0,1
conf_cyl_plus_sphere,8,"0,5,10,16,17,24,25,26",0.00030751770827919245,0.0005301593462511085,nan,0,2400,0.0070372228510677814,27.644476118842242,0,0,1000,1e-08,dense,2.3881149463171503e-07,0.0014664223593807435,-7.067820892262961,8132.2678572570785,999,2852.198700435283,1.9984599514320475e-12,5.113980191830852e-13,0.23029885016933957,9,0.579,0.0,1
conf_cyl_plus_sphere,8,"0,8,11,12,17,20,21,26",0.0003217303310520947,0.0005283089837739509,nan,0,2400,0.007247165311127901,27.737805992408468,0,0,1000,1e-08,dense,2.3626896486763926e-07,0.0014859124670086596,-7.091629839612252,8146.456371041034,999,2665.4629868158036,-1.3724987939290654e-12,3.766006263191927e-13,0.22888318807278918,9,0.588,0.0,1
conf_cyl_plus_sphere,8,"1,2,3,6,15,18,20,24",0.0005860376404598355,0.00044749074322794207,nan,0,2400,0.00960362609475851,17.56672631485337,0,0,1000,1e-08,dense,2.6921632167485743e-07,0.002230028100614908,-7.270877456146436,8514.042114692742,999,1466.3455801615444,3.3699232233940293e-13,1.1861420901501212e-13,0.2870114337679808,9,0.401,0.0,1
conf_cyl_plus_sphere,8,"1,2,6,11,22,25,29,31",0.0004990619490854442,0.000424528197560116,nan,0,2400,0.010646091774106026,16.789809423733246,0,0,1000,1e-08,dense,1.4352266618850712e-07,0.0030361404484640178,-7.7337786764384004,45522.1048927333,999,1377.5505378743057,3.019860652737552e-14,4.230655745756726e-14,0.5601077769423375,9,0.389,0.0,1
conf_cyl_plus_sphere,8,"1,3,7,8,9,12,20,25",0.0003381833666935563,0.0004666539068684438,nan,0,2400,0.009080102667212486,18.362169767886453,0,0,1000,1e-08,dense,5.171155980591191e-07,0.002585260837657213,-7.12584301078216,5008.52127024218,999,1226.9279721095775,1.3247150772166538e-13,5.42728398409002e-14,0.17574114499499527,9,0.393,0.0,1
conf_cyl_plus_sphere,8,"1,4,6,8,18,24,27,30",0.0003855878603644669,0.0004904565691070314,nan,0,2400,0.007980060763657093,19.404217972647615,0,0,1000,1e-08,dense,2.9795116245387993e-07,0.0023851523797943416,-7.213032889288924,7763.647273340545,999,1765.3085433163892,-5.039810806148648e-13,1.3457659275711164e-13,0.5101980175328085,9,0.39,0.0,1
conf_cyl_plus_sphere,8,"1,4,12,15,17,23,27,29",0.0002597321872599423,0.0004594722541088912,nan,0,2400,0.0068568638525903225,16.558120639805264,0,0,1000,1e-08,dense,4.1145315361873014e-07,0.003302100796650735,-7.761117496040173,22167.208160092247,999,1242.8876471014598,1.6661462956279321e-13,5.025915223200944e-14,0.3682117787862328,9,0.434,0.0,1
conf_cyl_plus_sphere,8,"1,4,14,15,18,23,25,31",0.0003129879478365183,0.00044481835894586656,nan,0,2400,0.007926098071038723,17.37675559991919,0,0,1000,1e-08,dense,1.508352363491513e-07,0.003133696509517993,-7.694391578234397,27026.12271838891,999,1430.5929515914056,-4.120312925382765e-13,1.165121386918449e-13,0.2546371728540051,9,0.424,0.0,1
conf_cyl_plus_sphere,8,"1,5,18,20,21,23,25,26",0.00024111292441375554,0.00048566530055223884,nan,0,2400,0.00803377851843834,20.22235580587871,0,0,1000,1e-08,dense,9.986634242818429e-08,0.0019842462557417336,-7.269131249315548,17392.286127772728,999,2533.7264307249193,8.219101980054101e-13,1.803975269347948e-13,0.2595077726517495,9,0.41,0.0,1
conf_cyl_plus_sphere,8,"1,8,9,12,18,19,27,30",0.00032562462729401886,0.0004908520580640069,nan,0,2400,0.007357908878475428,19.109590222167352,0,0,1000,1e-08,dense,2.488294587163644e-07,0.0025168767587533175,-7.213896768010069,8405.417690000244,999,1646.6631683180585,3.4061561080336866e-13,1.2693041977111616e-13,0.28067710379028193,9,0.412,0.0,1
conf_cyl_plus_sphere,8,"2,3,7,11,20,21,25,27",0.0005027406150475144,0.0004613144423953943,nan,0,2400,0.009382459335029125,17.838547274323865,0,0,1000,1e-08,dense,3.858128264124908e-07,0.002182866532970759,-7.2951714728847845,7343.040876679582,999,1575.4840238803322,-6.318600198326524e-14,6.96581371665342e-14,0.2817590898427479,9,0.657,0.0,1
conf_cyl_plus_sphere,8,"2,4,7,9,10,18,20,27",0.00033915575477294624,0.0004586509293035141,nan,0,2400,0.0074478620663285255,17.381924112752476,0,0,1000,1e-08,dense,1.6874840553190563e-07,0.0035038655159153258,-7.48826355158823,18405.988571818973,999,1167.2903168767498,1.6688067621577554e-13,7.598349400085525e-14,0.24454290667279183,9,0.545,0.0,1
conf_cyl_plus_sphere,8,"2,7,13,22,23,24,27,30",0.00035532566835172474,0.0005019674468773247,nan,0,2400,0.006582748144865036,18.995652256562575,0,0,1000,1e-08,dense,1.9232159292322848e-07,0.0023339703364857003,-7.325946790822626,12022.169807012884,999,1822.3737265536906,1.979818896715238e-13,6.631766970747757e-14,0.42026921316876087,9,0.684,0.0,1
conf_cyl_plus_sphere,8,"2,9,11,13,15,16,19,24",0.0005224616033956409,0.0004640276798140435,nan,0,2400,0.008978929370641708,18.227005872338303,0,0,1000,1e-08,dense,2.237583676677552e-07,0.0020338079012207316,-7.258734197282843,10519.54045346839,999,2091.82368095159,-1.0284203772869399e-13,6.546486985176272e-14,0.22621928331851093,9,0.578,0.0,1
conf_cyl_plus_sphere,8,"3,5,7,8,14,21,23,27",0.00044403935316950083,0.0005046793279692333,nan,0,2400,0.007512302603572607,20.679856637524804,0,0,1000,1e-08,dense,2.7789890074857416e-07,0.001464185906231486,-7.084713241551179,7426.9741437026,999,2565.4766650228066,-8.483325834422766e-14,9.110585607389936e-14,0.28762654510265573,9,0.661,0.0,1
conf_cyl_plus_sphere,8,"3,5,7,13,17,18,22,25",0.00034652266185730696,0.0005139369253167257,nan,0,2400,0.007185723166912794,20.747873632632423,0,0,1000,1e-08,dense,4.5421688990126994e-07,0.0015556889641458573,-7.0926775270327145,5617.0670731125165,999,2179.5979695042715,-1.274672641743413e-13,5.499395557234919e-14,0.24016746721563953,9,0.589,0.0,1
conf_cyl_plus_sphere,8,"3,5,7,19,20,23,25,28",0.00047227618051692843,0.0004664372974315786,nan,0,2400,0.007905174978077412,18.811102966529127,0,0,1000,1e-08,dense,4.560884415824984e-07,0.0027270349248415884,-7.184787876760472,5334.3117620419,999,1665.7534630359908,3.2906284034434075e-13,9.98963517132302e-14,0.27536852411399326,9,0.649,0.0,1
conf_cyl_plus_sphere,8,"3,5,9,11,12,13,18,23",0.0005027874140068889,0.0004902223883340691,nan,0,2400,0.008016404695808887,20.288544766857672,0,0,1000,1e-08,dense,2.87560095450367e-07,0.001553861977163847,-7.096017447009838,6929.008589844345,999,2414.6732136873575,1.51274078916022e-14,3.80350287076278e-14,0.23858620887224152,9,0.547,0.0,1
conf_cyl_plus_sphere,8,"3,6,8,12,16,17,22,24",0.0004085735126864165,0.00047579348070520775,nan,0,2400,0.009983254596590996,18.808200751463687,0,0,1000,1e-08,dense,2.0822559348673193e-07,0.002241264812199674,-7.191454695363466,9456.274377299014,999,1947.0366279121558,8.74653990488957e-13,2.1577887855179861e-13,0.4282617357130485,9,0.63,0.0,1
conf_cyl_plus_sphere,8,"3,8,10,12,13,15,16,30",0.0004172629560343921,0.0004900954702126566,nan,0,2400,0.0077644335106015205,20.43507091078888,0,0,1000,1e-08,dense,2.654529284564709e-07,0.0014776457352602692,-7.103929292880003,7690.277118657725,999,2554.2249157159426,3.5984157819267393e-13,1.2831799481540866e-13,0.2349136187128592,9,0.579,0.0,1
conf_cyl_plus_sphere,8,"4,5,10,14,15,18,22,23",0.00036230101250112057,0.0004520229218808427,nan,0,2400,0.009001837112009525,18.972630647248565,0,0,1000,1e-08,dense,9.886808469090018e-08,0.0025440229180076226,-7.264710176789566,17908.19623327934,999,1774.9308280684227,2.0036628741804466e-13,6.183366710739563e-14,0.37668744874261284,9,0.595,0.0,1
conf_cyl_plus_sphere,8,"4,6,8,9,10,12,24,30",0.00037139010964892805,0.0004885999137243438,nan,0,2400,0.007477514911442995,19.12354315907066,0,0,1000,1e-08,dense,3.8292451344059774e-07,0.0022791982172493835,-7.17714689308557,5926.296445898737,999,1485.0038247412513,-7.67189453241765e-13,2.453328268932827e-13,0.3439363673748822,9,0.547,0.0,1
conf_cyl_plus_sphere,8,"5,6,15,17,19,20,21,28",0.00044723195605911314,0.0004885084903824652,nan,0,2400,0.007151325233280659,19.41487344063024,0,0,1000,1e-08,dense,3.299711884279815e-07,0.0021504981089659958,-7.238968638197225,7781.7374380214405,999,1823.7431514081281,9.074722310403738e-13,2.4843643815008693e-13,0.32146404627444713,9,0.613,0.0,1
conf_cyl_plus_sphere,8,"5,8,13,15,22,25,26,27",0.00026847192202694714,0.0005155826695878798,nan,0,2400,0.0069872853346168995,21.264095888080263,0,0,1000,1e-08,dense,1.528789350258408e-07,0.001533158516887884,-7.093970220742735,11235.117922206055,999,2747.9682037068687,-1.6989999630703106e-12,4.2562754066173564e-13,0.24068226925607566,9,0.671,0.0,1
conf_cyl_plus_sphere,8,"15,16,17,19,20,21,25,31",0.00033760888618417084,0.0004858010482449056,nan,0,2400,0.006936002988368273,19.013223997955155,0,0,1000,1e-08,dense,1.9638147476383355e-07,0.002334280175882317,-7.419714700741097,15895.460402847366,999,2003.653565989308,2.1333185801111591e-13,5.616147862753252e-14,0.2455533926644609,9,0.596,0.0,1
conf_cylinder_r03_d12,3,"0,5,23",0.00011085569713031873,0.00046194156078434583,nan,0,1400,0.005550825502723455,28.166161328813047,0,0,1000,1e-08,dense,1.9504255274129105e-07,0.0013062707010066791,-6.976735256053815,6338.412216828782,997,1496.4565521033362,2.4863185237758303e-13,1.4796563816225073e-08,0.023908014943063785,5,0.953,0.0,1
conf_cylinder_r03_d12,3,"0,9,10",9.721110109239817e-05,0.0004991075407513013,nan,0,1400,0.004544687457382679,27.882996555931253,0,0,1000,1e-08,dense,1.3638266404462529e-08,0.0013101110664320442,-6.977422009419415,74958.31928553653,998,988.27300228478,1.5668899153874e-13,1.4414276163170701e-08,0.01863314385216982,5,0.557,0.0,1
conf_cylinder_r03_d12,3,"0,24,27",0.00010546021076152101,0.0004809819636364605,nan,0,1400,0.005578076001256704,27.905096112514947,0,0,1000,1e-08,dense,1.292152863388112e-07,0.0013078241618192591,-6.9897199055480295,8998.615569215344,997,1238.4857220775052,-5.816921451805831e-13,1.3967495379964211e-08,0.04873471269955838,5,0.847,0.0,1
conf_cylinder_r03_d12,3,"1,5,28",8.140615682350472e-05,0.0004890526211984443,nan,0,1400,0.0037060037720948458,20.79659373826106,0,0,1000,1e-08,dense,1.6405503958083987e-05,0.0014484625013081026,-7.022902768537166,1469.2943369757118,996,747.970108021264,-3.1309511473866634e-12,1.7677243072530897e-08,0.051194937717606234,5,0.371,0.0,1
conf_cylinder_r03_d12,3,"1,26,27",8.638904546387494e-05,0.00045334870494024974,nan,0,1400,0.004429632797837257,18.74729543725512,0,0,1000,1e-08,dense,6.705598854113236e-07,0.0021671710315127454,-7.598934441135728,36214.51577660144,996,739.7676376875075,-5.217592678606762e-12,7.4801625374597e-09,0.05618645924877109,5,0.365,0.0,1
conf_cylinder_r03_d12,3,"2,6,12",5.22636401001364e-05,0.0004003310404206823,nan,0,1400,0.0037680354434996843,14.058741067542574,0,0,1000,1e-08,dense,6.83366806289587e-07,0.0050316240374492106,-7.72261382443706,9962.690758668923,997,149.66608960225216,1.201979149942656e-13,1.250271838056998e-08,0.024500045700308254,5,0.587,0.0,1
conf_cylinder_r03_d12,3,"2,7,18",8.351958240382373e-05,0.00045426884091912575,nan,0,1400,0.004121370613574982,18.487258296239265,0,0,1000,1e-08,dense,3.419999863814179e-08,0.0017471983915455255,-7.308413396001746,34755.609272530564,997,541.3836179836981,3.4305421292072595e-13,2.470435459645017e-08,0.031449415347277826,5,0.652,0.0,1
conf_cylinder_r03_d12,3,"2,9,14",5.198915096116252e-05,0.0004034010153115349,nan,0,1400,0.0037933536805212498,14.189993124966323,0,0,1000,1e-08,dense,3.848650732457616e-06,0.005835575314890542,-7.783698286983028,7339.573500224263,997,156.17052112066477,-2.0855030134034203e-13,9.386871038055396e-09,0.03782796940464491,5,0.573,0.0,1
conf_cylinder_r03_d12,3,"2,10,28",7.778605504427105e-05,0.00044137123344386415,nan,0,1400,0.003853045403957367,17.437244679618004,0,0,1000,1e-08,dense,2.326689956190886e-08,0.002172107347391691,-7.413652353080305,49061.511052877824,997,551.1022534707462,-7.99546835808383e-13,2.22249249030642e-08,0.04206868830088178,5,0.847,0.0,1
conf_cylinder_r03_d12,3,"3,14,29",9.868141205515712e-05,0.00046409099718468943,nan,0,1400,0.0052434043027460575,20.41098976329465,0,0,1000,1e-08,dense,1.0415413601627834e-07,0.001656152108080807,-7.181425929693407,11956.19896585264,997,864.3558405262452,-7.970066535054769e-13,1.6471304847731604e-08,0.042073523397626114,5,0.671,0.0,1
conf_cylinder_r03_d12,3,"6,8,13",0.00010156059579458088,0.00048253215071654464,nan,0,1400,0.004899012856185436,23.1082962669406,0,0,1000,1e-08,dense,1.7618081565221275e-07,0.0014508282789314215,-7.045154267631234,7379.607756008357,997,1331.9976915749598,2.5445873871423668e-14,9.931640201097786e-09,0.023582602380288753,5,0.774,0.0,1
conf_cylinder_r03_d12,3,"6,14,16",8.078647078946233e-05,0.00046499166154307005,nan,0,1400,0.004101320169866085,19.219428727991197,0,0,1000,1e-08,dense,2.521190812991882e-06,0.0018167489498558617,-7.248918193696331,3972.472994634969,996,558.9585788613557,-9.90269042333154e-13,1.9583220808822114e-08,0.05280707372148403,5,0.648,0.0,1
conf_cylinder_r03_d12,3,"6,15,18",8.431359310634434e-05,0.0004526457983888196,nan,0,1400,0.004146608058363199,18.638493684787036,0,0,1000,1e-08,dense,3.850559636821778e-06,0.0019465325762944429,-7.4202042320940205,8393.49405385944,996,595.6437411739932,-2.6912249827819623e-14,1.790108161814804e-08,0.03785611121225603,5,0.773,0.0,1
conf_cylinder_r03_d12,3,"6,15,23",6.677446071989834e-05,0.00042265846179646155,nan,0,1400,0.003550876397639513,15.525213880571556,0,0,1000,1e-08,dense,2.2963356161517936e-07,0.0028618205564581,-7.942018277531598,107936.47071263587,959,435.3907808123545,-2.6973300108739895e-16,1.5739220881309654e-08,0.044619650397187904,5,0.774,0.0,1
conf_cylinder_r03_d12,3,"7,10,19",7.489962445106357e-05,0.00045332958360759794,nan,0,1400,0.0037460511084645987,17.435588259395036,0,0,1000,1e-08,dense,4.256017354258319e-06,0.002246349295337426,-7.450087469683779,6572.3543947029475,996,454.4822418654927,9.203411854739326e-15,1.4656706260998523e-08,0.04103184946875225,5,0.663,0.0,1
conf_cylinder_r03_d12,3,"8,10,19",9.803038847167045e-05,0.0004733917751034284,nan,0,1400,0.004801454953849316,21.375956336881906,0,0,1000,1e-08,dense,1.3115162713011395e-07,0.001408005142220498,-7.058105092319406,9244.867364493994,997,1058.8517980739855,-1.5485707002502917e-13,1.280488822470269e-08,0.039644128763143174,5,0.909,0.0,1
conf_cylinder_r03_d12,3,"9,14,17",7.409088721033186e-05,0.0003195609100076688,nan,0,1400,0.03425941243767738,12.822212122852195,0,0,1000,1e-08,dense,1.6675281998926223e-08,0.009912927701744782,-9.03425211314818,342370.60443040484,802,138.50679727048254,-7.666396121507078e-16,5.11194676162229e-09,0.05354695188930439,5,0.559,0.0,1
conf_cylinder_r03_d12,3,"10,11,15",8.159258868545294e-05,0.0004385950324644982,nan,0,1400,0.0040783449076116085,17.508202685093867,0,0,1000,1e-08,dense,1.0462995933494968e-07,0.0019548571104410556,-7.383378236867937,15589.596752397196,997,544.1391464072163,1.459179891730196e-13,1.8589167784186397e-08,0.02733560892035556,5,0.903,0.0,1
conf_cylinder_r03_d12,3,"11,14,22",6.905564077896997e-05,0.00044461405061503253,nan,0,1400,0.003624455537647009,16.006387142115873,0,0,1000,1e-08,dense,1.0067021911024023e-08,0.004190832954650604,-7.819921151667673,135160.93952793832,997,340.2136579916878,1.4399421326832394e-14,1.3297557406790827e-08,0.06308837504756723,5,0.653,0.0,1
conf_cylinder_r03_d12,3,"11,15,21",9.956667781807482e-05,0.00045251515189343274,nan,0,1400,0.005630209110677242,19.8290688789129,0,0,1000,1e-08,dense,5.051187357174728e-08,0.0017545796318199365,-7.33073519747341,25233.124014129626,997,908.7447012027603,1.8227096679367963e-13,1.0988343819629214e-08,0.04491964198405564,5,0.9,0.0,1
conf_cylinder_r03_d12,3,"11,19,28",7.106909470167011e-05,0.0004197151286838244,nan,0,1400,0.004303295165300369,15.993758002611093,0,0,1000,1e-08,dense,2.3709453533692988e-07,0.002843009717130046,-7.848633832811399,84548.45517866689,996,566.8581647642089,3.662401305133776e-13,1.1583202998163456e-08,0.060563038911128325,5,0.861,0.0,1
conf_cylinder_r03_d12,3,"12,17,19",7.220091356430203e-05,0.00036771311440473,nan,0,1400,0.01257780659943819,14.624357234826608,0,0,1000,1e-08,dense,1.6579882636550665e-08,0.006004280187088783,-8.546547516885424,251272.13357323158,997,253.572157398709,-1.5076587767703214e-15,6.5992578532765025e-09,0.06424732185286551,5,0.572,0.0,1
conf_cylinder_r03_d12,3,"12,17,21",9.226115071214736e-05,0.00046954608606307897,nan,0,1400,0.004582379013299942,20.17882597906715,0,0,1000,1e-08,dense,8.412174323200176e-07,0.0019812887043690872,-7.223649398138739,4628.64457417168,997,741.7336261683872,1.2499614474404306e-13,6.713283919335513e-09,0.037992732670810936,5,0.578,0.0,1
conf_cylinder_r03_d12,3,"15,24,25",7.996708154678345e-05,0.0004551025907788209,nan,0,1400,0.0035495080519467592,17.003230029434565,0,0,1000,1e-08,dense,8.844881038672135e-08,0.0031647508663065252,-7.93225401532665,94048.04741634172,996,577.7335785626708,1.3802189528624018e-13,7.191210362433154e-09,0.08249459978591915,5,0.694,0.0,1
conf_cylinder_r03_d12,3,"19,20,29",8.620689914096147e-05,0.0004472550412965222,nan,0,1400,0.00409127539023757,18.0162635906568,0,0,1000,1e-08,dense,5.377801837595138e-07,0.002494673100171797,-7.629055773123437,20042.22105316684,979,757.5140995420836,-1.8283204959160367e-15,9.126720820197057e-09,0.0724132166713485,5,0.676,0.0,1
conf_cylinder_r03_d12,3,"20,21,25",9.049293294083327e-05,0.00047717430693599834,nan,0,1400,0.004843798466026783,20.458339155394288,0,0,1000,1e-08,dense,2.1255634556769884e-07,0.002225610801080067,-7.322825479406631,9488.556873842825,997,849.5134950090019,8.499672859364618e-14,6.75290823602368e-09,0.07031941939762554,5,0.697,0.0,1
conf_cylinder_r03_d12,3,"20,24,25",7.943629316287115e-05,0.0004573010592405853,nan,0,1400,0.003494192147627473,17.13103457518627,0,0,1000,1e-08,dense,9.772782132914037e-08,0.003613929785266652,-7.951457312213138,88252.31945279893,996,562.3145253079913,-6.513196228831292e-13,6.159806956105364e-09,0.07121513335977864,5,0.687,0.0,1
conf_cylinder_r03_d12,3,"22,23,24",8.683796477271244e-05,0.00043181605418689614,nan,0,1400,0.0037398822605609894,17.33403472655668,0,0,1000,1e-08,dense,1.9774911206772897e-08,0.0027786058377970006,-8.005166599758239,306492.8127467413,996,693.6106164928366,-2.0600819053552062e-13,7.58934806415734e-09,0.08715943153319208,5,0.657,0.0,1
conf_cylinder_r03_d12,3,"23,25,28",7.825407374184579e-05,0.0004219221073161854,nan,0,1400,0.004356295336037874,16.08860682315658,0,0,1000,1e-08,dense,7.729865838569997e-08,0.00358978826260943,-8.200981712942767,232048.38335283528,978,616.2911132377952,-8.543627853259815e-13,1.0144518726043665e-08,0.0757353866259891,5,0.704,0.0,1
conf_cylinder_r03_d12,3,"24,25,26",0.00010212558845523745,0.00043465145907704,nan,0,1400,0.0060996185056865215,19.385753926360216,0,0,1000,1e-08,dense,1.0904261973000997e-07,0.0020719820970534586,-7.5647688410973695,41050.84408628348,997,1028.1058521152352,-3.9455968226731346e-13,7.564265091651942e-09,0.060588141284658545,5,0.706,0.0,1
conf_cylinder_r03_d12,5,"0,1,2,8,17",7.444788207067177e-05,0.0005266740260994781,nan,0,1800,0.003401620779186487,17.51610679966429,0,0,1000,1e-08,dense,2.3971366536919753e-06,0.0013355896430458905,-6.971475243726597,1596.0846739908739,997,1474.4084308674664,3.62914552172337e-12,1.0985272108775353e-08,0.04790830507834865,5,0.347,0.0,1
conf_cylinder_r03_d12,5,"0,2,13,15,26",8.708769746590406e-05,0.0005269095732245495,nan,0,1800,0.0034177827183157206,27.972428207884246,0,0,1000,1e-08,dense,7.244393505562642e-07,0.0013712305728095875,-7.014272729043646,2726.791736413348,997,2112.0176892578784,3.874197698811546e-13,1.3113213708790475e-08,0.05556095347097401,5,0.9,0.0,1
conf_cylinder_r03_d12,5,"0,10,13,20,30",8.195012924261391e-05,0.0005387364722285624,nan,0,1800,0.003313286229968071,28.02671710258279,0,0,1000,1e-08,dense,1.4423242675549268e-06,0.001253484192244426,-6.989751676472425,1965.723007203793,997,1892.2829018515984,-4.860047512536178e-13,1.3792053751849596e-08,0.06246094899879562,5,0.692,0.0,1
conf_cylinder_r03_d12,5,"0,11,12,13,19",8.292938582599163e-05,0.0005236190212923361,nan,0,1800,0.0033073059748858213,27.86334150556085,0,0,1000,1e-08,dense,2.0276962098775167e-08,0.0013041302636940877,-6.999308219574848,50998.804347704674,998,1759.1201799797254,-9.111881998114913e-13,1.2561203332621412e-08,0.05366466730432283,5,0.585,0.0,1
conf_cylinder_r03_d12,5,"1,2,6,11,15",5.805533146485686e-05,0.00042556322558969575,nan,0,1800,0.0034493610728532076,15.128341689366875,0,0,1000,1e-08,dense,2.2286400608603523e-07,0.0028862796374338824,-7.653953367095998,22948.58498668232,997,410.7695608687329,-2.7932830204482364e-12,1.4778338352806805e-08,0.04671828164515829,5,0.336,0.0,1
conf_cylinder_r03_d12,5,"1,3,11,14,19",6.866124749649316e-05,0.0004790196995212358,nan,0,1800,0.0033857314847409725,17.99044937679826,0,0,1000,1e-08,dense,1.425646701117174e-07,0.002149826692898945,-7.197684906662848,9244.416998664785,997,701.9501282493258,4.059985999096092e-14,2.329977904122186e-08,0.04939009796421388,5,0.353,0.0,1
conf_cylinder_r03_d12,5,"1,4,10,19,29",7.247691246448085e-05,0.0004557490685463132,nan,0,1800,0.003542238147929311,17.838905795340064,0,0,1000,1e-08,dense,2.837051208270123e-06,0.0019390459538078447,-7.451904765960915,8264.741008136605,997,978.7661534153168,-1.0770972985321248e-12,1.0591336024576337e-08,0.0625845002443233,5,0.386,0.0,1
conf_cylinder_r03_d12,5,"1,9,18,30,31",7.357498543569818e-05,0.0004781804068691373,nan,0,1800,0.0035769790410995483,18.653502794474328,0,0,1000,1e-08,dense,1.0161070969543266e-08,0.0025851961258072645,-7.492880988651017,106715.10322744511,998,1019.7691628481109,-2.015683884689265e-12,9.101765803978443e-09,0.09505945752269933,5,0.343,0.0,1
conf_cylinder_r03_d12,5,"2,4,13,14,30",6.802893767599016e-05,0.0005067381808739525,nan,0,1800,0.0035690697841346264,19.781766554557034,0,0,1000,1e-08,dense,1.1217539655744802e-08,0.002019185523873303,-7.142955455893306,91714.30565680537,998,980.3180464828789,1.2210120825343123e-12,9.685776699266312e-09,0.08977511180661675,5,0.569,0.0,1
conf_cylinder_r03_d12,5,"2,4,22,25,30",5.210398376220837e-05,0.0004117536930475785,nan,0,1800,0.0037002211902290583,14.390302706488322,0,0,1000,1e-08,dense,7.102530786181962e-08,0.006062965114097207,-8.280542190506589,29969.384061402652,998,458.62731874763216,-9.111346586114687e-14,5.079231482401262e-09,0.08679597651412763,5,0.553,0.0,1
conf_cylinder_r03_d12,5,"2,8,10,12,21",8.037824591156095e-05,0.0005105844707565485,nan,0,1800,0.003437790321186185,21.209258729776927,0,0,1000,1e-08,dense,2.1872749352174105e-06,0.0014450745622099721,-7.07628726242371,2202.6895140743195,997,1637.7084205496471,-4.1659917139650115e-13,1.266694076644415e-08,0.055928682419767006,5,0.59,0.0,1
conf_cylinder_r03_d12,5,"2,9,13,20,30",6.936812860658392e-05,0.0005063195882639419,nan,0,1800,0.0035302648320794106,19.83415189667262,0,0,1000,1e-08,dense,1.1522454912130617e-08,0.002215494518492478,-7.1414789926212485,89620.11067171903,998,1024.2840444029216,1.504426761795029e-12,9.313001502998918e-09,0.08444642469947627,5,0.544,0.0,1
conf_cylinder_r03_d12,5,"2,12,16,18,25",7.44888893677853e-05,0.0004916158577682756,nan,0,1800,0.0034649146255105734,19.438933865319562,0,0,1000,1e-08,dense,2.3476446638314494e-08,0.0018929671524717823,-7.304703870840378,49553.449930642644,998,1114.3411204947188,-2.8924005444475906e-13,1.2026626682819001e-08,0.06279352305670985,5,0.575,0.0,1
conf_cylinder_r03_d12,5,"3,4,11,16,17",7.316965638892725e-05,0.0004969894223401717,nan,0,1800,0.0033776655327528715,19.48387437139818,0,0,1000,1e-08,dense,1.179210040379333e-07,0.0015772828507808951,-7.140520943260994,10676.178649093423,998,986.5322067267127,-2.8837534236712483e-13,2.303945150950213e-08,0.04888960026997362,5,0.573,0.0,1
conf_cylinder_r03_d12,5,"3,5,8,10,19",8.283692295663059e-05,0.0005182928676544897,nan,0,1800,0.0032916285563260317,21.621595035891012,0,0,1000,1e-08,dense,1.2697409351068387e-07,0.0013600412022222567,-7.020124122110682,9320.71365920507,997,1887.1405921920943,5.830912633305353e-13,1.3992689669440388e-08,0.03874669026540785,5,0.922,0.0,1
conf_cylinder_r03_d12,5,"3,8,17,24,25",7.99225817900151e-05,0.0005185479473136033,nan,0,1800,0.0033661990892142057,21.248416308621827,0,0,1000,1e-08,dense,1.1123352511918992e-08,0.0015683032398717898,-7.078295776884735,92124.0151453833,998,1443.771417297721,-3.644888965860981e-13,1.4270987383801377e-08,0.07546822789814601,5,0.636,0.0,1
conf_cylinder_r03_d12,5,"3,12,15,17,24",7.313448440982029e-05,0.0004806033520278174,nan,0,1800,0.003433034522458911,18.614053027523696,0,0,1000,1e-08,dense,4.02616375565127e-06,0.002487445017174013,-7.257155241560326,2749.7167102059043,997,857.7679915477488,-1.4491069389102998e-13,1.0378370696427367e-08,0.06522017804480416,5,0.594,0.0,1
conf_cylinder_r03_d12,5,"3,21,22,27,28",7.760287553537637e-05,0.0005096783703833208,nan,0,1800,0.003401583293452859,20.26320704939017,0,0,1000,1e-08,dense,1.161692584833119e-06,0.002086867681376872,-7.2315252059591275,3431.243212780512,997,1378.9842053722414,-1.3790732710050062e-12,9.552054831692162e-09,0.12371008565390486,5,0.659,0.0,1
conf_cylinder_r03_d12,5,"4,9,25,26,28",6.803848373237997e-05,0.00047266342696552263,nan,0,1800,0.0036125946789979935,18.030719146748556,0,0,1000,1e-08,dense,7.326166958209205e-08,0.0031100449952927945,-7.655251929547007,25007.012047325614,998,903.4389795230188,3.218444187386364e-13,7.316383327849341e-09,0.1258386150875208,5,0.578,0.0,1
conf_cylinder_r03_d12,5,"4,10,13,25,27",7.405810174532235e-05,0.000515224724553264,nan,0,1800,0.0034249897580593824,20.513614649829748,0,0,1000,1e-08,dense,5.7137831695719664e-08,0.00189191744430861,-7.171991977516642,20221.49942101619,998,1229.3497089550592,6.007563137719634e-13,1.0614896298823505e-08,0.071016074424326,5,0.558,0.0,1
conf_cylinder_r03_d12,5,"5,8,17,24,26",8.962444553617388e-05,0.0005119436608667897,nan,0,1800,0.0036308998242020607,22.14452610687518,0,0,1000,1e-08,dense,2.942094524852218e-06,0.0014485393453004501,-7.074930262467976,1995.8025351156698,997,2085.0587506402776,6.031186014005593e-13,9.996856978506977e-09,0.07084777788192245,5,0.643,0.0,1
conf_cylinder_r03_d12,5,"5,12,16,22,28",7.668709440622479e-05,0.0005209401899555658,nan,0,1800,0.0034167589619755745,20.986525453369094,0,0,1000,1e-08,dense,1.464194766601999e-08,0.0018468844958837137,-7.12693705777934,70680.6007109551,998,1301.4572013971897,8.417409487782981e-13,9.67083361109176e-09,0.12058763739270328,5,0.594,0.0,1
conf_cylinder_r03_d12,5,"5,17,18,22,24",8.17306645330973e-05,0.0005079937569732246,nan,0,1800,0.003493263851851225,21.037066489079933,0,0,1000,1e-08,dense,3.317159488373063e-06,0.0016582199047704023,-7.127853549417029,2214.6073971093297,997,1465.8671820578513,-5.3633273325792106e-14,1.1065542960208772e-08,0.11568832408796058,5,0.639,0.0,1
conf_cylinder_r03_d12,5,"6,13,18,26,28",8.619572327006608e-05,0.0005005430950646155,nan,0,1800,0.0037165761459618807,21.301742275935176,0,0,1000,1e-08,dense,2.650145382531276e-07,0.0016391313770898139,-7.197093741633511,6586.810289365318,997,1903.5271457894687,-6.893765661397285e-13,1.2405269353696561e-08,0.07788837887083652,5,0.785,0.0,1
conf_cylinder_r03_d12,5,"6,16,21,25,27",7.471800927305594e-05,0.0005034365181905879,nan,0,1800,0.0034711742773652077,20.328524543668273,0,0,1000,1e-08,dense,2.1999142345240909e-07,0.0018639010048432385,-7.282174481483322,8485.957538068702,997,1438.5976761913048,1.7167750906766237e-13,1.1256239095047825e-08,0.09735244261390105,5,0.686,0.0,1
conf_cylinder_r03_d12,5,"8,10,14,15,18",7.919342169770971e-05,0.0005084139640026053,nan,0,1800,0.0034101034980267286,20.961967425149794,0,0,1000,1e-08,dense,3.287190842552889e-07,0.001469695036494444,-7.099294275670277,4911.7259724983105,997,1512.7523543822588,-1.6364022884311443e-12,1.567798478017433e-08,0.0519643349929578,5,0.644,0.0,1
conf_cylinder_r03_d12,5,"10,11,17,27,31",7.600297249155119e-05,0.0004566329955656587,nan,0,1800,0.0035230987705290318,17.79899082276422,0,0,1000,1e-08,dense,1.1427208276314389e-06,0.002555140302139221,-7.551573043935356,9255.423822068185,997,1050.971116680782,3.431427649485252e-13,8.986280379157176e-09,0.0905845006340763,5,0.602,0.0,1
conf_cylinder_r03_d12,5,"10,15,20,21,27",7.43788987165317e-05,0.0004888087636531334,nan,0,1800,0.003436150262132287,19.38189749461767,0,0,1000,1e-08,dense,4.0349908904756765e-08,0.0019627274868492966,-7.300610807161165,29266.85777148612,997,1321.3103771808965,4.4658565287108396e-13,1.1002256123232718e-08,0.10572786546736412,5,0.713,0.0,1
conf_cylinder_r03_d12,5,"11,15,19,21,23",7.817530422471464e-05,0.00046945229350656663,nan,0,1800,0.003487804438918829,18.807835882442262,0,0,1000,1e-08,dense,4.139826690799965e-08,0.0019311569409994171,-7.417616111962351,31472.493954313963,997,1378.150868847686,-4.953291909602787e-13,1.0606543323325804e-08,0.1013748371330319,5,0.902,0.0,1
conf_cylinder_r03_d12,5,"18,23,26,27,29",9.299248631577939e-05,0.00044304409393396127,nan,0,1800,0.004868118558079004,19.322926194495263,0,0,1000,1e-08,dense,1.452314398050173e-07,0.002064926906008921,-7.528695671449616,23664.3708607844,997,1842.3370013274957,4.230977159573317e-13,8.664913478838591e-09,0.12906543233198547,5,0.831,0.0,1
conf_cylinder_r03_d12,8,"0,1,2,4,16,20,22,28",6.85414343024604e-05,0.0005139685437528936,nan,0,2400,0.003503982676193118,16.67919636740727,0,0,1000,1e-08,dense,6.448839825815983e-08,0.0018833039682757133,-7.034861737016975,17122.026521603195,998,1619.644421578988,-2.574547937997694e-12,9.185780003384614e-09,0.1262738002951319,5,0.312,0.0,1
conf_cylinder_r03_d12,8,"0,1,4,5,9,26,29,31",7.725643808953464e-05,0.0005205120453104053,nan,0,2400,0.0033262467477470636,19.399025583197776,0,0,1000,1e-08,dense,2.7511904767913358e-08,0.0014239197058125682,-7.0568558905891425,38140.48268265992,998,2684.1731914001243,5.3467276251635895e-12,1.0209753650012946e-08,0.11536562452491533,5,0.349,0.0,1
conf_cylinder_r03_d12,8,"0,1,15,18,22,23,28,29",7.619829557370394e-05,0.0005117552335920985,nan,0,2400,0.003344379598274827,19.130501213719686,0,0,1000,1e-08,dense,8.967557040217809e-07,0.0017054348783353552,-7.099088280224841,2770.888025463094,997,2349.137612591754,3.2092613292047198e-12,1.208936265434259e-08,0.16141515324477276,5,0.36,0.0,1
conf_cylinder_r03_d12,8,"0,2,4,5,6,8,10,27",7.520811777794734e-05,0.0005281620105112695,nan,0,2400,0.003280691569671035,27.69773260084233,0,0,1000,1e-08,dense,4.029588146888677e-08,0.001301987463334082,-6.992658571099675,26486.947097918524,998,2409.4432505481227,-7.987687815052068e-13,1.38756977274173e-08,0.08217610450391477,5,0.557,0.0,1
conf_cylinder_r03_d12,8,"0,2,5,7,11,15,27,31",7.559999357908964e-05,0.0005096096793569522,nan,0,2400,0.0032843509688973427,27.413083813987548,0,0,1000,1e-08,dense,2.8566895682077033e-07,0.001394370384467022,-7.014535314630921,4838.930529907562,997,2216.3796317372444,-1.804627342353014e-12,1.490155389781616e-08,0.14275623549933864,5,0.685,0.0,1
conf_cylinder_r03_d12,8,"0,2,9,11,25,29,30,31",7.584429113194346e-05,0.0005021458462108597,nan,0,2400,0.003331155749037862,27.340520895398377,0,0,1000,1e-08,dense,3.679904691260774e-08,0.0019120449001791846,-7.105561424702548,29080.998165412522,998,2111.6398881102914,-5.2242154155422e-13,8.854628887719268e-09,0.14586357689427126,5,0.561,0.0,1
conf_cylinder_r03_d12,8,"0,3,4,6,8,20,21,24",7.62256167945452e-05,0.0005269955397551884,nan,0,2400,0.003283490426838398,27.815406392805528,0,0,1000,1e-08,dense,4.152375944393258e-08,0.0013651250832112645,-7.031906489716568,25841.823736752467,998,2711.650813424766,4.086692877839203e-13,1.3034655306172437e-08,0.09669097620650785,5,0.566,0.0,1
conf_cylinder_r03_d12,8,"0,4,6,10,11,21,28,30",7.421904592774808e-05,0.0005152483035216183,nan,0,2400,0.0033395623322576284,27.507095048531625,0,0,1000,1e-08,dense,8.497134615746506e-08,0.0015320343177393809,-7.063354804819344,13515.78993981549,998,2122.834546446022,3.3126555145097654e-13,1.1274065567093346e-08,0.09953335148074857,5,0.556,0.0,1
conf_cylinder_r03_d12,8,"0,6,9,13,15,24,28,31",7.653854845557362e-05,0.0005176956327276623,nan,0,2400,0.003317940514534712,27.570973981119543,0,0,1000,1e-08,dense,3.025830108985173e-08,0.0014751354412353465,-7.063001265278334,35123.500450860636,998,2567.473072235154,-1.060241343149255e-12,1.0705654317037936e-08,0.14204120435410345,5,0.579,0.0,1
conf_cylinder_r03_d12,8,"1,3,8,19,20,24,26,30",7.529256254201755e-05,0.0005144257083296122,nan,0,2400,0.003313869470730424,20.512032958884756,0,0,1000,1e-08,dense,9.041859223963423e-07,0.0016696949995335607,-7.143093926460837,3159.847115844482,997,2302.4233411682335,1.3666909791096056e-12,1.1730055900115679e-08,0.11380612674613345,5,0.364,0.0,1
conf_cylinder_r03_d12,8,"1,4,5,12,14,15,29,30",6.611623393837363e-05,0.0004956796952519812,nan,0,2400,0.0035502552054822445,19.082240797636075,0,0,1000,1e-08,dense,5.574692204645665e-08,0.0025339937101749774,-7.20845351237852,20324.902930502747,998,1352.6961682474703,9.298701350777173e-13,7.895529407133226e-09,0.12618941854740567,5,0.322,0.0,1
conf_cylinder_r03_d12,8,"1,4,8,9,13,16,21,27",7.362318865489215e-05,0.0005311866294890942,nan,0,2400,0.003357658628374338,21.60534128042518,0,0,1000,1e-08,dense,2.878070302186485e-08,0.0014323191721481287,-7.099417516658825,37003.25926146746,998,2660.73312239841,-2.088217090009184e-12,1.0690633726581226e-08,0.0955731426498424,5,0.358,0.0,1
conf_cylinder_r03_d12,8,"1,5,8,17,21,22,27,30",7.35258508939296e-05,0.000528132473126852,nan,0,2400,0.0034189349971711636,21.40906648979786,0,0,1000,1e-08,dense,2.1849498148096476e-06,0.0017466134895169707,-7.099524187436075,2229.6165736148137,997,2238.4287770005194,2.9739362451916762e-12,9.171419599902897e-09,0.1476945250792412,5,0.339,0.0,1
conf_cylinder_r03_d12,8,"2,3,7,14,16,24,28,30",7.012386049609631e-05,0.0004955906214928699,nan,0,2400,0.0033616400323808193,18.88276736141423,0,0,1000,1e-08,dense,9.021565287731221e-07,0.0022348696318718795,-7.293683947070972,4289.955420048688,997,1616.8695122478234,-1.891423951971963e-12,1.1089363687813346e-08,0.12872390670530476,5,0.645,0.0,1
conf_cylinder_r03_d12,8,"2,3,16,19,24,27,29,30",7.632141932845116e-05,0.0004948648112205919,nan,0,2400,0.003280371194705367,19.245016694811802,0,0,1000,1e-08,dense,9.183979404472061e-07,0.0020131120308559316,-7.318199571976637,4688.5168973069985,997,2180.738273352048,-1.1995967764374117e-12,1.327580218651327e-08,0.12291482002408101,5,0.769,0.0,1
conf_cylinder_r03_d12,8,"2,7,10,16,18,20,28,29",7.243065920192748e-05,0.0004969637635289032,nan,0,2400,0.003306722268462181,19.105659856441015,0,0,1000,1e-08,dense,2.1601346064675298e-07,0.0019081042200048198,-7.400086405075443,10742.40398669847,997,2041.3688339076323,1.5461685797234649e-12,1.1975997573060666e-08,0.12137642266679567,5,0.655,0.0,1
conf_cylinder_r03_d12,8,"2,8,12,14,15,23,25,28",6.80948724038899e-05,0.0004905200011813202,nan,0,2400,0.0034508733078837395,18.75315808771412,0,0,1000,1e-08,dense,2.0586950682002284e-08,0.0024073558624295374,-7.211297497697397,51477.54817416961,998,1567.8635070573878,-1.0835143461815362e-12,1.1045556021642197e-08,0.12874848628080102,5,0.606,0.0,1
conf_cylinder_r03_d12,8,"3,12,15,20,21,25,26,28",7.310487853828818e-05,0.0005060544325331587,nan,0,2400,0.0033663467038422823,19.779867203897087,0,0,1000,1e-08,dense,1.8833721312527836e-08,0.002078699257969049,-7.299101421228546,56878.463975186285,998,2048.991743238688,-3.3244329411355636e-13,9.107504672401052e-09,0.12048168978397081,5,0.586,0.0,1
conf_cylinder_r03_d12,8,"4,7,9,10,18,22,29,31",6.885224138386548e-05,0.00048184959416134676,nan,0,2400,0.0033773337490856647,18.615598361542077,0,0,1000,1e-08,dense,1.5912025615299095e-08,0.002165820338604166,-7.473208027373604,70741.64130208231,998,1708.173593760438,4.987648446874429e-13,1.0510806397918456e-08,0.13805309251394388,5,0.552,0.0,1
conf_cylinder_r03_d12,8,"4,10,12,15,18,19,20,29",6.943756307009608e-05,0.00048379842584660425,nan,0,2400,0.00334528018720448,18.276873701660822,0,0,1000,1e-08,dense,1.4192767114474367e-08,0.0021560784839717117,-7.441831836578198,78644.81422654068,998,1658.6731416731145,-2.583089424050426e-13,1.1630647240765587e-08,0.15563838262461002,5,0.542,0.0,1
conf_cylinder_r03_d12,8,"5,6,8,15,22,23,28,31",7.540632213931531e-05,0.0005116900264516957,nan,0,2400,0.003332069842144847,20.48698310541564,0,0,1000,1e-08,dense,2.4728780711652455e-07,0.0017210179793348082,-7.132330895687574,5959.7840909635615,997,2293.142401072562,-6.324329562384939e-14,1.2210178003720463e-08,0.1407180737148289,5,0.676,0.0,1
conf_cylinder_r03_d12,8,"5,6,10,15,18,19,22,30",7.1699294494465e-05,0.0005043256041941204,nan,0,2400,0.003326959442347288,19.670083678233716,0,0,1000,1e-08,dense,1.1729831885862542e-06,0.0019703236125826386,-7.179693648201808,3017.78390450262,997,1802.2283534534445,1.4984453513793476e-13,1.2705225577967645e-08,0.13070069925006922,5,0.661,0.0,1
conf_cylinder_r03_d12,8,"5,14,16,17,21,23,26,30",7.727930642431602e-05,0.0005152296859220756,nan,0,2400,0.0032904900144785643,21.029487826052033,0,0,1000,1e-08,dense,1.0276781541507617e-08,0.0016690542932282187,-7.198658476567828,100317.5641659058,998,2649.1871038827558,4.778040786553404e-13,9.601170509961411e-09,0.13732193193272185,5,0.628,0.0,1
conf_cylinder_r03_d12,8,"6,7,11,13,14,16,23,24",7.282149454113096e-05,0.0005029049643971192,nan,0,2400,0.0033224597573280334,19.82531296612308,0,0,1000,1e-08,dense,1.457553964915593e-07,0.0016795142923486214,-7.215774561427885,9683.924929609464,997,2086.7318201904513,1.5618531136788544e-12,1.2545861471644903e-08,0.13018493685640614,5,0.642,0.0,1
conf_cylinder_r03_d12,8,"6,11,12,16,18,21,28,29",7.600105891469866e-05,0.0005032679266056931,nan,0,2400,0.003262137295678258,19.755173714782895,0,0,1000,1e-08,dense,5.813645588030108e-07,0.001821430015992192,-7.335358309674561,7165.129762578432,997,2425.6056678598998,2.666797115158282e-13,9.87645505498591e-09,0.14007885811714785,5,0.567,0.0,1
conf_cylinder_r03_d12,8,"7,9,11,13,17,20,23,24",6.989971734583378e-05,0.0005005946832221594,nan,0,2400,0.0034030131064355373,19.22629041644491,0,0,1000,1e-08,dense,1.4471691823803876e-08,0.0021252912251980417,-7.274039388627294,72605.1329900452,998,1673.0362669783626,1.2095177801152637e-12,9.236371957895715e-09,0.10167961510011148,5,0.551,0.0,1
conf_cylinder_r03_d12,8,"8,10,12,13,16,19,26,29",8.049285679589957e-05,0.0005202054096164726,nan,0,2400,0.0032489518634974957,21.40510851472589,0,0,1000,1e-08,dense,1.4568100294343331e-06,0.0015579901747199898,-7.157751059561447,2993.84328482621,997,3230.1167441816647,-2.9758080474009477e-13,9.786693446374819e-09,0.10590340850866613,5,0.59,0.0,1
conf_cylinder_r03_d12,8,"9,11,12,21,28,29,30,31",7.470299897249788e-05,0.0004904444300223666,nan,0,2400,0.0033476301468908787,18.98640308498877,0,0,1000,1e-08,dense,1.2223716670492421e-08,0.0022906090133581465,-7.517912475046636,91299.20079263224,998,2078.3630433596013,-7.166257323504254e-13,7.226103048463029e-09,0.1693257800431873,5,0.563,0.0,1
conf_cylinder_r03_d12,8,"9,15,16,21,23,25,26,30",7.41130206733942e-05,0.000505593134439698,nan,0,2400,0.003341189818456769,19.8374479085049,0,0,1000,1e-08,dense,1.6991183274350986e-08,0.0019639352120376964,-7.363462488475722,65293.07566253341,998,2344.305921048868,-1.5928346089835688e-13,8.456126779435276e-09,0.16754077176749765,5,0.561,0.0,1
conf_cylinder_r03_d12,8,"11,13,14,16,17,24,26,31",7.882901263656095e-05,0.0005078697235942013,nan,0,2400,0.003290498396381736,20.45982316967384,0,0,1000,1e-08,dense,1.6688057776107939e-06,0.001678420131866366,-7.225454122673326,3673.487116332696,997,2776.31246647334,1.4466761884577303e-13,9.913852717587444e-09,0.14148278303471173,5,0.643,0.0,1
conf_cylinder_r06_d06,3,"0,11,27",9.504570334684104e-05,0.0004133789131598873,nan,0,1400,0.01395009271800518,30.013049830810573,0,0,1000,1e-08,dense,1.0694770020479311e-07,0.0011427497022975202,-6.945366759411881,10471.05116894521,997,1105.3578179855049,1.3655298982084867e-13,1.4164068844513375e-08,0.07902092156380391,5,0.873,0.0,1
conf_cylinder_r06_d06,3,"0,13,17",0.00010192088666372001,0.0004492264681101554,nan,0,1400,0.006992201320827007,30.689969289161215,0,0,1000,1e-08,dense,3.0500729255735554e-06,0.001289476528190146,-6.961447339405131,1475.5754726949754,997,1504.86266260834,7.36140679615958e-13,9.51472759848315e-09,0.03480360126601001,5,0.596,0.0,1
conf_cylinder_r06_d06,3,"0,18,20",0.00010514878522371873,0.00043398535935969067,nan,0,1400,0.010895541869103909,30.385460663243812,0,0,1000,1e-08,dense,2.0444126375299466e-07,0.001229505200626317,-6.96207516581083,6054.050727317699,997,1286.1311827618915,-6.312715414044713e-13,1.1983127758801685e-08,0.06511473690421118,5,0.706,0.0,1
conf_cylinder_r06_d06,3,"1,7,9",5.325895835994743e-05,0.0002732364318118928,nan,0,1400,0.03857016563415527,12.488909126231588,0,0,1000,1e-08,dense,1.2299427622604607e-08,0.013358983356951081,-9.250979154602312,1574872.8496336672,821,48.07176987208754,-1.1744049526266065e-11,5.902855951338389e-09,0.04221478880030495,5,0.306,0.0,1
conf_cylinder_r06_d06,3,"1,7,14",7.726607145741582e-05,0.0002807179370913659,nan,0,1400,0.08103043586015701,12.420345558926911,0,0,1000,1e-08,dense,2.0454753146270815e-08,0.009587717648738383,-8.516430978500095,2199943.5255909213,720,79.10411208405984,-2.5857524684005427e-16,7.477519161753162e-09,0.05866403390945972,5,0.313,0.0,1
conf_cylinder_r06_d06,3,"1,13,14",8.307137613883242e-05,0.0004421080146885681,nan,0,1400,0.005432574078440666,22.04886618238401,0,0,1000,1e-08,dense,2.619900210802422e-06,0.001303944771746211,-7.0099306487068915,1740.303061898591,996,789.6666549462695,-1.3584392842280484e-13,1.1169347450797989e-08,0.06086995575823514,5,0.367,0.0,1
conf_cylinder_r06_d06,3,"1,14,16",8.347442781087011e-05,0.00040532259060487995,nan,0,1400,0.007260844111442566,19.783445858498737,0,0,1000,1e-08,dense,1.2637007234367919e-06,0.0017518854128981086,-7.133871076475791,2911.928196801732,996,537.1265392635306,4.913152611776767e-14,1.2365786323286525e-08,0.05631764840561365,5,0.296,0.0,1
conf_cylinder_r06_d06,3,"2,3,22",8.28204647405073e-05,0.0004266813825080688,nan,0,1400,0.006299827713519335,19.013447652379746,0,0,1000,1e-08,dense,1.6932448746479388e-07,0.002045585228533075,-7.045821409188543,7355.713967739131,997,440.00909815137857,6.339742099640251e-13,1.671168591930536e-08,0.059527044111308595,5,0.659,0.0,1
conf_cylinder_r06_d06,3,"2,4,24",8.81294981809333e-05,0.0003845994040404087,nan,0,1400,0.015002865344285965,16.7147691665986,0,0,1000,1e-08,dense,3.847521982644376e-06,0.0022041484795326844,-7.401499927908764,5830.266400547261,997,435.6319595979805,-1.0597600282381116e-13,1.2116750529906682e-08,0.05203113860153473,5,0.477,0.0,1
conf_cylinder_r06_d06,3,"3,8,10",0.00010301204747520387,0.0004162294941302664,nan,0,1400,0.008620980195701122,22.6779127510002,0,0,1000,1e-08,dense,5.869079881260581e-08,0.0013304009607460361,-7.005431751898293,18473.948997206506,997,1250.7763743290789,1.7010864244166476e-12,1.4696071243211335e-08,0.033816834626214556,5,1.0,0.0,1
conf_cylinder_r06_d06,3,"3,12,26",9.885469626169652e-05,0.0004070818666590084,nan,0,1400,0.009657146409153938,21.32722425594322,0,0,1000,1e-08,dense,3.849255157741085e-06,0.0015478408936715471,-7.1015690401796,2040.8003126209949,997,876.7835352767178,-6.584749015257911e-13,1.211299955254836e-08,0.04978302084370813,5,0.554,0.0,1
conf_cylinder_r06_d06,3,"4,6,29",9.991402475861832e-05,0.0003885681801615646,nan,0,1400,0.014552360400557518,18.120859960760264,0,0,1000,1e-08,dense,1.76058982286824e-06,0.0022095482187516535,-7.399014013211983,6586.41726937198,997,527.225444699408,-1.1397379289866515e-12,8.423747144255065e-09,0.09470440362399175,5,0.443,0.0,1
conf_cylinder_r06_d06,3,"4,9,12",5.773216253146529e-05,0.00027890883986721323,nan,0,1400,0.043470896780490875,12.273503058208464,0,0,1000,1e-08,dense,1.1045914449456825e-08,0.015115427232966846,-9.059762161748203,345493.744675307,683,54.50509999105179,-1.9329258449802898e-16,3.990301717594017e-09,0.03959785043351775,5,0.485,0.0,1
conf_cylinder_r06_d06,3,"5,8,25",0.00010176849900744855,0.0004803380211328588,nan,0,1400,0.006710325833410025,24.075538046772216,0,0,1000,1e-08,dense,6.536905296274831e-08,0.001262475403660407,-6.974716787204713,16558.219121830327,997,1326.2483433814014,5.661902194388817e-13,1.18665095870976e-08,0.08090823097669586,5,0.679,0.0,1
conf_cylinder_r06_d06,3,"5,10,27",9.686080738902092e-05,0.0004166625756827269,nan,0,1400,0.011583758518099785,21.839735194240237,0,0,1000,1e-08,dense,1.972369361061513e-07,0.0013752153484446097,-7.013394725763356,6437.37597006248,997,976.9182428346994,4.838954359615755e-13,1.5840490533196314e-08,0.07034622070542036,5,0.875,0.0,1
conf_cylinder_r06_d06,3,"6,8,18",0.0001001763521344401,0.0004232647022293459,nan,0,1400,0.009201105684041977,23.082595728448403,0,0,1000,1e-08,dense,1.8987053466385842e-07,0.001355847310608595,-7.019804907958204,6697.889800777377,997,1192.9450054846511,-2.4425067163680675e-13,1.201174555408438e-08,0.0503248779561407,5,0.834,0.0,1
conf_cylinder_r06_d06,3,"7,8,21",0.00010488994303159416,0.00043544379780811854,nan,0,1400,0.009038046002388,23.848946421508558,0,0,1000,1e-08,dense,1.5656935878120105e-07,0.0013460142288690773,-7.00992394481212,7796.948342383845,997,1400.5966007940015,9.300421519271566e-14,1.01795462378458e-08,0.08526935996173253,5,0.721,0.0,1
conf_cylinder_r06_d06,3,"7,9,22",9.59923563641496e-05,0.00029022473880811457,nan,0,1400,0.10597095638513565,12.555081895979514,0,0,1000,1e-08,dense,1.0059419358400322e-08,0.00989263374401532,-8.972026709715857,3069357.6048266543,795,116.72271353703167,-1.0231491197320046e-12,5.273257152254716e-09,0.06216826753574411,5,0.486,0.0,1
conf_cylinder_r06_d06,3,"7,11,27",8.061528933467343e-05,0.00037688360094058533,nan,0,1400,0.012126391753554344,16.152233340350616,0,0,1000,1e-08,dense,1.0925827381498236e-06,0.0035065639182506308,-7.684770709063977,14939.349905488521,996,368.94674140497517,2.066268009143069e-12,9.770541145355095e-09,0.09387446651061138,5,0.717,0.0,1
conf_cylinder_r06_d06,3,"7,12,15",7.944548997329548e-05,0.00032278485589677056,nan,0,1400,0.05099416524171829,13.749224051320548,0,0,1000,1e-08,dense,2.668655777625136e-08,0.005728754874770185,-8.350636517568974,592904.2938374449,972,174.06136824385712,-8.283304597789322e-17,8.564054038616155e-09,0.055967826115284156,5,0.574,0.0,1
conf_cylinder_r06_d06,3,"7,23,26",9.704692638479173e-05,0.00039304452679877707,nan,0,1400,0.007861891761422157,19.352634061307487,0,0,1000,1e-08,dense,1.806834253757534e-08,0.002008341765522335,-7.418990822714249,64532.3106031375,997,849.8166426726593,6.748131865531967e-13,8.909992450284006e-09,0.08616025341120853,5,0.719,0.0,1
conf_cylinder_r06_d06,3,"8,10,31",0.0001056428300216794,0.0004085257341441165,nan,0,1400,0.014840817078948021,22.361204975450015,0,0,1000,1e-08,dense,2.7924517567539615e-08,0.001459745457725874,-7.05263399036006,37417.42327041005,997,1311.8630939657687,5.051483051324897e-13,1.1324003099172431e-08,0.061712282031740555,5,0.988,0.0,1
conf_cylinder_r06_d06,3,"8,15,25",9.026524639921263e-05,0.00044890199174034174,nan,0,1400,0.008502726443111897,22.04991168002386,0,0,1000,1e-08,dense,9.809765250465162e-08,0.0015307333050866621,-7.006518422396396,11541.830908635413,997,888.4695826305147,-1.9536199404269257e-13,1.1185634300291966e-08,0.07421045850935748,5,0.689,0.0,1
conf_cylinder_r06_d06,3,"8,20,26",0.00010492630826774985,0.00043492293104002635,nan,0,1400,0.012537979520857334,23.489365851834666,0,0,1000,1e-08,dense,1.7631751592631438e-07,0.0014345333999596505,-7.0505894894374075,7202.442532511182,997,1302.5104331841071,-2.1692830645171453e-12,9.606573845187286e-09,0.08159405595504915,5,0.715,0.0,1
conf_cylinder_r06_d06,3,"8,21,22",0.00010871687845792621,0.0004443354805720911,nan,0,1400,0.009378199465572834,24.064173846502822,0,0,1000,1e-08,dense,8.232213301576409e-07,0.001367722818256914,-7.021761161665969,2632.7963950475873,997,1412.2277333662728,1.5156957026439768e-12,9.733733379612143e-09,0.08628288137465906,5,0.656,0.0,1
conf_cylinder_r06_d06,3,"10,12,18",9.536073775961995e-05,0.000384750366668399,nan,0,1400,0.010300279594957829,20.00261860491213,0,0,1000,1e-08,dense,2.627559995842641e-07,0.0015740156589115744,-7.174257636527659,6356.688105689907,997,768.0606476794928,2.287147788231471e-13,1.4540885545060494e-08,0.05017320124869039,5,0.591,0.0,1
conf_cylinder_r06_d06,3,"12,16,30",8.866228745318949e-05,0.0004224860280506514,nan,0,1400,0.006857336964458227,20.18564102004857,0,0,1000,1e-08,dense,3.1604890308565247e-07,0.0024742128734895597,-7.221792583103417,5786.241026811979,997,660.4514904661658,-5.791420369935389e-13,7.466126411994267e-09,0.07652713261614523,5,0.579,0.0,1
conf_cylinder_r06_d06,3,"14,21,23",9.946846694219857e-05,0.0004122809901048647,nan,0,1400,0.011292601935565472,21.097103867583655,0,0,1000,1e-08,dense,2.5231126019161592e-08,0.0017774349654594397,-7.223941705877146,42692.240586296466,997,972.3430511084731,-5.029521649428098e-13,9.121383150601453e-09,0.07266852688040445,5,0.658,0.0,1
conf_cylinder_r06_d06,3,"16,23,30",9.577687887940556e-05,0.00041575390591031745,nan,0,1400,0.0121749984100461,20.308119341900426,0,0,1000,1e-08,dense,5.43990795738824e-08,0.0021385111491879502,-7.245964328082251,21458.5988075469,997,897.0398873386811,-3.26207022847343e-13,8.870797616463679e-09,0.10875789878688186,5,0.807,0.0,1
conf_cylinder_r06_d06,3,"17,21,27",9.345124271931127e-05,0.0004295579508735744,nan,0,1400,0.009247447364032269,21.176891521496643,0,0,1000,1e-08,dense,6.237247926955207e-07,0.0020747428436929095,-7.207465477517122,4323.997390341418,997,877.091950261081,-6.347533113356857e-13,7.301332883513324e-09,0.0906861344477653,5,0.601,0.0,1
conf_cylinder_r06_d06,5,"0,1,17,23,25",7.733453094260767e-05,0.0004421578375114499,nan,0,1800,0.00680221151560545,18.97165796424928,0,0,1000,1e-08,dense,2.8926377499899055e-06,0.0017957076099929267,-6.952713129175833,1454.3938678708166,997,1157.9585071322483,4.4043896701069413e-13,8.520292693867545e-09,0.1024644136672563,5,0.311,0.0,1
conf_cylinder_r06_d06,5,"0,4,6,15,24",7.973013271111995e-05,0.0004273784954731366,nan,0,1800,0.007863571867346764,29.77482194333321,0,0,1000,1e-08,dense,3.3288142620165964e-06,0.001230630333957706,-6.9587738228210645,1433.3332660555934,997,1268.2440639496097,3.0234129476911786e-13,1.4780908353335629e-08,0.07618681316243603,5,0.504,0.0,1
conf_cylinder_r06_d06,5,"0,5,13,24,25",9.75475850282237e-05,0.0004421350006331971,nan,0,1800,0.007259291596710682,30.48265095725441,0,0,1000,1e-08,dense,7.870255823938503e-07,0.0012402262772031713,-6.959704080450561,2422.3427848510023,997,2504.3770673261333,7.1339496282286856e-12,1.122538658940067e-08,0.08787118184953449,5,0.682,0.0,1
conf_cylinder_r06_d06,5,"0,6,12,15,23",7.837281009415165e-05,0.0004271032069155308,nan,0,1800,0.0075888196006417274,29.679314227992812,0,0,1000,1e-08,dense,2.161777815584407e-06,0.001411952449265917,-6.953195016774322,1577.1957320694914,997,1197.40506854632,9.049482567373468e-14,1.2642954398033098e-08,0.09895811665565746,5,0.542,0.0,1
conf_cylinder_r06_d06,5,"0,6,13,20,22",8.448435983154923e-05,0.00046508174882050636,nan,0,1800,0.00527102081105113,30.286059963886046,0,0,1000,1e-08,dense,1.0869965873641409e-06,0.0011987870819412138,-6.959185066022638,2080.476455673668,997,1664.4110176007707,-3.111338749071485e-13,1.1728903738897225e-08,0.12043396200314016,5,0.656,0.0,1
conf_cylinder_r06_d06,5,"0,7,20,23,26",9.07658104551956e-05,0.0004300080903224635,nan,0,1800,0.010230950079858303,30.016956309611963,0,0,1000,1e-08,dense,3.9967709074200554e-07,0.001392961706381903,-6.993772265444852,3741.66453030711,997,1685.0727922041692,-1.0011188614519925e-12,1.1023009325510915e-08,0.13942646327777736,5,0.714,0.0,1
conf_cylinder_r06_d06,5,"1,2,22,24,30",6.658498023170978e-05,0.000380694125231866,nan,0,1800,0.007376018911600113,16.503220936171964,0,0,1000,1e-08,dense,7.118942395191226e-07,0.0038472170404308653,-7.627551367326054,14898.612496860076,997,627.9978235701653,4.4100362271880316e-12,7.340712374481718e-09,0.18729341886514778,5,0.316,0.0,1
conf_cylinder_r06_d06,5,"1,3,8,20,23",8.390434231841937e-05,0.00043636153903972574,nan,0,1800,0.00651208870112896,21.368942670071807,0,0,1000,1e-08,dense,6.264952425630045e-08,0.0013467276242277813,-7.0141974555656175,17352.033171710646,997,1330.9964538677993,3.5141446880855955e-12,1.4423465627565057e-08,0.08709994817416614,5,0.326,0.0,1
conf_cylinder_r06_d06,5,"1,4,11,13,16",8.34524689707905e-05,0.0004295025430175392,nan,0,1800,0.006439428776502609,21.441869217988753,0,0,1000,1e-08,dense,2.216414199502514e-06,0.0014409002777621381,-7.047641730629579,2006.3812648877167,997,1386.2415592059506,-1.4515389896093773e-13,1.1749856216215647e-08,0.07275206879885054,5,0.299,0.0,1
conf_cylinder_r06_d06,5,"1,5,8,10,21",9.589777619112283e-05,0.00044026241043937484,nan,0,1800,0.007253576535731554,23.103210752599914,0,0,1000,1e-08,dense,8.452083337409543e-08,0.00135006393570132,-7.007169684077136,13228.147297963755,997,2179.403933528358,1.772718782613273e-13,1.168980780000073e-08,0.0801485850943497,5,0.323,0.0,1
conf_cylinder_r06_d06,5,"1,5,8,16,27",9.097988368012011e-05,0.0004396636393367997,nan,0,1800,0.00657268799841404,22.87979860300419,0,0,1000,1e-08,dense,2.753057420790716e-07,0.0013110972488814948,-7.001276490654547,4971.368356408115,997,1896.913170386225,-3.4428978792457644e-12,1.2079620942755008e-08,0.09729563739834698,5,0.296,0.0,1
conf_cylinder_r06_d06,5,"1,6,20,25,29",6.654552271356806e-05,0.0004016099166756705,nan,0,1800,0.005854777060449123,17.12187666159083,0,0,1000,1e-08,dense,5.118513716455508e-07,0.0034548410495688804,-7.58529579490955,33447.88430486995,996,701.4539988711583,-4.688408700329956e-12,6.245228132383215e-09,0.21675981369879518,5,0.317,0.0,1
conf_cylinder_r06_d06,5,"1,13,16,27,31",9.066393249668181e-05,0.00042758637617968856,nan,0,1800,0.008687052875757217,21.70536824747005,0,0,1000,1e-08,dense,1.3495928142733328e-07,0.0015971823362271565,-7.121380710612917,9346.084059727475,997,1769.6556464640805,-1.03683077112887e-12,9.390503969810752e-09,0.15445288961193687,5,0.315,0.0,1
conf_cylinder_r06_d06,5,"2,6,15,18,25",6.946072244318202e-05,0.00041092979226129583,nan,0,1800,0.005432012490928173,17.97968832382431,0,0,1000,1e-08,dense,6.071099429210213e-08,0.0024776831164933766,-7.320232711985881,20717.901299005527,997,784.2157339237348,-9.095792007186688e-14,1.1695235336798955e-08,0.09095672088316989,5,0.692,0.0,1
conf_cylinder_r06_d06,5,"2,6,26,29,31",8.653097756905481e-05,0.00039343530925872955,nan,0,1800,0.008699644356966019,19.192147298973314,0,0,1000,1e-08,dense,1.972937281118361e-07,0.0019443310575123468,-7.391312986664218,14937.573578483,997,1580.2991599982274,1.840093905215016e-12,9.015683319836576e-09,0.19347075184695228,5,0.85,0.0,1
conf_cylinder_r06_d06,5,"2,10,17,30,31",7.375875429715961e-05,0.00041185299754548636,nan,0,1800,0.006175024900585413,18.040183445459462,0,0,1000,1e-08,dense,1.923098020865133e-06,0.002903291762998748,-7.390409738457265,4582.959233912608,997,897.0722995366345,1.2431160974643426e-13,8.576784654559257e-09,0.12799597584154476,5,0.575,0.0,1
conf_cylinder_r06_d06,5,"3,12,18,19,31",8.762957440922037e-05,0.00041357286223730794,nan,0,1800,0.008754292502999306,20.017608678769253,0,0,1000,1e-08,dense,1.2068901940247702e-08,0.0018053081102619153,-7.174795688068513,85625.14576699167,998,1351.8846062494451,-9.204122883066471e-13,1.1767769739299188e-08,0.09531518778636183,5,0.579,0.0,1
conf_cylinder_r06_d06,5,"4,10,19,21,29",8.959087426774204e-05,0.00040130017924950624,nan,0,1800,0.008952547796070576,20.380207753838615,0,0,1000,1e-08,dense,2.0171771769803845e-06,0.0017249238556307851,-7.238146366748471,3634.2780748233554,997,1589.7269272232204,-1.8766432246584667e-12,9.878202395671476e-09,0.09271038665981393,5,0.488,0.0,1
conf_cylinder_r06_d06,5,"5,8,13,20,31",9.75891889538616e-05,0.000443641690840802,nan,0,1800,0.007270329631865025,23.60907661342604,0,0,1000,1e-08,dense,1.6240460291145787e-07,0.0013320317209024302,-7.003203354710792,7488.960510086394,997,2422.6271339365962,-3.084140671722139e-12,1.0831595530626154e-08,0.10140325912675036,5,0.732,0.0,1
conf_cylinder_r06_d06,5,"5,8,24,25,27",9.148971003014594e-05,0.0004415371569616945,nan,0,1800,0.008450252935290337,22.569083898401544,0,0,1000,1e-08,dense,4.607375617860735e-07,0.0013838139262079938,-7.005603898933163,3485.5920179382897,997,1869.954227602487,1.5545227330760737e-15,1.1814603638505973e-08,0.14405573019064585,5,0.68,0.0,1
conf_cylinder_r06_d06,5,"5,11,25,27,28",7.892150460975245e-05,0.00042240611461149207,nan,0,1800,0.00887279212474823,20.069572865982302,0,0,1000,1e-08,dense,3.705752562117529e-07,0.0023741971145632996,-7.101336465989406,4306.005048693362,997,1159.8396287427795,-1.3414188574199593e-13,9.328261529942054e-09,0.16774942955150354,5,0.682,0.0,1
conf_cylinder_r06_d06,5,"6,20,22,29,30",7.49224636820145e-05,0.0004015252139365328,nan,0,1800,0.007482404354959726,17.173714892298623,0,0,1000,1e-08,dense,2.9947854832914155e-07,0.0035819600091015536,-7.661929720616583,30283.150034337326,996,857.3582765235426,2.1048565840407844e-13,6.0460403221866785e-09,0.1482021226514466,5,0.682,0.0,1
conf_cylinder_r06_d06,5,"7,8,14,21,23",8.997027180157602e-05,0.0004403391320432639,nan,0,1800,0.007409268990159035,22.109677762415146,0,0,1000,1e-08,dense,3.9451372036572024e-07,0.0014573871175235383,-7.062572597744225,4113.597427776323,997,1667.4593659252464,3.9426001773486096e-12,1.039795327490889e-08,0.11869394277985658,5,0.653,0.0,1
conf_cylinder_r06_d06,5,"7,10,20,22,29",7.595180068165064e-05,0.00041464195348216864,nan,0,1800,0.0056217387318611145,18.688659610703617,0,0,1000,1e-08,dense,7.324231085391762e-07,0.0025677625474481054,-7.351914545917129,5660.9781430676185,997,972.1867651937032,-1.729160701061495e-12,8.639264629803295e-09,0.18022122589980138,5,0.681,0.0,1
conf_cylinder_r06_d06,5,"8,9,13,17,23",8.75907062436454e-05,0.0004469858643208194,nan,0,1800,0.0060923476703464985,22.619667410189624,0,0,1000,1e-08,dense,1.9333141572295914e-06,0.0013126286522046435,-7.010613263937946,1864.460044521034,997,1739.9737581262107,6.332837759090807e-13,1.0951157710728163e-08,0.11184165529667567,5,0.525,0.0,1
conf_cylinder_r06_d06,5,"8,9,15,22,28",7.300497964024544e-05,0.000434768475912578,nan,0,1800,0.0062899221666157246,20.078627996537143,0,0,1000,1e-08,dense,1.1091863291506973e-06,0.0021745699313321467,-7.0622904893911205,2382.8309996473927,997,1080.1701534690826,9.77093012444572e-13,8.690474427010547e-09,0.12488104214619342,5,0.496,0.0,1
conf_cylinder_r06_d06,5,"8,10,12,20,27",8.109078044071794e-05,0.00044372156379219907,nan,0,1800,0.0062568457797169685,20.9729111808395,0,0,1000,1e-08,dense,1.2495804879919475e-06,0.0018095579138908172,-7.046888103300358,2278.2205311620164,997,1207.5059484807962,7.637018716390791e-13,1.0264683901892733e-08,0.1369465918532322,5,0.581,0.0,1
conf_cylinder_r06_d06,5,"10,13,17,27,30",8.205087942769751e-05,0.0004432156601349203,nan,0,1800,0.00668546836823225,21.026397046685425,0,0,1000,1e-08,dense,8.41620213217601e-07,0.0019484170323143136,-7.080385394469221,2874.3817660458385,997,1401.9442702467104,2.1127486926188888e-12,8.844780021359731e-09,0.14840879437482124,5,0.616,0.0,1
conf_cylinder_r06_d06,5,"10,26,29,30,31",9.15930068003945e-05,0.00039108859111323116,nan,0,1800,0.00907173566520214,19.940833264391724,0,0,1000,1e-08,dense,1.9829374073976782e-07,0.0020155497623240543,-7.350359536537076,10666.598844765622,997,1851.1386311658032,2.5356688353367724e-12,8.364579837467486e-09,0.18140637108586571,5,0.787,0.0,1
conf_cylinder_r06_d06,5,"11,12,14,17,24",7.200655090855435e-05,0.0003886871644290362,nan,0,1800,0.00792786106467247,16.833806020062468,0,0,1000,1e-08,dense,1.5370642835044644e-06,0.003481145762545108,-7.547128186874742,9805.288570354513,997,635.520685482383,-1.0157953750904732e-12,8.063192389019693e-09,0.12804796299591015,5,0.555,0.0,1
conf_cylinder_r06_d06,8,"0,1,2,10,13,21,22,28",8.399167563766241e-05,0.0004547534014365528,nan,0,2400,0.004766449332237244,17.299707291438583,0,0,1000,1e-08,dense,1.070361557956037e-06,0.0013109283261446545,-6.997465167767694,2221.947130224492,997,2742.5562002137485,-9.467471934631219e-12,1.2560441030799484e-08,0.16989373074947695,5,0.332,0.0,1
conf_cylinder_r06_d06,8,"0,1,7,10,12,20,29,30",7.548319990746677e-05,0.0004458181415414637,nan,0,2400,0.005094654858112335,18.859028435818065,0,0,1000,1e-08,dense,2.5015664942531397e-06,0.0018601474007954822,-7.006363840827922,1672.290809899938,997,1765.9394075864645,-1.7232172606258055e-12,9.180135494684124e-09,0.25846052692754196,5,0.305,0.0,1
conf_cylinder_r06_d06,8,"0,2,4,5,11,18,26,30",8.558725676266477e-05,0.00044150651634743566,nan,0,2400,0.005520336329936981,30.03287522112615,0,0,1000,1e-08,dense,1.6462874661452657e-08,0.0013066564095515771,-6.996875682522657,62608.86689497138,998,2741.5303439448076,3.4500756783678934e-12,1.3190294495422398e-08,0.2156282229912168,5,0.458,0.0,1
conf_cylinder_r06_d06,8,"0,3,4,16,17,20,28,30",7.831219409126788e-05,0.0004573580498692293,nan,0,2400,0.004464563447982073,29.865443219829434,0,0,1000,1e-08,dense,4.750950522861166e-08,0.0017792960549916856,-7.00011862330046,22549.85329316612,998,1993.820648479633,-3.2964438979376156e-12,9.921847339398974e-09,0.21394139636688675,5,0.498,0.0,1
conf_cylinder_r06_d06,8,"0,3,8,10,12,17,23,25",8.430872549070045e-05,0.0004587427205746753,nan,0,2400,0.00458817183971405,30.037152948160664,0,0,1000,1e-08,dense,1.2776041667302025e-08,0.0011996786929086801,-6.972681635105022,79934.94452868387,998,2441.6912646219107,1.8313918448169774e-12,1.4501309470175625e-08,0.16725806193375525,5,0.569,0.0,1
conf_cylinder_r06_d06,8,"0,4,5,7,17,22,26,30",7.830179674783722e-05,0.00046136815772056575,nan,0,2400,0.004537486471235752,30.01862245143666,0,0,1000,1e-08,dense,4.093521938499105e-08,0.0015727301048724567,-6.985649023274919,25903.9031743416,998,2136.8413841598867,1.4828249488600928e-12,9.674042441225427e-09,0.19677185880348774,5,0.487,0.0,1
conf_cylinder_r06_d06,8,"0,4,7,8,9,22,24,31",8.041073306230828e-05,0.00044624741426111704,nan,0,2400,0.005492117255926132,29.970082433376493,0,0,1000,1e-08,dense,3.481510387484784e-08,0.0013558721288533153,-6.994268458698697,30316.940091297973,998,2307.425421316058,2.193918928840044e-12,1.1150331318070035e-08,0.15047249937948284,5,0.481,0.0,1
conf_cylinder_r06_d06,8,"0,4,7,9,10,13,21,26",8.639007137389854e-05,0.0004562305524641988,nan,0,2400,0.005304547026753426,30.191039329548484,0,0,1000,1e-08,dense,2.560131321101017e-08,0.0013354778388268698,-7.013504297167556,40777.82172526469,998,3028.1913277525496,9.700833298554595e-14,1.0751381465298199e-08,0.1375821581344447,5,0.485,0.0,1
conf_cylinder_r06_d06,8,"0,8,12,15,18,19,28,30",8.018828521016985e-05,0.0004509402268975157,nan,0,2400,0.005019439850002527,29.983409394704523,0,0,1000,1e-08,dense,1.2275443085884396e-08,0.0014814645596593673,-7.003131004686871,83420.85820294112,998,2510.3869219651524,-2.2240268291489045e-12,1.076189306977722e-08,0.20570185460244694,5,0.562,0.0,1
conf_cylinder_r06_d06,8,"0,9,13,15,25,26,28,30",8.090347546385601e-05,0.0004563327375453348,nan,0,2400,0.005226438399404287,30.06207776688616,0,0,1000,1e-08,dense,1.8591240944412247e-08,0.001601205757454705,-7.023220015974184,55707.80590690909,998,2621.3346702890817,-4.5462357049566445e-12,8.910176061130756e-09,0.18989263999948347,5,0.52,0.0,1
conf_cylinder_r06_d06,8,"1,4,9,10,13,14,24,31",7.529312279075384e-05,0.00043381159507336687,nan,0,2400,0.0055205803364515305,19.89108921980799,0,0,1000,1e-08,dense,3.0792905400217335e-06,0.0017226010954994927,-7.13926278555823,2346.3281166207,997,1790.4520661903857,-3.2913148726437704e-12,1.0606837869487526e-08,0.16493969745208448,5,0.304,0.0,1
conf_cylinder_r06_d06,8,"1,5,8,14,22,27,29,31",8.213692490244284e-05,0.00044750009067388684,nan,0,2400,0.005978853441774845,21.53910773447192,0,0,1000,1e-08,dense,4.94989036553788e-07,0.001670797054829635,-7.063786274457802,3532.0767766454164,997,2372.2484177482474,-6.42668208108155e-12,9.651447441277997e-09,0.22775813104149906,5,0.294,0.0,1
conf_cylinder_r06_d06,8,"1,8,9,13,15,22,29,30",7.792857650201768e-05,0.00045529619474839005,nan,0,2400,0.004943118430674076,21.592423602563102,0,0,1000,1e-08,dense,1.3671168470585378e-06,0.0016022859472675022,-7.049893218887153,2241.838283716849,997,2278.3846915272943,-3.886939831479695e-12,9.356413876274517e-09,0.2684453313968251,5,0.329,0.0,1
conf_cylinder_r06_d06,8,"1,8,11,17,20,22,23,24",7.424161594826728e-05,0.0004327641853723818,nan,0,2400,0.0059165433049201965,19.70991387500016,0,0,1000,1e-08,dense,2.4374492621792444e-06,0.002179522602572091,-7.125625264390529,2188.220286882897,997,1671.5293876004803,-7.252055614641692e-14,9.690697032334346e-09,0.17199812075139262,5,0.317,0.0,1
conf_cylinder_r06_d06,8,"1,9,11,14,18,21,23,25",7.40930117899552e-05,0.00042824199682356607,nan,0,2400,0.005190113093703985,19.500916233475948,0,0,1000,1e-08,dense,6.528963576810585e-07,0.0020097763676599385,-7.256822076793383,4991.9393541511345,997,1739.2923952129645,5.7605047924307944e-12,9.520045378760487e-09,0.16256088708307104,5,0.339,0.0,1
conf_cylinder_r06_d06,8,"1,16,17,18,19,20,21,22",7.626089791301638e-05,0.00043546813388796506,nan,0,2400,0.004916020203381777,20.321193856984465,0,0,1000,1e-08,dense,4.4036376153271013e-07,0.0018740115407895116,-7.180370859679456,4859.830891605119,997,2027.6409502637562,4.874795149821031e-12,9.494943960759515e-09,0.17090269636286512,5,0.33,0.0,1
conf_cylinder_r06_d06,8,"2,4,5,6,12,14,21,29",7.754344551358372e-05,0.0004420747186151666,nan,0,2400,0.004942658822983503,20.59716364974527,0,0,1000,1e-08,dense,2.5489992977435704e-08,0.0014946703814166739,-7.089077261286879,41239.998597627695,998,1922.7825604994994,1.0079131702074398e-12,1.2219392869610828e-08,0.20713670927684946,5,0.468,0.0,1
conf_cylinder_r06_d06,8,"2,5,12,20,21,23,25,29",8.171410445356742e-05,0.0004402782851132014,nan,0,2400,0.005834096111357212,20.90794017223352,0,0,1000,1e-08,dense,2.0514347520581236e-06,0.0017288053458895945,-7.112721304042562,2293.478401335712,997,2277.2842177247667,1.5533762670248555e-12,1.0563899114556482e-08,0.1833405162888807,5,0.568,0.0,1
conf_cylinder_r06_d06,8,"2,7,8,14,18,19,23,30",7.483851368306205e-05,0.0004390647693369231,nan,0,2400,0.005145780276507139,20.018681757965737,0,0,1000,1e-08,dense,3.547991835052092e-07,0.0018232018992211329,-7.101182703809729,4552.13809408445,997,1897.1940231193767,-2.550652160613554e-14,1.126949655574003e-08,0.218256510196296,5,0.681,0.0,1
conf_cylinder_r06_d06,8,"2,15,17,19,21,26,27,30",7.338175782933831e-05,0.00042520176889499417,nan,0,2400,0.0053581176325678825,19.132686899757573,0,0,1000,1e-08,dense,8.23926476213505e-07,0.002344847366174884,-7.339722204654329,5288.475851321765,997,1895.1467869891176,1.1470770695716195e-12,8.377754452943586e-09,0.2558324878180327,5,0.599,0.0,1
conf_cylinder_r06_d06,8,"3,5,9,10,13,17,19,27",8.194697147700936e-05,0.0004517100663695789,nan,0,2400,0.004490475635975599,21.17305974530613,0,0,1000,1e-08,dense,1.2858586473506606e-08,0.0013343501116869542,-7.020694044961991,79840.37423017892,998,2244.6414035862495,2.7976831371478974e-12,1.4417378286011832e-08,0.15995132436020731,5,0.494,0.0,1
conf_cylinder_r06_d06,8,"3,6,10,12,16,18,22,31",8.240610623033717e-05,0.0004304670217336665,nan,0,2400,0.005345268175005913,20.16196285636665,0,0,1000,1e-08,dense,1.2898173299644314e-08,0.001686894350009774,-7.148740198582265,80304.85989330456,998,2060.1563698752643,-8.603552099169658e-13,1.2103777983358639e-08,0.1737492921559655,5,0.562,0.0,1
conf_cylinder_r06_d06,8,"3,14,19,20,24,26,27,31",7.917147013358772e-05,0.0004161379603145038,nan,0,2400,0.00708932988345623,19.32860423964823,0,0,1000,1e-08,dense,4.6026507529722355e-07,0.0022652984869256905,-7.271645924661837,4979.656034572303,997,2047.649303105041,8.147183983961523e-13,8.809984249451578e-09,0.26759388793257344,5,0.68,0.0,1
conf_cylinder_r06_d06,8,"4,5,6,7,9,10,14,16",7.246091263368726e-05,0.0004433857134825965,nan,0,2400,0.004135912284255028,19.83248984546254,0,0,1000,1e-08,dense,2.349492072775543e-08,0.001470874797841948,-7.027497731883237,44310.56285203877,998,1451.9791798404394,8.540046931781168e-13,1.5054096427832806e-08,0.1412386426178979,5,0.451,0.0,1
conf_cylinder_r06_d06,8,"4,7,11,16,25,27,29,30",7.126799755496904e-05,0.0004210311492189118,nan,0,2400,0.005420906934887171,18.817628497595148,0,0,1000,1e-08,dense,1.5567266598333458e-08,0.002638540894247664,-7.331338907008548,68589.39200494015,998,1617.104065607498,2.2005615904950374e-12,7.998711767264223e-09,0.2628169892562601,5,0.47,0.0,1
conf_cylinder_r06_d06,8,"4,8,9,10,13,16,20,28",8.177317795343697e-05,0.00045279845360253154,nan,0,2400,0.004632900469005108,21.742845210085953,0,0,1000,1e-08,dense,1.6083373932161733e-08,0.0013594850012619102,-7.041107435528957,64327.85682802115,998,2483.4669324676333,-1.6499082460102486e-13,1.2100705986317279e-08,0.1409582641384833,5,0.487,0.0,1
conf_cylinder_r06_d06,8,"5,6,8,10,12,13,24,25",8.540910494048148e-05,0.0004567403246542317,nan,0,2400,0.004765641875565052,22.224493243888276,0,0,1000,1e-08,dense,1.3109935904184663e-06,0.0013153946542238857,-7.007815955351633,2111.6969456459365,997,2748.4171097979174,-1.6483154699498247e-12,1.27766352140642e-08,0.16890676567272678,5,0.567,0.0,1
conf_cylinder_r06_d06,8,"6,10,17,24,25,26,28,29",7.712573278695345e-05,0.00041444265156212684,nan,0,2400,0.006380463019013405,19.077034954414486,0,0,1000,1e-08,dense,1.284591657737176e-06,0.0023350540283300593,-7.382893054519545,6310.44804045225,997,1985.5967326891732,9.00698562429653e-13,8.17992456600448e-09,0.33947126406431755,5,0.599,0.0,1
conf_cylinder_r06_d06,8,"6,15,16,22,23,26,28,30",7.347491919063032e-05,0.0004207681649667831,nan,0,2400,0.005670696962624788,19.00529911725488,0,0,1000,1e-08,dense,2.929833958163769e-07,0.0024945946286573065,-7.347002932208962,7801.797321584942,997,1866.7133933954583,5.602975190771924e-13,8.05124254840173e-09,0.3465107924261994,5,0.7,0.0,1
conf_cylinder_r06_d06,8,"8,9,13,18,19,21,25,31",8.855298801790923e-05,0.00044564605579535765,nan,0,2400,0.005641171243041754,22.31558734513377,0,0,1000,1e-08,dense,1.1131704137433575e-06,0.0014765228840494804,-7.0601300732241,2464.8302896463774,997,3179.9350951514093,5.807918700857763e-13,9.39202022013775e-09,0.2548149318901738,5,0.465,0.0,1
conf_egg,3,"0,4,26",0.00016487811808474362,0.0004493464283758633,nan,0,1400,0.009828289970755577,28.318237055146305,0,0,1000,1e-08,dense,3.5132270480107025e-07,0.0015297697206457007,-7.02270433540381,6387.8254209023125,999,1093.9373440864,-1.7008126072315742e-14,5.385940974468644e-14,0.03711510310568636,9,0.484,0.0,1
conf_egg,3,"1,14,22",9.931265230989084e-05,0.00027677206961091496,nan,0,1400,0.0348593145608902,12.817156600506872,0,0,1000,1e-08,dense,1.0115793584384608e-08,0.009971741131511627,-8.66131203811247,688202.7705244407,794,179.76731927478392,-3.405318794919561e-16,7.833261346724578e-14,0.0719666958431189,9,0.509,0.0,1
conf_egg,3,"2,9,13",0.00013695811503566802,0.0004680266516088035,nan,0,1400,0.009450899437069893,21.54782413775532,0,0,1000,1e-08,dense,4.0539717112885306e-07,0.0018236388235147024,-7.112247851455823,5720.39494738856,999,749.531720236064,1.7682444321698992e-13,1.831441137517659e-13,0.0475080334165299,9,0.522,0.0,1
conf_egg,3,"2,9,21",0.00013185612624511123,0.00044874731713963063,nan,0,1400,0.01097667496651411,21.038078319907584,0,0,1000,1e-08,dense,3.5596265185201186e-07,0.0016135324314510181,-7.164206495621846,7174.317681767166,999,729.8443990648775,-3.1439396442137224e-14,1.333789059228916e-13,0.04367112265975358,9,0.541,0.0,1
conf_egg,3,"2,20,28",0.00010434396972414106,0.00036871665505245997,nan,0,1400,0.008970195427536964,15.28763606099443,0,0,1000,1e-08,dense,1.0506055845684452e-08,0.005828326916859108,-8.152915010831682,352529.05322177993,947,402.55149167852665,-3.208075515980261e-16,3.7015606914987804e-14,0.1077786233936328,9,0.72,0.0,1
conf_egg,3,"2,20,29",0.00012909516226500273,0.0004233521136032574,nan,0,1400,0.012430352158844471,19.072996373933986,0,0,1000,1e-08,dense,6.307794845894215e-08,0.0027533115005858966,-7.456421493453695,39901.940197395714,999,667.2639210429115,3.0936020573911714e-13,1.904580454289978e-13,0.06864104161092828,9,0.744,0.0,1
conf_egg,3,"3,7,29",0.0001430341217201203,0.0004243020303511719,nan,0,1400,0.011432444676756859,20.07822192378194,0,0,1000,1e-08,dense,2.6848812610902724e-07,0.0021011905045806253,-7.267763226282439,10904.439375858115,999,805.7029140158822,-7.715627351704158e-14,1.1123063532469436e-13,0.05312806735204995,9,0.657,0.0,1
conf_egg,3,"3,8,12",0.000153562257764861,0.00045273438068574876,nan,0,1400,0.00998902227729559,21.834333297794444,0,0,1000,1e-08,dense,3.551566519981445e-07,0.001997004650195725,-7.119276282818796,6493.988549535878,999,935.9132486168829,4.969601119508837e-13,2.8332998718581875e-13,0.061110575011855156,9,0.586,0.0,1
conf_egg,3,"3,10,17",0.00013679702533409,0.00041934753498352643,nan,0,1400,0.01040754746645689,19.487915933427047,0,0,1000,1e-08,dense,1.0537708397851525e-06,0.0016272507158658447,-7.056851651611767,3164.5049187725267,999,668.7633531336481,-2.439138978684377e-13,2.8441745286262755e-13,0.053454720662419096,9,0.602,0.0,1
conf_egg,3,"3,13,16",0.0001821265323087573,0.0004302039527885842,nan,0,1400,0.014231515116989613,22.908720715947958,0,0,1000,1e-08,dense,5.829738233756751e-08,0.0017925216801946405,-7.11823051493924,38978.005034496055,999,1381.5082704906288,3.7115421819928704e-14,4.572233061660374e-14,0.06720227864941983,9,0.994,0.0,1
conf_egg,3,"3,17,22",0.00011150033969897777,0.00043404389903497006,nan,0,1400,0.01042800024151802,18.116037292437262,0,0,1000,1e-08,dense,1.1225367232095622e-07,0.0034477701274709693,-7.449939550676858,29552.22780683665,993,448.23701173088523,-1.8828215833620824e-13,1.4079912758419836e-13,0.06285959518045052,9,0.581,0.0,1
conf_egg,3,"3,19,27",0.00012721121311187744,0.00039516906740567356,nan,0,1400,0.016351763159036636,17.97722561927587,0,0,1000,1e-08,dense,1.7205463452591964e-08,0.0036744753062740725,-7.597560343961435,124952.00572778011,993,674.5104875760745,-2.9764454847032144e-13,1.4921027089829903e-13,0.09124302468026614,9,0.832,0.0,1
conf_egg,3,"3,21,28",0.0001590524916537106,0.0004277777540388832,nan,0,1400,0.01243593730032444,21.221154787132974,0,0,1000,1e-08,dense,1.7355895921290968e-07,0.0017437199316087696,-7.1992712521570565,11461.648675037908,999,1055.3209912920463,-1.4215026860687e-13,1.1013447284663134e-13,0.05399868407168734,9,0.858,0.0,1
conf_egg,3,"4,17,31",9.958839655155316e-05,0.00041940390020658933,nan,0,1400,0.00842105783522129,16.81778638859938,0,0,1000,1e-08,dense,1.1679524611679838e-07,0.004292632613855908,-7.836510521527776,38704.11485845297,996,408.9740454464653,-7.318167565200134e-14,6.674174461482577e-14,0.06555201777796968,9,0.489,0.0,1
conf_egg,3,"5,19,23",0.00015640661877114326,0.0004221615852512816,nan,0,1400,0.011450573801994324,20.471717181860704,0,0,1000,1e-08,dense,2.0960240419437927e-07,0.0018245900736340386,-7.129432214619066,8967.240318441103,999,966.5134298145771,-4.645511202821563e-13,3.241397093439862e-13,0.05143690708066506,9,0.899,0.0,1
conf_egg,3,"5,19,26",0.00016904000949580222,0.0004173814542150765,nan,0,1400,0.012877457775175571,21.660508588992574,0,0,1000,1e-08,dense,1.486851829233313e-07,0.0017113457569717255,-7.139149498051585,12585.222968536227,999,1133.9541813077647,-1.3086598048706738e-13,1.37052098108151e-13,0.04885939584994682,9,0.891,0.0,1
conf_egg,3,"6,7,24",0.00010784798359964043,0.00042638685180368835,nan,0,1400,0.008919624611735344,17.17133856172538,0,0,1000,1e-08,dense,1.9593877131715202e-08,0.003566994925240792,-7.6541369911474915,108056.55109658252,986,476.81014643475777,-7.33013149036466e-14,9.122723030378092e-14,0.07874488471945651,9,0.676,0.0,1
conf_egg,3,"6,10,16",0.000141967975650914,0.0004258964522050511,nan,0,1400,0.01081883441656828,20.217319526297715,0,0,1000,1e-08,dense,6.4244884346111e-07,0.0019194608580209928,-7.152503858728395,5627.46698057288,999,816.781872345266,-2.0061227115929257e-13,1.4175957118392314e-13,0.05737309968331551,9,0.758,0.0,1
conf_egg,3,"6,11,25",9.954678534995764e-05,0.0004105762348304911,nan,0,1400,0.007400951348245144,15.9967587456219,0,0,1000,1e-08,dense,2.3285170003520968e-08,0.0047492340580496464,-7.931351141892435,252304.86452019028,969,408.05087191859974,-1.753062885604119e-13,1.0316508636197003e-13,0.0726664138874718,9,0.706,0.0,1
conf_egg,3,"6,16,21",0.00015094820992089808,0.00044364191570743283,nan,0,1400,0.013398337177932262,21.945846174558174,0,0,1000,1e-08,dense,1.2776001548114648e-07,0.00202930835403842,-7.244867321639107,19952.85460079311,999,1090.1774416227759,-4.361255822628307e-13,2.304936410314409e-13,0.08818833457796735,9,0.753,0.0,1
conf_egg,3,"9,17,23",9.326338476967067e-05,0.000398222761666664,nan,0,1400,0.008221888914704323,15.710658628298233,0,0,1000,1e-08,dense,2.7825571608479865e-08,0.004796244516808648,-7.977558867512465,187995.01857312093,983,348.7539754602518,-2.1685944155187183e-13,1.6250892418318597e-13,0.05773148738854674,9,0.553,0.0,1
conf_egg,3,"11,21,25",0.00014017401554156095,0.00043890869114283893,nan,0,1400,0.012152555398643017,20.79415230856782,0,0,1000,1e-08,dense,2.2748757454615795e-07,0.0020905249312611024,-7.283456902670198,11655.472663134813,999,863.0593968619407,-2.4093262649717284e-13,1.757205177343364e-13,0.07101969564651067,9,0.689,0.0,1
conf_egg,3,"13,16,28",0.00016952326404862106,0.0004427718448574411,nan,0,1400,0.011667796410620213,22.439964712995405,0,0,1000,1e-08,dense,1.1512718488859627e-07,0.0016878919308870837,-7.141447788467556,15382.70111657049,999,1211.4702473168254,1.205526040524616e-12,6.244678614851852e-13,0.04993874699589872,9,0.858,0.0,1
conf_egg,3,"13,17,18",0.00015487923519685864,0.00045836055511291977,nan,0,1400,0.010269414633512497,22.392678440867194,0,0,1000,1e-08,dense,1.8425194824732168e-07,0.0018216219937981603,-7.16990602094052,11157.008134960879,999,1073.6564797488772,3.1575690396097545e-13,1.9022380327586077e-13,0.04743465658932001,9,0.604,0.0,1
conf_egg,3,"15,20,22",0.0001276063412660733,0.0003321776017198423,nan,0,1400,0.032180462032556534,14.415463642918091,0,0,1000,1e-08,dense,1.1613214970859976e-08,0.006356537942184726,-8.247119842962293,479885.50546600024,911,328.73667092630734,-9.261597670285892e-14,7.458221613689031e-14,0.08005898690823572,9,0.695,0.0,1
conf_egg,3,"15,20,28",0.00010860456677619368,0.00031619373025725656,nan,0,1400,0.01590549573302269,14.379203545693308,0,0,1000,1e-08,dense,1.6172444894735467e-08,0.0067047009199007815,-8.253482763326218,411633.1330120128,882,419.6568012825329,-5.49699659914938e-16,1.0385711699209394e-13,0.10304953844000794,9,0.719,0.0,1
conf_egg,3,"16,23,28",0.00014227208157535642,0.00040833943614229185,nan,0,1400,0.013703213073313236,19.432853185299905,0,0,1000,1e-08,dense,5.725405086844813e-08,0.002378764919519198,-7.333634555233367,32963.55934404882,999,907.1662223419501,4.165655247503376e-13,3.1003679913590663e-13,0.0763236688977536,9,0.864,0.0,1
conf_egg,3,"20,30,31",0.00011168063792865723,0.00041789114622333426,nan,0,1400,0.009985612705349922,17.082107573256884,0,0,1000,1e-08,dense,1.415893674180103e-08,0.0044529095213608596,-8.025772309247007,354720.84588816954,971,563.3693069893895,-2.3093496736708122e-14,7.70469224488841e-14,0.08449786971442419,9,0.734,0.0,1
conf_egg,3,"21,23,28",0.0001480614737374708,0.00041546096358354936,nan,0,1400,0.014684867113828659,20.545229260557853,0,0,1000,1e-08,dense,1.5467174737035417e-08,0.002386439058882859,-7.325599819261316,100487.6224756097,999,1032.2065027121378,-5.269754867664924e-13,2.67047627295124e-13,0.08783453807449036,9,0.885,0.0,1
conf_egg,3,"24,30,31",0.0001305680925725028,0.0004199156866616741,nan,0,1400,0.012558642774820328,18.358453409362056,0,0,1000,1e-08,dense,2.2485562986203994e-08,0.002996352398134975,-7.7376092259168825,208320.27217850907,990,795.5007204814481,-1.6588062192243753e-13,8.374693605660897e-14,0.09286149325380563,9,0.746,0.0,1
conf_egg,5,"0,1,8,24,31",0.0001336550194537267,0.0005181469819484035,nan,0,1800,0.006218776106834412,21.307214955192094,0,0,1000,1e-08,dense,3.5437351031809914e-07,0.0015587088743067505,-7.044537768302871,6151.879855152108,999,1857.2389129936446,-3.810122447139321e-13,1.6900464269554007e-13,0.07966599896550688,9,0.482,0.0,1
conf_egg,5,"0,2,4,13,17",0.00011425914999563247,0.0005385459514246454,nan,0,1800,0.0060663302429020405,28.128716878954485,0,0,1000,1e-08,dense,6.437189934892774e-07,0.0014944958670711202,-7.01783676390693,4105.600124280998,999,1387.070601061746,4.2412483810085663e-13,2.42337445729662e-13,0.06002268243561678,9,0.503,0.0,1
conf_egg,5,"0,3,7,8,9",0.00012220785720273852,0.0005312420936022032,nan,0,1800,0.006081996485590935,28.034986128381156,0,0,1000,1e-08,dense,9.273188621769969e-07,0.0016457552828106651,-7.021698737054198,3601.768228305625,999,1599.3907910613725,-2.8208395356193726e-13,1.1659350008352574e-13,0.07483064665291622,9,0.529,0.0,1
conf_egg,5,"0,3,10,24,29",0.0001421695196768269,0.0004884479503714192,nan,0,1800,0.007586957421153784,27.738751482650322,0,0,1000,1e-08,dense,6.441723997878653e-07,0.001577046502469066,-7.031760861330363,4683.416043390081,999,2030.302265490991,-7.108827957715003e-13,2.3843099103561196e-13,0.0775656380209367,9,0.976,0.0,1
conf_egg,5,"0,8,12,13,27",0.0001315404660999775,0.000538573229832833,nan,0,1800,0.005510125309228897,28.302483778923182,0,0,1000,1e-08,dense,2.557818221552544e-07,0.0014934071426177702,-7.021769279322026,7419.045089911227,999,1993.7203390037034,-5.556084631546006e-13,2.0592323711777596e-13,0.06204566682144126,9,0.58,0.0,1
conf_egg,5,"0,16,22,27,29",0.0001252252550330013,0.0005092094096915926,nan,0,1800,0.006965730804949999,27.8745228856255,0,0,1000,1e-08,dense,2.631166834550067e-07,0.001966163530818382,-7.107270714772741,8246.939318370978,999,1713.201121886084,1.9799212182952663e-13,9.253496994269972e-14,0.10994657541485789,9,0.684,0.0,1
conf_egg,5,"1,4,9,18,21",9.384946315549314e-05,0.0005125326781693557,nan,0,1800,0.005890372674912214,20.333776259056204,0,0,1000,1e-08,dense,7.135899109046855e-07,0.001831948906684688,-7.219741955290365,5819.241998436211,999,1009.239867092013,2.0355404355905294e-13,1.790243903962213e-13,0.06699256613047307,9,0.471,0.0,1
conf_egg,5,"1,5,15,17,28",0.00010013137216446921,0.0004779783472344681,nan,0,1800,0.0064808339811861515,18.99923017701984,0,0,1000,1e-08,dense,4.0621199780914376e-07,0.0029307648254025685,-7.257407757024057,6610.955331830061,999,882.0616768040819,1.0790673823241801e-13,5.887387652130279e-14,0.10479835650243763,9,0.443,0.0,1
conf_egg,5,"1,10,14,19,30",9.494063851889223e-05,0.00043797537306304406,nan,0,1800,0.006466223858296871,16.789508140531566,0,0,1000,1e-08,dense,6.386862215495588e-08,0.0041923324483924196,-7.510651625686888,37690.29573551081,997,681.7264625551167,-1.7866428602281983e-13,8.351728104058943e-14,0.11835922569078483,9,0.467,0.0,1
conf_egg,5,"1,14,22,24,29",9.614311420591548e-05,0.0004594670660962491,nan,0,1800,0.007450802251696587,18.190250701656407,0,0,1000,1e-08,dense,5.265729705739703e-08,0.0037001430659301436,-7.743195099423607,92074.34536937936,998,956.9487364709875,-1.5773317777329445e-14,6.848343848037814e-14,0.1257046013021594,9,0.484,0.0,1
conf_egg,5,"2,3,8,11,12",0.00011818113853223622,0.0005026553858238156,nan,0,1800,0.0064668371342122555,20.690162968420317,0,0,1000,1e-08,dense,7.323361583794002e-07,0.002025367938115438,-7.075969099058099,3805.5285902053924,999,1307.826769584298,-2.3844836695430275e-13,9.77855167952097e-14,0.08053500911805797,9,0.57,0.0,1
conf_egg,5,"2,4,11,27,28",9.975768625736237e-05,0.0004372559754482647,nan,0,1800,0.006477919407188892,16.68239378459903,0,0,1000,1e-08,dense,6.882693659109513e-07,0.003106170156010968,-7.4854757449288165,8227.109700599958,999,727.346785425118,5.412053184078447e-13,2.818811395719649e-13,0.09128399601325934,9,0.49,0.0,1
conf_egg,5,"2,7,19,21,31",0.00011387861741241068,0.0004843032555258961,nan,0,1800,0.006778672803193331,19.68560331033644,0,0,1000,1e-08,dense,4.4714553528433555e-07,0.002115884378272002,-7.321087652460166,8206.9969862394,999,1244.3186893343582,-4.680934967708685e-14,4.743739703293338e-14,0.11418545705780483,9,0.673,0.0,1
conf_egg,5,"2,10,15,23,24",0.00011314574658172205,0.0004317206836547106,nan,0,1800,0.010398248210549355,17.984891561719568,0,0,1000,1e-08,dense,5.117089438468977e-08,0.0031933110123051234,-7.453317642342219,47287.58167968602,999,1188.7071096730801,1.9056354293221864e-13,8.98629594580509e-14,0.12145967017096741,9,0.877,0.0,1
conf_egg,5,"3,4,14,18,26",0.00011212050594622269,0.0004905151665417816,nan,0,1800,0.007015989162027836,20.495955653152716,0,0,1000,1e-08,dense,7.09796689808873e-07,0.0016968456901418217,-7.150573447638773,4845.211307177581,999,1294.8461308122596,5.709365339984403e-13,2.990675753471707e-13,0.08248025666909131,9,0.49,0.0,1
conf_egg,5,"3,5,19,21,26",0.00013424019562080503,0.0004994608612566066,nan,0,1800,0.007545972242951393,21.94404697403354,0,0,1000,1e-08,dense,3.7318233976372765e-07,0.0015873379779114388,-7.082556234186586,6954.43340127837,999,2055.258372700578,3.244863958692251e-14,5.768032096772877e-14,0.09067547874056017,9,0.888,0.0,1
conf_egg,5,"3,8,13,19,22",0.00012662526569329202,0.0005209239500981058,nan,0,1800,0.007163102272897959,22.387877599056512,0,0,1000,1e-08,dense,3.00889825968677e-07,0.0017292894913265645,-7.094017622104172,7797.252432967483,999,1779.0215934413923,-4.967482320093323e-13,2.0783155799282717e-13,0.11504300751909942,9,0.698,0.0,1
conf_egg,5,"3,12,14,22,31",0.00010161603859160095,0.0004659005717105748,nan,0,1800,0.006886132527142763,18.540774404999283,0,0,1000,1e-08,dense,8.293337612111222e-07,0.0030317214821926402,-7.332176474786678,7080.56163908246,999,851.5393466679628,1.5624025353253536e-13,1.3225374438145512e-13,0.09953117910201972,9,0.547,0.0,1
conf_egg,5,"4,5,17,19,29",0.00010898754408117384,0.0004943796062411342,nan,0,1800,0.00640757055953145,20.359993857173727,0,0,1000,1e-08,dense,6.13636768185983e-07,0.001999471284232835,-7.131698852284722,4635.778136298471,999,1171.6556119982738,1.203843204592922e-13,7.683691206113209e-14,0.0832451527380245,9,0.491,0.0,1
conf_egg,5,"4,6,7,15,31",9.197209146805108e-05,0.00043526668344480413,nan,0,1800,0.006405585445463657,16.335754320017596,0,0,1000,1e-08,dense,1.5943881025073528e-07,0.0042938601697110595,-7.803630950341191,29655.121735329947,999,629.6654251780542,-2.686828624466219e-13,1.208301057178793e-13,0.09888725449450766,9,0.492,0.0,1
conf_egg,5,"5,6,7,12,16",0.00010652847413439304,0.0005140932499350765,nan,0,1800,0.00595221109688282,20.88618818348653,0,0,1000,1e-08,dense,1.4090164260068644e-06,0.0014741103441515315,-7.052067837978653,2996.4270216595833,999,1112.294288821835,-1.1331347032993944e-13,1.2709715089264938e-13,0.07157899331428377,9,0.573,0.0,1
conf_egg,5,"5,7,19,29,31",0.00012370219337753952,0.00048719854483585454,nan,0,1800,0.007141377776861191,20.585056230142932,0,0,1000,1e-08,dense,4.5314376020069744e-07,0.0018626119997768665,-7.193893690047588,6891.015534324228,999,1522.350555821112,3.255747451150204e-13,1.9702162245020282e-13,0.1096801425482769,9,0.679,0.0,1
conf_egg,5,"5,8,12,21,27",0.00012333758058957756,0.000529117047026388,nan,0,1800,0.005923272110521793,22.663134819661416,0,0,1000,1e-08,dense,4.1683215958755314e-07,0.0015107078907690495,-7.047233746875128,5462.7441238825495,999,1838.717785861054,1.1114588795765185e-13,6.048063856016624e-14,0.07203636590893589,9,0.578,0.0,1
conf_egg,5,"5,18,22,24,25",0.0001179575192509219,0.0005043617641960143,nan,0,1800,0.006510414183139801,21.099372927660106,0,0,1000,1e-08,dense,5.065062221951391e-07,0.0018484647158132446,-7.158718584490527,6022.389033742834,999,1433.502149279008,-7.977897868997826e-13,3.2231563680345474e-13,0.11243324116542572,9,0.685,0.0,1
conf_egg,5,"7,8,11,20,31",0.00011839394574053586,0.000496745312968969,nan,0,1800,0.006037950981408358,20.453849740384445,0,0,1000,1e-08,dense,7.26085234737237e-07,0.0019723270219587606,-7.141021899226679,4784.486232670948,999,1294.7421582474017,3.5541190843369147e-13,1.9002590915841475e-13,0.08249326972817422,9,0.691,0.0,1
conf_egg,5,"7,10,17,26,30",0.00010350575030315667,0.00048252558565317784,nan,0,1800,0.007177363149821758,19.097679656855153,0,0,1000,1e-08,dense,4.416757354011334e-07,0.003054470370027798,-7.533104581483026,16050.666204874915,999,963.755740759043,-3.196883251320471e-13,1.469063014780509e-13,0.14861598308722412,9,0.587,0.0,1
conf_egg,5,"7,14,16,22,25",9.417817636858672e-05,0.00047322815752737446,nan,0,1800,0.005860280245542526,18.205019373897272,0,0,1000,1e-08,dense,5.911797280856232e-07,0.0037007213884125796,-7.424176905878965,8826.044790109187,999,732.6418815141615,-1.729977923067838e-13,7.914871381415548e-14,0.1040791648183784,9,0.664,0.0,1
conf_egg,5,"10,15,18,23,26",0.00011825164256151766,0.00044411697068683,nan,0,1800,0.010630779899656773,19.52098616779406,0,0,1000,1e-08,dense,2.046557832837379e-08,0.0027564357263604577,-7.491903761558131,115734.23150735504,999,1648.4153770301677,1.1669970003367217e-13,5.841364116418799e-14,0.17263284188417655,9,0.876,0.0,1
conf_egg,5,"10,20,23,26,30",0.0001121497480198741,0.00046584342639498276,nan,0,1800,0.008822654373943806,19.093332963533236,0,0,1000,1e-08,dense,8.044311685666019e-08,0.002986304864139279,-7.574507105862978,53740.42247354132,999,1265.9436679661305,3.529213058279294e-13,1.3314630686335915e-13,0.13353765551293129,9,0.734,0.0,1
conf_egg,5,"21,22,23,26,28",0.00011710378748830408,0.00048528551300447084,nan,0,1800,0.007387603633105755,20.528848822312828,0,0,1000,1e-08,dense,1.5721345935628354e-07,0.0023502869571976454,-7.4027642726465706,17225.385844424793,999,1560.7676464991387,2.3407133419251705e-13,7.986684395061692e-14,0.1459569734530806,9,0.698,0.0,1
conf_egg,8,"0,1,4,6,13,17,19,20",9.976695582736284e-05,0.0005196287319288038,nan,0,2400,0.005705095361918211,20.52968904240611,0,0,1000,1e-08,dense,1.203528736659043e-06,0.001781487267616732,-7.017450492926432,2969.1974911851908,999,1610.8794265688298,1.935916145678852e-13,1.2191264396130132e-13,0.13700561194678337,9,0.474,0.0,1
conf_egg,8,"0,1,4,15,21,26,27,30",0.0001031747815432027,0.0005308190964156249,nan,0,2400,0.005494007375091314,20.70324693500735,0,0,1000,1e-08,dense,6.143312957922411e-07,0.00173006403413908,-7.08862414454242,4407.271480018808,999,2130.2562167677497,-2.5624456305743323e-13,1.3762889153528995e-13,0.1273560389511075,9,0.477,0.0,1
conf_egg,8,"0,2,3,4,10,11,26,27",0.0001133716432377696,0.0005142947080679544,nan,0,2400,0.005701462272554636,27.40193985288864,0,0,1000,1e-08,dense,1.0566639408874045e-06,0.0014342327937696393,-7.026801224054748,3075.2038488445346,999,2222.68878183988,3.611389277360065e-13,1.608998068058786e-13,0.10749060966524325,9,0.501,0.0,1
conf_egg,8,"0,2,6,8,15,25,30,31",0.0001137852668762207,0.000522423083726231,nan,0,2400,0.005589114036411047,27.68004449020968,0,0,1000,1e-08,dense,1.031264373439126e-06,0.0018028286422259324,-7.0411584600258985,3324.5198601548746,999,2095.05368464419,2.026896924396161e-13,1.3874921256736651e-13,0.13258321505710566,9,0.683,0.0,1
conf_egg,8,"0,2,8,10,15,16,18,23",0.00011784129310399294,0.0005165173938947443,nan,0,2400,0.006183553021401167,27.78969967243188,0,0,1000,1e-08,dense,3.498517406120916e-07,0.0017669804020513241,-7.062675966463016,6834.759955721487,999,2820.7930623168754,1.0924619498961508e-12,2.361358432539138e-13,0.1895231476753773,9,0.834,0.0,1
conf_egg,8,"0,5,6,7,13,15,23,29",0.00011484272545203567,0.0005315147258195992,nan,0,2400,0.005535272881388664,27.89678578217686,0,0,1000,1e-08,dense,7.848661244587831e-07,0.0015698745793862275,-7.050028649504669,4297.346878879082,999,2739.1970817499805,7.108792047753204e-14,7.742257655957094e-14,0.15413019312065696,9,0.709,0.0,1
conf_egg,8,"0,5,6,7,17,21,22,31",0.00010815393761731684,0.0005323576656495814,nan,0,2400,0.005538374651223421,27.846782278255816,0,0,1000,1e-08,dense,9.53708065794971e-07,0.0014928490450121699,-7.038746699828248,3470.8814502823793,999,2242.59771328897,-1.279168763566448e-13,6.651169950939533e-14,0.14225199405476044,9,0.591,0.0,1
conf_egg,8,"0,5,11,17,21,26,27,30",0.00011270919640082866,0.0005328909943266979,nan,0,2400,0.005564403720200062,27.86202886677591,0,0,1000,1e-08,dense,6.554846202561676e-07,0.0015561052476824224,-7.051050226614008,4410.531196899404,999,2700.184893155759,-6.986275067474617e-13,1.9927748242647506e-13,0.158822264342518,9,0.589,0.0,1
conf_egg,8,"0,6,10,12,17,18,25,26",0.00010417366866022348,0.0005265667789035777,nan,0,2400,0.005707103293389082,27.56630054106088,0,0,1000,1e-08,dense,1.1081798404742558e-06,0.0018602055618312707,-7.084775022325996,3243.5715624085483,999,2010.46611258242,5.544948452219228e-13,1.8106785271137956e-13,0.13984761579651356,9,0.549,0.0,1
conf_egg,8,"0,11,14,16,18,20,24,26",0.00011384829122107476,0.0005281564097287302,nan,0,2400,0.005575317423790693,27.619240550409508,0,0,1000,1e-08,dense,7.657067959434582e-07,0.0016783124659119466,-7.097560970112532,4457.892353410147,999,2673.4846685277516,-2.4122135772644816e-13,7.070230292699095e-14,0.13289645450514848,9,0.689,0.0,1
conf_egg,8,"1,6,10,15,18,20,25,26",9.613169095246121e-05,0.0004832369802379911,nan,0,2400,0.006015388295054436,18.869747246455454,0,0,1000,1e-08,dense,3.3911847336903796e-07,0.0027977734196756253,-7.4166776775372325,16767.411727690105,999,1627.72348622053,-1.4616267990699338e-13,4.7482282766099424e-14,0.23423247231674812,9,0.47,0.0,1
conf_egg,8,"1,8,14,18,24,25,30,31",0.00010416426812298596,0.000519822414436941,nan,0,2400,0.005514929536730051,20.3976695595321,0,0,1000,1e-08,dense,7.296326431660851e-07,0.0022696766388322766,-7.220330807324064,4978.099719568205,999,1922.896379652041,-2.1093283464572476e-13,5.783241876183517e-14,0.16670098229845218,9,0.482,0.0,1
conf_egg,8,"2,4,6,11,12,13,18,23",0.00010117038618773222,0.000504856549297568,nan,0,2400,0.005683354567736387,19.745316655963418,0,0,1000,1e-08,dense,1.0299555130621334e-06,0.0019787953420132127,-7.180432742588684,4220.0426540800345,999,1767.538017141787,-3.4685687553792166e-13,1.259716630558927e-13,0.1309974757172285,9,0.519,0.0,1
conf_egg,8,"2,5,6,10,13,14,23,25",0.00010693405056372285,0.0005088635096649407,nan,0,2400,0.006010463461279869,20.56205056816755,0,0,1000,1e-08,dense,9.85366182137676e-07,0.0020943981935137358,-7.147648047528299,4227.481009302116,999,2022.2741658666869,-1.2210341245044728e-12,3.149441526279598e-13,0.1526263102791661,9,0.695,0.0,1
conf_egg,8,"2,7,10,11,17,18,26,30",0.00010116352495970204,0.0004912500615912776,nan,0,2400,0.005945144221186638,19.201753136037595,0,0,1000,1e-08,dense,6.727473132590994e-07,0.0024130903252300297,-7.333586332577024,7474.250651486057,999,1787.0806459169437,3.3876561421044257e-14,5.2116221395858766e-14,0.1690481188929301,9,0.593,0.0,1
conf_egg,8,"2,8,10,12,15,17,20,26",0.00010108191054314375,0.0005060020972701732,nan,0,2400,0.006058805156499147,20.212231317304532,0,0,1000,1e-08,dense,7.05136271022508e-07,0.0024935493560377907,-7.160619523209555,4548.178030108775,999,1835.1839926047396,5.682860865625007e-13,1.3963556539905672e-13,0.1643943070313858,9,0.59,0.0,1
conf_egg,8,"2,11,14,15,18,20,23,24",0.00010248037870042026,0.00046405656677725763,nan,0,2400,0.00613013468682766,18.17494061108556,0,0,1000,1e-08,dense,4.4825285797217915e-07,0.002598378313327359,-7.358719154390119,9982.928773445832,999,1709.6509840122267,-7.17921833318629e-13,1.946017699898711e-13,0.16356889434832578,9,0.688,0.0,1
conf_egg,8,"3,4,5,12,16,18,19,21",0.00010651777120074257,0.0005180326027684439,nan,0,2400,0.005788940005004406,21.210752174313335,0,0,1000,1e-08,dense,6.690129365674977e-07,0.00158352931225607,-7.086030027046512,4391.038604917552,999,2476.657643669643,1.35943732941686e-13,5.731343264013952e-14,0.12290368913492997,9,0.502,0.0,1
conf_egg,8,"3,5,16,18,22,24,25,31",0.00011271422408754006,0.0005170535490313088,nan,0,2400,0.005757818464189768,20.969170706319844,0,0,1000,1e-08,dense,6.968499579260809e-07,0.0017449066116907363,-7.133852314559662,4693.01701284128,999,2508.230383373989,5.144048808604623e-13,1.3475398043429208e-13,0.14954935737743913,9,0.683,0.0,1
conf_egg,8,"4,5,6,8,16,19,22,31",0.00010689019109122455,0.0005195989067517859,nan,0,2400,0.0056786504574120045,21.13318063576779,0,0,1000,1e-08,dense,8.052857094699747e-07,0.0017638411250241032,-7.089144629330503,4035.911344856158,999,2201.9689812080296,-5.452839717842543e-13,1.4976219355366962e-13,0.17062566300130078,9,0.499,0.0,1
conf_egg,8,"4,6,9,10,25,26,29,30",9.438304550712928e-05,0.0004970240721709569,nan,0,2400,0.005568069871515036,18.895349254943095,0,0,1000,1e-08,dense,7.643052104948677e-07,0.002719108657701629,-7.415512700466728,10062.652563026724,999,1526.7451192470885,5.2782648043980807e-14,5.886095774011209e-14,0.13496097999010703,9,0.496,0.0,1
conf_egg,8,"4,7,10,12,13,15,20,21",9.662330558057874e-05,0.0005121402623869143,nan,0,2400,0.00569259375333786,20.457345450535563,0,0,1000,1e-08,dense,6.539084625853864e-07,0.002491163906141686,-7.186028340916074,5667.77948733659,999,1824.9072683081054,-2.988982759217081e-13,8.829299834046946e-14,0.19582306882098888,9,0.499,0.0,1
conf_egg,8,"4,7,10,13,17,19,21,27",0.00010088604904012755,0.0005118348168778399,nan,0,2400,0.0055755130015313625,20.312755233468774,0,0,1000,1e-08,dense,7.549491292672536e-07,0.001742380807613275,-7.159631944146163,4796.825882210597,999,1938.3860563648714,9.125282011957208e-13,2.926572402426496e-13,0.12863930769497828,9,0.498,0.0,1
conf_egg,8,"4,7,12,13,20,22,27,31",9.353552741231397e-05,0.0004940266567776807,nan,0,2400,0.005463746841996908,18.871924070998457,0,0,1000,1e-08,dense,8.093558665466704e-07,0.0031601780829516816,-7.2740705346476275,5349.601005395159,999,1366.6227076037733,1.489173363236419e-13,7.86125281435645e-14,0.21761709218021988,9,0.489,0.0,1
conf_egg,8,"4,7,15,19,22,25,27,31",8.904810238163918e-05,0.00043697494671621407,nan,0,2400,0.005774540361016989,16.005714422922154,0,0,1000,1e-08,dense,3.46966137069302e-07,0.004063352717025345,-7.87540092208736,35616.792013488775,999,1143.0268366802457,-7.098914616229898e-14,5.003361319759444e-14,0.164871191366263,9,0.486,0.0,1
conf_egg,8,"4,11,12,14,16,19,29,31",9.703286923468113e-05,0.00048616477974231637,nan,0,2400,0.006032281089574099,18.69006479624433,0,0,1000,1e-08,dense,3.4907218108637524e-07,0.002542528719204372,-7.4528243271357475,14715.766099523931,999,1799.177461384829,-1.2752450486097172e-14,5.743976956933711e-14,0.1556327480870785,9,0.523,0.0,1
conf_egg,8,"6,8,10,17,18,23,29,30",0.00010849426325876266,0.0005103575705209163,nan,0,2400,0.005705642979592085,20.602697252153057,0,0,1000,1e-08,dense,8.235085736140005e-07,0.0018913504091153165,-7.1795634200813465,4624.851821776042,999,2226.6978468310253,-1.7547477010096687e-13,6.04388110733123e-14,0.15202355884005186,9,0.606,0.0,1
conf_egg,8,"6,11,13,19,22,23,24,30",0.00010573394683888182,0.0004979749000384637,nan,0,2400,0.005966560915112495,19.419998824359524,0,0,1000,1e-08,dense,5.745531339564081e-07,0.0027785669887905266,-7.283113440183281,6154.209989989444,999,1845.8416153620547,-7.363093895203665e-14,5.898186842688032e-14,0.20521086781881298,9,0.679,0.0,1
conf_egg,8,"7,8,10,14,19,25,27,29",0.00010439571633469313,0.0004996947378818989,nan,0,2400,0.005525289569050074,19.81277366270771,0,0,1000,1e-08,dense,8.818154775707971e-07,0.0023141699770473554,-7.183339669852428,4275.56520334958,999,1846.867076836765,-5.702146654157358e-13,1.4700825328521593e-13,0.2125561924323463,9,0.68,0.0,1
conf_egg,8,"7,10,12,15,17,20,24,31",9.385532757733017e-05,0.0004669679915781395,nan,0,2400,0.0061632925644516945,17.604860225916624,0,0,1000,1e-08,dense,7.917074003748328e-07,0.003756909983795335,-7.546537633556814,10620.31153199342,999,1362.1676648725065,-5.908303360446893e-13,1.337624290909643e-13,0.1708613219034788,9,0.575,0.0,1
conf_ellipsoid_x13z07,3,"0,14,18",0.0001752591342665255,0.0006045793972416911,nan,0,1400,0.007382492534816265,25.384105806069094,0,0,1000,1e-08,dense,8.903013324617788e-07,0.0016869702579304577,-7.028149637978895,3537.6894386283907,999,976.443225159245,-9.379217043122196e-14,9.437313350323774e-14,0.030973443743285062,9,0.727,0.0,1
conf_ellipsoid_x13z07,3,"1,6,15",0.00011834931501653045,0.0005157725294294379,nan,0,1400,0.007569937966763973,15.739342563364387,0,0,1000,1e-08,dense,1.063491565271901e-08,0.0033366892282006085,-7.485559707831932,184283.2563508311,988,413.22065371100695,-1.0459434770115582e-13,8.627486651862691e-14,0.037100116792919226,9,0.603,0.0,1
conf_ellipsoid_x13z07,3,"1,7,22",0.00012592141865752637,0.00043761387953867486,nan,0,1400,0.02292868122458458,14.612553071165442,0,0,1000,1e-08,dense,1.8839884787339605e-08,0.004978642201334883,-7.8850946758536455,290799.66069562116,933,251.20555287362697,-3.1220339179498693e-16,3.1551533364886896e-14,0.034149296277391245,9,0.589,0.0,1
conf_ellipsoid_x13z07,3,"1,8,25",0.00012546831567306072,0.0006280302808189636,nan,0,1400,0.007655993569642305,19.927488642310205,0,0,1000,1e-08,dense,1.0381418671555472e-06,0.0018817304304684734,-7.151996757732433,4401.368443096474,999,625.5236582151322,-5.700967597000275e-14,8.712060700681266e-14,0.03506152060322694,9,0.636,0.0,1
conf_ellipsoid_x13z07,3,"1,16,20",0.00013239556574262679,0.0005759499619086107,nan,0,1400,0.007477565202862024,18.305802300627963,0,0,1000,1e-08,dense,1.060988312918048e-06,0.0019191426607661143,-7.302947276647065,7497.670493355997,999,601.240284630429,-9.37056641664195e-15,3.261369147506431e-14,0.03777152351881609,9,0.608,0.0,1
conf_ellipsoid_x13z07,3,"2,10,13",0.00016459781909361482,0.0005726963057919586,nan,0,1400,0.00810626894235611,19.879823720583396,0,0,1000,1e-08,dense,3.669946578235919e-08,0.0022376458477937878,-7.392319601293131,49577.13219284708,999,1066.3697358169647,1.8567982878515705e-14,6.191542633014902e-14,0.051034787603610354,9,0.757,0.0,1
conf_ellipsoid_x13z07,3,"3,20,30",0.00014342251233756542,0.0005472075578662116,nan,0,1400,0.0072621917352080345,17.750704257478823,0,0,1000,1e-08,dense,1.0402126281388321e-07,0.0026643336354823873,-7.384440572039729,28967.415904645306,998,642.3258491678748,-7.266323236225699e-16,3.7229323320854694e-14,0.04981834700756426,9,0.791,0.0,1
conf_ellipsoid_x13z07,3,"3,24,27",0.00015186841483227909,0.0004978812794305304,nan,0,1400,0.01256775762885809,17.156795500116168,0,0,1000,1e-08,dense,1.6901514695277875e-08,0.002635225349813006,-7.772454805699426,328326.4253469571,968,950.7121213773602,-5.607220755428271e-16,6.141907506514569e-14,0.04836549513076527,9,0.873,0.0,1
conf_ellipsoid_x13z07,3,"4,5,22",0.0001260469580302015,0.0005915547428141652,nan,0,1400,0.007473326288163662,18.97803784402384,0,0,1000,1e-08,dense,1.1033905300247838e-06,0.002001073290008042,-7.205531230322982,5334.194865451614,999,555.8676399487347,6.41057355509687e-14,6.468734679991932e-14,0.029423981443353814,9,0.55,0.0,1
conf_ellipsoid_x13z07,3,"4,19,24",0.00011973123764619231,0.0004975613412710661,nan,0,1400,0.010150810703635216,16.2391257936893,0,0,1000,1e-08,dense,3.214653546680817e-08,0.003385542994332664,-7.901654302785887,102242.47065062152,967,597.7513748902539,-3.137648381804405e-16,3.935784349111033e-14,0.04743247036149098,9,0.565,0.0,1
conf_ellipsoid_x13z07,3,"5,7,8",0.00017249106895178556,0.0005999434185882136,nan,0,1400,0.008577743545174599,21.050360798390322,0,0,1000,1e-08,dense,6.959695795128634e-07,0.0016868772051537478,-7.04666235806518,4053.0079233193082,999,996.5957047308632,5.961254810404574e-14,8.65433001681394e-14,0.027364239204606386,9,0.699,0.0,1
conf_ellipsoid_x13z07,3,"5,7,11",0.00016435679572168738,0.0005757510046892475,nan,0,1400,0.007470980752259493,19.280735213965173,0,0,1000,1e-08,dense,1.1300191196141014e-06,0.0014330835925584018,-7.006000665371009,3027.9008794947513,999,844.1233809271974,-1.9812127227818673e-13,1.7845355353999985e-13,0.030955518024697214,9,0.695,0.0,1
conf_ellipsoid_x13z07,3,"5,11,21",0.00019245663133915514,0.0005664605702780126,nan,0,1400,0.008132226765155792,20.89383965168085,0,0,1000,1e-08,dense,2.8890570661959634e-07,0.001617274328710967,-7.053217989537961,8141.948636520786,999,1212.4831939796604,-1.896104477089176e-13,1.1093268931006342e-13,0.03064594810420885,9,0.88,0.0,1
conf_ellipsoid_x13z07,3,"5,24,26",0.00019018055172637105,0.0005361794421582999,nan,0,1400,0.00983954593539238,20.476916176060925,0,0,1000,1e-08,dense,2.3280898075314393e-07,0.0018372449644892812,-7.137451766837687,11938.716412686908,999,1213.5558771736069,8.124338875259429e-14,5.0784220104766525e-14,0.03436538664855248,9,0.948,0.0,1
conf_ellipsoid_x13z07,3,"6,9,14",9.09942391444929e-05,0.00042227837055988383,nan,0,1400,0.00810630526393652,13.483370605619026,0,0,1000,1e-08,dense,1.4448744986642389e-08,0.007476490920900057,-8.619098399639386,787685.4966424792,834,278.21007621536995,-3.982267623835643e-16,7.778237025728641e-15,0.0491453415416465,9,0.633,0.0,1
conf_ellipsoid_x13z07,3,"6,11,23",0.00014684314373880625,0.0005336441292651464,nan,0,1400,0.007541707716882229,17.319068815657918,0,0,1000,1e-08,dense,2.1293232314146302e-07,0.0025506842328933206,-7.293765352364469,17416.93830236395,997,751.2283552137397,-5.6101514640178574e-14,6.327767180763579e-14,0.04768556676646671,9,0.714,0.0,1
conf_ellipsoid_x13z07,3,"6,15,23",0.00013994547771289945,0.0005292493533343739,nan,0,1400,0.007932544685900211,16.762862136566095,0,0,1000,1e-08,dense,9.557712125131228e-08,0.002971284403828764,-7.451770382148949,44077.2478304355,994,669.835972350807,-1.5054639161649818e-13,9.349529643254008e-14,0.052790805919650505,9,0.727,0.0,1
conf_ellipsoid_x13z07,3,"7,18,23",0.00014141103019937873,0.0005164521863266613,nan,0,1400,0.01373169757425785,17.57938346305599,0,0,1000,1e-08,dense,1.848814686729907e-08,0.002945143656847842,-7.9005581382438255,190935.193722526,998,845.2995122584217,-7.246072094330341e-14,3.803420693730517e-14,0.05864342116725216,9,0.69,0.0,1
conf_ellipsoid_x13z07,3,"7,20,26",0.00012909491488244385,0.0005630594550137403,nan,0,1400,0.01002771407365799,18.343713333310724,0,0,1000,1e-08,dense,1.1894531605215988e-07,0.0033577188564665296,-7.60962532673204,26465.89516710564,999,660.6182464661072,1.4005751358174655e-13,7.188228621214699e-14,0.053878967109389664,9,0.694,0.0,1
conf_ellipsoid_x13z07,3,"7,22,27",0.00014992129581514746,0.0004761267559334419,nan,0,1400,0.022269587963819504,15.313058957247634,0,0,1000,1e-08,dense,4.729553336715404e-08,0.004509928974910001,-7.793189272005129,101370.38474265234,967,426.95320875096917,-8.673881036852675e-14,5.309894251436752e-14,0.04892558176677635,9,0.687,0.0,1
conf_ellipsoid_x13z07,3,"8,11,25",0.00015225811512209475,0.0006054465677164425,nan,0,1400,0.008447900414466858,19.966451555410675,0,0,1000,1e-08,dense,3.895693254525985e-07,0.002008215314529548,-7.287360741999753,8141.61374574213,999,860.6927197992908,2.5844403511601303e-13,1.636737953379347e-13,0.03368892788289114,9,0.795,0.0,1
conf_ellipsoid_x13z07,3,"11,12,30",0.00012079987209290266,0.0005272788437533084,nan,0,1400,0.006819038186222315,15.984430282364922,0,0,1000,1e-08,dense,1.7097748150352723e-08,0.0035221108210953317,-7.736626780443882,162098.8138820419,964,485.0101289396598,-2.40867761561042e-16,5.671173656145011e-14,0.04713749946489719,9,0.671,0.0,1
conf_ellipsoid_x13z07,3,"11,16,20",0.00015621897182427347,0.000555727910587535,nan,0,1400,0.007949530147016048,18.431481602175033,0,0,1000,1e-08,dense,7.006584584231063e-08,0.0022826224079643817,-7.402925503875391,33806.811146796994,999,851.2163065269988,-2.7464567611835806e-14,3.558795681291587e-14,0.03789219941224903,9,0.783,0.0,1
conf_ellipsoid_x13z07,3,"12,26,31",0.00013975129695609212,0.000543813142807381,nan,0,1400,0.013176921755075455,18.771821155342945,0,0,1000,1e-08,dense,2.6836520807538233e-07,0.0026907066465029954,-7.567995451158357,21666.428402876827,999,831.1072958190232,5.0921651930325815e-14,4.172303159284175e-14,0.06715260497011327,9,0.663,0.0,1
conf_ellipsoid_x13z07,3,"13,20,28",0.0001462912914576009,0.0005906510423945607,nan,0,1400,0.009273109026253223,19.789523322870423,0,0,1000,1e-08,dense,9.123218612681788e-08,0.002579613182052464,-7.291316332204109,26105.96579448911,999,850.1097899414028,1.9118661189788944e-13,1.0050861825202638e-13,0.05877477869317456,9,0.784,0.0,1
conf_ellipsoid_x13z07,3,"14,18,28",0.00014652954996563494,0.0005600843080370731,nan,0,1400,0.008816293440759182,18.248637247515592,0,0,1000,1e-08,dense,1.1100649781487801e-08,0.0024991998679282372,-7.430285439234534,155194.49200161253,998,746.5976546455851,-5.0643438747785807e-14,3.3676089398853285e-14,0.04324397819326542,9,0.733,0.0,1
conf_ellipsoid_x13z07,3,"15,16,22",0.00014912631013430655,0.0005823622868029051,nan,0,1400,0.008000547997653484,18.9297699013233,0,0,1000,1e-08,dense,4.1782457323427167e-07,0.0020238438190772288,-7.185178884309228,7011.992768084946,999,745.7694812775394,-4.150808438125851e-14,5.817427497916038e-14,0.045853204207147974,9,0.776,0.0,1
conf_ellipsoid_x13z07,3,"15,20,27",0.00014432196621783078,0.0004855611666003559,nan,0,1400,0.011690014973282814,15.682779536082954,0,0,1000,1e-08,dense,1.0654302820916489e-08,0.003961139722617239,-7.721569850173553,286824.00802359736,977,535.5862735106338,-2.1882600193005998e-16,4.445756994224769e-14,0.06696227147656031,9,0.773,0.0,1
conf_ellipsoid_x13z07,3,"18,24,28",0.00016905946540646255,0.0005263979979764706,nan,0,1400,0.01037485059350729,18.8590959275221,0,0,1000,1e-08,dense,1.258024318885555e-07,0.0021412802448349724,-7.261889806681731,19830.112920804106,999,1005.2745473579109,7.581340103499177e-14,4.69231829697251e-14,0.04591274086266265,9,0.878,0.0,1
conf_ellipsoid_x13z07,3,"21,22,28",0.00014783325605094433,0.0006021932607415833,nan,0,1400,0.009602449834346771,19.68184609698309,0,0,1000,1e-08,dense,2.1742421218237917e-07,0.0024943542020425466,-7.295323799566211,12178.844094393913,999,794.2709799378018,5.495007660699658e-14,4.7322315541649486e-14,0.053997051045537245,9,0.779,0.0,1
conf_ellipsoid_x13z07,5,"0,5,7,22,24",0.00013573694741353393,0.0006522114029598405,nan,0,1800,0.007079611998051405,25.144957957539653,0,0,1000,1e-08,dense,1.3864753771372711e-06,0.0014598521952263062,-7.0055712222200235,2697.3810992430417,999,1455.910976206416,4.4265621136835905e-13,2.342250228414362e-13,0.048959709349544536,9,0.684,0.0,1
conf_ellipsoid_x13z07,5,"0,12,14,16,24",0.00012542246258817613,0.000652184437584227,nan,0,1800,0.006933821365237236,24.88066136691074,0,0,1000,1e-08,dense,1.2128066966744544e-06,0.0019588876384983283,-7.1745283835111815,3798.29612982208,999,1379.7053424050016,-1.8173548603506173e-13,7.945429567115303e-14,0.05972988411287815,9,0.675,0.0,1
conf_ellipsoid_x13z07,5,"1,2,3,24,26",0.00013504740491043776,0.0006245971416285663,nan,0,1800,0.006627318449318409,18.995290871674214,0,0,1000,1e-08,dense,1.2632436228887096e-06,0.0016576047709814137,-7.073074722637383,3412.8752513411537,999,1427.037671582215,-9.93778643666618e-14,4.7799900196733006e-14,0.044672197797721705,9,0.606,0.0,1
conf_ellipsoid_x13z07,5,"1,8,11,15,16",0.00012663521920330822,0.0006416727449424975,nan,0,1800,0.006765875965356827,19.548673906204957,0,0,1000,1e-08,dense,9.124009022896297e-07,0.0019081847945772838,-7.131274337245746,4192.825595513093,999,1437.6586386463164,7.990351980046839e-14,6.728337442039896e-14,0.0591285616501254,9,0.582,0.0,1
conf_ellipsoid_x13z07,5,"1,12,18,21,27",0.00011847761197714135,0.0006337083861069883,nan,0,1800,0.007046864368021488,19.436868129120516,0,0,1000,1e-08,dense,1.2283422118907679e-06,0.0019404124513758346,-7.2021006288159715,4631.47468529586,999,1185.5712434441516,-1.450352424964274e-13,8.045797972013866e-14,0.06476877400487582,9,0.596,0.0,1
conf_ellipsoid_x13z07,5,"1,13,14,21,23",0.00012809011968784034,0.0006391407832192931,nan,0,1800,0.0070169284008443356,20.18321739086913,0,0,1000,1e-08,dense,8.523741792256314e-07,0.0017937382345880055,-7.143094082856997,4616.2594669706905,999,1440.4128654606404,4.689856128879218e-13,2.1355834552198397e-13,0.053397893177429115,9,0.602,0.0,1
conf_ellipsoid_x13z07,5,"2,4,18,28,29",0.00012074026017216966,0.0006216872210060768,nan,0,1800,0.00699677923694253,18.5955222186969,0,0,1000,1e-08,dense,5.83127165118478e-07,0.0023032110733376696,-7.3832323428974425,9252.22295517788,999,1279.2919239957062,-4.178077489003027e-14,3.658346284626521e-14,0.07774716460405619,9,0.544,0.0,1
conf_ellipsoid_x13z07,5,"2,5,8,9,14",0.0001280142751056701,0.0006441832737285614,nan,0,1800,0.007016982417553663,19.961959095614542,0,0,1000,1e-08,dense,1.9657339958824112e-06,0.0014792847456042205,-7.006950369866272,2321.1241555014963,999,1271.3799703530567,-1.0150337043435505e-13,6.377668189559705e-14,0.04014458151040218,9,0.624,0.0,1
conf_ellipsoid_x13z07,5,"2,6,17,25,31",0.00011616028496064246,0.0005780343768517717,nan,0,1800,0.007240858394652605,17.498615913063855,0,0,1000,1e-08,dense,4.2188881891379474e-07,0.003009452096898863,-7.402697665840174,18886.61582034519,999,887.9656303987759,5.9958197426208244e-15,4.9079688215457815e-14,0.0704852416202648,9,0.712,0.0,1
conf_ellipsoid_x13z07,5,"2,11,13,26,31",0.00014502392150461674,0.0006275512751339827,nan,0,1800,0.007005582097917795,19.9915085035599,0,0,1000,1e-08,dense,6.167119830704075e-07,0.0017725142721585901,-7.108016397136477,5417.4609372700315,999,1836.6288965169947,1.0739834705274819e-13,5.3448151449962e-14,0.059110966769298126,9,0.781,0.0,1
conf_ellipsoid_x13z07,5,"2,16,17,23,24",0.0001304454344790429,0.000610123601303175,nan,0,1800,0.006825987249612808,18.758785214204252,0,0,1000,1e-08,dense,7.2273126188216e-07,0.0017450802141605526,-7.1339452538976635,4850.169527837532,999,1380.4715181952974,1.4396296653535328e-13,7.969550328881297e-14,0.05933131800889068,9,0.702,0.0,1
conf_ellipsoid_x13z07,5,"2,19,20,21,31",0.0001340534072369337,0.0006145355750936138,nan,0,1800,0.007070033811032772,19.101229534873966,0,0,1000,1e-08,dense,5.713480170758899e-07,0.0019832592710825464,-7.209512820064738,6292.488857069782,999,1443.333482256812,-2.65289880051623e-13,1.1161029277452998e-13,0.06834646154186924,9,0.76,0.0,1
conf_ellipsoid_x13z07,5,"3,4,13,21,27",0.0001289536594413221,0.0006533594308316817,nan,0,1800,0.006987896282225847,20.538329111895678,0,0,1000,1e-08,dense,8.31301157189933e-07,0.0018232315180498977,-7.132327066731398,4806.255065677119,999,1537.3406561727516,1.5097441152773223e-13,6.907393110850635e-14,0.052109447319897514,9,0.547,0.0,1
conf_ellipsoid_x13z07,5,"3,6,14,15,27",0.00012103430344723165,0.0005763459501413384,nan,0,1800,0.0066538299433887005,17.247512059125636,0,0,1000,1e-08,dense,9.149229190474333e-07,0.0029264183840010814,-7.266100179768142,5458.69549963112,999,1074.172160175337,-1.6019954460211316e-13,6.347043110357173e-14,0.07282032236179595,9,0.733,0.0,1
conf_ellipsoid_x13z07,5,"3,8,14,15,27",0.00013046126696281135,0.0006259198493566813,nan,0,1800,0.006776707712560892,19.294968288377177,0,0,1000,1e-08,dense,1.0671173103195853e-06,0.001857913118786085,-7.120932999963527,3964.006673478454,999,1390.9044422953657,-5.1530486190921413e-14,5.2329962189939856e-14,0.06735680069359552,9,0.749,0.0,1
conf_ellipsoid_x13z07,5,"3,9,10,20,29",0.00013009572285227478,0.0006307352209774385,nan,0,1800,0.0067598107270896435,18.948550134211843,0,0,1000,1e-08,dense,1.7261858229714285e-06,0.001613312716552053,-7.066647219240877,2928.7936414349574,999,1309.6464321842768,-9.49999718519003e-14,5.295100363747882e-14,0.05214861466751615,9,0.622,0.0,1
conf_ellipsoid_x13z07,5,"3,9,21,28,30",0.00012277113273739815,0.0006306179863416029,nan,0,1800,0.007203736808151007,19.369808522069786,0,0,1000,1e-08,dense,7.92810226762407e-07,0.0021406961996345824,-7.209253063595422,5706.993906038403,999,1235.0237314410579,4.7190503011585864e-14,3.1045843755924317e-14,0.08225181539113349,9,0.638,0.0,1
conf_ellipsoid_x13z07,5,"3,11,16,21,24",0.00013174577907193452,0.0006292850552688898,nan,0,1800,0.006487973500043154,19.341983335491907,0,0,1000,1e-08,dense,5.213595073877032e-08,0.0023495752729280534,-7.460689472815588,39317.98697922317,999,1890.86211331577,1.9147744912308288e-13,9.970255655394039e-14,0.07631534312855519,9,0.883,0.0,1
conf_ellipsoid_x13z07,5,"4,7,24,25,30",0.00010166101856157184,0.0005603952351419777,nan,0,1800,0.007487809751182795,16.776648945598037,0,0,1000,1e-08,dense,1.2609369947037175e-07,0.003915110762817412,-7.568850842348491,31578.40202540971,998,727.8634214606773,5.5024481422032023e-14,4.2023178819237833e-14,0.08769815471507487,9,0.542,0.0,1
conf_ellipsoid_x13z07,5,"4,9,14,20,30",0.00010807663784362376,0.0004606890626923383,nan,0,1800,0.01877143792808056,14.79118178141891,0,0,1000,1e-08,dense,5.9410125185900773e-08,0.005836458149777502,-8.249546878440015,159752.83346069366,994,454.9524300766284,-1.164815955614158e-15,1.55266400823812e-14,0.07013703714939636,9,0.57,0.0,1
conf_ellipsoid_x13z07,5,"5,22,23,24,30",0.00012744592095259577,0.0006236036106298597,nan,0,1800,0.007187535986304283,19.285734132260536,0,0,1000,1e-08,dense,6.591330908829821e-07,0.00221044911828778,-7.165812194219535,4951.206510475686,999,1344.47127412915,7.417363164646791e-14,4.193846779027524e-14,0.07540310616828225,9,0.782,0.0,1
conf_ellipsoid_x13z07,5,"6,9,10,15,24",0.00012302430695854127,0.00058159022266701,nan,0,1800,0.00657627172768116,17.63092611823549,0,0,1000,1e-08,dense,1.1586505005614025e-06,0.0019125153584105593,-7.211512719796868,5588.660462003918,999,1089.8413748297164,-1.410171146558346e-13,8.09509918936067e-14,0.053960420578706106,9,0.622,0.0,1
conf_ellipsoid_x13z07,5,"8,10,22,29,31",0.00013702081923838705,0.0006504664538743273,nan,0,1800,0.007117897737771273,20.150755924733488,0,0,1000,1e-08,dense,5.70486381008619e-07,0.001819119146939313,-7.116237382442915,5121.952931760737,999,1705.7356007382002,8.3329707240526e-14,4.1249944568117503e-14,0.06578664382264109,9,0.778,0.0,1
conf_ellipsoid_x13z07,5,"9,10,11,15,21",0.0001317322312388569,0.000621890152733703,nan,0,1800,0.006689735222607851,19.070446044045056,0,0,1000,1e-08,dense,1.1170664426904692e-06,0.0016368177756672256,-7.102638373807061,4058.2939033566727,999,1391.6308710439835,8.78338156816074e-14,7.441191448177996e-14,0.06036716293328013,9,0.636,0.0,1
conf_ellipsoid_x13z07,5,"9,10,21,25,31",0.00011951418127864599,0.0006348834587237499,nan,0,1800,0.007123703137040138,19.464234733284812,0,0,1000,1e-08,dense,9.374338992767836e-07,0.0022333992852183004,-7.2907559320884765,5556.874257017271,999,1303.0859706510155,-2.902278923891424e-15,1.2335421045430224e-14,0.07775183087197207,9,0.626,0.0,1
conf_ellipsoid_x13z07,5,"9,12,18,25,29",0.00010708413901738822,0.0006244701566694529,nan,0,1800,0.007253036368638277,18.73025177385157,0,0,1000,1e-08,dense,1.15771486253538e-06,0.002675072010415315,-7.316235050995593,6281.469914457113,999,1036.652048296653,2.4499203931463122e-14,2.7049738016000348e-14,0.07215548617514636,9,0.631,0.0,1
conf_ellipsoid_x13z07,5,"12,14,17,18,25",0.00010138601646758616,0.000593125254035691,nan,0,1800,0.007226988207548857,17.500287453727367,0,0,1000,1e-08,dense,1.1687935934128806e-06,0.0038083594303775286,-7.425054766651415,8872.685927786251,999,731.9557382557641,9.123925768966488e-14,3.691024410018041e-14,0.09061674529671368,9,0.649,0.0,1
conf_ellipsoid_x13z07,5,"13,15,16,26,31",0.0001373710110783577,0.0006450405879567136,nan,0,1800,0.007054440677165985,20.296480413641458,0,0,1000,1e-08,dense,2.3034229123103245e-07,0.001970612244699522,-7.162831281328124,10125.671344635266,999,1907.853325889554,-6.801603773026487e-14,4.071285732776553e-14,0.06999604577963711,9,0.816,0.0,1
conf_ellipsoid_x13z07,5,"14,15,26,29,31",0.00012764299754053354,0.0006038426159016737,nan,0,1800,0.007647667545825243,18.81525578615475,0,0,1000,1e-08,dense,2.675459512986671e-07,0.002231282818376569,-7.370239769237592,17381.385761860278,999,1556.659147065431,1.2910489550394614e-14,1.4400200245696045e-14,0.07953463862923635,9,0.739,0.0,1
conf_ellipsoid_x13z07,5,"16,19,24,27,28",0.00012301730748731643,0.0005917503712389479,nan,0,1800,0.007336846552789211,18.01897819470357,0,0,1000,1e-08,dense,2.176101470707439e-08,0.0026210990612453434,-7.540053388028159,91462.75176828413,999,1493.6009549019964,8.684544104903616e-16,4.338276334713638e-14,0.0872939115570096,9,0.848,0.0,1
conf_ellipsoid_x13z07,8,"0,1,4,11,14,17,20,22",0.00010725406173150986,0.0006134378847121993,nan,0,2400,0.007040997501462698,20.81518988434222,0,0,1000,1e-08,dense,2.9162967153244708e-06,0.0030929814938195064,-7.087368926593298,2261.1408158015,999,1159.1889817943393,1.006021328383174e-16,3.217987676198047e-14,0.1293982372497004,9,0.549,0.0,1
conf_ellipsoid_x13z07,8,"0,2,4,7,10,14,22,28",0.00012132128176745027,0.0006145719073154762,nan,0,2400,0.006974730174988508,24.103581422200833,0,0,1000,1e-08,dense,2.251110391419798e-06,0.0023412880939428825,-7.117211932566383,2570.2576730511364,999,1555.6409374685566,1.5038882946764034e-13,5.453094857702268e-14,0.10962159931795692,9,0.539,0.0,1
conf_ellipsoid_x13z07,8,"0,2,4,14,15,21,23,27",0.00012902833987027407,0.0006241644523445769,nan,0,2400,0.0070992265827953815,24.536559069355775,0,0,1000,1e-08,dense,1.3808907727559991e-06,0.001740809076393493,-7.07346084303967,3035.196068721834,999,1981.30748992845,1.8572396270233735e-13,6.678248576401843e-14,0.08721023623603519,9,0.56,0.0,1
conf_ellipsoid_x13z07,8,"0,2,5,10,20,23,24,31",0.00013405081699602306,0.0006342850441333035,nan,0,2400,0.006809568032622337,24.657136443502843,0,0,1000,1e-08,dense,8.441296955289454e-07,0.001919171050925182,-7.125657886221651,4120.7189937274325,999,2650.6201130555455,1.1819007937522157e-13,4.849313590029539e-14,0.1192803285269379,9,0.782,0.0,1
conf_ellipsoid_x13z07,8,"0,4,5,22,27,28,30,31",0.00012271740706637502,0.000627507822525843,nan,0,2400,0.007513108663260937,24.67284630797661,0,0,1000,1e-08,dense,1.1687863603505418e-06,0.0023332700882821205,-7.128631685392711,3575.317204324661,999,1893.3859883012685,-1.8581620802677021e-13,5.029362907462828e-14,0.1240566232247963,9,0.539,0.0,1
conf_ellipsoid_x13z07,8,"0,5,6,9,12,20,25,26",0.00011992127838311717,0.0006370854934401854,nan,0,2400,0.007244298700243235,24.7932240814403,0,0,1000,1e-08,dense,2.1463453628243144e-06,0.0019258688592387213,-7.043603709383883,2332.6665768996163,999,1807.9447615462423,-6.925594225350338e-14,3.2085630018200886e-14,0.08632442587697665,9,0.628,0.0,1
conf_ellipsoid_x13z07,8,"0,5,22,23,26,27,28,30",0.00013089494314044714,0.0006264315784342965,nan,0,2400,0.007310737390071154,24.806911217267576,0,0,1000,1e-08,dense,8.584690265439701e-07,0.0020757991421781925,-7.134855203940128,4230.496701536997,999,2258.383345183889,-4.006959694602408e-13,1.0187605460092237e-13,0.12545864886288732,9,0.773,0.0,1
conf_ellipsoid_x13z07,8,"0,6,7,9,13,14,25,30",0.00012178212637081742,0.0006289093031212067,nan,0,2400,0.00734678003937006,24.744991814445434,0,0,1000,1e-08,dense,2.0459933099995516e-06,0.0021993035160871757,-7.03638714660454,2353.612096062641,999,1564.2696627633222,-3.338445766289068e-14,2.9324854997936837e-14,0.10097512152965743,9,0.639,0.0,1
conf_ellipsoid_x13z07,8,"0,8,9,10,11,29,30,31",0.00013389681407716125,0.0006385691404009225,nan,0,2400,0.00719646317884326,25.00514451255875,0,0,1000,1e-08,dense,1.3468108808311088e-06,0.001644428675094966,-7.039916943787153,3146.432391020526,999,2477.1052887357705,-1.0171053160829692e-13,6.076769747225187e-14,0.09055985324773444,9,0.618,0.0,1
conf_ellipsoid_x13z07,8,"1,2,7,12,13,22,25,28",0.00011261571489740163,0.0006075056609859757,nan,0,2400,0.007058309856802225,18.220706972432218,0,0,1000,1e-08,dense,1.838226921762123e-06,0.0031676671613845332,-7.286141775774063,3954.4489438234127,999,1315.011369708498,4.340067801376439e-14,2.462907811007291e-14,0.1206137435815881,9,0.61,0.0,1
conf_ellipsoid_x13z07,8,"1,5,6,20,22,23,30,31",0.00011749252735171467,0.0006032214598246957,nan,0,2400,0.00712870666757226,18.22041618940331,0,0,1000,1e-08,dense,1.3320170891795373e-06,0.0025268353383208655,-7.242667797171947,4087.464484054305,999,1674.3799596347085,3.50058681987051e-14,2.4922670102177608e-14,0.11143870165822604,9,0.598,0.0,1
conf_ellipsoid_x13z07,8,"1,7,8,13,16,22,24,28",0.00012612130376510322,0.0006249939754977246,nan,0,2400,0.007091968320310116,20.034257822344685,0,0,1000,1e-08,dense,1.2232496953678727e-06,0.0017502742734867402,-7.102251705459895,3419.275906383656,999,2239.6856191087236,5.59896733362654e-14,2.8309329988438766e-14,0.08485365870641784,9,0.629,0.0,1
conf_ellipsoid_x13z07,8,"2,3,9,12,13,19,20,23",0.0001249976921826601,0.0006173918454611621,nan,0,2400,0.006923376582562923,18.827914753880258,0,0,1000,1e-08,dense,2.060375126757742e-06,0.0019008720798373035,-7.048888015175209,2590.223185845519,999,1843.8916399967566,-1.764769869403642e-13,1.0474414714547146e-13,0.09940185077424352,9,0.604,0.0,1
conf_ellipsoid_x13z07,8,"2,4,5,6,8,10,19,22",0.00012721371604129672,0.0006201062075240626,nan,0,2400,0.007005494553595781,19.28281165381157,0,0,1000,1e-08,dense,1.9742007559206862e-06,0.0014438532602389469,-7.009585603965053,2398.121051920197,999,2010.3823649197407,8.612224431867044e-14,5.236987047728482e-14,0.06978114246455015,9,0.548,0.0,1
conf_ellipsoid_x13z07,8,"2,6,12,17,18,20,30,31",0.00011255191930104047,0.0005927143265429182,nan,0,2400,0.006998295895755291,17.776158639383183,0,0,1000,1e-08,dense,1.226766248027133e-06,0.003085051436955061,-7.416104522905499,7814.989002359589,999,1488.9772972150404,-8.138281722869264e-14,2.2037053043366326e-14,0.12428936287327266,9,0.647,0.0,1
conf_ellipsoid_x13z07,8,"2,9,14,19,21,22,26,27",0.00011850330338347703,0.0006095504716303865,nan,0,2400,0.006953887175768614,18.66545586319871,0,0,1000,1e-08,dense,1.0344469270363552e-06,0.002674962625042446,-7.2256855376040265,4987.062350082045,999,1787.707286113257,-3.610965929000034e-15,4.239931135462757e-14,0.11263399217023373,9,0.635,0.0,1
conf_ellipsoid_x13z07,8,"3,4,6,10,12,17,21,23",0.00011819553037639707,0.0006195886392050552,nan,0,2400,0.007078493945300579,18.72630851674349,0,0,1000,1e-08,dense,2.2234584087226714e-06,0.0017160018856257782,-7.067793298786472,2790.467556025703,999,1806.139003941139,-3.497702336195481e-13,1.329732298255536e-13,0.07950656024705079,9,0.563,0.0,1
conf_ellipsoid_x13z07,8,"3,5,6,14,16,18,23,28",0.0001334493572358042,0.0006204942972337366,nan,0,2400,0.006883697584271431,19.375462762619986,0,0,1000,1e-08,dense,1.142340083684708e-06,0.0015438131046378023,-7.031410095715389,3132.4081407074555,999,2436.702607006009,-1.876968830199465e-13,1.0052708178731074e-13,0.1034204979022901,9,0.711,0.0,1
conf_ellipsoid_x13z07,8,"3,5,8,17,21,23,25,27",0.00013052720169071108,0.0006401251384814701,nan,0,2400,0.007292007561773062,20.41828934722443,0,0,1000,1e-08,dense,1.2464777920314334e-06,0.0015706088880964616,-7.037337301596095,3058.1478461743927,999,2443.5308825310503,-1.1073460327505776e-13,3.892298684721966e-14,0.10673975552896338,9,0.711,0.0,1
conf_ellipsoid_x13z07,8,"3,6,14,17,19,22,23,25",0.00011035647185053676,0.000581653991552428,nan,0,2400,0.0069390106946229935,17.11819848229614,0,0,1000,1e-08,dense,1.3094518616256146e-06,0.0033563789633461534,-7.318889527470627,5415.182005718654,999,1404.214744103684,2.765029958468057e-14,4.0179480715984e-14,0.15633637069608125,9,0.71,0.0,1
conf_ellipsoid_x13z07,8,"3,9,14,17,18,27,29,31",0.00011698012531269342,0.000623903771147278,nan,0,2400,0.0070446389727294445,18.678643273268943,0,0,1000,1e-08,dense,1.4118369608758458e-06,0.0022578830333005225,-7.177572795277698,3836.5667187469844,999,1944.885632684717,7.003858455124503e-14,3.7863238135087855e-14,0.11668340260987811,9,0.619,0.0,1
conf_ellipsoid_x13z07,8,"4,5,10,17,19,26,29,30",0.00011901404650416225,0.0006317120198838526,nan,0,2400,0.0072785415686666965,19.332729943928175,0,0,1000,1e-08,dense,1.1215488005591501e-06,0.0019219828411863092,-7.182356883976402,4665.03378380154,999,2069.808001007757,-9.400357321544492e-14,4.4335701462742817e-14,0.10827627797523631,9,0.557,0.0,1
conf_ellipsoid_x13z07,8,"4,6,8,9,12,26,29,31",0.00011421494127716869,0.0006309154105507778,nan,0,2400,0.007359319366514683,19.51144070582728,0,0,1000,1e-08,dense,1.7216406229165364e-06,0.0019464631788582252,-7.178739502151054,3763.8542556385455,999,1891.9200890058032,9.842215180200634e-14,4.3498762685311444e-14,0.09168550383006097,9,0.55,0.0,1
conf_ellipsoid_x13z07,8,"4,6,8,10,11,12,17,22",0.00011256903962930664,0.0006093429874314316,nan,0,2400,0.007137163542211056,18.517861270302948,0,0,1000,1e-08,dense,3.0279867269180444e-06,0.0021502887628254124,-7.067740688967374,2267.8552221155537,999,1463.9553057925843,-2.125643411288566e-13,8.90923782376882e-14,0.08416947604954864,9,0.554,0.0,1
conf_ellipsoid_x13z07,8,"4,7,12,13,21,25,26,29",0.00011668415390886366,0.0006450341703590323,nan,0,2400,0.007242266554385424,20.041068826393914,0,0,1000,1e-08,dense,8.524619523268931e-07,0.002104631184065384,-7.226674356832586,5019.874704453779,999,1989.307619975279,3.8822244030622954e-13,1.1330776937385645e-13,0.11651333073107858,9,0.54,0.0,1
conf_ellipsoid_x13z07,8,"5,7,8,16,17,19,24,27",0.0001242602738784626,0.0006243095716896057,nan,0,2400,0.007073580753058195,19.763483639240874,0,0,1000,1e-08,dense,1.3577050207268506e-06,0.0019626465364757572,-7.0916329860722005,3143.545267683001,999,2269.4815817735807,-1.799152096175215e-13,5.129223731748486e-14,0.106245768040346,9,0.678,0.0,1
conf_ellipsoid_x13z07,8,"8,10,12,13,17,21,22,24",0.00012663158122450113,0.0006427650685043513,nan,0,2400,0.007314429618418217,20.56555203123658,0,0,1000,1e-08,dense,1.2685306935150675e-06,0.001697915518351825,-7.0633691999369885,3260.4165232211194,999,2355.7575443186556,-2.3074780678348277e-14,2.0992270728492957e-14,0.07979530744369873,9,0.686,0.0,1
conf_ellipsoid_x13z07,8,"9,12,14,16,18,27,28,29",0.00011664247722364962,0.0006181493831492597,nan,0,2400,0.0070380643010139465,18.622239616098074,0,0,1000,1e-08,dense,1.2699758166300731e-06,0.0023624384297704763,-7.2474032658402745,4814.067411654123,999,1849.6502546959723,9.176001651047535e-15,2.7872367121152537e-14,0.11765976713505366,9,0.61,0.0,1
conf_ellipsoid_x13z07,8,"9,14,15,20,21,22,27,30",0.00011114354128949344,0.0005796687747271293,nan,0,2400,0.007176372222602367,17.72780314208179,0,0,1000,1e-08,dense,9.283678618109297e-07,0.003548911030914178,-7.366669560958855,6540.955799392764,999,1391.3704878104706,-1.8863708338423546e-13,4.8061681430969214e-14,0.1361618474825803,9,0.623,0.0,1
conf_ellipsoid_x13z07,8,"10,13,20,24,27,29,30,31",0.00013112278247717768,0.0006281304541413943,nan,0,2400,0.007117106579244137,19.420056157034477,0,0,1000,1e-08,dense,5.416318162663939e-07,0.0021191016133855862,-7.207785333701779,6222.810080196674,999,2445.4348442277565,-2.7509461722474704e-14,1.530198184115923e-14,0.13651730796401046,9,0.774,0.0,1
conf_ellipsoid_z06,3,"0,13,19",0.00017723155906423926,0.0004970802967435846,nan,0,1400,0.009076490998268127,26.932671750651185,0,0,1000,1e-08,dense,1.2078118417561728e-07,0.0017560150517235429,-7.057369822173313,15013.44006716641,999,1174.4176508438586,-5.836309422400411e-15,2.987894619448733e-14,0.03841824675680894,9,0.833,0.0,1
conf_ellipsoid_z06,3,"1,14,16",0.00010562763782218099,0.000466766709205849,nan,0,1400,0.008888907730579376,17.604161724699892,0,0,1000,1e-08,dense,3.4686829752896697e-08,0.0036299573057211195,-7.7650203100594695,86857.06330682334,995,495.4891501409627,-3.196019100193402e-17,6.782041740005112e-14,0.06245511692566081,9,0.556,0.0,1
conf_ellipsoid_z06,3,"3,8,10",0.00017625113832764328,0.00047703592613879754,nan,0,1400,0.009341804310679436,21.21054665827144,0,0,1000,1e-08,dense,3.9298955943189846e-07,0.0015919076965876533,-7.013546412615708,7385.035559492624,999,1206.1367279443925,-1.0578557886435636e-13,9.612139527781643e-14,0.029126691532854798,9,0.912,0.0,1
conf_ellipsoid_z06,3,"3,8,31",0.00017114108777604997,0.00045037632866175065,nan,0,1400,0.011262339539825916,20.892456007496545,0,0,1000,1e-08,dense,2.2090714845179262e-07,0.0018404496247011177,-7.159475591657202,10746.195365048403,999,1138.6310202493041,-1.4604048764570166e-13,9.424883767297587e-14,0.03901450072085423,9,0.93,0.0,1
conf_ellipsoid_z06,3,"3,9,18",0.0001407872186973691,0.00047312082844854663,nan,0,1400,0.00837145745754242,19.704924619591655,0,0,1000,1e-08,dense,1.3235917921679465e-06,0.0014297227591602013,-7.035664004770531,3231.2024188902064,999,789.4689824391111,2.7836998039571664e-13,2.9193131282795167e-13,0.032171548736118646,9,0.512,0.0,1
conf_ellipsoid_z06,3,"4,6,21",0.00011251609248574823,0.0005153403827823796,nan,0,1400,0.007816511206328869,19.320970242260074,0,0,1000,1e-08,dense,5.821352322696632e-07,0.002250500299319354,-7.255037517150684,6455.378117590077,999,556.2432740296185,-1.9017524100634067e-13,1.7838296590760573e-13,0.038674268976309434,9,0.442,0.0,1
conf_ellipsoid_z06,3,"4,11,29",0.00011549110786290839,0.00045739718135851296,nan,0,1400,0.010164210572838783,17.74429400708126,0,0,1000,1e-08,dense,1.212469191329186e-07,0.002857786303935832,-7.645119758468309,37322.0604270115,996,624.0678377879918,1.2258165870122316e-16,2.0437640945604965e-13,0.05040673041641318,9,0.426,0.0,1
conf_ellipsoid_z06,3,"4,15,20",8.195800910471007e-05,0.00036330655925294716,nan,0,1400,0.008486958220601082,13.594968473183295,0,0,1000,1e-08,dense,1.4193969772446e-08,0.007118569157855753,-8.47408929065854,510764.24215981294,852,264.6929548030705,-6.610316800786453e-14,4.58285187995609e-14,0.05695527865027182,9,0.43,0.0,1
conf_ellipsoid_z06,3,"4,16,23",0.0001282735902350396,0.0004633963316440009,nan,0,1400,0.0091038653627038,18.689938257080183,0,0,1000,1e-08,dense,6.602266880013633e-07,0.0020013391530564976,-7.18242823310716,6439.04851802241,999,669.0635908150234,8.58398504588859e-14,1.033945091164533e-13,0.04119528414873251,9,0.433,0.0,1
conf_ellipsoid_z06,3,"4,21,29",0.0001318576978519559,0.00048473534287861425,nan,0,1400,0.011272485367953777,20.102245832411022,0,0,1000,1e-08,dense,4.961972168318491e-07,0.002481435655267686,-7.318687761640211,9318.242892371067,999,806.0413602584506,-3.765428724031302e-14,3.551430438456912e-14,0.04638493888127064,9,0.461,0.0,1
conf_ellipsoid_z06,3,"4,23,28",9.259450598619878e-05,0.00039762714030171334,nan,0,1400,0.010043619200587273,14.704791914273232,0,0,1000,1e-08,dense,1.8480135908862267e-08,0.004868381293603035,-8.18009863728634,239769.1087943809,950,436.7884974367443,-3.604409686878312e-16,2.216733683195543e-14,0.06662484844149252,9,0.447,0.0,1
conf_ellipsoid_z06,3,"6,8,17",0.00011684421770041808,0.0005211373328469187,nan,0,1400,0.008086615242064,19.822530873548615,0,0,1000,1e-08,dense,5.969298032024402e-07,0.002145652238649079,-7.258298956501395,6323.69392611068,999,636.8835693239625,9.993934189306721e-14,1.0255569812179982e-13,0.04341880363672622,9,0.595,0.0,1
conf_ellipsoid_z06,3,"7,10,30",0.00010750547517091036,0.0004622842583474896,nan,0,1400,0.006297750864177942,16.698822514911935,0,0,1000,1e-08,dense,1.7001020329490312e-08,0.0038499491791057746,-7.902540780708785,194950.09965125524,997,498.9183304597043,9.373803782524824e-14,7.52139613968539e-14,0.06980599487855191,9,0.64,0.0,1
conf_ellipsoid_z06,3,"8,9,31",0.00013845626381225884,0.0004904076039676205,nan,0,1400,0.010526342317461967,20.545670887678344,0,0,1000,1e-08,dense,7.673143016300711e-07,0.0019281222531168185,-7.12956072189821,4657.38305836343,999,787.5930957952229,-9.178625658714155e-14,7.779237693152557e-14,0.04048860299109173,9,0.517,0.0,1
conf_ellipsoid_z06,3,"8,19,29",0.00015431444626301527,0.0004618111443505491,nan,0,1400,0.014955384656786919,20.12045648231954,0,0,1000,1e-08,dense,4.5599479079701255e-08,0.002341451016737617,-7.334979763495214,37147.31913300845,999,1037.7178584323221,5.718964126453947e-13,2.562494370226713e-13,0.061882251257071225,9,0.828,0.0,1
conf_ellipsoid_z06,3,"8,20,29",0.00015634541341569275,0.00048102124045683493,nan,0,1400,0.012613628059625626,20.746098155879263,0,0,1000,1e-08,dense,2.3195674289093486e-07,0.002060432269558,-7.186778141046264,9115.538730138032,999,926.5570168319177,3.0418267731036064e-14,3.3698687685734357e-14,0.044051954960074344,9,0.739,0.0,1
conf_ellipsoid_z06,3,"8,26,28",0.00016560661606490612,0.0004603963912911642,nan,0,1400,0.013735438697040081,21.058938007699084,0,0,1000,1e-08,dense,1.0559252868474828e-07,0.0020555896660044265,-7.122502916632144,18115.792474764894,999,1045.0494100681326,-4.4989298219586015e-14,6.100573597557177e-14,0.0615170735437828,9,0.874,0.0,1
conf_ellipsoid_z06,3,"8,30,31",0.00015096881543286145,0.0004670640653090996,nan,0,1400,0.014067019335925579,20.945155302815316,0,0,1000,1e-08,dense,1.6226415198885662e-07,0.002298683728652069,-7.154617549004294,14030.981039192122,999,852.5163414036135,-1.2890609532491965e-13,9.047270154399024e-14,0.059482688050765384,9,0.811,0.0,1
conf_ellipsoid_z06,3,"9,12,17",7.844979700166732e-05,0.0003192217623223787,nan,0,1400,0.038306206464767456,12.842153953552272,0,0,1000,1e-08,dense,1.5428156501685658e-08,0.016459130494846614,-8.745898087494924,563759.5034050198,755,76.58601964098624,-5.436784467134371e-15,9.307844496572347e-15,0.04880642784611744,9,0.485,0.0,1
conf_ellipsoid_z06,3,"9,13,21",0.0001476558536523953,0.0005214956959236485,nan,0,1400,0.008549494668841362,21.812144324242198,0,0,1000,1e-08,dense,5.169690103622041e-07,0.0021182612270115656,-7.153449432706992,6579.81051289077,999,937.6949330106827,-5.773268148268083e-15,4.913513834316252e-14,0.03887392166543302,9,0.509,0.0,1
conf_ellipsoid_z06,3,"11,14,23",0.00012402953871060163,0.0004367318370347829,nan,0,1400,0.009898357093334198,17.04056181468062,0,0,1000,1e-08,dense,3.8311456387056626e-08,0.002932178673347361,-7.3205211443986355,42245.613509580915,998,602.9892738672273,-1.4364546208590218e-13,9.997664690218881e-14,0.05258771335606824,9,0.674,0.0,1
conf_ellipsoid_z06,3,"11,18,21",0.00016993502504192293,0.00047131168691980237,nan,0,1400,0.010007690638303757,20.65816004312733,0,0,1000,1e-08,dense,1.8627519753643215e-07,0.0018645551492673547,-7.130662081004475,11797.126391555908,999,1116.3681747004994,8.123917052851697e-14,5.742346193362505e-14,0.044884542796695785,9,0.86,0.0,1
conf_ellipsoid_z06,3,"11,20,24",0.00012812280328944325,0.00044470184911243665,nan,0,1400,0.009118960238993168,17.011079479652338,0,0,1000,1e-08,dense,4.753133743293018e-08,0.002957162872281013,-7.6128712474067965,78814.35397133397,989,677.6613449342951,-3.6843424756118886e-16,1.2413559730973935e-13,0.06048346998600114,9,0.737,0.0,1
conf_ellipsoid_z06,3,"12,16,29",0.00013884759391658008,0.0004687697070891266,nan,0,1400,0.012740437872707844,19.400555096619165,0,0,1000,1e-08,dense,5.313380214591856e-08,0.0024881973463869544,-7.450360383255356,51246.37261989485,998,796.2602036040919,-1.8393006027312926e-14,2.27056458203638e-14,0.060920538105549246,9,0.573,0.0,1
conf_ellipsoid_z06,3,"12,19,21",0.00012765417341142893,0.000494097339058367,nan,0,1400,0.009558611549437046,19.41427644440537,0,0,1000,1e-08,dense,6.309131187974883e-07,0.002491317891312219,-7.296384520829246,6746.2205797718325,999,663.4535735974047,-1.1571147685851592e-14,4.4179262255706556e-14,0.05474234881899004,9,0.593,0.0,1
conf_ellipsoid_z06,3,"13,18,28",0.0001565724378451705,0.00048206106742255814,nan,0,1400,0.014150996692478657,20.578271844630855,0,0,1000,1e-08,dense,3.6950482977598614e-08,0.002361057593562396,-7.337387135727624,44454.99811138178,999,1044.5867359497909,1.0066314711583597e-13,4.562475297044738e-14,0.05495431496022833,9,0.869,0.0,1
conf_ellipsoid_z06,3,"14,22,25",0.00014401852968148887,0.00032806814039790347,nan,0,1400,0.07859761267900467,13.54727946311952,0,0,1000,1e-08,dense,1.1841152826896419e-08,0.00948407851837878,-8.328390042159471,436067.6004791118,856,208.98466009830756,-9.468816719002283e-15,1.7666438223801315e-14,0.0678062461811973,9,0.634,0.0,1
conf_ellipsoid_z06,3,"15,26,31",0.00013640758697874844,0.00044670702419164534,nan,0,1400,0.016698015853762627,18.423863988659228,0,0,1000,1e-08,dense,1.2210388891329584e-08,0.003073217137288745,-7.62025532288227,146271.800417715,999,870.9201811558377,-1.0483777315005268e-13,5.0156116472778814e-14,0.07626612139405824,9,0.801,0.0,1
conf_ellipsoid_z06,3,"21,23,28",0.00014657438441645354,0.00044560695238133425,nan,0,1400,0.013958570547401905,19.506408852060076,0,0,1000,1e-08,dense,1.823738980483046e-08,0.002720970942423943,-7.321008974270264,82730.49439615656,999,906.2690221126131,-2.1289910210210011e-13,1.0248566460939101e-13,0.066459260389664,9,0.875,0.0,1
conf_ellipsoid_z06,3,"26,28,31",0.00013784176553599536,0.0004291051386286777,nan,0,1400,0.01867709495127201,18.330706826724533,0,0,1000,1e-08,dense,2.2154304719329603e-08,0.0033989829070865916,-7.686247796750386,95291.52465597348,998,831.970816352354,-1.8450572190037526e-13,8.277254336701616e-14,0.0923248631069858,9,0.861,0.0,1
conf_ellipsoid_z06,5,"0,1,11,13,28",0.00012192279973533005,0.0005595672187264148,nan,0,1800,0.006255446933209896,22.98702632594546,0,0,1000,1e-08,dense,7.345150793090674e-07,0.0015794721583083276,-7.024943526110523,3870.443014607196,999,1456.6466303615327,1.4958262400057332e-14,1.27289726246745e-13,0.05720338350565928,9,0.548,0.0,1
conf_ellipsoid_z06,5,"0,2,3,23,26",0.00013094731548335403,0.0005501124267904532,nan,0,1800,0.0065145534463226795,26.439385422361575,0,0,1000,1e-08,dense,7.495607178910288e-07,0.0016100554673576088,-7.00210913307829,3908.019769087682,999,1719.0322228938958,1.0536846299519513e-13,4.555825634721393e-14,0.06986712097268905,9,0.756,0.0,1
conf_ellipsoid_z06,5,"0,3,4,10,28",0.00011823220847873017,0.0005583982667876177,nan,0,1800,0.006197105627506971,26.244615477431232,0,0,1000,1e-08,dense,1.2138733969369688e-06,0.0014422905294588248,-6.975597727681597,2885.4349284455766,999,1380.212407352682,-7.374904282912969e-14,5.452029495551157e-14,0.06740493527026307,9,0.44,0.0,1
conf_ellipsoid_z06,5,"0,3,13,17,28",0.00012209815031383187,0.0005715758025985646,nan,0,1800,0.006319893524050713,26.801142603261546,0,0,1000,1e-08,dense,1.1868303550443666e-06,0.001621100779560118,-7.0256451859663125,3426.2610369891727,999,1532.9304422954947,-2.873958143631211e-13,1.5352913521140772e-13,0.05956645854451906,9,0.591,0.0,1
conf_ellipsoid_z06,5,"0,18,28,29,30",0.00011922499106731266,0.0005553214607398576,nan,0,1800,0.008417339995503426,26.526415925577027,0,0,1000,1e-08,dense,4.739043943409182e-07,0.0021296144128490906,-7.106536759518777,6302.8384506254,999,1499.8022165408274,-2.2232454592596707e-13,8.002397660829539e-14,0.0951797471953455,9,0.807,0.0,1
conf_ellipsoid_z06,5,"1,6,7,10,16",0.00010816153371706605,0.0005265166714642313,nan,0,1800,0.005832084454596043,18.381158808349497,0,0,1000,1e-08,dense,1.502177231287026e-06,0.001903699851566455,-7.084322219716177,3006.321198633878,999,990.870629254045,3.0429108397508203e-13,1.767003198889967e-13,0.05575027767486226,9,0.54,0.0,1
conf_ellipsoid_z06,5,"1,8,13,16,25",0.00010880967602133751,0.0005759655524412183,nan,0,1800,0.006260652095079422,21.564045713254572,0,0,1000,1e-08,dense,6.72678573732644e-07,0.001915019749424193,-7.118589873278431,4578.564268789108,999,1458.6899843929978,1.6021355561232171e-13,6.839379334346349e-14,0.0643698697774605,9,0.552,0.0,1
conf_ellipsoid_z06,5,"2,4,14,17,20",8.139303827192634e-05,0.0004631358666096276,nan,0,1800,0.005990420933812857,15.305944130862478,0,0,1000,1e-08,dense,5.533012043289541e-07,0.0050803715571593674,-7.864036021796693,26665.89812832663,999,408.9536300286802,3.1258180519335473e-14,3.482235171299464e-14,0.08686827895812493,9,0.445,0.0,1
conf_ellipsoid_z06,5,"2,5,15,21,30",0.00011212407844141126,0.0005531676664730271,nan,0,1800,0.006657117512077093,20.433585049554026,0,0,1000,1e-08,dense,4.212324677138754e-07,0.0020540881116508564,-7.197852480150778,6681.644879106341,999,1411.8648761538936,1.7785686118321193e-14,3.325219247230401e-14,0.08752848977693908,9,0.767,0.0,1
conf_ellipsoid_z06,5,"2,11,20,24,29",0.00011773277947213501,0.000503171488193362,nan,0,1800,0.007546992041170597,18.330188290003637,0,0,1000,1e-08,dense,5.096896051434026e-07,0.002360436197222012,-7.234565429877286,6795.136558874221,999,1224.634942586576,3.2411508373019466e-13,1.214509653513734e-13,0.07858036253520033,9,0.738,0.0,1
conf_ellipsoid_z06,5,"2,12,25,28,30",8.378212805837393e-05,0.0004506201197985701,nan,0,1800,0.0057675945572555065,15.270575647054613,0,0,1000,1e-08,dense,1.2740667336639095e-08,0.005979485381479381,-8.241783783735713,520559.2300045158,965,539.1646368604461,-2.2484376781253607e-16,4.9312352817928877e-14,0.13572887714826726,9,0.554,0.0,1
conf_ellipsoid_z06,5,"2,19,23,25,28",0.00010494852904230356,0.0004694854913969527,nan,0,1800,0.00793531071394682,16.667177406176084,0,0,1000,1e-08,dense,2.8081443597310536e-08,0.0037058446309450976,-7.574510204959587,72628.05534635064,999,894.1622543293254,-2.0783476506179962e-13,8.297427120492368e-14,0.10931319391774616,9,0.724,0.0,1
conf_ellipsoid_z06,5,"3,5,7,17,29",0.00011371892469469458,0.0005583167958409683,nan,0,1800,0.006315502338111401,20.262024138007636,0,0,1000,1e-08,dense,1.4532115677880761e-06,0.0015387760782372645,-7.0064195456754685,2612.3455027610185,999,1297.531265989517,1.4577160550692525e-13,1.2755884235298815e-13,0.06525277986949632,9,0.609,0.0,1
conf_ellipsoid_z06,5,"3,18,22,26,27",0.00011523007560754195,0.0005280345231839662,nan,0,1800,0.00730633269995451,19.749562151455834,0,0,1000,1e-08,dense,6.283223205014802e-07,0.0021080033307737424,-7.116393404137708,4927.958907891363,999,1355.3417939785386,-2.6714437953434533e-13,1.2375378571355351e-13,0.09121693111033014,9,0.701,0.0,1
conf_ellipsoid_z06,5,"4,5,8,16,29",0.00011094546061940491,0.0005721782342419826,nan,0,1800,0.006441180128604174,21.357360990221448,0,0,1000,1e-08,dense,6.457625693659912e-07,0.0018757620912105604,-7.072201827762862,5062.914597041636,999,1703.0545578332294,1.9156429817159773e-13,7.485443680547528e-14,0.05886636091755658,9,0.424,0.0,1
conf_ellipsoid_z06,5,"4,8,12,21,29",9.880300785880536e-05,0.000548920953042777,nan,0,1800,0.0068059153854846954,20.564060467182358,0,0,1000,1e-08,dense,7.374538052637733e-07,0.0021449300599310737,-7.2475095325049805,6225.796078445213,999,1327.7652092343883,-2.503567427697969e-13,1.1335040261032942e-13,0.0814854687067828,9,0.439,0.0,1
conf_ellipsoid_z06,5,"4,11,19,27,30",8.538231486454606e-05,0.0004452297169258051,nan,0,1800,0.006381257437169552,15.066787992219258,0,0,1000,1e-08,dense,1.136887677325793e-08,0.005388191651900815,-8.212767828443823,379233.3187052776,937,647.1502820578021,-5.640301115658678e-16,6.008807916914363e-14,0.12504906909796934,9,0.449,0.0,1
conf_ellipsoid_z06,5,"5,6,10,16,21",0.00012615462765097618,0.0005631051469640285,nan,0,1800,0.005968804005533457,20.944004030956368,0,0,1000,1e-08,dense,5.275983113355818e-07,0.001626674955412101,-7.054949638527301,4963.227868844897,999,1770.4449977426673,-5.307799067543674e-13,2.1167948855892325e-13,0.06566018503722787,9,0.69,0.0,1
conf_ellipsoid_z06,5,"5,7,8,25,27",0.00011070906475652009,0.0005652692225497952,nan,0,1800,0.006427336484193802,20.803208423843273,0,0,1000,1e-08,dense,1.2152649785369476e-06,0.0016655572167231815,-7.027070375233692,2858.5081082897777,999,1242.7403647559177,-3.824810777582673e-13,2.1002249264545544e-13,0.07524720242275632,9,0.656,0.0,1
conf_ellipsoid_z06,5,"5,8,25,29,31",0.00011756496678572148,0.0005583779615344969,nan,0,1800,0.007765419315546751,21.23333416312036,0,0,1000,1e-08,dense,5.130796014287201e-07,0.001942333593757118,-7.0892955393100765,5390.668973754079,999,1657.0639879739206,-3.113845783325221e-13,1.158473400479613e-13,0.08771150938118412,9,0.73,0.0,1
conf_ellipsoid_z06,5,"6,8,20,21,31",0.00011730680125765502,0.0005448709340772817,nan,0,1800,0.0070735737681388855,20.541544365379373,0,0,1000,1e-08,dense,6.162387927842007e-07,0.0019296103986563827,-7.14864921328002,5048.780228462344,999,1441.0783254404075,2.051890848084243e-13,8.401325053638072e-14,0.07446922910733592,9,0.682,0.0,1
conf_ellipsoid_z06,5,"6,10,14,18,20",0.00010803292389027774,0.0005052283749058078,nan,0,1800,0.006468263920396566,18.048189021384328,0,0,1000,1e-08,dense,6.046427548419504e-07,0.002476990985048581,-7.289379977250888,9685.155784020337,999,1000.3760199483509,-1.8226414301436566e-14,3.26270925582837e-14,0.07956222839412269,9,0.683,0.0,1
conf_ellipsoid_z06,5,"6,16,28,29,31",0.00011687073856592178,0.0005155250440311085,nan,0,1800,0.008769295178353786,18.90362948201136,0,0,1000,1e-08,dense,2.92055295098451e-07,0.0025797253507930467,-7.338436778996232,14112.711034449658,999,1277.1534538204046,1.5040166377947028e-13,5.91648080387347e-14,0.1011254499250287,9,0.661,0.0,1
conf_ellipsoid_z06,5,"7,9,16,28,29",0.00010412809206172824,0.0005089608973675916,nan,0,1800,0.007580283563584089,18.46043239925534,0,0,1000,1e-08,dense,9.594818230257226e-07,0.0024604840559713918,-7.315798191552122,7636.153671833169,999,1020.3657288237176,2.7809792479340943e-13,1.3365937627543753e-13,0.0995939237276794,9,0.51,0.0,1
conf_ellipsoid_z06,5,"8,9,15,19,29",0.00010834066051756963,0.0005372668109965446,nan,0,1800,0.007147488184273243,19.646103298939327,0,0,1000,1e-08,dense,8.805103175295064e-07,0.0020962861749468063,-7.14689801628969,4332.89665451995,999,1234.6986704313072,-5.0495631981339884e-14,5.805917381353973e-14,0.08133497373630727,9,0.507,0.0,1
conf_ellipsoid_z06,5,"8,10,18,20,28",0.0001145116621046327,0.0005405447257168391,nan,0,1800,0.007135569583624601,20.14633570309107,0,0,1000,1e-08,dense,3.614724252745324e-07,0.0023245615558383746,-7.154208473761583,6779.677737690664,999,1488.4330915707,-3.077019975622486e-13,1.128453065769426e-13,0.10372615878149857,9,0.734,0.0,1
conf_ellipsoid_z06,5,"8,11,17,21,28",0.00011227202776353806,0.0005493498811905106,nan,0,1800,0.006852090358734131,20.366387347301796,0,0,1000,1e-08,dense,6.243552243772345e-07,0.001933217061030008,-7.169016756580678,5622.506505703431,999,1406.4572047879942,1.269984032458596e-13,6.380747598922431e-14,0.08641223133176526,9,0.584,0.0,1
conf_ellipsoid_z06,5,"13,16,22,29,31",0.00011826610716525465,0.000562479368601403,nan,0,1800,0.007943915203213692,20.792260246097293,0,0,1000,1e-08,dense,2.9909693616204717e-07,0.0023175043366290143,-7.189282791012114,8169.835427775792,999,1551.0718331079063,-3.356668241971672e-14,2.0037575507019944e-14,0.11336901654576761,9,0.686,0.0,1
conf_ellipsoid_z06,5,"13,16,29,30,31",0.00011920522956643254,0.0005565487202115879,nan,0,1800,0.008382557891309261,20.807037999823997,0,0,1000,1e-08,dense,2.8928426501444617e-07,0.002304512213817374,-7.194940210501479,9139.472564319518,999,1623.1765526091588,1.800985033849345e-13,6.957336598945153e-14,0.08992564506400255,9,0.809,0.0,1
conf_ellipsoid_z06,5,"14,21,24,26,29",0.00011071905464632437,0.0005368174568795117,nan,0,1800,0.008489939384162426,20.058944272705315,0,0,1000,1e-08,dense,1.566733631840509e-07,0.0025628911744872197,-7.3199081321211334,14642.821258464417,999,1540.2281348108518,1.5368535979422282e-13,4.6672312173287426e-14,0.1102007565721909,9,0.671,0.0,1
conf_ellipsoid_z06,8,"0,1,4,8,17,18,21,31",0.00010483460937393829,0.0005625117323587424,nan,0,2400,0.006406521424651146,22.903006333269182,0,0,1000,1e-08,dense,1.100416486285349e-06,0.0018367723340602595,-7.076919295993555,3581.8214420134414,999,2172.688052400336,1.4999313920005694e-13,6.093788318909156e-14,0.11524730365241508,9,0.433,0.0,1
conf_ellipsoid_z06,8,"0,2,3,6,7,19,22,30",0.00011159862333443016,0.000550408929256972,nan,0,2400,0.005910641048103571,25.742383589345152,0,0,1000,1e-08,dense,1.926527014615696e-06,0.002185787003832939,-7.01157675708442,2284.1574177687726,999,1670.3274780610705,-1.5370512139677517e-13,4.9511852741139014e-14,0.09559438044431548,9,0.656,0.0,1
conf_ellipsoid_z06,8,"0,2,6,7,10,15,27,31",0.00011414013715693727,0.000533378644530048,nan,0,2400,0.006057020276784897,25.657525978713416,0,0,1000,1e-08,dense,1.3218347093576364e-06,0.002304961592951361,-7.094748678347088,2982.1337311638554,999,1899.4283527022383,-3.9878186946254573e-13,1.2092272812487912e-13,0.13647322596722927,9,0.667,0.0,1
conf_ellipsoid_z06,8,"0,3,7,10,11,20,28,30",0.00011491448822198436,0.0005457545202753976,nan,0,2400,0.005984093062579632,25.87720854178103,0,0,1000,1e-08,dense,1.686977024732241e-06,0.0019670214737403683,-6.99420899010372,2536.9307680888496,999,1939.343685324413,-3.5406443402163923e-13,1.0709461864667934e-13,0.1243807902232387,9,0.61,0.0,1
conf_ellipsoid_z06,8,"0,3,7,20,27,28,29,31",0.00011577433906495571,0.000543731873179396,nan,0,2400,0.006635898724198341,25.914237641474184,0,0,1000,1e-08,dense,1.0868084332416345e-06,0.0021452414337775707,-7.078618871491856,3376.7948747921446,999,2037.3700627227322,-3.3886294279993805e-13,1.1258841522322367e-13,0.15959817682013844,9,0.66,0.0,1
conf_ellipsoid_z06,8,"0,4,8,9,14,20,30,31",9.936580318026245e-05,0.0005474048748958022,nan,0,2400,0.006519342307001352,26.142792057995944,0,0,1000,1e-08,dense,1.4310833344323354e-06,0.0022748414479472076,-7.061644728488471,2898.866924269987,999,1514.6182505952138,1.147836166393021e-13,5.022847655383387e-14,0.14056697661690057,9,0.42,0.0,1
conf_ellipsoid_z06,8,"0,5,13,14,15,17,20,22",0.00010737908451119438,0.0005575797179042098,nan,0,2400,0.006178591400384903,26.427121823459593,0,0,1000,1e-08,dense,1.2279025059123405e-06,0.0016906800733501523,-7.071553253655441,3123.5290187493256,999,1887.7618898495662,3.491760411557446e-13,1.2770907314239944e-13,0.1267708138102846,9,0.58,0.0,1
conf_ellipsoid_z06,8,"0,7,9,16,21,26,29,31",0.00011361837096046656,0.0005511894284257341,nan,0,2400,0.006624913774430752,26.442861034969873,0,0,1000,1e-08,dense,8.096649201215831e-07,0.0020184720923260473,-7.112606622094994,4275.477854439736,999,2506.3113264368258,-5.2917305953803506e-14,3.16618603584301e-14,0.0993878265213928,9,0.53,0.0,1
conf_ellipsoid_z06,8,"0,9,10,11,13,19,23,26",0.00011888248263858259,0.000549406762766953,nan,0,2400,0.006053068675100803,26.29507041380204,0,0,1000,1e-08,dense,9.322356083106989e-07,0.0016749517140809383,-7.036267856817056,3726.5479215028013,999,2486.266579997645,2.0713033540455111e-13,7.150668617478379e-14,0.09902566872371797,9,0.502,0.0,1
conf_ellipsoid_z06,8,"0,10,12,13,16,19,20,28",0.0001159246894530952,0.0005577146860029702,nan,0,2400,0.006026553455740213,26.34118844561247,0,0,1000,1e-08,dense,1.1514732471227988e-06,0.0016649876086535494,-7.032473464779259,3202.3953922124383,999,2222.955666178099,7.256787994813904e-14,4.766384881887419e-14,0.13118673915083676,9,0.581,0.0,1
conf_ellipsoid_z06,8,"1,3,6,8,16,19,27,28",0.0001022617652779445,0.0005293324670506029,nan,0,2400,0.00593077577650547,18.84035244362103,0,0,1000,1e-08,dense,6.696159939543535e-07,0.0025112292769939827,-7.321900479346049,6178.650209668898,999,1929.9151746101659,-4.815945981490856e-14,4.2936874467295154e-14,0.1663318763173683,9,0.543,0.0,1
conf_ellipsoid_z06,8,"1,3,7,10,17,18,25,27",9.915846021613106e-05,0.000517374358035558,nan,0,2400,0.006041933782398701,18.19625029290418,0,0,1000,1e-08,dense,1.9142157786281136e-06,0.002324897349862342,-7.080288784080199,2583.370843835088,999,1469.0160145821847,-1.7448525190765346e-14,7.283513746564829e-14,0.12013508616462532,9,0.53,0.0,1
conf_ellipsoid_z06,8,"1,3,9,10,14,15,22,31",9.781005792319775e-05,0.00050718664050292,nan,0,2400,0.005991372279822826,17.52706870514052,0,0,1000,1e-08,dense,2.0977820003698963e-06,0.002365856531072296,-7.113439592324863,2683.6023324388575,999,1371.679218343576,8.326449047252734e-14,5.1600344261995276e-14,0.12042043262654518,9,0.513,0.0,1
conf_ellipsoid_z06,8,"1,3,11,13,19,24,26,31",0.00011345530219841748,0.0005399254304202263,nan,0,2400,0.006236725021153688,19.566212198118944,0,0,1000,1e-08,dense,4.639549380509884e-07,0.0020319944673683004,-7.174940053890147,5844.793587507398,999,2389.558311441133,1.7162421657446192e-13,6.402823258474996e-14,0.12120284052113052,9,0.557,0.0,1
conf_ellipsoid_z06,8,"1,4,6,7,12,16,20,29",9.265122935175896e-05,0.0005048634657841806,nan,0,2400,0.006101755425333977,17.43498367771483,0,0,1000,1e-08,dense,1.6210882492797314e-06,0.0026202264486338313,-7.327933328873689,5887.829804904972,999,1110.7734122574539,-3.975243528450689e-14,2.7639582787825824e-14,0.1039056526408546,9,0.457,0.0,1
conf_ellipsoid_z06,8,"1,7,12,13,16,23,25,27",0.0001016400201478973,0.0005389452618079069,nan,0,2400,0.0060514104552567005,19.01027309612734,0,0,1000,1e-08,dense,1.4126982866732306e-06,0.002407655966000254,-7.124118922631111,3213.769071261771,999,1542.0762139035846,-2.85618503150686e-13,9.34592044312213e-14,0.12131822411723288,9,0.536,0.0,1
conf_ellipsoid_z06,8,"2,4,5,6,12,13,15,18",0.00010003781062550843,0.0005415736751851765,nan,0,2400,0.0059844679199159145,19.598588521544567,0,0,1000,1e-08,dense,1.3045456685046875e-06,0.0021648172447967,-7.185925201247961,3703.3456314805,999,1860.2417201349103,-2.5517137542760997e-14,4.7897802180770526e-14,0.13353409206119426,9,0.456,0.0,1
conf_ellipsoid_z06,8,"2,5,12,14,22,24,26,30",0.00010243491124128923,0.0005362336665959129,nan,0,2400,0.006142671685665846,19.055390847841277,0,0,1000,1e-08,dense,1.2315069792886538e-06,0.0023767276043850385,-7.158258635909761,3665.2372013924846,999,1649.0848626349796,-1.4514604795845543e-13,5.068387107839795e-14,0.11754527300880767,9,0.589,0.0,1
conf_ellipsoid_z06,8,"2,12,14,15,17,20,21,28",9.466678602620959e-05,0.0005089860807664919,nan,0,2400,0.006241773720830679,17.685727735365198,0,0,1000,1e-08,dense,1.0545705791655938e-06,0.0035981755455798867,-7.303535465260733,4628.689204357002,999,1265.0773111473936,-4.986961364863606e-14,4.169632082310161e-14,0.16847041085476722,9,0.593,0.0,1
conf_ellipsoid_z06,8,"3,8,9,12,14,16,29,30",9.689579019322991e-05,0.0005521926433171838,nan,0,2400,0.0060665966011583805,19.516169384858312,0,0,1000,1e-08,dense,9.67454780251795e-07,0.002230717776154454,-7.34744982661813,6432.7592619633615,999,1860.3551090308858,-5.929386552049426e-14,3.8758978463349164e-14,0.13146187868320602,9,0.519,0.0,1
conf_ellipsoid_z06,8,"3,10,12,13,18,19,24,25",0.0001127847281168215,0.0005460952954161099,nan,0,2400,0.005963139235973358,19.89446743071688,0,0,1000,1e-08,dense,1.071035161459135e-06,0.0017163912858255462,-7.06344159106033,3386.2748719302135,999,2162.1172604267135,3.88924499752913e-13,1.2388077385098844e-13,0.13480826723049666,9,0.573,0.0,1
conf_ellipsoid_z06,8,"3,11,14,16,17,19,21,29",0.00010092004959005862,0.000537226679550504,nan,0,2400,0.006002501118928194,19.145895268797325,0,0,1000,1e-08,dense,4.0993822340144707e-07,0.002707834623295448,-7.460496657752056,11053.683602157083,999,2063.9782069846115,-9.411395671899101e-15,2.218183244819317e-14,0.1478593866937874,9,0.588,0.0,1
conf_ellipsoid_z06,8,"3,11,16,18,19,27,28,31",0.00011415008339099586,0.0005300306069092204,nan,0,2400,0.006219158414751291,18.720322012299114,0,0,1000,1e-08,dense,4.52961012935297e-07,0.002204747798175846,-7.191866810397199,6571.038601042259,999,2244.3808243820445,2.2763431764549757e-13,6.488851163279919e-14,0.17988269613814548,9,0.839,0.0,1
conf_ellipsoid_z06,8,"4,5,6,8,12,20,22,28",9.769760072231293e-05,0.0005326653793463525,nan,0,2400,0.006173074245452881,19.243447533741776,0,0,1000,1e-08,dense,2.1511621825074706e-06,0.0024273055238233994,-7.0348290258446236,2254.765950245568,999,1422.7426266903858,2.9417872647163346e-13,1.0004434886426734e-13,0.11243145383114109,9,0.446,0.0,1
conf_ellipsoid_z06,8,"4,8,10,12,21,24,26,28",0.00010655874211806804,0.0005495054898161484,nan,0,2400,0.006313071586191654,20.192231281024796,0,0,1000,1e-08,dense,7.518866179911321e-07,0.002004779775529614,-7.123109882299784,4442.818088052788,999,2153.0885042862237,1.1365648006078644e-13,3.108959769093963e-14,0.13689462417743037,9,0.421,0.0,1
conf_ellipsoid_z06,8,"4,10,15,17,23,24,28,29",9.786050213733688e-05,0.000506248695366482,nan,0,2400,0.00680343434214592,17.603356653865653,0,0,1000,1e-08,dense,6.100165466660405e-07,0.0028349524474655763,-7.300247030034292,7026.498204933972,999,1683.963486132907,-1.1264878449813534e-13,3.850927372601937e-14,0.16050398767001178,9,0.433,0.0,1
conf_ellipsoid_z06,8,"6,7,13,14,16,21,28,31",0.00011270452523604035,0.000539307810732967,nan,0,2400,0.0062223318964242935,19.96824719128655,0,0,1000,1e-08,dense,7.946875761190372e-07,0.0019949216732441564,-7.148548610358636,4293.377082279621,999,2088.3274063853464,-2.0548948937759445e-13,7.549414470879168e-14,0.11887628329733482,9,0.662,0.0,1
conf_ellipsoid_z06,8,"6,10,11,13,22,24,29,31",0.00011470737808849663,0.0005339644577886507,nan,0,2400,0.006315700244158506,19.593532821694872,0,0,1000,1e-08,dense,6.876691267578903e-07,0.0020730921872760834,-7.1303103655917,4692.896028771434,999,2269.5908142201183,-1.7615943426196878e-13,5.171494649461069e-14,0.1389013485518461,9,0.706,0.0,1
conf_ellipsoid_z06,8,"9,10,17,18,20,23,24,25",9.353792120236903e-05,0.0005105284967263882,nan,0,2400,0.0062896148301661015,17.707946464625863,0,0,1000,1e-08,dense,8.665281788173687e-07,0.0030274133321670214,-7.331409016465863,6185.48501523558,999,1531.4343664470873,7.023786934012817e-14,2.572286548879103e-14,0.16128060500104338,9,0.524,0.0,1
conf_ellipsoid_z06,8,"15,18,19,22,23,26,28,30",0.00010397291043773293,0.0005002087667155055,nan,0,2400,0.00702983932569623,18.01789819710174,0,0,1000,1e-08,dense,3.5065200022883493e-07,0.003151950610236949,-7.415198664206657,12585.766722245533,999,1695.0442259204892,1.5503017706391953e-13,4.444932816017452e-14,0.17741040318312418,9,0.713,0.0,1
conf_hemisphere_sq,3,"0,2,5",0.00017265125643461943,0.00042710037501313976,nan,0,1400,0.013757872395217419,28.165743729041672,0,0,1000,1e-08,dense,5.6146392222408853e-08,0.0017207061500862735,-7.122583372243454,25689.9217008515,999,1219.2136232484934,1.6552038782794637e-13,1.4716393190348053e-13,0.06891048353989912,9,0.802,0.0,1
conf_hemisphere_sq,3,"0,8,30",0.00017135211965069175,0.0004500132790790912,nan,0,1400,0.011936070397496223,27.899685980842428,0,0,1000,1e-08,dense,2.507825312375115e-07,0.0017015796353780383,-7.066206619817521,9311.521925144825,999,1172.8387460421557,-1.0022300687946513e-13,9.707551603855228e-14,0.03727396570040131,9,0.787,0.0,1
conf_hemisphere_sq,3,"0,13,24",0.00018799264216795564,0.0004220136530781144,nan,0,1400,0.011741760186851025,27.723518673500887,0,0,1000,1e-08,dense,1.426738692476776e-07,0.0016768805476932876,-7.0541819279069,18538.195712661975,999,1404.5757061316583,-4.959050045364972e-13,2.4685620773168793e-13,0.039583251917558904,9,0.973,0.0,1
conf_hemisphere_sq,3,"2,7,30",0.0001407054951414466,0.00034148321182259187,nan,0,1400,0.03983664885163307,15.109343669560527,0,0,1000,1e-08,dense,1.3979947612472006e-08,0.005476888872229092,-8.174150928908336,523817.4387460021,970,352.6294114716092,-1.6815626198855565e-16,4.2931884634953267e-14,0.07670879509654158,9,0.662,0.0,1
conf_hemisphere_sq,3,"2,11,25",0.00012017678818665445,0.0004117103105829194,nan,0,1400,0.009655771777033806,17.47348767590593,0,0,1000,1e-08,dense,7.175817982246513e-07,0.0025115971923707872,-7.223405346137594,5461.10020622652,999,503.76533688916425,-6.770766673019921e-14,9.175817178997084e-14,0.05091129530714556,9,0.718,0.0,1
conf_hemisphere_sq,3,"2,15,24",0.00012678840721491724,0.00038902901452947505,nan,0,1400,0.011170512065291405,17.4519470093784,0,0,1000,1e-08,dense,8.748427179315283e-08,0.0028952819915650267,-7.3556849057602935,22737.99323778393,999,674.4376034534819,1.449159531523997e-13,1.0186900605809576e-13,0.06816811961830366,9,0.803,0.0,1
conf_hemisphere_sq,3,"3,4,11",0.00011228601215407252,0.00037677070536186263,nan,0,1400,0.010132795199751854,16.65413270280386,0,0,1000,1e-08,dense,3.888115824954043e-08,0.003170115290966424,-7.831984190176186,96297.7825458455,982,616.5018790498046,-2.2008121966259763e-16,9.931147488912703e-14,0.06806656315381197,9,0.44,0.0,1
conf_hemisphere_sq,3,"3,9,22",0.00010191274486714974,0.000402784168023695,nan,0,1400,0.007748005911707878,16.86082863545847,0,0,1000,1e-08,dense,1.5386573837660687e-08,0.0033657088639894414,-7.702300816931486,148549.1086157076,977,456.74722612185667,-5.46394416715327e-13,4.063046034858439e-13,0.05148053526267772,9,0.528,0.0,1
conf_hemisphere_sq,3,"3,10,25",0.00014362935326062143,0.0004154200865366018,nan,0,1400,0.010407278314232826,19.306858713655753,0,0,1000,1e-08,dense,1.206701339313012e-06,0.001758464770672768,-7.0287614047310365,3162.4791461668183,999,766.4363102277421,-2.6599658382224587e-13,2.131135705263999e-13,0.046909531512237465,9,0.738,0.0,1
conf_hemisphere_sq,3,"3,13,14",0.00015411543427035213,0.00043515600995487137,nan,0,1400,0.011998536996543407,21.808380282510548,0,0,1000,1e-08,dense,5.69295119371749e-07,0.0016656328426683368,-7.068512945018642,5608.350268110708,999,968.6907739789586,4.739673050184776e-13,3.228937845085063e-13,0.055502047160485575,9,0.667,0.0,1
conf_hemisphere_sq,3,"3,15,25",0.00012729587615467608,0.0004137644968548842,nan,0,1400,0.010250902734696865,18.207939200845516,0,0,1000,1e-08,dense,8.230528753367891e-07,0.002611959303826861,-7.1661106988342205,4865.990858199389,999,608.5507519992673,-1.9892388698830753e-13,1.4240056495151994e-13,0.05147493096467588,9,0.722,0.0,1
conf_hemisphere_sq,3,"4,11,12",8.503338176524267e-05,0.0003754417582968959,nan,0,1400,0.007365511730313301,15.114249921727058,0,0,1000,1e-08,dense,1.4058992259484334e-08,0.003393811068625172,-7.81048461303643,247459.3869595348,969,307.4316135722438,-2.1579581729311372e-16,7.635311837761808e-14,0.03885746007326946,9,0.472,0.0,1
conf_hemisphere_sq,3,"4,12,29",9.284575935453176e-05,0.00041692044967764184,nan,0,1400,0.009504641406238079,17.731202433623412,0,0,1000,1e-08,dense,1.2153822038038017e-08,0.0032932890536208808,-7.51112293048748,118164.79225291728,998,413.7257273758048,-6.324532098121433e-14,8.367480385079868e-14,0.05602587031891856,9,0.44,0.0,1
conf_hemisphere_sq,3,"6,8,29",0.00014957529492676258,0.00042493611105867116,nan,0,1400,0.01381701324135065,21.299344826690223,0,0,1000,1e-08,dense,3.209216532125563e-07,0.0020688799301001658,-7.229454148245291,9534.708921907752,999,995.7822724862601,1.6021266344840024e-13,1.0233630559567095e-13,0.05467773090743706,9,0.687,0.0,1
conf_hemisphere_sq,3,"7,8,16",0.0001559907104820013,0.0004383576581847693,nan,0,1400,0.010562079958617687,21.617439822775914,0,0,1000,1e-08,dense,4.1367065009833973e-07,0.001922807618776679,-7.109352053718443,6385.316671387391,999,1023.3980407889669,-2.9925609066512e-13,1.7593844559509779e-13,0.0328981270439688,9,0.658,0.0,1
conf_hemisphere_sq,3,"7,10,21",0.0001434340374544263,0.00041797038852360997,nan,0,1400,0.01241148728877306,20.829964719362856,0,0,1000,1e-08,dense,2.9211326021707634e-07,0.002154387361836689,-7.201747975719406,8648.17329493983,999,876.5305415853082,-1.502088926332024e-13,9.43474964223499e-14,0.07349839860370372,9,0.673,0.0,1
conf_hemisphere_sq,3,"7,21,25",0.000119363670819439,0.00045082692267270965,nan,0,1400,0.010761878453195095,20.527489462956513,0,0,1000,1e-08,dense,3.4694267954452623e-07,0.002607335984283814,-7.228599624509073,8735.119888902169,999,623.902490564112,8.433268731782018e-14,7.071859246107488e-14,0.059498910403837174,9,0.657,0.0,1
conf_hemisphere_sq,3,"7,28,30",0.0001406732335453853,0.00031463397494217434,nan,0,1400,0.053609561175107956,14.355304276766017,0,0,1000,1e-08,dense,1.2063936297584245e-08,0.006402381453692386,-8.21429520469551,524282.93272888806,941,353.0390057539534,-2.2706718780364856e-16,5.687489859465759e-14,0.07226588259135969,9,0.678,0.0,1
conf_hemisphere_sq,3,"8,11,13",0.00018034875392913818,0.00042439435088982954,nan,0,1400,0.013172393664717674,22.679850212732873,0,0,1000,1e-08,dense,1.2448470270347253e-07,0.0017537184438797934,-7.0885798503920014,17670.405502979254,999,1305.418496688052,3.052815742339316e-13,1.703391620302285e-13,0.042081453466872046,9,0.914,0.0,1
conf_hemisphere_sq,3,"9,13,30",0.00012034262181259692,0.0004620659160834953,nan,0,1400,0.009243473410606384,21.046699736623907,0,0,1000,1e-08,dense,4.517918427367088e-07,0.0023265089510746766,-7.137915011993305,7093.583742136805,999,647.5993971868763,-1.6661043204801995e-13,1.3380822933789106e-13,0.05482152948395734,9,0.535,0.0,1
conf_hemisphere_sq,3,"9,14,18",0.00010839130845852196,0.0004238919211403813,nan,0,1400,0.008841561153531075,18.203701411434274,0,0,1000,1e-08,dense,3.0298411547459545e-07,0.002523398630715928,-7.341691444778264,12993.037126084278,998,500.91203845446904,-1.8590121270438322e-13,1.7369257962081072e-13,0.048115812412746255,9,0.542,0.0,1
conf_hemisphere_sq,3,"9,21,25",0.00010998995276167989,0.00045304270833908115,nan,0,1400,0.009776604361832142,20.34812323491789,0,0,1000,1e-08,dense,5.552167010187968e-07,0.002730184412833968,-7.256523932627031,7437.970281278121,999,571.7562911301959,2.0733920758242272e-13,1.4726689334034023e-13,0.05724701210552989,9,0.511,0.0,1
conf_hemisphere_sq,3,"11,16,24",0.00013859353202860802,0.0003795207435114281,nan,0,1400,0.01872269995510578,18.619687209965676,0,0,1000,1e-08,dense,1.2632177181285309e-08,0.0028954704498494613,-7.749718864367952,287892.2513214872,995,997.7168531945321,5.866007690204426e-17,5.69565178440298e-14,0.07697600056423312,9,0.897,0.0,1
conf_hemisphere_sq,3,"11,21,23",0.0001540822850074619,0.0004128581653285458,nan,0,1400,0.012894824147224426,20.161731952146063,0,0,1000,1e-08,dense,3.0068668833516763e-07,0.0018956184972079332,-7.201731831768583,9646.884979841408,999,1008.0428365983958,1.2450539312203684e-13,1.3527543530220708e-13,0.048482485895023124,9,0.898,0.0,1
conf_hemisphere_sq,3,"12,23,25",8.85086483322084e-05,0.0003815639960527692,nan,0,1400,0.007524654269218445,15.494050718802505,0,0,1000,1e-08,dense,1.7064611589770406e-08,0.005691567555922967,-8.170036262421927,280507.59038807993,978,374.6352964599669,-1.1359671343867252e-13,6.677449591515506e-14,0.06515887521240486,9,0.575,0.0,1
conf_hemisphere_sq,3,"13,28,29",0.00015834055375307798,0.00041679199606140844,nan,0,1400,0.014650315977633,21.55621339924563,0,0,1000,1e-08,dense,1.2772557132099528e-07,0.002143608282075367,-7.206812596639068,17702.519070598762,999,1069.7580951498715,6.189692855484985e-13,2.955377964111595e-13,0.057454817072262826,9,0.871,0.0,1
conf_hemisphere_sq,3,"14,20,30",0.00014375735190697014,0.0003266868676796028,nan,0,1400,0.07029242813587189,14.105106440375462,0,0,1000,1e-08,dense,2.6666593369006693e-08,0.007112601724364145,-8.263496622631672,349152.24392762606,905,267.1081647366365,-4.5941115495162776e-14,4.052624202499894e-14,0.06898068923162333,9,0.676,0.0,1
conf_hemisphere_sq,3,"14,23,31",0.00011451754835434258,0.00039239227407599316,nan,0,1400,0.010815568268299103,17.05354324183342,0,0,1000,1e-08,dense,1.5609715717865042e-08,0.003308896424399115,-7.669473390781608,225046.768843399,984,632.5271742138706,-2.019485645228995e-16,5.59976938763608e-14,0.07935146353577882,9,0.669,0.0,1
conf_hemisphere_sq,3,"17,18,30",0.00011141333379782736,0.00041684573679977874,nan,0,1400,0.011245595291256905,18.511441346231933,0,0,1000,1e-08,dense,8.201809747727975e-08,0.003308653263365359,-7.503063801619994,36951.89796379689,992,536.5095450507695,-1.6837347182786845e-13,1.0648568596984324e-13,0.06541241656825338,9,0.589,0.0,1
conf_hemisphere_sq,3,"22,26,28",0.00012042584421578795,0.00041014114788270997,nan,0,1400,0.015212178230285645,18.8402378618104,0,0,1000,1e-08,dense,6.671260317457959e-08,0.0033278592545048836,-7.554333812162498,39372.856765256816,999,656.6297656564423,1.788489790158698e-13,9.945084332035397e-14,0.07787216901289873,9,0.704,0.0,1
conf_hemisphere_sq,5,"0,3,8,13,25",0.00013056813622824848,0.0005241105354258783,nan,0,1800,0.005917581729590893,27.824693935892316,0,0,1000,1e-08,dense,4.973808042994832e-07,0.0016784409279448232,-7.055716171247868,5572.220899181512,999,2017.8875203113093,-7.80086279918004e-14,5.137272818995887e-14,0.05196625623136662,9,0.717,0.0,1
conf_hemisphere_sq,5,"0,4,13,16,27",0.00011485855065984651,0.000520903978893105,nan,0,1800,0.006624175235629082,27.51541592183639,0,0,1000,1e-08,dense,5.463681702475779e-07,0.001684671067231768,-7.059981637529383,5447.732676672255,999,1659.4160424265613,2.1092717348801863e-13,1.0154081800898068e-13,0.07257876338812805,9,0.442,0.0,1
conf_hemisphere_sq,5,"0,8,24,25,26",0.00012308609439060092,0.0005156656000161066,nan,0,1800,0.007584723643958569,27.52375419749645,0,0,1000,1e-08,dense,4.3660335665843855e-07,0.0017150282479908335,-7.078984437805181,6312.015209639527,999,1879.3752928149788,-2.1533345054619086e-13,1.1954594133217468e-13,0.08280360689652869,9,0.736,0.0,1
conf_hemisphere_sq,5,"0,10,18,21,25",0.0001248559565283358,0.0005063290353046668,nan,0,1800,0.007434815168380737,27.49342226759033,0,0,1000,1e-08,dense,4.857403517673403e-07,0.001748391167534509,-7.0782424205754,5947.139694837219,999,1851.4906443897567,3.827502173338483e-13,1.5521330022090156e-13,0.10477000663385186,9,0.729,0.0,1
conf_hemisphere_sq,5,"0,16,19,21,23",0.00012729031732305884,0.0004928838911229702,nan,0,1800,0.007934996858239174,27.20568957056246,0,0,1000,1e-08,dense,5.408183940027788e-07,0.001764037442688305,-7.0655324492852065,5698.1493677644,999,1882.4340008090962,1.2181380036613287e-12,3.869157144169455e-13,0.0840833112344299,9,0.867,0.0,1
conf_hemisphere_sq,5,"1,4,14,25,28",7.93607032392174e-05,0.0003526552591135666,nan,0,1800,0.014904712326824665,14.568717522857835,0,0,1000,1e-08,dense,3.7042811374994524e-07,0.006698723019681756,-8.231046600559113,48628.293588394714,999,344.23649744578904,-8.942471227760002e-14,5.839686383179408e-14,0.0874810828319966,9,0.445,0.0,1
conf_hemisphere_sq,5,"1,5,18,21,30",0.00010866388765862212,0.000504472074308481,nan,0,1800,0.006979899015277624,21.43503739162913,0,0,1000,1e-08,dense,7.243937623291928e-07,0.0018994637005236167,-7.166568443113097,5141.144307615797,999,1487.698650922305,-3.7688363899868823e-13,1.533945956203121e-13,0.06958874398502708,9,0.514,0.0,1
conf_hemisphere_sq,5,"1,7,14,15,21",9.203349327435717e-05,0.00046654762577757965,nan,0,1800,0.00638744980096817,18.736053049451307,0,0,1000,1e-08,dense,1.3541062347044922e-06,0.002513932292721751,-7.23411136183815,4618.9690487094285,999,806.1752458637507,-2.8808552765546835e-13,1.6490144590360886e-13,0.08294817632891961,9,0.505,0.0,1
conf_hemisphere_sq,5,"1,9,13,18,20",9.487936040386558e-05,0.0004953324815951295,nan,0,1800,0.006209440995007753,20.29104218330458,0,0,1000,1e-08,dense,1.1329371455137104e-06,0.0020468329549896886,-7.185965448727309,4238.465308161525,999,1073.5005247912875,5.289063458031665e-14,5.777297771458587e-14,0.07428029454037377,9,0.506,0.0,1
conf_hemisphere_sq,5,"2,6,9,11,26",0.00010659187682904303,0.00045719738744023854,nan,0,1800,0.00678611733019352,18.533915928337212,0,0,1000,1e-08,dense,1.6353927736026472e-06,0.002294051444326271,-7.185006880278741,4173.334327434984,999,992.7208975977718,3.726078702869071e-13,1.9503116964560974e-13,0.07717884904271732,9,0.529,0.0,1
conf_hemisphere_sq,5,"2,8,25,28,29",0.00011208625801373273,0.0004807968221280624,nan,0,1800,0.00802697241306305,20.598520856564942,0,0,1000,1e-08,dense,7.052317178138213e-07,0.0020982200207295917,-7.101680533629462,4407.929794553108,999,1326.3808340693784,6.147415475971085e-14,7.780502330819737e-14,0.09353271043641316,9,0.739,0.0,1
conf_hemisphere_sq,5,"2,9,15,24,30",9.582760685589164e-05,0.0004275953131117445,nan,0,1800,0.007436529733240604,16.964069938150892,0,0,1000,1e-08,dense,5.640136150127083e-07,0.0030787678910392676,-7.401236710432041,10506.089444826852,999,770.5742952771062,-8.189336795499935e-14,7.133843306787291e-14,0.09836027344153885,9,0.531,0.0,1
conf_hemisphere_sq,5,"3,6,11,24,25",0.00010467586980666965,0.00043566350329897675,nan,0,1800,0.008172732777893543,17.777225251004612,0,0,1000,1e-08,dense,2.527273394932615e-08,0.0032604683759664965,-7.843368045653062,136634.21862575106,999,1098.6816907526265,-6.948954338482841e-14,3.850779034430782e-14,0.10408178928700493,9,0.689,0.0,1
conf_hemisphere_sq,5,"3,8,14,17,29",0.00010528139682719484,0.0004890908937048449,nan,0,1800,0.007001937832683325,20.603885137182214,0,0,1000,1e-08,dense,6.822229217057863e-07,0.0019939097656351576,-7.251188713244772,6411.2182901814895,999,1407.159594678724,2.2059579724953294e-13,1.1309524250074646e-13,0.07959845604684354,9,0.597,0.0,1
conf_hemisphere_sq,5,"3,9,21,27,30",9.92904242593795e-05,0.00047171363998227346,nan,0,1800,0.007401230279356241,19.578444618201686,0,0,1000,1e-08,dense,5.094118028159283e-07,0.002737547597359501,-7.3041008057151044,7095.637426472718,999,1088.7779951827292,1.321519662363796e-13,5.5085453621526026e-14,0.10446766353129294,9,0.503,0.0,1
conf_hemisphere_sq,5,"3,13,15,19,27",0.00011933633504668251,0.00047761071193162656,nan,0,1800,0.007270254660397768,20.100482523118387,0,0,1000,1e-08,dense,7.446754811393947e-07,0.0019344428800116388,-7.080429852805835,4336.501685789504,999,1423.1534458620085,4.756416614737358e-13,2.0731540773685265e-13,0.09014885428467657,9,0.819,0.0,1
conf_hemisphere_sq,5,"3,16,17,29,30",0.00010559866495896131,0.0004663010174969857,nan,0,1800,0.008716260083019733,19.618782206890938,0,0,1000,1e-08,dense,1.7940546331234205e-07,0.0024095231958769126,-7.485264424054018,22850.056059764192,998,1290.0938873986283,2.9835123651794935e-13,1.1045933073050131e-13,0.1163493341926479,9,0.596,0.0,1
conf_hemisphere_sq,5,"4,5,13,21,31",0.00011356030881870538,0.0005072948844356495,nan,0,1800,0.006964956410229206,22.026704216845175,0,0,1000,1e-08,dense,3.319566093926302e-07,0.0019109015535000156,-7.1525495962387735,8436.789435381499,999,1812.4216927439488,5.773789346698749e-13,1.9870077006001217e-13,0.08514759801793327,9,0.427,0.0,1
conf_hemisphere_sq,5,"4,11,14,17,21",8.727143722353503e-05,0.0004753666625694789,nan,0,1800,0.006358320824801922,18.766106189864644,0,0,1000,1e-08,dense,7.912579393526655e-07,0.002797039813671552,-7.3203146469741975,5976.001691611654,999,867.2232437081153,2.664722502231651e-13,1.320159431731941e-13,0.10022692450022638,9,0.462,0.0,1
conf_hemisphere_sq,5,"4,12,15,17,25",6.596897583222017e-05,0.00037750754653778927,nan,0,1800,0.0061203483492136,14.07565052611378,0,0,1000,1e-08,dense,1.1199756763470074e-08,0.008936964306025993,-8.544401080171003,510608.3618323077,938,310.41381206581775,-3.639230635434578e-14,2.36455681810951e-14,0.09890491663176945,9,0.439,0.0,1
conf_hemisphere_sq,5,"4,15,16,23,30",9.622440848033875e-05,0.00044378738442500166,nan,0,1800,0.007818062789738178,18.166986438402272,0,0,1000,1e-08,dense,6.829647726344728e-07,0.002845043999798132,-7.240878202345753,6171.215201741166,999,973.8233354881799,6.357864538661384e-13,2.566911689058753e-13,0.10891482928054703,9,0.459,0.0,1
conf_hemisphere_sq,5,"6,7,9,20,23",8.567975601181388e-05,0.0004140472797820808,nan,0,1800,0.006820033770054579,15.812698721084173,0,0,1000,1e-08,dense,2.4729281836190075e-07,0.005063205302729718,-7.673171199520483,22466.936550280636,999,524.8815831284029,8.455779479388248e-14,5.262254260093664e-14,0.08805708885423405,9,0.517,0.0,1
conf_hemisphere_sq,5,"6,13,14,27,28",0.00010221537377219647,0.00047633925340566147,nan,0,1800,0.007176954764872789,19.544775383402083,0,0,1000,1e-08,dense,8.210278296129111e-07,0.002885414460820637,-7.166110462968831,4517.543281469359,999,989.5747554318548,-1.9976370817936795e-13,8.005446477189762e-14,0.12921376703388895,9,0.645,0.0,1
conf_hemisphere_sq,5,"6,13,23,25,27",0.00010698136611608788,0.0004829368748514436,nan,0,1800,0.007491900119930506,19.82163327843856,0,0,1000,1e-08,dense,8.668027649571653e-07,0.002352865592743963,-7.152027850109553,4347.6095082049,999,1115.0564288955584,7.283887035192116e-15,4.32998639848982e-14,0.12999717280135,9,0.706,0.0,1
conf_hemisphere_sq,5,"7,11,12,17,28",8.42063018353656e-05,0.0004144872734505097,nan,0,1800,0.006643770262598991,15.838875377920669,0,0,1000,1e-08,dense,7.82316965939326e-08,0.0045640489112764165,-7.5892467143018925,64375.02044923422,999,538.9719333384472,2.1251048392646237e-14,4.5002312352919776e-14,0.10546581665830371,9,0.59,0.0,1
conf_hemisphere_sq,5,"8,9,19,20,26",0.00010205373837379739,0.0004952264407574599,nan,0,1800,0.007209476549178362,20.54671758112209,0,0,1000,1e-08,dense,1.0326772244134504e-06,0.001904706913695586,-7.1294221057647205,4066.203970282097,999,1235.037988443225,2.4376881764006115e-13,1.2676149448926757e-13,0.0837840231682104,9,0.515,0.0,1
conf_hemisphere_sq,5,"8,14,27,29,30",9.897386189550161e-05,0.0004817447155286893,nan,0,1800,0.008330447599291801,20.093678616315028,0,0,1000,1e-08,dense,3.182691243085147e-07,0.002878468615482807,-7.319501548382032,10073.571620588868,999,1221.5407556668401,-2.1828795281758633e-13,1.0710074993896746e-13,0.12527372845614643,9,0.65,0.0,1
conf_hemisphere_sq,5,"11,15,21,28,31",0.00011350105341989547,0.0004556403588915977,nan,0,1800,0.009122270159423351,19.24569932257933,0,0,1000,1e-08,dense,3.6552826533670033e-07,0.0024037696187829416,-7.245325091696466,8845.08766126895,999,1389.9586923521167,3.4385450216334323e-13,1.3341178037753032e-13,0.10278265974202049,9,0.818,0.0,1
conf_hemisphere_sq,5,"12,16,19,23,31",0.0001059049172908999,0.00043840052671997555,nan,0,1800,0.00930984877049923,18.552280812675424,0,0,1000,1e-08,dense,5.688115041185391e-07,0.0024187920268546803,-7.322089312338464,8581.255562294453,999,1182.4859333038776,-1.0798436059014276e-13,4.4598003989829097e-14,0.09275425341278966,9,0.567,0.0,1
conf_hemisphere_sq,5,"16,20,24,27,28",0.00010244580334983766,0.00043744091079767956,nan,0,1800,0.009596784599125385,18.258639495854396,0,0,1000,1e-08,dense,2.0650501740601594e-08,0.0029382267649095324,-7.436648534523367,63427.95987787825,999,1113.0251071055948,1.3619352295783128e-13,4.8190646121500115e-14,0.11487879678676229,9,0.739,0.0,1
conf_hemisphere_sq,8,"0,2,3,4,5,7,8,9",0.00010691170609788969,0.0005094991481737387,nan,0,2400,0.005745711270719767,27.19594941163137,0,0,1000,1e-08,dense,2.1776022575110486e-06,0.0014088396636787385,-6.971450832654184,2376.944553689531,999,2212.9153822350772,5.187853388522422e-13,2.2247004393863243e-13,0.07148610320946272,9,0.44,0.0,1
conf_hemisphere_sq,8,"0,4,11,18,19,21,29,30",0.00010524885874474421,0.0005013663278993117,nan,0,2400,0.0062036532908678055,26.979009259552782,0,0,1000,1e-08,dense,7.94142422776296e-07,0.001880746394310342,-7.089313537368483,4375.34636846633,999,2357.821169591244,-8.903349207572629e-13,2.1604750622341463e-13,0.14674986287857325,9,0.435,0.0,1
conf_hemisphere_sq,8,"0,6,8,12,13,16,19,22",0.00010611835750751197,0.0005149276969593357,nan,0,2400,0.005679327063262463,27.344519360663657,0,0,1000,1e-08,dense,8.800678272564894e-07,0.001708324818225147,-7.064502546180066,3980.300444907082,999,2412.28509845571,4.033013580037165e-13,1.2170604147407622e-13,0.11877380659547905,9,0.587,0.0,1
conf_hemisphere_sq,8,"0,7,8,10,14,18,26,28",0.00011026280844816938,0.0005019197105376501,nan,0,2400,0.006010087672621012,27.142375127606954,0,0,1000,1e-08,dense,8.485362877247782e-07,0.0017455863987096772,-7.0598593041206525,3960.9544757675985,999,2577.409900296288,-5.47607577340876e-13,1.5410801245400532e-13,0.15224274560102896,9,0.672,0.0,1
conf_hemisphere_sq,8,"1,3,9,11,13,20,28,29",9.97573952190578e-05,0.00048677285969561483,nan,0,2400,0.005947781726717949,19.700286862542313,0,0,1000,1e-08,dense,1.4382632668856272e-06,0.0018669076940994681,-7.147624752940688,3455.8657811774597,999,1834.7301062800825,-1.7217055320240266e-13,6.697726719593489e-14,0.10319912877642623,9,0.52,0.0,1
conf_hemisphere_sq,8,"1,4,9,11,14,15,24,29",8.335214079124853e-05,0.00044595090258452976,nan,0,2400,0.006436528638005257,17.187568012396053,0,0,1000,1e-08,dense,1.5988031220066536e-06,0.0032815797734539022,-7.435728921225988,7534.070498865623,999,1225.8336149831532,5.601759875191312e-14,4.928605706869672e-14,0.14027284160133927,9,0.45,0.0,1
conf_hemisphere_sq,8,"1,4,13,20,24,26,27,29",9.371440683025867e-05,0.0004899907991940958,nan,0,2400,0.006584614515304565,19.9827687894826,0,0,1000,1e-08,dense,9.591561809482326e-07,0.002270338509921831,-7.228896843086723,5026.571585032175,999,1923.5555907447574,5.881853164246831e-13,1.5419089656601576e-13,0.14758286497908227,9,0.472,0.0,1
conf_hemisphere_sq,8,"1,5,8,13,14,17,19,23",0.00010164871491724625,0.0005010212122659137,nan,0,2400,0.005772025790065527,20.97090068631973,0,0,1000,1e-08,dense,1.5966660988418192e-06,0.0015429862803219459,-7.046166763119203,3034.9876576599177,999,2131.6290513725303,-5.171516830788402e-14,4.731370582144678e-14,0.12090553399862869,9,0.492,0.0,1
conf_hemisphere_sq,8,"2,3,5,7,9,21,27,29",0.00010534274042584002,0.0004960813198820265,nan,0,2400,0.005768883042037487,20.42394467438443,0,0,1000,1e-08,dense,1.6637193425480514e-06,0.001666396026056593,-7.05295856476393,2849.641915915792,999,2100.8333765662,-3.7753057305988325e-13,1.368191503359307e-13,0.11318219435264276,9,0.506,0.0,1
conf_hemisphere_sq,8,"2,3,5,7,16,18,24,30",0.00011020763486158103,0.0004953499134852079,nan,0,2400,0.005730749107897282,20.40156616862488,0,0,1000,1e-08,dense,1.266229811709513e-06,0.0015185545975195613,-7.039880152609278,3189.0122506977223,999,2359.726088896338,5.838322989122624e-13,2.1446006493431e-13,0.13104402316995026,9,0.665,0.0,1
conf_hemisphere_sq,8,"2,3,13,14,16,25,26,30",0.00010619242675602436,0.0005012892071252338,nan,0,2400,0.005837211851030588,20.776725755093185,0,0,1000,1e-08,dense,9.876374150262787e-07,0.0017616954323614116,-7.061428257853349,3516.840788774473,999,2176.1604800191744,2.460839070711829e-13,1.0495793934517716e-13,0.1426115787322399,9,0.667,0.0,1
conf_hemisphere_sq,8,"2,4,11,17,19,25,26,30",8.971442002803087e-05,0.0004514394150742752,nan,0,2400,0.006206232588738203,17.672205397088508,0,0,1000,1e-08,dense,1.475294004078514e-06,0.003258690157842241,-7.268655595676911,4507.520982891746,999,1237.9153347224449,-3.5622311019385393e-13,1.0254865781597184e-13,0.16618138098361615,9,0.424,0.0,1
conf_hemisphere_sq,8,"2,5,6,10,12,15,29,30",0.00010071803262690082,0.00047611822233793976,nan,0,2400,0.0059219165705144405,19.066773105137198,0,0,1000,1e-08,dense,1.3338848659967756e-06,0.0023411792618941475,-7.212004977412088,3998.039979208573,999,1744.3330835124557,9.493976785290357e-13,2.704134460349054e-13,0.1514923902523256,9,0.569,0.0,1
conf_hemisphere_sq,8,"2,8,13,17,22,23,27,29",0.00010498902702238411,0.0004946534140439875,nan,0,2400,0.006041745189577341,20.75954083624643,0,0,1000,1e-08,dense,1.0037400884247728e-06,0.0018917189107169818,-7.102988875584276,3932.7946595949056,999,2139.5022877853744,5.82905752706585e-13,1.562776759178997e-13,0.14847335841889686,9,0.592,0.0,1
conf_hemisphere_sq,8,"2,10,12,13,15,19,25,26",0.00010147046123165637,0.0004807595207356711,nan,0,2400,0.006039575207978487,19.51647043563959,0,0,1000,1e-08,dense,9.270494254134066e-07,0.0023123139313613256,-7.207618271595363,4716.656159347923,999,1956.310005528701,-3.0527685510233617e-13,1.0245092183402207e-13,0.12803891547021476,9,0.576,0.0,1
conf_hemisphere_sq,8,"3,5,7,10,21,28,29,30",0.00010933800513157621,0.0004968220498876531,nan,0,2400,0.00596961984410882,20.56011108037033,0,0,1000,1e-08,dense,1.2337643643592125e-06,0.0018358172277870592,-7.082463396762689,3556.206093045823,999,2314.057529124477,1.4566653615036168e-13,5.449035813377487e-14,0.15129230587974954,9,0.662,0.0,1
conf_hemisphere_sq,8,"4,9,10,11,17,18,29,31",9.410150232724845e-05,0.00047263183297327135,nan,0,2400,0.006339567713439465,18.67905682769817,0,0,1000,1e-08,dense,1.3646190159681786e-06,0.002177985124084582,-7.2143441381089985,4480.263858810239,999,1715.7689634890899,2.7036966415649682e-14,8.234106441135239e-14,0.12997224982070116,9,0.44,0.0,1
conf_hemisphere_sq,8,"4,12,14,15,16,20,21,23",8.91261370270513e-05,0.000471814027776014,nan,0,2400,0.006032997742295265,18.905510869138002,0,0,1000,1e-08,dense,1.1543955231797013e-06,0.0026682367372705355,-7.237158008349506,4702.711031859686,999,1519.5810386599615,2.070357773870052e-13,6.601314051101757e-14,0.15615873706645755,9,0.455,0.0,1
conf_hemisphere_sq,8,"5,6,17,23,25,26,28,31",9.562815102981403e-05,0.0004766480421155618,nan,0,2400,0.006661152467131615,19.16538960524994,0,0,1000,1e-08,dense,1.002553954836304e-06,0.002804075967625745,-7.287473511692243,5091.470974853421,999,1821.5832481225777,7.343776194656649e-13,1.7337316514683968e-13,0.16546605761205535,9,0.573,0.0,1
conf_hemisphere_sq,8,"6,7,8,11,12,14,17,29",9.207527909893543e-05,0.00048379409943542854,nan,0,2400,0.005761837121099234,19.01537174948767,0,0,1000,1e-08,dense,1.885217644183332e-06,0.0025468871873004944,-7.214013312167688,3481.6848422169064,999,1459.345742737451,6.86303600462345e-14,4.420797682230984e-14,0.13907824187045856,9,0.591,0.0,1
conf_hemisphere_sq,8,"6,7,9,16,19,22,23,28",9.016995318233967e-05,0.00044359610824515924,nan,0,2400,0.0063077230006456375,17.3912848453496,0,0,1000,1e-08,dense,1.4823461727831963e-06,0.0030308373592479567,-7.345632169421481,5542.733171143477,999,1294.6375690716113,-1.826838410634666e-13,1.0020502007898585e-13,0.14167917193685348,9,0.521,0.0,1
conf_hemisphere_sq,8,"6,8,14,15,16,20,26,31",0.00010313186794519424,0.0004935313176769191,nan,0,2400,0.006162868347018957,20.195675712464368,0,0,1000,1e-08,dense,7.962917409846128e-07,0.0018940672496245102,-7.139398332716814,4449.322120496149,999,2124.739980120437,9.460837264974563e-14,3.2207783445994684e-14,0.14371089707644383,9,0.666,0.0,1
conf_hemisphere_sq,8,"6,11,13,17,19,20,22,25",9.190532728098333e-05,0.0004665865296703164,nan,0,2400,0.005839026533067226,18.713412483720212,0,0,1000,1e-08,dense,1.4268318793623183e-06,0.0032083585429869776,-7.211796977472616,3610.535688048817,999,1323.403237737058,-3.327589939705611e-13,9.499341137412782e-14,0.1450871346024257,9,0.583,0.0,1
conf_hemisphere_sq,8,"7,8,11,21,22,28,30,31",0.00010127999848918989,0.000483787937457205,nan,0,2400,0.0064281197264790535,20.075397350694878,0,0,1000,1e-08,dense,8.402994488038829e-07,0.0021722455470658954,-7.152002957306694,4521.632751683655,999,2032.8497927309425,-5.084784589909352e-13,1.4271563690527125e-13,0.18375272352328667,9,0.685,0.0,1
conf_hemisphere_sq,8,"7,9,10,12,21,22,27,29",9.054591646417975e-05,0.00047062311609296845,nan,0,2400,0.006215372122824192,18.998475688300452,0,0,1000,1e-08,dense,1.5145507208077802e-06,0.002606445411971459,-7.233742558796043,4303.931886242299,999,1490.0058677223685,-5.820123387872917e-13,1.677276093702095e-13,0.16665828108028374,9,0.514,0.0,1
conf_hemisphere_sq,8,"7,9,13,18,21,24,28,29",0.00010296750406268984,0.0005001688725671166,nan,0,2400,0.006339560262858868,20.72965046297689,0,0,1000,1e-08,dense,7.749853539096191e-07,0.0019824439755090823,-7.1887028440316545,5651.51489362645,999,2431.230571349023,3.193608572038542e-13,7.717956156330879e-14,0.13782528550866083,9,0.551,0.0,1
conf_hemisphere_sq,8,"8,10,11,12,13,29,30,31",0.00010916613973677158,0.0005006281668328431,nan,0,2400,0.006138273514807224,20.972615669853518,0,0,1000,1e-08,dense,9.959873082335905e-07,0.0017720898442272427,-7.077442375754208,4049.61042453066,999,2488.3990214273,5.221692832114619e-13,1.3469884661862e-13,0.13120707240873097,9,0.575,0.0,1
conf_hemisphere_sq,8,"8,11,17,19,22,23,24,27",9.624345693737268e-05,0.0004679000444645008,nan,0,2400,0.006440562661737204,18.73330447655056,0,0,1000,1e-08,dense,1.1009343101577136e-06,0.0029619593134748066,-7.262484660799578,4647.9574571727135,999,1761.674557108508,2.2493291948333307e-14,1.895804297506967e-14,0.16681409440483502,9,0.585,0.0,1
conf_hemisphere_sq,8,"9,13,16,17,22,29,30,31",9.29003581404686e-05,0.0004952133617918278,nan,0,2400,0.006300382781773806,20.22204759839648,0,0,1000,1e-08,dense,9.657342007918412e-07,0.0025167150872669668,-7.191176167979843,4560.9956577848025,999,1897.5948924037066,1.5152527670092564e-13,7.425414105285588e-14,0.18279696563979916,9,0.532,0.0,1
conf_hemisphere_sq,8,"12,13,17,20,22,27,30,31",8.649886876810342e-05,0.0004716374065903185,nan,0,2400,0.00636212807148695,18.60542561571314,0,0,1000,1e-08,dense,1.0913908566759364e-06,0.0038186197254054133,-7.298858602551383,5088.823768996064,999,1309.5068334471462,1.4940353834887567e-13,4.337115417448026e-14,0.19580705109319552,9,0.583,0.0,1
conf_icosphere_sub3,3,"0,6,10",0.0001490426657255739,0.0003981849860578806,nan,0,1400,0.008993413299322128,28.01561318585197,0,0,1000,1e-08,dense,1.1908173171301158e-06,0.0014610871194216497,-6.981969348819496,3167.3536289430403,999,986.7784011637202,1.3137517669208865e-13,1.1359994240432638e-13,0.03843477372125506,9,0.739,0.0,1
conf_icosphere_sub3,3,"0,6,16",0.00015278196951840073,0.00038793184405566455,nan,0,1400,0.012910296209156513,28.106899896889583,0,0,1000,1e-08,dense,3.1551872014837934e-07,0.001649049419814031,-7.069899838574269,8705.162199945311,999,1126.8612910221375,-1.1155404164913086e-12,6.671144970971074e-13,0.06670741928869939,9,0.762,0.0,1
conf_icosphere_sub3,3,"0,12,24",0.00014493502385448664,0.00039176257369560164,nan,0,1400,0.01142625417560339,27.999333609218105,0,0,1000,1e-08,dense,6.001669417854263e-07,0.0015067377291907583,-7.013179338251792,4374.76024943742,999,962.6899312155937,3.344092174397198e-13,3.2466506010167145e-13,0.04354731323046726,9,0.566,0.0,1
conf_icosphere_sub3,3,"0,14,28",0.00013994856271892786,0.00039183314192865477,nan,0,1400,0.011127214878797531,27.846486045592933,0,0,1000,1e-08,dense,8.190395745009532e-07,0.001536886754443857,-6.986849285494598,4210.087459707658,999,844.9191119389542,-1.4369957084200746e-13,1.591640567349335e-13,0.06991363399843475,9,0.683,0.0,1
conf_icosphere_sub3,3,"1,3,23",0.0001202176499646157,0.0003453619026899023,nan,0,1400,0.011789096519351006,18.643830242578783,0,0,1000,1e-08,dense,9.922276478977815e-07,0.0017825388832276266,-7.14078269975806,4143.522800287694,999,624.1442404142676,1.4835445000919785e-13,1.63500073016715e-13,0.04380128026978256,9,0.487,0.0,1
conf_icosphere_sub3,3,"1,4,27",9.190395940095186e-05,0.0002652680058931788,nan,0,1400,0.03339982032775879,13.634632057129284,0,0,1000,1e-08,dense,1.5101871208742476e-08,0.007553726793390039,-8.639839368212163,580310.8786437169,998,184.90928551231013,2.0570984225467306e-13,1.979342013163999e-13,0.058911409555197206,9,0.459,0.0,1
conf_icosphere_sub3,3,"1,9,20",9.684609540272504e-05,0.00026256184745870203,nan,0,1400,0.04815495386719704,13.253788382943366,0,0,1000,1e-08,dense,1.4458323238102703e-08,0.00993030807260481,-8.475237816821652,355512.3480048898,858,117.25031196161889,-8.93622198808175e-14,9.516012655183968e-14,0.055444295298970915,9,0.5,0.0,1
conf_icosphere_sub3,3,"1,15,29",0.00011163044109707698,0.0003561355293132024,nan,0,1400,0.010976874269545078,18.426550171516137,0,0,1000,1e-08,dense,1.0377334896767318e-07,0.0023587118429792605,-7.437672825884502,28302.0197450433,999,583.5771565043246,2.2422624283476322e-14,6.068641122793814e-14,0.0533783530536374,9,0.502,0.0,1
conf_icosphere_sub3,3,"2,13,30",0.0001347104407614097,0.0004025267121476321,nan,0,1400,0.01033156830817461,21.651155991976992,0,0,1000,1e-08,dense,5.305964417844494e-07,0.0017768713032947244,-7.126933472760379,6095.635792316185,999,851.5376583907095,-3.7684373850599417e-13,3.476067898930068e-13,0.05121060137117381,9,0.819,0.0,1
conf_icosphere_sub3,3,"2,24,27",0.00011752122372854501,0.00034709658916294686,nan,0,1400,0.011161337606608868,17.788705955962833,0,0,1000,1e-08,dense,1.0483111649457035e-07,0.0030551404849769753,-7.371999119019011,24162.74459253411,999,630.361917522218,-1.901111917708357e-13,1.3374531145456377e-13,0.094338903403449,9,0.84,0.0,1
conf_icosphere_sub3,3,"3,10,16",0.0001533318281872198,0.0003489366117085282,nan,0,1400,0.012869584374129772,21.00541534562351,0,0,1000,1e-08,dense,4.6462730131705635e-07,0.001755631285295911,-7.068655569492032,7219.352640312353,999,1124.3411884869938,4.474374765785293e-13,2.6800532236724785e-13,0.04986194315262487,9,0.973,0.0,1
conf_icosphere_sub3,3,"3,13,19",0.00015820685075595975,0.00037024813627859344,nan,0,1400,0.017142269760370255,22.383126518314974,0,0,1000,1e-08,dense,1.647045906246485e-07,0.0017905826829786562,-7.071399545794476,12666.800677348496,999,1141.4112779971424,-3.4012297051201493e-13,2.0528910467246286e-13,0.06612391841930385,9,0.909,0.0,1
conf_icosphere_sub3,3,"4,6,22",0.00010660923726391047,0.00025263486713071056,nan,0,1400,0.05176855996251106,13.411486288244948,0,0,1000,1e-08,dense,1.0418660389094816e-08,0.008895382286332505,-8.744507504960337,917487.1043973702,894,162.50288082407585,-2.261732241879364e-16,1.9475939012468192e-13,0.06595185886230406,9,0.445,0.0,1
conf_icosphere_sub3,3,"5,7,24",0.0001412913843523711,0.00036662608723690856,nan,0,1400,0.01173801627010107,21.395287749906746,0,0,1000,1e-08,dense,9.390647583460288e-07,0.0014801226178551348,-7.05852142154771,4311.352124059164,999,898.6133606429977,-8.00720390932319e-14,1.025672185218431e-13,0.04874149561475959,9,0.7,0.0,1
conf_icosphere_sub3,3,"5,12,22",0.00011631991947069764,0.00038287294182142145,nan,0,1400,0.008936036378145218,20.464310214985254,0,0,1000,1e-08,dense,6.712912532179904e-07,0.0020922672859340326,-7.1505581918698375,5503.764264875714,999,609.5263946561515,-8.497388472085612e-14,1.1328242122217035e-13,0.06269910017747012,9,0.564,0.0,1
conf_icosphere_sub3,3,"6,13,16",0.0001502714294474572,0.0004006264570716488,nan,0,1400,0.012908688746392727,23.258429588486816,0,0,1000,1e-08,dense,2.707741751910367e-07,0.0017358530561218826,-7.098256166018737,9407.243495556924,999,1105.9899308320878,-5.771515942032054e-13,3.3217059778944754e-13,0.05855672915312227,9,0.754,0.0,1
conf_icosphere_sub3,3,"7,24,26",0.00013241160195320845,0.0003623477138621699,nan,0,1400,0.01215212233364582,20.07404561444115,0,0,1000,1e-08,dense,1.4695938778112189e-07,0.0020730934522254995,-7.315977988873011,17666.08340681682,999,861.6156870368445,2.2864698280338977e-13,1.6432158099585214e-13,0.06369304901903128,9,0.705,0.0,1
conf_icosphere_sub3,3,"8,13,30",0.00016176147619262338,0.00040173863359831304,nan,0,1400,0.010485442355275154,24.243731103720194,0,0,1000,1e-08,dense,8.255774702911375e-08,0.0015735923062007381,-7.053713437749945,19990.280545611473,999,1276.483624630973,-4.848577526343593e-13,2.6717554188687254e-13,0.056432483748342865,9,0.796,0.0,1
conf_icosphere_sub3,3,"10,12,13",0.00013317272532731295,0.00038232759486999735,nan,0,1400,0.010766597464680672,21.939008433602076,0,0,1000,1e-08,dense,3.166715818797909e-07,0.00187887097161518,-7.1641258241561365,7966.204985012206,999,943.4703527916056,-7.919975728413285e-14,8.596733999869412e-14,0.06006774333858256,9,0.543,0.0,1
conf_icosphere_sub3,3,"12,13,19",0.0001305600453633815,0.0003991789841167578,nan,0,1400,0.009984134696424007,21.741047531677463,0,0,1000,1e-08,dense,5.968493754235212e-07,0.0016978367652104001,-7.094266426140418,4934.379251453781,999,778.505179427063,1.6422170638003766e-13,1.4526910040627988e-13,0.06171574070385376,9,0.548,0.0,1
conf_icosphere_sub3,3,"12,15,20",0.00010027807729784399,0.000257362924918859,nan,0,1400,0.028806865215301514,14.037347775226118,0,0,1000,1e-08,dense,1.0512632958903973e-08,0.007572375969184011,-8.501713132242791,709693.2153603057,901,281.42346101451676,-3.602575934117355e-16,2.1902202175828316e-13,0.09461528922521206,9,0.573,0.0,1
conf_icosphere_sub3,3,"13,19,21",0.0001612038176972419,0.0003811671623933486,nan,0,1400,0.012610025703907013,23.284026002924676,0,0,1000,1e-08,dense,7.034881012700747e-08,0.0017456301678670841,-7.130213673885442,29855.958727108773,999,1308.8846804599862,9.276983368173143e-13,4.256535753758111e-13,0.053766489472905264,9,0.899,0.0,1
conf_icosphere_sub3,3,"14,18,27",0.00011752826685551554,0.0003499768509210816,nan,0,1400,0.012159302830696106,18.692483509751277,0,0,1000,1e-08,dense,7.010297407547663e-08,0.002977540302373141,-7.416893020655421,34614.415037519335,998,619.3085352334408,-1.079803850657148e-13,1.0936165922348915e-13,0.07728964753223151,9,0.662,0.0,1
conf_icosphere_sub3,3,"14,19,26",0.00012169646652182564,0.00036723096607333924,nan,0,1400,0.013390380889177322,19.29667829537533,0,0,1000,1e-08,dense,6.258533950951721e-08,0.002818892414488305,-7.34924989872949,37976.99177736885,999,722.8168886227384,-1.5403918765120114e-13,1.0008521566925423e-13,0.07448323002715554,9,0.696,0.0,1
conf_icosphere_sub3,3,"15,16,24",0.00013763876631855965,0.0003541024832161209,nan,0,1400,0.013672906905412674,19.83023561040198,0,0,1000,1e-08,dense,1.2960662730864713e-07,0.002198098735675938,-7.270063148738183,17752.3213559953,999,925.8450427876478,-1.3281522827528253e-15,7.131758570850783e-14,0.06811643092147614,9,0.845,0.0,1
conf_icosphere_sub3,3,"15,20,31",0.000103242346085608,0.0003420027122976188,nan,0,1400,0.011749489232897758,16.886724681041876,0,0,1000,1e-08,dense,1.2840893518026355e-08,0.00454629508112866,-7.881537282966505,315033.8619251625,981,574.5034799537777,-2.167710455580625e-13,1.0928003611951824e-13,0.10392881788072687,9,0.746,0.0,1
conf_icosphere_sub3,3,"15,26,28",0.00012350604811217636,0.0003514289892240223,nan,0,1400,0.01725931093096733,18.885647252971868,0,0,1000,1e-08,dense,2.8545628296697086e-08,0.003471380728429359,-7.582944230044681,81854.6215875171,998,745.4705351502389,-9.780434169503146e-14,5.766081740617181e-14,0.10218508934901895,9,0.842,0.0,1
conf_icosphere_sub3,3,"18,21,25",0.0001442001957911998,0.00037401327371224273,nan,0,1400,0.013261035084724426,22.459463610067317,0,0,1000,1e-08,dense,3.1878388292611226e-07,0.0020075437317230477,-7.204310326168219,10414.609854078535,999,1027.0122478194255,6.121827220498255e-13,3.4614557231462293e-13,0.0736083889623579,9,0.724,0.0,1
conf_icosphere_sub3,3,"20,21,26",0.00014351328718475997,0.000378729848270172,nan,0,1400,0.013526320457458496,22.35364297796748,0,0,1000,1e-08,dense,1.6661433966367604e-07,0.002066159193147755,-7.2604824733238145,19039.572144593967,999,1085.5608393515802,1.6360492533111487e-12,7.775470700687693e-13,0.07446617992801641,9,0.747,0.0,1
conf_icosphere_sub3,3,"26,27,28",0.0001272500812774524,0.0003525335631758944,nan,0,1400,0.015781819820404053,18.98332632024622,0,0,1000,1e-08,dense,2.5540736101252418e-08,0.0030540263657893732,-7.55315789042679,64453.944650686244,999,747.6264682492412,-1.0332604726385846e-13,6.601427728720987e-14,0.0973574444211428,9,0.829,0.0,1
conf_icosphere_sub3,5,"0,1,6,17,18",0.00010543087410042062,0.0004344203356141679,nan,0,1800,0.006204143166542053,21.30186590855065,0,0,1000,1e-08,dense,2.127212305414735e-06,0.0014359059908232565,-6.990202599403348,2384.3698546617916,999,1145.810690661412,-2.1816897663752103e-13,1.7056558516183769e-13,0.07887239619058731,9,0.486,0.0,1
conf_icosphere_sub3,5,"0,3,10,20,28",0.00012558833986986428,0.0004136979232778064,nan,0,1800,0.007170178461819887,27.648853159303762,0,0,1000,1e-08,dense,1.469186411160656e-06,0.0017163658911801471,-6.9838166971737055,2890.9628850600952,999,1513.2792912570812,-6.551056343160977e-13,2.6202103924491107e-13,0.08639723542624268,9,0.754,0.0,1
conf_icosphere_sub3,5,"0,6,10,11,22",0.00011758066830225289,0.0004198638707626834,nan,0,1800,0.006650923285633326,27.4875700264599,0,0,1000,1e-08,dense,1.7998042517230137e-06,0.001809508381569743,-6.978097188210397,2555.1328672767054,999,1304.5329841254647,-2.4111050387269994e-13,1.4310779718946023e-13,0.10766735147921942,9,0.684,0.0,1
conf_icosphere_sub3,5,"0,20,22,23,24",0.00011809352145064622,0.0004133683692559078,nan,0,1800,0.007985996082425117,27.59544591228118,0,0,1000,1e-08,dense,1.1286132219549704e-06,0.0019585141298801207,-7.038171778837449,3604.3268125221157,999,1329.8365080600195,-3.566856011938402e-13,1.4420091166569902e-13,0.12336110752657153,9,0.683,0.0,1
conf_icosphere_sub3,5,"1,4,8,13,29",0.0001115517079597339,0.0004420995773120611,nan,0,1800,0.006281631998717785,22.89386286576952,0,0,1000,1e-08,dense,5.763593430560015e-07,0.0016744816991376959,-7.076096340677087,5220.9692887020465,999,1610.241088990831,7.267038125102254e-13,2.9998559650538527e-13,0.07221234844520602,9,0.428,0.0,1
conf_icosphere_sub3,5,"1,4,11,21,29",0.00010156822827411816,0.0004115511576329815,nan,0,1800,0.00778738409280777,20.114021912300785,0,0,1000,1e-08,dense,5.485817069462637e-07,0.0021756385224772695,-7.293753702866344,7907.864070775047,999,1219.9024462228467,7.269303838345828e-13,3.002602913506828e-13,0.11807170712868117,9,0.443,0.0,1
conf_icosphere_sub3,5,"1,4,13,24,30",9.943042095983401e-05,0.00042393062378892366,nan,0,1800,0.006788941100239754,20.66959830152582,0,0,1000,1e-08,dense,9.436224502462227e-07,0.0022357849840268012,-7.144241828765157,4326.465234562466,999,1035.3638893903226,3.680818670692698e-13,1.9616958204198305e-13,0.12451878389005275,9,0.439,0.0,1
conf_icosphere_sub3,5,"1,5,11,12,19",0.00010053649020846933,0.0003983975870764173,nan,0,1800,0.007345074322074652,19.3676855326448,0,0,1000,1e-08,dense,1.5589212057560036e-06,0.0024023820573312623,-7.049977998595979,2827.4216911874273,999,964.5954920565873,-4.899158335958362e-13,2.400688349332465e-13,0.09869009145583182,9,0.479,0.0,1
conf_icosphere_sub3,5,"1,7,8,13,15",0.00011104870645795017,0.00044016397838637,nan,0,1800,0.005734067410230637,22.26800323602728,0,0,1000,1e-08,dense,9.647426105273395e-07,0.0015497476510420974,-7.040863050976589,3729.2323357920436,999,1355.0762737176565,1.310083598460051e-12,6.927352173446622e-13,0.09022472862753173,9,0.516,0.0,1
conf_icosphere_sub3,5,"1,8,9,11,21",0.00010598724475130439,0.00042977991900994224,nan,0,1800,0.006564274430274963,21.649097549417988,0,0,1000,1e-08,dense,6.344089691793623e-07,0.0018693789142552831,-7.142635325012342,5360.657710867243,999,1355.946989239868,-1.657950287370755e-13,8.857586416185626e-14,0.0854288797440553,9,0.482,0.0,1
conf_icosphere_sub3,5,"1,8,13,22,24",0.0001150226453319192,0.000437816422324825,nan,0,1800,0.006612722761929035,22.75580809523956,0,0,1000,1e-08,dense,6.583179940893167e-07,0.0016893824305640487,-7.080470885544176,5604.381697056506,999,1580.264076643768,2.463612407508514e-13,1.2359861348624123e-13,0.10278851523012994,9,0.47,0.0,1
conf_icosphere_sub3,5,"1,12,15,16,29",9.996560402214527e-05,0.00039664942651931477,nan,0,1800,0.00766282482072711,19.37633928265673,0,0,1000,1e-08,dense,5.759724293622948e-07,0.0020881179808202124,-7.324545267315848,8942.413688938828,999,1037.7715209163111,8.384664573076291e-14,1.0256606600955515e-13,0.09478068615378718,9,0.503,0.0,1
conf_icosphere_sub3,5,"1,13,19,24,31",0.00011579359124880284,0.000406597968276334,nan,0,1800,0.008318127132952213,20.64678234346568,0,0,1000,1e-08,dense,4.0019596467214745e-07,0.0020634998916982555,-7.176789174035263,7134.878919576137,999,1427.5571736638674,-1.4072001042895203e-13,1.3582425031756364e-13,0.1320405011652817,9,0.468,0.0,1
conf_icosphere_sub3,5,"1,15,19,24,29",0.00010249501792714,0.00037202830202666973,nan,0,1800,0.009487317875027657,18.060069866281975,0,0,1000,1e-08,dense,1.818055510009777e-07,0.0028728246768926413,-7.491573885058693,30675.676936976382,999,1080.0647568503284,4.0622695945290067e-13,1.4874368340401569e-13,0.09567599414015705,9,0.482,0.0,1
conf_icosphere_sub3,5,"2,3,6,17,27",0.00010186620056629181,0.0003812762720413594,nan,0,1800,0.0070087662898004055,17.818075177853558,0,0,1000,1e-08,dense,1.825630274442576e-06,0.003102668913046527,-7.1827812075856245,2999.712328549356,999,791.2795495832177,-4.299100138383029e-14,6.00433425659846e-14,0.08080944762912876,9,0.553,0.0,1
conf_icosphere_sub3,5,"2,3,17,19,29",0.00011241131869610399,0.00039045305919109785,nan,0,1800,0.008062249980866909,19.194857494121884,0,0,1000,1e-08,dense,1.0745262448323754e-06,0.002274816191189139,-7.180566144058434,3906.4570315900687,999,1150.18636680099,4.873909435765212e-13,2.1397945284308487e-13,0.10953205414431125,9,0.581,0.0,1
conf_icosphere_sub3,5,"2,4,9,11,26",9.818630496738479e-05,0.00039258465752266166,nan,0,1800,0.006900319363921881,18.53473328225808,0,0,1000,1e-08,dense,1.3362929128400472e-06,0.0018675131127439194,-7.199475866375838,4214.222178882775,999,859.2414804798298,-2.760425606974078e-13,2.1409238593413677e-13,0.07499103972499882,9,0.429,0.0,1
conf_icosphere_sub3,5,"2,4,10,16,31",0.000110454777313862,0.00038583217117597055,nan,0,1800,0.008553368039429188,19.499603997817733,0,0,1000,1e-08,dense,7.846258469548445e-07,0.0022253082757753744,-7.186522580049529,5029.163059806589,999,1210.3032015180484,-5.265886193438501e-13,2.4610114633609273e-13,0.11404305264654338,9,0.457,0.0,1
conf_icosphere_sub3,5,"2,11,14,24,26",0.00011410818115109578,0.0003858083656654362,nan,0,1800,0.008233772590756416,19.261576172741112,0,0,1000,1e-08,dense,6.189622250072508e-07,0.0023354852667205475,-7.291742004148741,7836.6541888436395,999,1240.8464734404852,3.401699880403676e-13,1.4131103277885714e-13,0.10740870003346234,9,0.677,0.0,1
conf_icosphere_sub3,5,"3,4,6,11,21",0.00010729437053669244,0.00039903875493144467,nan,0,1800,0.008639873936772346,20.09162010576743,0,0,1000,1e-08,dense,5.61326186897887e-07,0.002588541544117669,-7.280723730937147,6684.053783942377,999,1180.416147889382,-5.967875933016176e-13,2.2215593090708384e-13,0.11996501787427134,9,0.452,0.0,1
conf_icosphere_sub3,5,"3,6,9,16,18",0.0001126950592151843,0.00040045645385833795,nan,0,1800,0.008630338124930859,20.60224281869466,0,0,1000,1e-08,dense,1.0766426731808516e-06,0.0019608027113775677,-7.105965072356368,3864.5611591795205,999,1318.9352902047563,-5.44358395165867e-13,2.311566549268891e-13,0.09913230123476978,9,0.495,0.0,1
conf_icosphere_sub3,5,"4,6,13,14,18",0.0001033551525324583,0.0004223894487137711,nan,0,1800,0.006220308132469654,20.96859942320102,0,0,1000,1e-08,dense,1.1791579620366067e-06,0.0016871372434819937,-7.1163627372339,4097.274632196678,999,1151.1566619895063,-2.684897211463877e-14,8.988235495992577e-14,0.07813276179779885,9,0.467,0.0,1
conf_icosphere_sub3,5,"4,9,10,15,29",9.523036715108901e-05,0.0003832305433163708,nan,0,1800,0.007898861542344093,18.31792284995395,0,0,1000,1e-08,dense,1.1406973830170782e-06,0.002626663769354226,-7.281584031520585,5228.212500538811,999,880.3891034156585,2.580828346171324e-13,1.8265111830541503e-13,0.12133694239885073,9,0.414,0.0,1
conf_icosphere_sub3,5,"4,10,12,26,30",9.337616938864812e-05,0.0003929666964994379,nan,0,1800,0.007618836127221584,18.752363217900182,0,0,1000,1e-08,dense,8.512797189475911e-07,0.0029424109697258707,-7.429875774883192,9566.408174777494,999,888.0853284588553,9.488327526379182e-14,1.0198897460247068e-13,0.11284192780138248,9,0.434,0.0,1
conf_icosphere_sub3,5,"5,11,13,15,23",0.0001267476036446169,0.00041595988367473325,nan,0,1800,0.007706956006586552,21.576143560970454,0,0,1000,1e-08,dense,4.4144172747271864e-07,0.0018047321683366368,-7.0810706581193426,5740.700088587472,999,1734.5419008038673,8.459876679398071e-13,3.164492503547014e-13,0.09407274257988374,9,0.848,0.0,1
conf_icosphere_sub3,5,"5,12,17,20,29",9.865170432021841e-05,0.00041754796003600327,nan,0,1800,0.0069353594444692135,20.63972845005877,0,0,1000,1e-08,dense,1.2708908509447357e-06,0.00241460577397089,-7.149138411408135,3773.8111766453335,999,1063.2806928637388,2.008031328021298e-13,1.4227142433202076e-13,0.10281829714088014,9,0.551,0.0,1
conf_icosphere_sub3,5,"7,8,21,25,30",0.00011015711061190814,0.00043721691655468543,nan,0,1800,0.0061606233939528465,22.02206725999109,0,0,1000,1e-08,dense,7.069775261955063e-07,0.0019338302752883532,-7.104102721814454,5156.6292631000015,999,1339.6109174439825,8.442857732374043e-15,5.864700328191391e-14,0.09246263336535133,9,0.677,0.0,1
conf_icosphere_sub3,5,"7,9,13,25,28",9.621072968002409e-05,0.0004239550853041278,nan,0,1800,0.006064599845558405,19.81017187587579,0,0,1000,1e-08,dense,5.235120930509968e-07,0.0029732549310073596,-7.2021332154686855,5888.974079475832,999,925.8424505444393,5.381905316369035e-13,2.0718780037988506e-13,0.1019351757832895,9,0.51,0.0,1
conf_icosphere_sub3,5,"8,11,15,23,29",0.00012624330702237785,0.00039863107969755957,nan,0,1800,0.008403080515563488,20.7248875717894,0,0,1000,1e-08,dense,4.2883699686164234e-07,0.0017474930040692403,-7.129976161694038,6547.581936964316,999,1621.7892617806979,3.015491502307736e-14,6.811912207432361e-14,0.09927959394505714,9,0.831,0.0,1
conf_icosphere_sub3,5,"10,12,18,26,29",0.00011584494495764375,0.00039192292980795974,nan,0,1800,0.009591521695256233,20.633399133283877,0,0,1000,1e-08,dense,3.3455379429280673e-07,0.0022506167437429257,-7.34961876899712,11342.03641467249,999,1577.6403426093739,3.441662102879328e-13,1.1504847011442912e-13,0.1190604313224308,9,0.545,0.0,1
conf_icosphere_sub3,8,"0,1,2,4,22,23,27,28",9.668460552347824e-05,0.00041499358809323183,nan,0,2400,0.005969619378447533,18.929951361946017,0,0,1000,1e-08,dense,1.5815030388756769e-06,0.00243340270997441,-7.068391872487067,2771.3408024600785,999,1441.474364178893,-7.578768342064723e-13,2.3663241704697063e-13,0.17880369645072702,9,0.469,0.0,1
conf_icosphere_sub3,8,"0,1,2,5,10,12,21,25",0.00010231985652353615,0.0004482135745372899,nan,0,2400,0.005281255580484867,20.68062440023089,0,0,1000,1e-08,dense,1.1817242826522065e-06,0.0016546971326695708,-7.062091837135127,3319.977032106881,999,2182.5662394668348,2.7397256081103556e-12,8.06014413094888e-13,0.1946479465719838,9,0.506,0.0,1
conf_icosphere_sub3,8,"0,1,4,8,17,20,26,29",9.976352157536894e-05,0.00045123999773309306,nan,0,2400,0.005214526783674955,21.651543186362346,0,0,1000,1e-08,dense,1.0480124000473445e-06,0.0015840526091974163,-7.045223095204128,3597.6222433809307,999,2159.3272002590215,-4.4543178724700943e-13,1.414500829663592e-13,0.18255340727662156,9,0.451,0.0,1
conf_icosphere_sub3,8,"0,1,5,14,18,19,24,27",0.00010621089313644916,0.00043541347382060894,nan,0,2400,0.005521696526557207,21.158271451998054,0,0,1000,1e-08,dense,9.284199502195496e-07,0.0018042328828293621,-7.018725299388952,3744.7668688839744,999,2283.692210825281,-8.003255234125301e-13,2.039738444183305e-13,0.1780293510316019,9,0.495,0.0,1
conf_icosphere_sub3,8,"0,1,6,19,20,24,30,31",0.00010144302359549329,0.00042320243019397795,nan,0,2400,0.0061678169295191765,20.510948183683254,0,0,1000,1e-08,dense,1.564255738374254e-06,0.002483486850269849,-7.097512185851639,3191.8633129692644,999,1702.396661624872,-4.057353411579534e-13,1.2380773744485154e-13,0.18027690665251375,9,0.476,0.0,1
conf_icosphere_sub3,8,"0,2,3,17,18,22,28,30",0.00010639696847647429,0.00043389509729366407,nan,0,2400,0.0055550336837768555,27.382973321347496,0,0,1000,1e-08,dense,2.06758265967919e-06,0.0019511449616367625,-7.018139619348824,2479.7479985668847,999,1924.0615273363346,-9.53261011525724e-13,2.8237775214590353e-13,0.15838323521702824,9,0.555,0.0,1
conf_icosphere_sub3,8,"0,3,5,13,18,24,28,29",0.00012409445480443537,0.0004545819933614248,nan,0,2400,0.005475293844938278,27.96361833902862,0,0,1000,1e-08,dense,6.396817917634165e-07,0.0015176111738020284,-7.026023361724763,5125.156152868325,999,3397.6756986850996,-6.860610771638478e-13,1.6294381957267398e-13,0.12532989585987203,9,0.874,0.0,1
conf_icosphere_sub3,8,"0,3,8,13,14,27,28,30",0.00011423137038946152,0.0004537165731080503,nan,0,2400,0.0053517078049480915,27.934620479533166,0,0,1000,1e-08,dense,8.616531695454186e-07,0.0014963082430068616,-7.029949433295927,4283.531356536474,999,2597.7414876198764,9.520070449623416e-13,2.6737902036838206e-13,0.19558648358217323,9,0.67,0.0,1
conf_icosphere_sub3,8,"0,5,6,7,8,10,22,28",0.0001102755923056975,0.00044651881717419373,nan,0,2400,0.0052151973359286785,27.88524066604016,0,0,1000,1e-08,dense,1.5027951002737734e-06,0.0014158391324477335,-6.993215593689854,2931.5921301323206,999,2397.3117159400003,-3.671951522133147e-13,1.4098550632201744e-13,0.13702540171255456,9,0.689,0.0,1
conf_icosphere_sub3,8,"0,5,6,13,16,18,21,27",0.0001176068908534944,0.0004565896753025702,nan,0,2400,0.005134603939950466,28.12186639667583,0,0,1000,1e-08,dense,5.464566199421325e-07,0.0015160229039086124,-7.023160001289286,5981.671338445959,999,3389.487782815759,8.681016276205773e-13,2.277756567999717e-13,0.14373980751102391,9,0.751,0.0,1
conf_icosphere_sub3,8,"0,9,10,17,24,28,29,31",0.00010682984429877251,0.00043084595670940084,nan,0,2400,0.006321636959910393,27.385094871759122,0,0,1000,1e-08,dense,9.876192659082294e-07,0.0019441261584050558,-7.087945049464808,3669.738271213712,999,2212.1936634596445,-3.1221639856804373e-13,1.1512489427170506e-13,0.18642566120617365,9,0.521,0.0,1
conf_icosphere_sub3,8,"1,3,5,9,11,14,29,31",0.00010070203279610723,0.0004239229381660664,nan,0,2400,0.006004249211400747,20.072384604375433,0,0,1000,1e-08,dense,1.46600193245787e-06,0.0019236046256964118,-7.0720496933941135,3093.3005625273167,999,1967.72721024618,4.461524839728662e-13,1.468533667324348e-13,0.1301951089860199,9,0.498,0.0,1
conf_icosphere_sub3,8,"1,5,21,22,23,25,28,30",9.646008402341977e-05,0.0004216192816800301,nan,0,2400,0.005561899859458208,20.05826742322624,0,0,1000,1e-08,dense,9.7233387719637e-07,0.0026881041573771406,-7.191931340442549,4533.020892657849,999,1713.9433452377014,-8.660706710431731e-13,2.2122584578994892e-13,0.18725951657383733,9,0.496,0.0,1
conf_icosphere_sub3,8,"1,7,12,13,14,18,24,25",9.324069833382964e-05,0.0004260210539118559,nan,0,2400,0.005350194405764341,19.978393042704543,0,0,1000,1e-08,dense,1.6114149547627184e-06,0.0020864858927798794,-7.12522412626842,3556.5600438692004,999,1618.288334439722,-1.0579553726131063e-12,3.389140980484308e-13,0.19804248719177703,9,0.467,0.0,1
conf_icosphere_sub3,8,"2,3,7,8,12,15,18,23",0.00010466993990121409,0.00042134295715603705,nan,0,2400,0.005816192366182804,20.24191332288065,0,0,1000,1e-08,dense,1.0434364215096338e-06,0.0023744100045690257,-7.0751107108320275,3684.0660989673847,999,1990.283724356053,1.0943910708216542e-12,2.5749181417951196e-13,0.25466755219099285,9,0.553,0.0,1
conf_icosphere_sub3,8,"2,3,8,15,18,22,25,30",0.00010524399112910032,0.0004207263737000078,nan,0,2400,0.005565071478486061,20.37736779685165,0,0,1000,1e-08,dense,1.4768384287517526e-06,0.0019272167624358313,-7.0481617446991995,3034.5594307308884,999,1946.7484417590751,-2.6194212085977686e-13,1.4491499039919235e-13,0.13855486182768045,9,0.69,0.0,1
conf_icosphere_sub3,8,"2,4,5,7,11,16,20,30",9.734845662023872e-05,0.0004141056401344149,nan,0,2400,0.00546402158215642,19.603284262206444,0,0,1000,1e-08,dense,2.118396063902478e-06,0.0019980372654541763,-7.066587631270618,2688.8418615680002,999,1604.7556231587341,3.649734366702031e-13,1.4207504214214315e-13,0.16030177975384877,9,0.454,0.0,1
conf_icosphere_sub3,8,"2,4,6,17,20,26,28,31",8.882899419404566e-05,0.0003960463446937456,nan,0,2400,0.006669184193015099,17.887454541166463,0,0,1000,1e-08,dense,1.260651109295423e-06,0.0034492458423442153,-7.463152269771645,8255.650332946003,999,1335.7017523756062,-4.1677829349745727e-13,1.1871609659110766e-13,0.19791376801379829,9,0.44,0.0,1
conf_icosphere_sub3,8,"2,6,7,12,13,17,22,28",9.066626080311835e-05,0.0004106339582934756,nan,0,2400,0.005266600754112005,18.6849275187882,0,0,1000,1e-08,dense,2.4376315804458645e-06,0.0029728223262672528,-7.178395670898561,3037.333076640386,999,1201.3823796677975,3.001197373759694e-13,1.1112019638380996e-13,0.14445121340922434,9,0.562,0.0,1
conf_icosphere_sub3,8,"3,7,11,15,19,20,21,27",0.00010314880637452006,0.00040589241442448045,nan,0,2400,0.006150771398097277,18.843511136764025,0,0,1000,1e-08,dense,1.0362733540820077e-06,0.0022994851414614966,-7.220847331877544,4936.767783488099,999,1755.98775966939,-1.3978030695934617e-14,7.771593139737028e-14,0.1492357893782757,9,0.712,0.0,1
conf_icosphere_sub3,8,"3,9,12,14,17,25,27,31",8.509204781148583e-05,0.00037985357327745647,nan,0,2400,0.006134294904768467,17.18045398294406,0,0,1000,1e-08,dense,1.6697986093270668e-06,0.0038838705942576333,-7.32848208687997,5215.320471207347,999,1090.820912571951,-2.421951528219779e-13,7.03517304915115e-14,0.24287547813136362,9,0.525,0.0,1
conf_icosphere_sub3,8,"5,6,9,11,15,24,28,30",9.98149043880403e-05,0.000407191915609856,nan,0,2400,0.006163639482110739,18.809032656787114,0,0,1000,1e-08,dense,1.3758730814197047e-06,0.002412809214497717,-7.155177258506051,3489.253160869553,999,1582.9341371312053,-3.8485794412457253e-13,1.23710799554857e-13,0.18448951828113164,9,0.509,0.0,1
conf_icosphere_sub3,8,"5,7,9,17,18,19,24,28",9.815303201321512e-05,0.00041490150470239226,nan,0,2400,0.005790369585156441,19.496147218102337,0,0,1000,1e-08,dense,1.2335603935351077e-06,0.0020682244268011643,-7.141320806279631,3766.096313440182,999,1766.569411239168,7.441460641660961e-13,2.4272898536491147e-13,0.21056137540920392,9,0.516,0.0,1
conf_icosphere_sub3,8,"5,9,13,16,18,19,20,29",0.00010870720871025696,0.0004474886074290925,nan,0,2400,0.005416161846369505,21.819808279091898,0,0,1000,1e-08,dense,6.614562001461133e-07,0.0016477633318817348,-7.097578414623284,5173.496983908271,999,2664.7138963932407,-2.494337202063601e-13,1.0058551779329878e-13,0.16123718061191586,9,0.539,0.0,1
conf_icosphere_sub3,8,"6,8,11,13,14,15,19,30",0.00010513731103856117,0.00043650261580421444,nan,0,2400,0.005393491126596928,20.750952653845005,0,0,1000,1e-08,dense,9.876815829373804e-07,0.00222019028535022,-7.099515175077451,3917.8951589858257,999,1986.5949748272,-2.2499753796201283e-13,7.174835874435394e-14,0.1727605377423527,9,0.688,0.0,1
conf_icosphere_sub3,8,"6,15,16,18,19,23,27,31",0.00010489764099474996,0.0003988128571728728,nan,0,2400,0.006890385877341032,18.849466419252924,0,0,1000,1e-08,dense,5.04417646081075e-07,0.002204334332499025,-7.287314046158108,8108.484759630866,999,2029.4236886346655,2.6672566065524883e-13,1.3099164855531876e-13,0.2049211302932759,9,0.775,0.0,1
conf_icosphere_sub3,8,"7,8,11,15,16,22,27,31",0.00010598075459711254,0.000423449779932063,nan,0,2400,0.0059764450415968895,20.015098010980456,0,0,1000,1e-08,dense,9.408020429555548e-07,0.0020382329671063174,-7.171833255883727,4624.635708984144,999,2000.7015371520172,7.937422420722928e-14,5.072352942515296e-14,0.1393808866442866,9,0.678,0.0,1
conf_icosphere_sub3,8,"7,8,19,23,24,26,28,31",0.00010996377386618406,0.0004221738137211962,nan,0,2400,0.006703484337776899,20.068990518153633,0,0,1000,1e-08,dense,5.847380881007413e-07,0.0021718960212644906,-7.189718259076031,6136.189826545184,999,2308.7108121622177,8.591443528827014e-13,1.79927719786563e-13,0.22960666470332597,9,0.694,0.0,1
conf_icosphere_sub3,8,"8,14,16,19,20,22,23,24",0.00010251256753690541,0.00041804364075752337,nan,0,2400,0.005927675869315863,20.05516944706767,0,0,1000,1e-08,dense,9.033546653351839e-07,0.002380675098298885,-7.191762363055329,5114.217546215157,999,1981.072487749079,-1.6110290185222809e-13,9.212490579602617e-14,0.2143732391423102,9,0.677,0.0,1
conf_icosphere_sub3,8,"10,11,19,21,22,23,25,27",0.00010211163316853344,0.0004044249032663495,nan,0,2400,0.006282958202064037,18.869309206639223,0,0,1000,1e-08,dense,9.631041328108838e-07,0.0026614980737598186,-7.248757207203924,5582.827270740876,999,1757.4476813107171,-4.6835148606594323e-14,9.581495466511772e-14,0.21045476782010203,9,0.669,0.0,1
