P,N,cutoff,path,full_lam_min_pos_norm,full_lam_max_norm,full_logdet_pos_norm,full_a_opt_pos_norm,full_d_pos,full_trace,full_min_eig,full_gauge_residual,full_offdiag_max,rank_Fk_min,active_frac_min,boundary_frac_max,scene,subset
1000,3,1e-08,dense,1.3726210149935268e-07,0.001523260016079179,-7.146460376016393,13528.782280401463,997,1034.4931340351661,1.539186973052982e-11,1.607722565614786e-05,0.23195620351637697,7,0.89,0.0,conf_cone_r04_d12,"3,13,28"
1000,3,1e-08,dense,1.9132452715751854e-07,0.001383000590432973,-7.044457769258282,7201.325996220217,996,1110.330861737325,-1.1607329778275268e-10,3.5253933657957545e-06,0.2541274660526758,7,0.576,0.0,conf_cone_r04_d12,"5,12,29"
1000,3,1e-08,dense,3.522791592815604e-08,0.0016052207106003573,-7.2740423556637746,53138.3637051275,997,754.0488671188183,-7.140334785016794e-11,4.125324738944704e-06,0.2773393314929473,7,0.565,0.0,conf_cone_r04_d12,"3,12,18"
1000,3,1e-08,dense,1.2935989684510792e-08,0.0016989582762978084,-7.339434158831602,103075.57797193795,997,771.2562718375834,1.4380366426008604e-10,3.3540756324051544e-06,0.23501831748232144,7,0.908,0.0,conf_cone_r04_d12,"11,16,21"
1000,3,1e-08,dense,1.6199973593665985e-08,0.002517904263557974,-7.819704434491112,257755.67438525916,983,578.7715007819781,-2.326069892261409e-12,2.712885713421802e-06,0.19946669999547623,7,0.736,0.0,conf_cone_r04_d12,"11,23,27"
1000,3,1e-08,dense,1.7887751347238964e-08,0.0017261147682003306,-7.382342042647732,89324.48504002678,997,907.5837868657197,-1.2396955007621032e-09,6.949171961093839e-06,0.39506794546654,8,0.932,0.0,conf_cone_r04_d12,"16,21,24"
1000,3,1e-08,dense,1.0768449936504004e-08,0.0030584134235251623,-7.974538552483319,590649.9535835778,985,689.2222410397404,-2.062250015489609e-10,2.503742917670778e-06,0.26842101219384734,7,0.74,0.0,conf_cone_r04_d12,"27,30,31"
1000,3,1e-08,dense,1.7151289954149986e-08,0.005819852155687725,-8.26568550370878,296299.4362126487,795,202.0254689095109,-3.308250880346436e-16,4.79309244530577e-06,0.1274314479873434,7,0.508,0.0,conf_cone_r04_d12,"6,19,25"
1000,3,1e-08,dense,4.292502088569139e-08,0.0013422216494790595,-6.987966351203826,29491.974006280085,997,1388.901366590753,1.8168867328329997e-10,8.27952947956979e-06,0.40583425090976116,7,0.905,0.0,conf_cone_r04_d12,"0,5,7"
1000,3,1e-08,dense,1.178394987486043e-08,0.001632836681591719,-7.1962962495593485,130028.06554841611,998,1074.649383168227,-8.621248970105947e-10,2.0846731225098853e-06,0.625140976601213,8,0.51,0.0,conf_cone_r04_d12,"1,10,18"
1000,3,1e-08,dense,1.0308954741619505e-08,0.0021535177662232157,-7.661217373811762,196054.24803364693,995,1192.3177538826076,1.9329095048672533e-10,4.761638565491415e-06,0.8384871877853702,7,0.789,0.0,conf_cone_r04_d12,"20,26,31"
1000,3,1e-08,dense,1.7711889860965128e-08,0.0018741985236044821,-7.4364219476727085,65445.66390609241,997,943.8024716474421,-8.373012093971409e-10,2.0770542472313227e-06,0.1744387646333685,8,0.564,0.0,conf_cone_r04_d12,"9,21,31"
1000,3,1e-08,dense,5.618756365706838e-08,0.0016552345057008462,-7.1365094514331835,29221.885828012422,998,715.5560587390167,6.159394831132361e-10,3.6674123683469956e-07,0.20768463528505887,8,0.534,0.0,conf_cone_r04_d12,"4,13,17"
1000,3,1e-08,dense,2.6424484775483318e-08,0.0040623186549951056,-8.314007043135272,81898.79642747258,997,435.0470813237639,8.115829805658536e-12,6.613544745344752e-06,0.1599827778368927,7,0.558,0.0,conf_cone_r04_d12,"9,27,28"
1000,3,1e-08,dense,7.43849423679046e-08,0.0014923361293735459,-7.12699911245856,27217.088063529787,998,916.7119959560482,3.228385492737724e-10,4.644024483655333e-06,0.4140523842756552,8,0.513,0.0,conf_cone_r04_d12,"4,13,16"
1000,3,1e-08,dense,3.308009429606974e-08,0.001962680134011782,-7.525074587042242,127780.31435607406,993,660.5130050676875,-8.11329943236234e-16,1.846712749685208e-05,0.2550873990157856,7,0.515,0.0,conf_cone_r04_d12,"6,16,23"
1000,3,1e-08,dense,2.6951793602366712e-08,0.002169885648721645,-7.5269962347268144,107153.38959441696,996,703.8694924650835,5.867486089526449e-10,2.8823053738780016e-06,0.4308867260208501,7,0.517,0.0,conf_cone_r04_d12,"6,25,26"
1000,3,1e-08,dense,8.182906021230597e-07,0.0021432620783017574,-7.459565498202673,14333.1314029779,996,608.9499754161587,-5.68861644834004e-10,2.7140644442706704e-06,0.2973657439700088,7,0.48,0.0,conf_cone_r04_d12,"1,12,26"
1000,3,1e-08,dense,1.6402187022488702e-08,0.001442980567852242,-7.123917906668831,79041.4440213282,997,568.1040236983608,-4.5654766117572026e-10,8.062614151496098e-06,0.17936116281403836,7,0.752,0.0,conf_cone_r04_d12,"8,19,27"
1000,3,1e-08,dense,1.244302799781902e-08,0.005597008421784007,-8.474412413783714,587740.9847051214,851,294.8407022296882,-8.982317720529555e-11,4.4619496427194654e-06,0.14039714969262324,7,0.648,0.0,conf_cone_r04_d12,"19,20,22"
1000,3,1e-08,dense,1.0045343123950252e-08,0.0014248780361918016,-7.025456424002128,113611.73250530075,997,631.4827464656273,1.7573166402807348e-10,7.287975880070114e-06,0.19429749012171932,7,0.528,0.0,conf_cone_r04_d12,"0,6,11"
1000,3,1e-08,dense,1.3515520491376671e-08,0.0021084659019148426,-7.40329600192259,102654.84324607905,998,643.1488047897967,1.4621184269531034e-10,2.490646595305515e-06,0.2065007593233063,7,0.598,0.0,conf_cone_r04_d12,"17,21,27"
1000,3,1e-08,dense,1.095895326052559e-07,0.002323859358946607,-7.722428152382702,101090.0922423427,997,808.9994877520704,7.50929279523358e-10,4.140198762541421e-06,0.46818862885113344,7,0.727,0.0,conf_cone_r04_d12,"16,30,31"
1000,3,1e-08,dense,5.876895917518681e-08,0.0024869508752155996,-7.420330913550604,28325.302919702728,997,739.0328806656642,3.601029695730324e-10,7.329380902130187e-06,0.279065678780016,7,0.607,0.0,conf_cone_r04_d12,"17,20,21"
1000,3,1e-08,dense,1.7065846344314628e-07,0.0017859549411690797,-7.277342285529503,9600.52941051172,997,859.5755052914192,-7.247217714547398e-10,2.884110077657063e-06,0.3087128870006755,7,0.727,0.0,conf_cone_r04_d12,"2,21,30"
1000,3,1e-08,dense,9.926696697516425e-07,0.0015498024934853375,-7.183953123682497,4688.165095667597,996,1410.891246743373,2.4709299115032255e-09,2.0165206714137377e-06,0.4297928829437293,8,0.98,0.0,conf_cone_r04_d12,"13,15,21"
1000,3,1e-08,dense,1.353366345291835e-08,0.003173235414367533,-8.010993104911265,468591.41205454303,930,565.5301271032755,-8.251224357790214e-10,2.009432912078168e-06,0.24960343443394833,7,0.743,0.0,conf_cone_r04_d12,"24,27,28"
1000,3,1e-08,dense,1.0674144430521644e-08,0.0020860148444899257,-7.484745334665817,171717.047233203,997,1053.0850952726544,4.709205523779313e-10,2.54323567921289e-06,0.46727373834700203,7,0.791,0.0,conf_cone_r04_d12,"20,21,23"
1000,3,1e-08,dense,1.5289027853710393e-08,0.0032446422682568844,-7.997671426976609,370091.2008554981,936,354.6086763750691,-3.5155281690193467e-16,9.332908821676274e-06,0.19846948399119163,7,0.736,0.0,conf_cone_r04_d12,"11,24,30"
1000,3,1e-08,dense,1.1155951985787317e-08,0.0048456058154713166,-8.732625757763909,1485893.8975271964,987,533.4954159179231,7.674986727485555e-12,6.602792761806129e-06,0.2331700244058116,7,0.628,0.0,conf_cone_r04_d12,"17,20,28"
1000,5,1e-08,dense,1.7328999600682608e-07,0.0016706730047660562,-7.216032550142021,9513.51129292477,997,1840.0564615196733,1.7031447622949087e-09,1.7232379350330018e-06,0.8387925786579706,7,0.742,0.0,conf_cone_r04_d12,"2,8,18,30,31"
1000,5,1e-08,dense,7.5012266602059e-08,0.0012700558525739882,-6.99382368353116,18573.657757457815,998,959.6049527295033,7.714217395959258e-10,2.9901473075109935e-06,0.18269026957560142,7,0.516,0.0,conf_cone_r04_d12,"0,2,3,6,17"
1000,5,1e-08,dense,1.7256474405373797e-08,0.0016006077057358157,-7.227509834938405,67491.93842786744,998,2237.116023009678,1.3553867231625236e-10,1.7785399000076695e-05,0.966294728271865,7,0.568,0.0,conf_cone_r04_d12,"9,13,18,21,31"
1000,5,1e-08,dense,4.0342584181011813e-08,0.002288270008422843,-7.217560900583341,28699.301655315998,997,1187.8942628642844,1.051272416469554e-09,5.044859157866831e-06,0.3572386895936305,7,0.568,0.0,conf_cone_r04_d12,"13,14,22,28,30"
1000,5,1e-08,dense,4.080417676520536e-07,0.0027677117911229883,-7.30329457227123,7644.895549190578,998,499.62419521584803,8.353025383395207e-10,5.005888196238977e-06,0.152262424859613,7,0.525,0.0,conf_cone_r04_d12,"2,3,4,19,27"
1000,5,1e-08,dense,2.2834980416370278e-07,0.0025670075931526625,-7.350752228458243,12144.675276759903,998,644.9838750909732,5.058880783891878e-10,2.6718569767053387e-06,0.20611169172161453,7,0.519,0.0,conf_cone_r04_d12,"4,9,11,17,21"
1000,5,1e-08,dense,1.4285202988036332e-08,0.0015248195502265173,-7.128075901635688,121316.637330317,998,2131.2365845180857,6.024980275419032e-09,6.872621828895416e-07,0.659532579605158,7,0.755,0.0,conf_cone_r04_d12,"5,10,15,26,27"
1000,5,1e-08,dense,8.635086506939925e-08,0.0016190976771290734,-7.180006156846632,17278.503671987437,997,1306.588514645098,2.09748915346569e-09,4.870528564757923e-06,0.5632887081255513,7,0.715,0.0,conf_cone_r04_d12,"7,8,11,18,25"
1000,5,1e-08,dense,1.3056872233177003e-07,0.004011077241845221,-7.300898004315263,12954.969039069805,998,478.3065746231623,2.0086914054053127e-10,3.266125771008075e-06,0.18555751277201216,7,0.565,0.0,conf_cone_r04_d12,"2,3,12,14,17"
1000,5,1e-08,dense,1.6206229766214725e-08,0.0015464735911610175,-7.205503642398848,83116.1095515895,998,1376.2719035611494,1.0338433891434599e-09,6.091596539225969e-06,0.5080583756828227,7,0.511,0.0,conf_cone_r04_d12,"6,7,13,21,30"
1000,5,1e-08,dense,3.834019316090396e-08,0.0014694660162324817,-7.075267087161125,36747.17397998356,998,1589.8733167802445,2.4120471313121884e-09,9.872257599128182e-06,0.570399145358637,7,0.726,0.0,conf_cone_r04_d12,"5,7,8,27,28"
1000,5,1e-08,dense,1.2383830302816987e-07,0.0027637287721655754,-7.926677720322712,60011.41656476431,998,972.2863104343385,9.755146096972061e-10,2.1460609234217046e-06,0.30428459887916415,7,0.548,0.0,conf_cone_r04_d12,"4,15,22,23,24"
1000,5,1e-08,dense,1.541642634051474e-08,0.0027708762034747932,-7.777561814960551,131961.6034025605,998,1061.8066675628775,1.122768934474082e-09,4.486045303855448e-07,0.4491874685173637,8,0.527,0.0,conf_cone_r04_d12,"3,4,15,23,28"
1000,5,1e-08,dense,8.196994816587847e-08,0.0017742652291767823,-7.376951137889916,23023.6756110424,997,1687.6784552019606,3.0759340023285674e-09,6.510495291534774e-06,1.0201021430720503,7,0.78,0.0,conf_cone_r04_d12,"18,19,21,24,29"
1000,5,1e-08,dense,1.056326979287097e-07,0.0026898790123950846,-7.704668533818094,65933.66753763014,997,1338.2964851020683,-3.094655567165188e-10,3.676799068737028e-06,0.5467352394548306,7,0.721,0.0,conf_cone_r04_d12,"20,25,26,29,30"
1000,5,1e-08,dense,2.072784016778658e-08,0.0015979224657023268,-7.204937492489577,74913.53343401426,997,1505.7670893249444,-1.5540034970874357e-09,1.455917014301719e-06,0.447894780942274,7,0.517,0.0,conf_cone_r04_d12,"6,8,12,18,23"
1000,5,1e-08,dense,5.972354320538284e-08,0.001757233758424444,-7.417971994893742,34181.471636641916,997,1333.1751332734275,1.4818420604547916e-09,6.205487949414294e-06,0.6795216673599584,7,0.797,0.0,conf_cone_r04_d12,"3,16,20,21,29"
1000,5,1e-08,dense,9.696135562126822e-08,0.002154775463937563,-7.467738793400661,15836.800210043393,997,1142.0684389039352,-4.706902172020617e-10,3.9375718606858496e-06,0.21613721431525615,7,0.642,0.0,conf_cone_r04_d12,"2,11,22,29,31"
1000,5,1e-08,dense,1.4858051322762104e-08,0.0018156580379858184,-7.110376270612307,72107.30276073767,998,1246.816396629521,-1.2315497373396687e-09,3.0997014423499263e-06,0.2885910068122621,7,0.566,0.0,conf_cone_r04_d12,"5,14,17,24,28"
1000,5,1e-08,dense,1.077323201680929e-08,0.00510141876430881,-8.877388186048112,1444990.1261655386,985,631.6797895666205,3.540253848323619e-11,5.231932238145997e-06,0.2646885741879754,7,0.592,0.0,conf_cone_r04_d12,"17,19,25,27,28"
1000,5,1e-08,dense,4.4801335748932215e-08,0.001655748263838896,-7.285858688556388,46198.41976407527,998,1353.7794532841071,2.386553664207225e-09,6.2477125027472696e-06,0.5542150180554635,7,0.501,0.0,conf_cone_r04_d12,"1,3,18,20,21"
1000,5,1e-08,dense,1.1569213910157051e-08,0.0014197957057733364,-7.0767035516278405,104729.28390396286,998,1558.7142732887614,-1.404045744643335e-09,3.3849440607426392e-06,0.44536909842106365,8,0.647,0.0,conf_cone_r04_d12,"2,3,5,21,22"
1000,5,1e-08,dense,5.250539571707756e-07,0.0034357907495317307,-7.802113984303571,25562.556577311945,997,724.5785149821193,9.180613417280047e-11,6.192085525071724e-06,0.47821451134572956,7,0.518,0.0,conf_cone_r04_d12,"6,16,22,28,30"
1000,5,1e-08,dense,1.2925091415340585e-08,0.006311049297840843,-9.026459883961607,454683.2648304072,998,319.454429746262,1.0149125196671601e-10,4.489827901026981e-06,0.27377092411831055,7,0.521,0.0,conf_cone_r04_d12,"6,9,19,20,22"
1000,5,1e-08,dense,1.713172365087103e-08,0.003885655701362393,-8.026710373380023,271140.0565970205,997,762.9220321206614,2.0424358547001628e-11,1.3297612348928675e-06,0.46577087704101816,7,0.517,0.0,conf_cone_r04_d12,"6,7,12,23,30"
1000,5,1e-08,dense,2.1701353249945627e-07,0.0014227909914121982,-7.050400572389324,6873.362792051292,997,1435.479441944333,1.5927811909256197e-10,1.8757336785035827e-05,0.4217252815196858,7,0.539,0.0,conf_cone_r04_d12,"0,6,16,23,24"
1000,5,1e-08,dense,3.539006905015675e-08,0.001839199661316847,-7.410234303448562,44736.498887945876,998,629.2568951333926,-5.688150600874525e-10,4.005214047409855e-06,0.31030545505962903,7,0.49,0.0,conf_cone_r04_d12,"1,6,11,21,27"
1000,5,1e-08,dense,2.0355610281286147e-08,0.0016277960815482878,-7.142366014905012,52670.34579506367,997,1965.118218282107,1.4912381672831348e-09,8.542232206944835e-07,0.8974124585418938,7,0.726,0.0,conf_cone_r04_d12,"0,23,26,27,29"
1000,5,1e-08,dense,3.3598029053416615e-07,0.0017833165263294157,-7.320284644520168,10700.387426377014,997,2220.454505795013,1.8547221758409168e-10,1.6630802756729805e-05,0.7212557134599948,7,0.971,0.0,conf_cone_r04_d12,"8,23,26,29,31"
1000,5,1e-08,dense,1.1609877141633152e-07,0.0015199511770860469,-7.0729251843609635,11279.073650562315,997,1568.92671592748,1.2670450694809444e-09,5.302547931736871e-06,0.6490781033610251,7,0.734,0.0,conf_cone_r04_d12,"0,3,27,29,31"
1000,8,1e-08,dense,7.777235776387282e-08,0.0023960476993456583,-7.095246183603585,18063.427181942247,998,1417.5975207941087,-1.0133405012432168e-09,4.727782205712942e-06,0.3020296003604856,7,0.502,0.0,conf_cone_r04_d12,"0,1,2,15,17,19,25,27"
1000,8,1e-08,dense,5.612913647364635e-08,0.002167785015870406,-7.156359431845809,28502.34757822612,998,1657.7762242628805,-4.880654055116751e-10,3.049966994801676e-06,0.5658287231392112,7,0.504,0.0,conf_cone_r04_d12,"0,4,6,15,19,20,27,31"
1000,8,1e-08,dense,3.33087523154905e-08,0.001721362474116762,-7.089534390311042,32488.64131184219,998,2044.7734574774413,1.2908292557631402e-09,1.9131306699787275e-05,0.7973068436636412,7,0.589,0.0,conf_cone_r04_d12,"0,2,10,16,17,20,24,30"
1000,8,1e-08,dense,1.8975639825783623e-07,0.0036638499103284457,-7.715301387981897,17539.181322900593,998,1015.2835329985917,3.083454905740729e-10,5.809723558896683e-06,0.5020164337006187,7,0.497,0.0,conf_cone_r04_d12,"1,4,9,16,17,20,23,27"
1000,8,1e-08,dense,7.151725091632542e-08,0.0019353091862006502,-7.277332939644416,30478.693022194453,998,2001.8868412269603,1.3935572831653733e-09,2.0565748182989788e-06,0.6506563478791842,7,0.497,0.0,conf_cone_r04_d12,"1,2,11,13,22,23,25,31"
1000,8,1e-08,dense,1.0623938783075516e-07,0.0023730382982993002,-7.332550183109765,13719.197777080819,998,1675.4387478136896,5.334659543502034e-10,1.589908299789604e-05,0.7605460064566705,7,0.509,0.0,conf_cone_r04_d12,"1,2,7,8,20,24,25,31"
1000,8,1e-08,dense,2.989402850253997e-08,0.0015916592367299968,-7.118080407123706,48331.97908099266,998,2448.427388042652,1.2410591285408973e-09,6.702067346635627e-06,0.9372470785737433,7,0.724,0.0,conf_cone_r04_d12,"0,2,3,10,15,20,26,27"
1000,8,1e-08,dense,1.3354937150420536e-07,0.001397570985844648,-7.063773422898277,13657.485001355079,998,2164.8670742448985,2.2270128569444292e-09,8.690879273624052e-06,0.5913863401379769,7,0.51,0.0,conf_cone_r04_d12,"0,2,4,6,13,19,23,24"
1000,8,1e-08,dense,6.029968760936116e-08,0.001655192617969414,-7.098737617084069,29862.769899536754,998,1921.66868262797,-3.435082140945684e-09,6.116375481474919e-06,0.4388472876097346,7,0.58,0.0,conf_cone_r04_d12,"5,7,8,9,12,14,17,26"
1000,8,1e-08,dense,3.1849544351942267e-08,0.0030087261710450264,-7.883266615378228,80226.44430831907,998,1416.7966053653336,2.6147461905013143e-12,7.092929022190822e-06,0.6847334232703148,7,0.659,0.0,conf_cone_r04_d12,"15,16,19,20,22,24,27,28"
1000,8,1e-08,dense,8.54123795746805e-08,0.0029913935689829894,-7.3326174264226305,23614.20200214172,998,1414.734775459111,-1.1041496528872442e-10,4.04093083407523e-06,0.5630216900678819,7,0.501,0.0,conf_cone_r04_d12,"1,6,13,15,20,22,25,30"
1000,8,1e-08,dense,7.163970170459388e-07,0.0015742036175417269,-7.154557774795181,4333.819473777727,997,2288.8692999289797,3.8599535668719776e-10,1.7836851652516843e-05,0.9000663161666645,7,0.555,0.0,conf_cone_r04_d12,"10,13,14,16,19,20,21,25"
1000,8,1e-08,dense,7.570701550139074e-08,0.0014579864250123264,-7.10181844705471,23947.433264109393,998,2595.2107654660176,-5.321096442624248e-09,2.4444545300306025e-06,0.6589079253717797,7,0.517,0.0,conf_cone_r04_d12,"0,4,6,10,13,15,25,31"
1000,8,1e-08,dense,3.496191806250446e-08,0.0019473927383602838,-7.253816342080206,33248.37696717984,997,1939.400940391069,-1.4852851616663271e-09,2.936817430132017e-06,0.7456177331347249,7,0.59,0.0,conf_cone_r04_d12,"7,11,12,13,16,20,21,25"
1000,8,1e-08,dense,2.3586148103680126e-08,0.0018564676355798631,-7.295119278540482,52897.10781467306,998,2218.842266877404,-2.3306720815061713e-09,5.001786509584152e-06,0.8863227728647829,7,0.713,0.0,conf_cone_r04_d12,"7,11,13,15,21,25,29,30"
1000,8,1e-08,dense,2.593779193803945e-08,0.001479066114611931,-7.1249308557418445,47465.56643345731,998,2495.407003155776,1.4900009530778401e-09,2.861008732537122e-06,0.8180483067620863,7,0.564,0.0,conf_cone_r04_d12,"5,8,12,21,22,25,26,27"
1000,8,1e-08,dense,1.043243809731253e-07,0.0015313005512808135,-7.098089674678105,15993.146021484896,998,2013.178640262882,3.227116309255572e-10,1.6162630530106946e-06,0.5919495205029262,7,0.511,0.0,conf_cone_r04_d12,"1,2,5,8,19,22,23,25"
1000,8,1e-08,dense,1.6065857541309855e-08,0.0016756152208783311,-7.2276707760037295,70595.52782396237,998,2369.180118730029,5.399191146659839e-10,1.4161591704049189e-05,0.7811699231361895,7,0.57,0.0,conf_cone_r04_d12,"7,8,12,13,16,19,23,31"
1000,8,1e-08,dense,8.368118674542675e-08,0.002938187234239888,-7.811159327033409,31454.488309939145,998,1182.5095294120315,8.765190178340883e-10,4.523525173686891e-06,0.38287226632555765,7,0.509,0.0,conf_cone_r04_d12,"1,9,16,20,22,24,27,31"
1000,8,1e-08,dense,6.659364746020111e-08,0.0015537707704892363,-7.153931829796021,25494.912291632514,998,2704.29474408862,-2.0144908539875648e-09,3.455717362155595e-06,1.4228705147894507,7,0.517,0.0,conf_cone_r04_d12,"4,5,8,12,18,22,23,31"
1000,8,1e-08,dense,1.4142661122330425e-07,0.0015017594950224964,-7.121391942307407,15652.257823262747,998,2126.3052178329403,5.399878095715905e-09,4.7821444899716224e-06,0.6850978421087377,7,0.506,0.0,conf_cone_r04_d12,"2,4,5,9,14,16,18,28"
1000,8,1e-08,dense,3.191303150130057e-08,0.0023648038264900313,-7.183737077906128,41491.9255063364,998,2024.7293387836144,-9.935430248452064e-10,3.085803530760075e-06,0.660396212877435,7,0.568,0.0,conf_cone_r04_d12,"0,14,17,22,23,28,30,31"
1000,8,1e-08,dense,5.017017048395909e-08,0.002077728017343188,-7.310737207053156,28171.519153048055,998,1484.9194911374907,4.161395573112076e-09,9.262647494485668e-06,0.8829478878001213,7,0.485,0.0,conf_cone_r04_d12,"1,6,7,8,9,26,27,28"
1000,8,1e-08,dense,1.1444718588183815e-07,0.0014289950952757987,-7.110744665951761,18259.902467908654,998,2384.227557706331,7.219990887269062e-09,4.808680599809728e-06,0.9104996118430235,7,0.499,0.0,conf_cone_r04_d12,"4,5,7,8,9,17,18,31"
1000,8,1e-08,dense,3.304975567567557e-08,0.0014084476753987419,-7.062000314574668,35377.646070280585,998,2723.909720122332,7.82284501123581e-10,2.0845589185844425e-05,0.8359637284224454,7,0.524,0.0,conf_cone_r04_d12,"0,2,5,6,9,20,26,31"
1000,8,1e-08,dense,3.3641702033326904e-08,0.0019168471560076896,-7.191220665619615,43548.007449329576,998,2106.307551450396,6.184853036956644e-10,5.3053393492053515e-06,0.8344724384665465,7,0.548,0.0,conf_cone_r04_d12,"5,7,9,15,16,19,23,28"
1000,8,1e-08,dense,1.0210715818175599e-07,0.002076696092093535,-7.278466566869076,17378.96577048501,998,1672.7501095202454,5.929384098650837e-10,1.563093336065316e-05,0.5322468577415521,7,0.504,0.0,conf_cone_r04_d12,"4,6,8,12,15,16,25,26"
1000,8,1e-08,dense,1.021013542974846e-07,0.002474820264905683,-7.321375776942749,15753.196010367215,998,1546.1124257622873,-1.0283180723032128e-09,5.295122815695574e-06,0.6416821931978652,7,0.503,0.0,conf_cone_r04_d12,"4,7,8,12,16,23,24,25"
1000,8,1e-08,dense,4.5776367638215106e-08,0.0032479854246185796,-7.695531829792551,38499.59436647922,998,1363.8926469799862,2.764660710729746e-10,5.779758852352004e-06,0.5825731030644584,7,0.566,0.0,conf_cone_r04_d12,"3,12,14,17,23,27,30,31"
1000,8,1e-08,dense,6.876457034291836e-08,0.0018717874469482388,-7.273777806382387,25414.99637745351,998,2203.6302223618322,1.3967004203135707e-09,7.221476677237171e-06,0.8171752797331998,7,0.535,0.0,conf_cone_r04_d12,"2,3,4,7,13,20,23,31"
1000,3,1e-08,dense,1.5360289951151077e-05,0.002649182589955061,-7.153367377386646,1534.7860053157492,997,574.4623302890755,-1.9648168601653564e-11,1.0611206891176038e-05,0.16031811726022932,4,0.22,0.0,conf_cube_axis,"3,20,29"
1000,3,1e-08,dense,4.859414753457861e-07,0.005183647712941478,-5.4623897802658155,11000.962822906697,201,283.5646112837242,-9.877987013821351e-12,6.416918110031474e-08,0.2811532533643819,4,0.204,0.0,conf_cube_axis,"7,20,25"
1000,3,1e-08,dense,2.0115284877852075e-08,0.0024251719486945433,-7.1094521908217345,51281.2591604231,996,308.75577553690493,-2.387065633335642e-10,4.095701900072735e-09,0.1605459982442916,2,0.218,0.0,conf_cube_axis,"1,2,18"
1000,3,1e-08,dense,3.4089116223433766e-07,0.001777435212794725,-6.927932828192886,3972.7517876574198,997,718.7599602620751,-1.51049080949403e-11,1.2830685121028716e-05,0.19592721496570537,2,0.2,0.0,conf_cube_axis,"1,3,8"
1000,3,1e-08,dense,1.1223758031655216e-05,0.00394192766366149,-7.71397440375494,3257.675843154828,997,566.1904015923269,-2.3013341082603487e-11,4.644414557822842e-06,0.5208633627513686,4,1.0,0.0,conf_cube_axis,"19,29,31"
1000,3,1e-08,dense,0.0007696849519126187,0.0016878841472390033,-6.911725738223785,1013.7054869276284,995,966.3157033584637,-1.16874498843487e-09,1.6155569236304253e-09,0.34024556694480557,3,0.204,0.0,conf_cube_axis,"5,8,12"
1000,3,1e-08,dense,0.0006548961945716192,0.002498677505820203,-7.075128938832727,1310.2162965971133,995,347.09542513196504,-3.832276206781103e-08,2.3328373356560297e-09,0.1277167511519458,2,0.19,0.0,conf_cube_axis,"3,9,17"
1000,3,1e-08,dense,2.6361351640024384e-08,0.004955261143091995,-5.483925359657404,183269.2311540916,208,308.5802815183434,-2.3011370586800695e-11,6.924561934378965e-08,0.2421615841731589,4,0.211,0.0,conf_cube_axis,"7,22,25"
1000,3,1e-08,dense,2.4068592243831902e-05,0.0021168301143691766,-6.964029232069586,1138.9127673342443,997,854.1335698122368,-2.6589944106652188e-12,1.59892526965158e-05,0.23513411094724948,4,1.0,0.0,conf_cube_axis,"13,18,24"
1000,3,1e-08,dense,9.908733705381357e-06,0.002658241420169592,-7.192908887852105,1663.6173040230149,997,523.6207297130982,2.0764256081659395e-15,5.016697981705756e-06,0.22688066034477122,4,0.229,0.0,conf_cube_axis,"6,21,22"
1000,3,1e-08,dense,9.725161169780808e-07,0.0017653285703018802,-6.926078705671215,2056.7888490461787,996,899.4032404124608,-4.203824350153339e-12,2.8168135902854617e-09,0.5612359469030774,5,1.0,0.0,conf_cube_axis,"3,8,31"
1000,3,1e-08,dense,2.1453685555045644e-05,0.005011001482237734,-9.66010718661301,37215.9830167833,996,266.9320375141555,-1.9695220648238006e-12,1.463087031477964e-06,0.15701649556554786,2,0.198,0.0,conf_cube_axis,"1,19,25"
1000,3,1e-08,dense,7.684826429090887e-05,0.003146497861144748,-7.262108459718355,1723.5876306155928,997,652.0642497770791,-7.650294444191291e-13,7.83981310662677e-06,0.8065614024411867,4,1.0,0.0,conf_cube_axis,"18,26,28"
1000,3,1e-08,dense,4.286621699725316e-08,0.0016326773480987824,-6.922404632418554,24766.792189424094,997,568.5654369059398,-6.512292680760171e-10,3.875405647486594e-08,0.33137373960550676,4,0.22,0.0,conf_cube_axis,"6,7,8"
1000,3,1e-08,dense,1.1149752402039044e-08,0.00154303947849127,-6.916268541324753,91046.14021107652,996,720.8071792789083,-1.2959417324507379e-09,2.5859518120144968e-09,0.39434085412784264,3,0.225,0.0,conf_cube_axis,"3,5,17"
1000,3,1e-08,dense,1.4525169146856002e-08,0.0037432963410451913,-7.545342285182815,71538.40456269722,997,422.6002573854371,-6.15692074312848e-11,8.18581458669783e-06,0.13758169201130122,2,0.196,0.0,conf_cube_axis,"11,17,29"
1000,3,1e-08,dense,6.589966836286319e-08,0.002701706060017576,-7.152453806484142,16689.289304856236,996,532.3148748869247,-3.6004062081524833e-09,1.993109294418722e-09,0.4828348756876661,3,0.99,0.0,conf_cube_axis,"4,16,29"
1000,3,1e-08,dense,8.395328388555118e-07,0.002039573065560021,-6.927185293378307,2221.730941704309,996,785.7921001741852,-2.4578259622743194e-10,1.459595623884709e-09,0.5734229184588255,5,1.0,0.0,conf_cube_axis,"2,8,26"
1000,3,1e-08,dense,1.2821297831854243e-06,0.0031491485584857607,-7.292006069195672,2561.4875206303163,996,607.6217547317626,-1.6464995675601694e-10,1.5877405883176508e-09,0.6421588647723591,5,1.0,0.0,conf_cube_axis,"19,21,28"
1000,3,1e-08,dense,6.220423937542022e-05,0.001984406389020687,-7.005466612396819,1193.2070889729775,997,650.699762433954,-5.40539556994711e-12,7.032979604140904e-06,0.24121623417464466,2,0.217,0.0,conf_cube_axis,"5,12,28"
1000,3,1e-08,dense,1.9820940348617357e-07,0.001934731707332574,-6.996001725614058,6355.816687745631,997,745.6730519310777,-1.0852882335226622e-09,1.1604339732595894e-08,0.4828363411022702,4,0.214,0.0,conf_cube_axis,"8,20,23"
1000,3,1e-08,dense,1.2119425502372549e-05,0.004613000877459516,-8.230996110073884,6144.918012792087,996,410.7454713811717,-1.2478485032066021e-11,1.1229817730699402e-09,0.3724242403565698,3,0.196,0.0,conf_cube_axis,"17,24,27"
1000,3,1e-08,dense,3.045794768138148e-06,0.004274437689475382,-7.9418285047128,4546.395400455282,996,284.86139318934994,-7.014398805739139e-11,2.5253310615383856e-08,0.2402142182469582,3,0.2,0.0,conf_cube_axis,"7,12,24"
1000,3,1e-08,dense,3.994448928156019e-06,0.001762531865026761,-6.937447409365271,1298.9793740810192,996,544.4079314767691,-1.866793714745303e-08,3.9007528950016076e-08,0.4066116138313471,2,0.195,0.0,conf_cube_axis,"7,9,13"
1000,3,1e-08,dense,9.820300413317338e-06,0.0015284216753108698,-6.912288209181607,1105.0838259162206,997,1025.1919947244444,-6.322604387247863e-12,1.0690507847824313e-05,0.2537799224905344,2,0.205,0.0,conf_cube_axis,"0,12,16"
1000,3,1e-08,dense,3.6344658187441138e-06,0.004697491476445495,-10.940799760695764,208270.66805980683,996,347.5936856045252,-2.5016864936842535e-11,2.0281721223300546e-08,0.2633374236615628,3,0.216,0.0,conf_cube_axis,"14,17,28"
1000,3,1e-08,dense,7.639716701192216e-07,0.002567646870870771,-7.131606967461114,2730.6821734735513,996,454.9841508771652,-8.286874612243984e-10,2.4690418829835214e-09,0.18014609334409581,3,0.992,0.0,conf_cube_axis,"3,4,31"
1000,3,1e-08,dense,9.6046242278082e-07,0.004657699280352881,-11.933743173328303,798533.2249747631,995,304.6025117458237,-2.85101326462158e-10,1.3799423370140695e-09,0.1719769676635164,3,0.218,0.0,conf_cube_axis,"6,17,27"
1000,3,1e-08,dense,6.5198046946977935e-06,0.004865621728135276,-8.570394039642743,9427.486099900018,997,353.5850601664727,-7.05451724089049e-12,4.146623841659061e-06,0.3750272672270329,4,0.2,0.0,conf_cube_axis,"19,20,23"
1000,3,1e-08,dense,0.0005412960874295016,0.002850245192116038,-7.184942834669926,1541.8375955392114,995,512.0158941183215,-2.6754117385312994e-07,1.3093111613240863e-09,0.24643903649701196,2,0.198,0.0,conf_cube_axis,"15,17,21"
1000,5,1e-08,dense,0.0007912319629277338,0.001845193088120146,-6.970370930410508,1117.1537738233399,996,1192.61497193193,-1.8082501514241435e-09,1.7280704154533058e-09,0.372336884376044,2,0.202,0.0,conf_cube_axis,"0,2,17,23,31"
1000,5,1e-08,dense,2.2290480766052282e-05,0.003337239808585088,-7.448285598131168,2290.97911531681,997,712.2051395028839,-1.6245050297280823e-12,8.874764727669881e-06,0.4201747472057693,4,0.229,0.0,conf_cube_axis,"2,7,18,23,31"
1000,5,1e-08,dense,1.7151864304779604e-05,0.003207845426448779,-7.28234871508424,1807.3789009032155,997,748.3556425438474,-3.152652440380592e-12,6.5040911085853705e-06,0.23249214445389826,2,0.193,0.0,conf_cube_axis,"1,12,16,26,28"
1000,5,1e-08,dense,8.981319885404698e-07,0.0026349901080772228,-7.208440933060726,2774.9121004730637,997,1014.3618262997859,-7.646958538899713e-10,2.3139361349386098e-08,0.4418211056137221,4,0.243,0.0,conf_cube_axis,"11,13,20,25,27"
1000,5,1e-08,dense,8.340181595026105e-06,0.003997908292288831,-7.974088030082297,4661.911433962575,997,560.6402407461705,-1.940667369169655e-11,3.137652286247509e-06,0.2143552906698308,2,0.217,0.0,conf_cube_axis,"6,7,17,20,29"
1000,5,1e-08,dense,7.835769246915634e-05,0.002997982608102619,-7.139724409760731,1433.1235665294048,997,623.7478351824907,-8.987283243522305e-13,8.827886187689539e-06,0.3757873694406364,2,0.162,0.0,conf_cube_axis,"3,7,9,19,26"
1000,5,1e-08,dense,1.400345638632683e-06,0.0026215968190674826,-7.102574271931269,2068.7392808232444,996,1009.4026300814169,-2.5658099478825887e-10,1.7910217423228605e-09,0.5770771607056883,5,1.0,0.0,conf_cube_axis,"5,15,19,24,29"
1000,5,1e-08,dense,1.3083645013337478e-08,0.002203214629512316,-7.024528873534085,77777.24785412093,998,1279.236736588686,1.2271966717028324e-11,8.064160933915746e-06,0.5714780104609822,4,1.0,0.0,conf_cube_axis,"0,11,27,28,31"
1000,5,1e-08,dense,1.096232642604288e-06,0.0026748283791017146,-7.137814376103105,2376.6709036772913,997,961.6295422843058,7.886566060764817e-11,2.3449498006674928e-08,0.5098636403065613,4,0.208,0.0,conf_cube_axis,"8,14,20,23,27"
1000,5,1e-08,dense,1.4160700566049843e-06,0.0025714295501892024,-7.138286652666625,2143.398426486465,996,760.1654290589693,7.449731672427039e-11,3.657725014070107e-09,0.36065168397352493,5,1.0,0.0,conf_cube_axis,"3,6,15,16,27"
1000,5,1e-08,dense,3.5389175021847997e-07,0.003110887635413708,-7.1927398598941945,4509.135973730981,997,923.0384479072129,-5.011883850427434e-10,6.621680536111644e-09,0.719126875476078,4,0.184,0.0,conf_cube_axis,"5,19,20,27,31"
1000,5,1e-08,dense,3.5841455663029984e-05,0.002923598865070722,-7.244124683029927,1703.8236617915602,997,1050.5010676271163,-3.1543708192489165e-11,6.339749301815928e-06,0.5716978117784812,2,0.21,0.0,conf_cube_axis,"13,17,20,30,31"
1000,5,1e-08,dense,1.0563171433532724e-07,0.0017644573982083182,-6.942146592138035,10926.45533833933,997,1107.109569346263,-4.278849198440299e-11,2.0123841341414057e-08,0.7592609992628467,2,0.199,0.0,conf_cube_axis,"1,3,5,21,22"
1000,5,1e-08,dense,6.529854394473707e-07,0.004302515596999726,-8.21273371304822,7822.30232033751,997,508.1184983846515,-5.791886257687245e-10,1.649646280308646e-08,0.4260868939754086,3,0.211,0.0,conf_cube_axis,"4,11,17,22,23"
1000,5,1e-08,dense,6.613475287527811e-08,0.003398648556923697,-7.355083400752737,17424.568355226005,997,742.9128940185174,-8.742023699521941e-10,1.9477630313136347e-08,0.4170039653807419,2,0.192,0.0,conf_cube_axis,"3,9,22,25,29"
1000,5,1e-08,dense,2.9880982480191914e-05,0.004641453034399935,-9.33784281977253,26266.180000779448,996,306.28350166384996,-1.0967404088077774e-09,1.537506991538712e-09,0.1981222706691277,2,0.212,0.0,conf_cube_axis,"1,4,7,15,19"
1000,5,1e-08,dense,1.3166247079426625e-06,0.002343478702638548,-7.073526949926251,2129.700376704648,997,976.8411983511978,1.7026428351286983e-11,3.113563568661181e-08,0.45577498870654237,4,0.211,0.0,conf_cube_axis,"4,8,14,25,29"
1000,5,1e-08,dense,3.523184294176471e-08,0.0019874075405536223,-6.991778500272054,29656.10903774717,997,1164.9652434426255,-4.410376429660629e-10,1.4645721069945258e-09,0.3306657829986542,2,0.179,0.0,conf_cube_axis,"0,17,19,20,24"
1000,5,1e-08,dense,1.3160093421115905e-07,0.0026450259584785115,-7.141911424557837,9295.446926263878,997,1151.1805664393805,-7.839955415586528e-11,3.188798124735875e-09,0.6106994463932601,4,0.216,0.0,conf_cube_axis,"13,15,24,26,30"
1000,5,1e-08,dense,1.811746625195153e-06,0.002820854903078156,-7.170095276964021,2044.489231249002,997,783.7968829448738,-7.264402548642412e-12,9.319228262690503e-06,0.5054340234676294,2,0.192,0.0,conf_cube_axis,"1,17,18,20,21"
1000,5,1e-08,dense,1.2546945153755284e-06,0.00220809413064984,-7.043448721666816,2041.20038327391,996,809.7415182873434,-1.3831194173321343e-10,2.3881514435335527e-09,0.4000725153914727,2,0.205,0.0,conf_cube_axis,"1,5,11,12,31"
1000,5,1e-08,dense,1.3409246840566573e-06,0.003913098363975657,-7.559428911901502,3269.1578405731193,996,532.7227515564236,-8.635529364984671e-10,1.6219729888290876e-09,0.690956041568978,2,0.189,0.0,conf_cube_axis,"1,6,18,19,27"
1000,5,1e-08,dense,1.8233454122245196e-05,0.001489822791513808,-6.935495249032338,1101.574099645155,997,1062.5976747832376,-8.987404504483646e-12,9.383167149585261e-06,0.21891000437618652,4,0.228,0.0,conf_cube_axis,"0,2,7,11,30"
1000,5,1e-08,dense,0.0004793507257444649,0.002794189497094857,-7.239203367702746,1687.02804226193,995,788.2202743769526,-2.7816662284849443e-10,1.4427241222710801e-09,0.21770057195397932,2,0.225,0.0,conf_cube_axis,"9,10,17,21,22"
1000,5,1e-08,dense,1.1259198777999503e-06,0.0037071511104415345,-7.399304765705436,2922.0425638182123,996,829.1966854884322,-5.067469892817756e-10,7.327296143919118e-10,0.4432214134124373,5,1.0,0.0,conf_cube_axis,"6,21,23,27,31"
1000,5,1e-08,dense,7.529598442370374e-08,0.0023318659574141105,-7.065575000013403,14753.019654923086,997,615.3368452895525,2.4583913371325575e-11,1.2945733127433599e-08,0.35767901302324456,2,0.193,0.0,conf_cube_axis,"1,2,3,18,20"
1000,5,1e-08,dense,3.1336033662816217e-07,0.003616070015868232,-7.4850312505220735,5632.94009290936,997,756.2218410986798,-1.1085642210647865e-10,1.414747862769555e-09,0.5456654769087266,2,0.198,0.0,conf_cube_axis,"1,3,28,30,31"
1000,5,1e-08,dense,2.1021916518504572e-08,0.0014760193915832566,-6.9257482647838335,48701.18403820131,998,1088.0264364807508,1.6337073260438154e-11,1.3482621519871953e-05,0.31057600624950976,2,0.212,0.0,conf_cube_axis,"0,1,6,10,24"
1000,5,1e-08,dense,1.5517584090025114e-08,0.001457315409192816,-6.929814285163018,65648.85622513191,998,1225.50872152534,2.0070657198262537e-12,1.0440023784258452e-05,0.23114227444214597,2,0.198,0.0,conf_cube_axis,"0,1,6,21,22"
1000,5,1e-08,dense,9.106002191608222e-07,0.0025247108862087616,-7.053547912617479,2352.5475702110243,996,1000.1597602945828,-5.716421118868643e-10,2.2377150131999952e-09,0.6622804821010477,2,0.17,0.0,conf_cube_axis,"5,9,23,24,26"
1000,8,1e-08,dense,0.0005260375677199197,0.0031325484500508015,-7.218014816842384,1603.094553416609,995,913.0937361766532,-7.253175379368498e-08,1.9449823083836475e-09,0.9422365271126485,2,0.181,0.0,conf_cube_axis,"1,6,9,10,16,17,18,22"
1000,8,1e-08,dense,2.1426866483781574e-05,0.0022950356348821494,-7.101472109250874,1416.8146854226761,997,1427.2226080154833,7.72162578969658e-12,6.87771007439974e-06,0.6252801260540839,2,0.238,0.0,conf_cube_axis,"3,4,8,9,11,22,25,31"
1000,8,1e-08,dense,3.9496667542281274e-05,0.0021678062008506967,-7.024800730190646,1234.9360304910454,997,1635.052681069319,3.061093578144686e-12,8.026429599812728e-06,0.6653742698666583,2,0.197,0.0,conf_cube_axis,"0,9,11,12,15,18,29,30"
1000,8,1e-08,dense,2.3040170066732052e-05,0.00408033802399915,-7.8315302967109846,3727.3886003097427,997,1078.078848646519,5.6106388009762235e-12,5.8115209004386235e-06,0.5852931962815643,3,0.211,0.0,conf_cube_axis,"4,6,11,22,24,28,29,31"
1000,8,1e-08,dense,1.5890466733246844e-07,0.003973970848026901,-7.577974881065269,9106.506861491833,997,1078.3529669337859,-3.0116092880914863e-10,9.52236334782494e-09,1.0747812036322888,4,0.192,0.0,conf_cube_axis,"2,6,20,21,22,24,27,28"
1000,8,1e-08,dense,1.5623966970834077e-07,0.002155331205069332,-7.0350992432612545,8203.005770370242,997,1926.4491237953073,-3.1048118788147607e-10,2.1451090683056104e-08,0.5194009678774653,4,0.216,0.0,conf_cube_axis,"7,8,10,13,25,26,27,29"
1000,8,1e-08,dense,1.3493620282705507e-07,0.0025195145666803056,-7.1289195025729315,8883.181408146269,997,1454.149164697874,-5.27469655346427e-10,1.7453914967623292e-09,0.7635917362480511,4,0.221,0.0,conf_cube_axis,"3,5,6,11,22,23,27,29"
1000,8,1e-08,dense,7.737335173628471e-07,0.0023758420935475486,-7.1253536829633815,2791.9826504330617,997,1532.8485254609163,-6.510229640437397e-10,1.936276652926631e-08,0.8071785556434383,3,0.235,0.0,conf_cube_axis,"5,10,14,15,17,18,25,26"
1000,8,1e-08,dense,9.031998285832493e-08,0.002536019304838994,-7.0961797829421975,13502.648617712422,997,1339.0326991187937,-2.2878639786827434e-09,8.373677709582678e-09,0.6166425138958602,3,0.192,0.0,conf_cube_axis,"7,10,12,13,15,16,23,24"
1000,8,1e-08,dense,3.111766863928953e-05,0.0020023944593009577,-6.999864573150072,1196.1304669623635,997,1791.1963511504268,3.823602857934597e-12,1.0030061081617627e-05,1.081659407428483,2,0.203,0.0,conf_cube_axis,"8,11,13,14,15,17,21,30"
1000,8,1e-08,dense,1.1123530905326807e-07,0.002222307538798778,-7.047956421422784,10672.017171550067,997,1700.9223116588882,-1.491762233068957e-10,2.858185283941618e-08,1.1126971316067673,4,0.211,0.0,conf_cube_axis,"3,7,8,16,22,24,25,26"
1000,8,1e-08,dense,0.0005746719380185572,0.0027245318518886535,-7.147551924932206,1460.5266386467454,995,1253.1364146605972,-4.956808419520536e-12,2.1784854892767376e-09,0.3761040497032776,2,0.199,0.0,conf_cube_axis,"1,2,3,13,14,25,27,30"
1000,8,1e-08,dense,1.326348753934286e-07,0.003555949841160406,-7.468134028461809,10037.747154387453,997,1300.0822699786436,-1.2825113802053682e-10,2.1912989374224724e-08,0.6635389533404824,4,0.211,0.0,conf_cube_axis,"7,10,20,21,24,25,27,31"
1000,8,1e-08,dense,1.1229978773691838e-08,0.002286126708349531,-7.087699454696643,90578.03380056909,998,1176.443833913008,4.844556302689917e-12,7.985560059606661e-06,0.6162114507196266,2,0.221,0.0,conf_cube_axis,"1,4,5,6,14,17,21,22"
1000,8,1e-08,dense,1.6309131442874938e-08,0.001556290949057512,-6.950719226804211,62560.23116064796,998,1676.207141841876,1.5186046804717835e-11,1.393899417519781e-05,0.3632951274760848,3,0.213,0.0,conf_cube_axis,"0,3,4,6,7,16,22,26"
1000,8,1e-08,dense,0.0009689538006741927,0.0017116442712324948,-6.905612407434201,1000.2861359652667,995,2481.719914219419,-1.759202301557968e-07,1.979795772186666e-09,0.8533938606534845,2,0.218,0.0,conf_cube_axis,"0,5,8,9,10,14,21,26"
1000,8,1e-08,dense,2.6426237258121377e-07,0.0015301384739388147,-6.946133228472854,4911.163883386118,997,1836.039703105131,-1.520966674874423e-10,2.335927942193368e-09,0.7004537129991333,2,0.21,0.0,conf_cube_axis,"0,6,8,9,12,15,18,28"
1000,8,1e-08,dense,1.6840382621537915e-07,0.001885824230984691,-6.987706197365011,7177.320395225865,997,1471.5199115385271,3.558935850378818e-10,1.203761788690713e-08,0.6624308694700314,3,0.198,0.0,conf_cube_axis,"4,7,8,10,13,15,17,23"
1000,8,1e-08,dense,8.640724159960255e-08,0.0034035724191413806,-7.449208837447424,14156.466401497884,997,1192.9110595842894,-1.4601838953717167e-09,1.0780754436122111e-09,0.7328040522179488,2,0.209,0.0,conf_cube_axis,"1,6,15,16,23,24,26,30"
1000,8,1e-08,dense,8.675578995311704e-06,0.001650122146678795,-6.948777551072319,1184.074977342547,997,2290.6170433384323,2.969753854592926e-12,6.6150787483383685e-06,1.1161278562454713,2,0.198,0.0,conf_cube_axis,"0,8,12,13,17,24,28,30"
1000,8,1e-08,dense,0.00014483083018014352,0.002791764166308136,-7.127132205432917,1410.7265226708018,997,1221.8474834240735,-1.088359074883506e-12,7.061046380049516e-06,0.9446025402512769,2,0.179,0.0,conf_cube_axis,"1,3,5,6,20,22,27,31"
1000,8,1e-08,dense,7.396359030127638e-08,0.0034859171673539075,-7.339520753255462,15500.35777647173,997,1013.7003265913605,-1.2219188170518352e-09,1.4765719700780617e-09,0.7136743042277098,2,0.181,0.0,conf_cube_axis,"2,9,10,12,19,21,24,27"
1000,8,1e-08,dense,0.00012915261489285443,0.0020507674817023384,-6.989795631699136,1153.022602550891,997,1567.0075257171038,1.2279369388360505e-12,1.081824872767721e-05,1.1437891622889271,2,0.18,0.0,conf_cube_axis,"1,2,8,13,15,18,25,27"
1000,8,1e-08,dense,0.00011044951801879558,0.004519988938213398,-8.346595390781257,7208.525557932662,995,747.180112954535,-5.56073053633469e-09,1.6765599680151662e-09,0.4173677425466379,2,0.203,0.0,conf_cube_axis,"7,9,12,14,15,17,23,24"
1000,8,1e-08,dense,1.3033681051234512e-05,0.0038440543258171063,-7.462559457459652,2283.650536660863,997,1170.396373476995,-2.4005258404952404e-11,3.138873531911631e-06,0.5447363066326141,2,0.181,0.0,conf_cube_axis,"12,17,18,20,21,22,25,27"
1000,8,1e-08,dense,2.295877865623311e-07,0.0030452279832806884,-7.253372769323908,6161.85704072694,997,1468.5439508266165,-4.980489581633677e-10,3.5902505792648454e-08,0.7372066445212357,4,0.211,0.0,conf_cube_axis,"5,10,14,22,24,25,29,30"
1000,8,1e-08,dense,1.0083629095943245e-06,0.0027047261481635302,-7.1446718828550715,2433.7588001924596,996,1231.1010275803587,-1.955595439574085e-10,1.9769484212465826e-09,0.48269389343519475,2,0.196,0.0,conf_cube_axis,"5,9,10,11,12,15,27,29"
1000,8,1e-08,dense,6.056023713238122e-07,0.002421390629128116,-7.087541199385169,2982.7294807978647,996,1486.3067271571324,2.498424052489897e-11,1.6753014105389411e-09,0.7197327911787523,3,0.206,0.0,conf_cube_axis,"2,8,12,15,16,18,27,28"
1000,8,1e-08,dense,0.0008355998700664607,0.0016928020104971006,-6.948216127423637,1077.0013680462903,996,2004.0571700916526,-1.8338404515355008e-09,1.9170105072063267e-09,1.1308240028101897,3,0.201,0.0,conf_cube_axis,"0,2,4,8,16,25,27,31"
1000,8,1e-08,dense,4.649417385361641e-07,0.003028923247637836,-7.289453037256141,4004.612014073445,997,1268.5959399895853,-1.1644644821795804e-09,1.7467655557846754e-09,0.9518219406987887,2,0.21,0.0,conf_cube_axis,"6,9,10,16,17,21,28,30"
1000,3,1e-08,dense,7.67442171160996e-08,0.0025809739918790536,-7.4876478179292665,19589.01260750479,996,390.80481908669407,-5.513393256550018e-13,1.1776789065545859e-12,0.3289657555259751,9,0.304,0.0,conf_cube_plus_cone,"1,10,22"
1000,3,1e-08,dense,2.2692557567445405e-08,0.002910006774456173,-7.557961703409101,53099.90487386614,996,667.8670206354427,1.4250601897206153e-12,1.482373083108667e-12,0.26499896462933403,9,0.325,0.0,conf_cube_plus_cone,"18,22,30"
1000,3,1e-08,dense,1.2205874328181861e-08,0.002496336690600376,-7.060612711992253,85328.26623077985,997,605.17987685922,1.700618486027016e-12,1.501576470682667e-12,0.22268708613755078,9,1.0,0.0,conf_cube_plus_cone,"2,3,26"
1000,3,1e-08,dense,7.239524437394436e-07,0.002412686910904716,-7.200647261381267,3877.201003823032,996,810.9372941626962,4.381115942152869e-12,2.297308032508958e-12,0.29543525346654986,9,0.998,0.0,conf_cube_plus_cone,"16,18,28"
1000,3,1e-08,dense,2.922040506753303e-07,0.002276055532830027,-7.160903619271204,6888.9849668766765,996,657.6298806825783,5.9238182173550145e-12,4.033916339987058e-12,0.380217448904411,9,0.364,0.0,conf_cube_plus_cone,"7,16,26"
1000,3,1e-08,dense,1.1168948569886878e-08,0.0033715415070300386,-7.39860111168616,94073.52498243879,997,645.9205103800093,3.496744973699847e-12,2.112842874180593e-12,0.41244042429215894,9,0.998,0.0,conf_cube_plus_cone,"10,15,29"
1000,3,1e-08,dense,6.90276262909998e-08,0.0018927481381604857,-6.995209558542985,19945.23044120146,996,1095.798920468946,4.130758005459501e-12,2.1328822751006545e-12,0.2857649103735478,9,1.0,0.0,conf_cube_plus_cone,"8,21,31"
1000,3,1e-08,dense,1.9436716406889018e-08,0.0038152412665285323,-8.173165337969227,71845.2096344111,996,404.4636488200129,2.278519314203476e-11,3.689923234502671e-11,0.17122294497331286,9,0.298,0.0,conf_cube_plus_cone,"9,22,24"
1000,3,1e-08,dense,1.1937072802610904e-08,0.0043401210156292,-11.06643676162336,525881.9697572012,976,270.6355604344924,-3.514978386470603e-11,1.849412730223489e-11,0.12584703264179886,9,0.29,0.0,conf_cube_plus_cone,"4,9,27"
1000,3,1e-08,dense,1.411864809926664e-08,0.001886100614883905,-6.952237836622815,76483.5699518248,995,543.202313863839,6.34040853729422e-12,7.766154054492168e-12,0.1366248719361484,9,0.311,0.0,conf_cube_plus_cone,"4,5,9"
1000,3,1e-08,dense,1.378379737711933e-07,0.0019195508507868883,-6.951012371503345,10695.397043082152,996,971.246365569671,6.630640233378996e-12,3.783566660549176e-12,0.28509794161028645,9,0.324,0.0,conf_cube_plus_cone,"5,12,13"
1000,3,1e-08,dense,1.930387937704909e-08,0.0020650515866351376,-6.998082400543995,57663.3407136224,996,1024.3736936243604,5.954459093275079e-12,3.0344849983993933e-12,0.2976339773754675,9,0.99,0.0,conf_cube_plus_cone,"13,21,24"
1000,3,1e-08,dense,1.4002285220053436e-07,0.0029136226327153964,-7.275793437956439,10233.113431189071,996,520.1966145294882,-7.281823144624748e-12,5.074528614569593e-12,0.2903004697627162,9,0.976,0.0,conf_cube_plus_cone,"2,11,26"
1000,3,1e-08,dense,1.0220839570443092e-07,0.002492502919567755,-6.989014667682862,16125.533067269502,996,755.4698077920416,-7.004726624459664e-12,4.340826650846331e-12,0.3832758088495276,9,0.326,0.0,conf_cube_plus_cone,"5,10,17"
1000,3,1e-08,dense,5.963001823579755e-08,0.0018172733534390488,-7.029075461188611,23324.77754019081,996,663.0378757861362,1.109524376222948e-11,9.34924039772094e-12,0.24912543008569366,9,0.307,0.0,conf_cube_plus_cone,"13,14,17"
1000,3,1e-08,dense,1.4392676651290022e-07,0.0028875327763641214,-7.532338750317608,14045.497475832273,996,411.56785686163965,-1.8288183121758927e-12,4.689682947972472e-12,0.25453679747504704,9,0.291,0.0,conf_cube_plus_cone,"10,14,19"
1000,3,1e-08,dense,4.996644860470765e-07,0.002161949296395721,-6.95164831267716,4343.353688547615,996,898.7580076305717,-1.4741791445470757e-11,7.78552184028011e-12,0.16656399575043931,9,1.0,0.0,conf_cube_plus_cone,"3,13,16"
1000,3,1e-08,dense,7.670732701291272e-08,0.002545807003524615,-7.291378150679245,18811.86446581264,996,627.982923039411,-4.3776873642781526e-12,5.348007433077561e-12,0.18260399449879403,9,0.319,0.0,conf_cube_plus_cone,"9,21,27"
1000,3,1e-08,dense,2.6677277100883e-07,0.002497409998749113,-7.310497347552204,8384.366793665895,996,741.4693499535454,3.401305985695142e-12,3.849075550324084e-12,0.2798855470545068,9,0.328,0.0,conf_cube_plus_cone,"21,22,23"
1000,3,1e-08,dense,1.085768941448793e-08,0.0025285013499595334,-7.345316370252527,118145.83439937221,996,539.309513830276,-6.839169633785747e-11,6.589460543410496e-11,0.06562830168209968,9,0.957,0.0,conf_cube_plus_cone,"3,19,24"
1000,3,1e-08,dense,1.430250291312928e-07,0.0025223057876748007,-7.310880669474444,11233.807690572261,996,734.4034329950973,6.184318978489567e-12,4.591639469325264e-12,0.46914739721637544,9,0.324,0.0,conf_cube_plus_cone,"21,22,23"
1000,3,1e-08,dense,7.746691556156159e-08,0.001674412275484535,-6.966341557999685,17961.59626664281,996,786.9418372442229,4.085752138490769e-12,4.682953612899817e-12,0.28266051200599374,9,0.373,0.0,conf_cube_plus_cone,"3,8,20"
1000,3,1e-08,dense,6.551345075638294e-08,0.001862613151335538,-7.0023459880734915,19213.4994288039,996,697.3360790493443,2.1817869995262352e-11,1.764390236099792e-11,0.11322103853828344,9,0.294,0.0,conf_cube_plus_cone,"1,13,24"
1000,3,1e-08,dense,1.394204763617883e-06,0.0023959969076429817,-7.098671149184044,2969.6304551255284,996,565.2052657362929,-3.7372186406274e-12,3.4104439574231083e-12,0.43577597039392746,9,0.324,0.0,conf_cube_plus_cone,"3,10,25"
1000,3,1e-08,dense,1.1511901604422901e-08,0.0030872521169080206,-7.731188873137262,117825.46052496125,996,751.9594526782646,-1.3145244326979597e-11,9.25873920810891e-12,0.36895827308536183,9,0.356,0.0,conf_cube_plus_cone,"26,27,30"
1000,3,1e-08,dense,1.2242895504645536e-08,0.0038764847883616363,-6.799698101362866,298454.25924518344,360,457.0873941304058,-2.14572803969304e-11,7.943520339246277e-12,0.63801175734897,9,0.316,0.0,conf_cube_plus_cone,"14,20,30"
1000,3,1e-08,dense,1.2559888116091464e-07,0.003468128337656269,-7.328990493387098,11300.065166267372,996,797.1910473593798,1.5539442901688955e-11,6.143782738944227e-12,0.3858081846649892,9,1.0,0.0,conf_cube_plus_cone,"10,23,26"
1000,3,1e-08,dense,3.6214669126467056e-08,0.0031934074011833917,-7.5970246090634195,45507.60541851322,996,447.7821207410062,7.59895419473766e-12,1.1375085381108326e-11,0.3585561937647809,9,0.327,0.0,conf_cube_plus_cone,"4,10,30"
1000,3,1e-08,dense,1.2842751736774628e-08,0.0026757104541822725,-7.26659050759565,113286.50812590665,996,590.8354449056972,8.536943421449474e-12,1.0120933289172439e-11,0.23423896933932314,9,0.915,0.0,conf_cube_plus_cone,"6,21,28"
1000,3,1e-08,dense,4.822454389562041e-08,0.0038886801936311157,-10.209315188877653,165932.2983617944,995,280.91655923534785,6.204972128192182e-13,1.485096175148996e-12,0.24894609994622133,9,0.279,0.0,conf_cube_plus_cone,"1,6,28"
1000,5,1e-08,dense,4.640715603415183e-07,0.0026079120571287457,-7.152892827801667,4540.10445114438,996,1308.6221686678566,3.040354920123023e-11,9.638701549705503e-12,0.6864923690795384,9,0.342,0.0,conf_cube_plus_cone,"5,15,22,23,26"
1000,5,1e-08,dense,3.0967484160798376e-08,0.002180690927560156,-6.9614288252343774,35775.95003700511,997,1344.5612692451678,1.1505513095847121e-11,3.9773837060379595e-12,0.571775623757965,9,0.382,0.0,conf_cube_plus_cone,"3,5,7,10,13"
1000,5,1e-08,dense,1.1390129469038259e-08,0.003124398862808311,-7.674415906611535,102362.90008973074,997,783.4829093073603,-2.171115195468084e-11,1.3455210530743493e-11,0.3926222611329675,9,0.292,0.0,conf_cube_plus_cone,"1,14,18,25,27"
1000,5,1e-08,dense,4.94943805221287e-07,0.0023172770672863635,-7.189050510613433,5505.539417710602,996,1193.0746724795717,1.3316643619467925e-11,7.068894547087197e-12,0.5053251502606464,9,0.314,0.0,conf_cube_plus_cone,"12,18,19,21,26"
1000,5,1e-08,dense,1.5824779764250766e-07,0.0030276729879863454,-7.693028736028171,13800.217520844246,996,848.420120980638,1.2263313279224947e-11,9.378688683660884e-12,0.6150251646939611,9,0.319,0.0,conf_cube_plus_cone,"14,17,18,19,25"
1000,5,1e-08,dense,5.423477158778252e-07,0.0017116238399371858,-6.998845968569532,4109.318156289639,996,1165.5868953222748,1.4496239985755757e-11,1.657801585555668e-11,0.3818480303382513,9,0.31,0.0,conf_cube_plus_cone,"0,4,9,23,30"
1000,5,1e-08,dense,2.5678167751494764e-07,0.0022572688302861695,-7.008631163834811,6020.962414298374,996,1440.0121346059439,7.949231605914162e-13,5.285973438371654e-13,0.7889887787125076,9,0.383,0.0,conf_cube_plus_cone,"0,7,20,23,26"
1000,5,1e-08,dense,1.3696972781754241e-07,0.0023842004109438926,-7.146299702890137,9899.872850798121,996,1473.521965201854,3.8013575855676205e-11,1.450094708570597e-11,0.589523219579345,9,0.966,0.0,conf_cube_plus_cone,"10,13,26,27,31"
1000,5,1e-08,dense,1.7947898107285182e-07,0.002806381136890176,-7.449277653582511,10364.29197861559,996,860.6023857077726,-3.794608064190849e-12,3.3092981359486423e-12,0.3360171285606397,9,0.299,0.0,conf_cube_plus_cone,"9,11,16,20,31"
1000,5,1e-08,dense,7.228811709874353e-07,0.003365532902702641,-7.679319287600713,6057.1691222896125,996,729.8638475259976,2.142842182862935e-12,3.85138804832743e-12,0.4933893495128608,9,0.306,0.0,conf_cube_plus_cone,"7,9,15,19,26"
1000,5,1e-08,dense,3.259109222231893e-07,0.002045136774990262,-7.087346967693961,6916.983577190691,996,807.7956685508403,-8.584441535669373e-12,1.863681491169221e-11,0.2989727390434832,9,0.296,0.0,conf_cube_plus_cone,"1,7,8,12,27"
1000,5,1e-08,dense,1.1444166154712533e-08,0.002471544069017887,-7.23572349064646,92892.78063024521,997,1050.8787708028653,-1.095649484907214e-11,4.7300221044576126e-12,0.3605310744872435,9,0.307,0.0,conf_cube_plus_cone,"6,18,21,22,24"
1000,5,1e-08,dense,1.4930838792936766e-08,0.0015859862486644687,-6.954484142638957,71683.38655282454,997,1558.6041957655307,-1.3303737564075384e-11,2.3648133232020978e-11,0.41889921594990465,9,0.36,0.0,conf_cube_plus_cone,"0,7,8,23,25"
1000,5,1e-08,dense,7.269326907201086e-08,0.0035924836133122647,-8.060639160616962,27478.116535275854,996,672.4628024145419,3.65047972198284e-12,1.9693179315948913e-12,0.43927676401118343,9,0.309,0.0,conf_cube_plus_cone,"7,11,17,24,27"
1000,5,1e-08,dense,3.9342191397422936e-08,0.00397366287633505,-8.680140645045851,47736.09080227537,997,467.79222413116605,3.608321104069922e-12,3.5811657716017847e-12,0.41739861313636306,9,0.296,0.0,conf_cube_plus_cone,"2,7,9,17,22"
1000,5,1e-08,dense,3.732721284217266e-07,0.002052810838043954,-7.101460372514113,5026.650954759052,996,1144.0879072523608,-1.0057823001761934e-11,4.755897117830194e-12,0.531635376854958,9,0.295,0.0,conf_cube_plus_cone,"5,9,18,20,27"
1000,5,1e-08,dense,2.0869922590559457e-08,0.001551370809155963,-6.954105903797638,51988.86234926156,997,1565.884952679755,1.6990995260242708e-11,8.444402039978728e-12,0.4314121729509419,9,0.352,0.0,conf_cube_plus_cone,"0,5,15,20,24"
1000,5,1e-08,dense,1.602602261429155e-08,0.001916791035601076,-7.060408980440933,67049.83541627134,997,1250.3323989158755,-1.1812381845365064e-11,5.125252872429745e-12,0.4545877935615424,9,0.31,0.0,conf_cube_plus_cone,"5,14,20,21,24"
1000,5,1e-08,dense,1.1357611101706771e-08,0.0022954729674208147,-7.124683075485222,95069.44552290252,997,1312.7642131946495,-2.942312618318475e-12,1.3743000906307774e-12,0.5938711509841501,9,0.328,0.0,conf_cube_plus_cone,"8,14,18,23,28"
1000,5,1e-08,dense,2.004131771395911e-08,0.003842120070808478,-8.038984749821914,81506.02048518033,997,532.0719338384871,5.945033120189786e-12,6.732678364187348e-12,0.1808292351736263,9,0.274,0.0,conf_cube_plus_cone,"6,9,11,22,24"
1000,5,1e-08,dense,1.7101699109542088e-07,0.0026342867678646443,-7.12534827826652,9000.885645643333,996,1408.2651951583277,-2.3638405090281263e-11,6.908210754048896e-12,0.6080056678195572,9,0.324,0.0,conf_cube_plus_cone,"5,10,25,26,31"
1000,5,1e-08,dense,2.2317261925472173e-08,0.0033875752593692013,-7.48109551803928,49165.420331882204,997,532.9161760628313,-5.08219426586015e-12,3.429170098333282e-12,0.37317816979696916,9,0.284,0.0,conf_cube_plus_cone,"1,9,10,11,15"
1000,5,1e-08,dense,1.4926772632399955e-08,0.0013784640830703883,-6.969110251230373,75753.26244621718,997,1008.4581839082464,-3.715639008801932e-12,3.307670064580344e-12,0.2233778268426368,9,0.292,0.0,conf_cube_plus_cone,"0,1,3,9,17"
1000,5,1e-08,dense,5.811427703937098e-07,0.002497076054406188,-7.083941351216978,3842.184719709312,996,1145.068472632767,1.3523569515566815e-11,5.000086565671956e-12,0.6640375169887509,9,0.322,0.0,conf_cube_plus_cone,"5,12,16,20,28"
1000,5,1e-08,dense,1.0923060504394737e-08,0.0017655415822951067,-6.947516875619525,101044.23192639246,997,1733.8952210003656,-5.096555884671513e-12,2.130551502232137e-12,0.6410144458983544,9,0.285,0.0,conf_cube_plus_cone,"0,1,5,21,29"
1000,5,1e-08,dense,2.3705081980829096e-07,0.001715283671932534,-7.010682764263856,6368.028274701646,996,1676.501053116819,-2.1911447779686965e-12,1.0857490804489133e-12,0.5140924317070853,9,0.332,0.0,conf_cube_plus_cone,"0,17,21,29,31"
1000,5,1e-08,dense,1.0452996128614852e-08,0.003063811361567003,-7.452816051829502,120771.9019755943,997,770.2272057126445,1.1492566412397735e-11,7.183360020412785e-12,0.20927584189543366,9,0.274,0.0,conf_cube_plus_cone,"1,14,19,21,27"
1000,5,1e-08,dense,1.2837314344571349e-08,0.0015818150023716017,-6.950155063450551,88019.58744173606,997,1417.8217866094708,8.602873476481143e-12,5.747289687851823e-12,0.28571110676988937,9,0.289,0.0,conf_cube_plus_cone,"0,1,4,8,31"
1000,5,1e-08,dense,3.697745144314589e-08,0.001830591783602083,-7.058430321851107,30440.844955917753,997,778.531899668807,-4.688717613471857e-12,9.887526408421104e-12,0.3120079365440904,9,0.302,0.0,conf_cube_plus_cone,"2,4,9,13,19"
1000,5,1e-08,dense,8.425068307122832e-08,0.002115866635688781,-7.101973704236107,14920.04447711143,996,1236.9061275217555,8.211843811123136e-11,7.078538198095241e-11,0.30957299538338606,9,0.297,0.0,conf_cube_plus_cone,"8,16,17,24,28"
1000,8,1e-08,dense,1.3968014320833145e-08,0.0020897666139024313,-7.121224388000476,77464.29446877139,997,1962.831625130817,7.721205039020324e-12,2.1295908978525112e-12,0.5924019841066841,9,0.308,0.0,conf_cube_plus_cone,"5,14,15,16,19,21,26,28"
1000,8,1e-08,dense,1.4010460303336822e-08,0.0020744013272743717,-7.037064733092884,76632.99247515186,997,1829.963247894422,-2.256042692234009e-12,1.4984884367562375e-12,0.6255926910776098,9,0.29,0.0,conf_cube_plus_cone,"0,1,6,7,15,21,26,31"
1000,8,1e-08,dense,6.982714206047636e-07,0.002453807373795495,-7.193651201430883,4238.903895279401,996,1740.2094573803345,-6.317260947691009e-11,2.0552209500160643e-11,0.7403851758835547,9,0.311,0.0,conf_cube_plus_cone,"0,7,17,19,24,25,27,30"
1000,8,1e-08,dense,1.1530263275047502e-08,0.0015049541106862624,-6.975979115682785,94434.0322999864,997,2347.151468476523,-1.821386737316436e-10,9.977384468760935e-11,0.6024916542878858,9,0.276,0.0,conf_cube_plus_cone,"0,5,8,9,17,25,28,29"
1000,8,1e-08,dense,2.0849359274133596e-08,0.0029025319075283843,-7.476851797932224,52007.8019528521,997,1524.87523739652,2.2823967802564368e-11,6.359422096897118e-12,1.1040812493228587,9,0.317,0.0,conf_cube_plus_cone,"2,12,16,17,18,22,28,31"
1000,8,1e-08,dense,1.1594880534143429e-08,0.0024601299221105226,-7.210368643663796,93951.92236208131,997,1587.2176794506959,9.366029372566598e-12,6.18025763097249e-12,0.6233647964724047,9,0.283,0.0,conf_cube_plus_cone,"3,4,9,16,21,24,28,29"
1000,8,1e-08,dense,2.5417661364528746e-08,0.0016100158092417786,-7.001271241645645,42644.27217585297,997,2013.9503093601438,-1.4955462158104944e-11,7.60783700320611e-12,0.5960781673728716,9,0.933,0.0,conf_cube_plus_cone,"0,3,6,15,16,18,19,31"
1000,8,1e-08,dense,7.249561437824946e-07,0.0028092226779989544,-7.404505003711303,4470.26036341655,996,1596.406508644643,-1.0709876588395219e-11,4.387451501137502e-12,1.0766787164597569,9,0.287,0.0,conf_cube_plus_cone,"1,5,19,20,25,27,28,31"
1000,8,1e-08,dense,1.1331854564371695e-08,0.002375981495634486,-7.1921089687625,94256.44179626147,997,1936.975277525651,1.633898264822838e-11,3.926523493161617e-12,0.6538115282075809,9,0.292,0.0,conf_cube_plus_cone,"5,6,17,21,23,26,30,31"
1000,8,1e-08,dense,1.2324892309994646e-08,0.0017887300746136576,-7.024810463344944,89514.13083212347,997,2156.3897064061275,-2.6054541177203763e-11,9.98373039653254e-12,0.6813785356043145,9,0.294,0.0,conf_cube_plus_cone,"5,9,12,13,16,21,23,29"
1000,8,1e-08,dense,1.5309054955231228e-08,0.0015790130266629622,-6.9883456828841615,72427.6517581072,997,2235.7249759440438,2.933384064904973e-11,9.221417687972346e-12,0.5266071174501471,9,0.308,0.0,conf_cube_plus_cone,"0,5,10,11,21,22,25,27"
1000,8,1e-08,dense,3.6979797493260295e-08,0.001618763177738494,-6.941206757697648,30368.509914403054,997,2192.3424348309527,1.46298307236184e-11,4.567527760897057e-12,0.5897378888454203,9,0.365,0.0,conf_cube_plus_cone,"0,2,3,5,7,8,19,24"
1000,8,1e-08,dense,1.4927214065606382e-08,0.0020888739559365016,-7.037211027478346,72083.06066548298,997,2123.209219709095,-1.0903362211308924e-11,2.6071938425315277e-12,0.7242232419600635,9,0.311,0.0,conf_cube_plus_cone,"0,1,14,15,18,21,23,26"
1000,8,1e-08,dense,1.80033318032823e-08,0.0018535876046226834,-7.052982200275836,62771.73668012055,997,2002.3877345755216,-5.3065365163764485e-11,1.7697876421660364e-11,1.4279546799729799,9,0.306,0.0,conf_cube_plus_cone,"5,8,9,12,20,21,23,30"
1000,8,1e-08,dense,4.686300376838503e-08,0.0016039192669512657,-6.9895368093036225,24030.671366817478,996,2065.3565035109145,-2.8798093143860636e-11,1.788245912530798e-11,0.8955272447671072,9,0.318,0.0,conf_cube_plus_cone,"0,6,8,12,15,21,25,27"
1000,8,1e-08,dense,1.5965565332105008e-08,0.0015661295053458135,-6.957415324074196,65553.12503094791,997,1955.9823000753868,4.1342356921992235e-12,5.604852704918955e-12,0.37082538823462374,9,0.307,0.0,conf_cube_plus_cone,"0,1,5,11,14,16,17,18"
1000,8,1e-08,dense,1.788559796264168e-08,0.002109884251365079,-7.106315467919194,62079.30910657275,997,1808.9053024852528,1.1363067988897595e-11,5.737803506231911e-12,0.6498697229330674,9,0.321,0.0,conf_cube_plus_cone,"0,6,15,16,20,22,24,30"
1000,8,1e-08,dense,2.3290334548663662e-08,0.0027156814532701416,-7.2354175890881605,46434.885247873266,997,1650.9596761860664,-2.528370657032637e-11,7.493907160875603e-12,1.1584342249507782,9,0.336,0.0,conf_cube_plus_cone,"7,10,13,15,19,20,22,26"
1000,8,1e-08,dense,2.5282250937144942e-08,0.001835581912559413,-6.986403543610349,42403.00461839442,997,2233.8108828940294,-6.667930132077912e-12,6.009081953777578e-12,0.5590229322619498,9,0.275,0.0,conf_cube_plus_cone,"5,8,9,10,16,18,21,30"
1000,8,1e-08,dense,3.520191073632455e-08,0.0028948746386016125,-7.409992464833604,37172.55563667211,997,1094.3719514988609,2.981624008677363e-10,2.8008902259258817e-06,0.4357164162775744,8,0.278,0.0,conf_cube_plus_cone,"1,3,4,6,16,22,24,30"
1000,8,1e-08,dense,2.1579815118461987e-08,0.0027560689526872997,-7.407829056866969,63030.99437606247,997,1373.9857059979988,1.1128094618908165e-10,5.85230579384413e-11,0.6341357760937699,9,0.309,0.0,conf_cube_plus_cone,"2,9,10,12,14,18,26,27"
1000,8,1e-08,dense,1.8940027593235504e-08,0.0020540329574800175,-7.050093602347122,56610.27477313797,997,2183.7528111553484,1.3158138506058765e-11,3.0458872392544174e-12,0.8676374546347471,9,0.984,0.0,conf_cube_plus_cone,"0,2,15,16,21,23,24,31"
1000,8,1e-08,dense,3.4388024893527274e-07,0.0022804463197762677,-7.140471758993134,5873.206993085518,996,1684.09395965246,1.043907977759436e-11,3.3791105668945025e-12,0.8329383029523905,9,0.296,0.0,conf_cube_plus_cone,"4,8,11,14,16,25,26,31"
1000,8,1e-08,dense,1.8783304725061964e-08,0.0017682636991342695,-6.981115257921303,58987.16857412353,997,1700.9016357364774,-2.3049434333338823e-11,8.563081625811647e-12,0.7882456309822525,9,0.311,0.0,conf_cube_plus_cone,"0,5,6,7,11,12,17,28"
1000,8,1e-08,dense,1.2007071926780145e-08,0.0019795663206257745,-7.0935216347253895,89403.92374469191,997,2225.999295644993,4.047295441830531e-11,9.309570874274624e-12,1.6027809252852707,9,0.328,0.0,conf_cube_plus_cone,"0,14,15,21,22,24,26,31"
1000,8,1e-08,dense,1.3333158584867353e-08,0.0030216260522721874,-7.201061901156992,95588.01682510173,998,1382.2808748153748,-1.690482382986968e-11,8.09654540916568e-12,1.117798539368549,9,0.325,0.0,conf_cube_plus_cone,"2,3,6,7,10,18,25,26"
1000,8,1e-08,dense,1.9339709560011713e-08,0.0017658639338331854,-7.021557255921565,66530.07036677549,997,1696.3477196957274,2.172390422209315e-10,5.163638860929624e-07,0.48538881544885415,8,0.28,0.0,conf_cube_plus_cone,"0,1,2,6,9,21,28,29"
1000,8,1e-08,dense,1.4139686042800989e-08,0.003047575339095872,-7.693453258910194,79422.45642466353,997,1329.9371479681165,1.967098674439605e-12,1.3576993018336938e-12,0.8681321940290335,9,0.304,0.0,conf_cube_plus_cone,"9,15,16,17,20,22,23,24"
1000,8,1e-08,dense,2.6351698331621518e-08,0.0016837747523688721,-7.028877165129966,42436.01023908546,997,1705.6929058116868,8.071432893695319e-12,3.262202631796391e-12,0.6484537402761694,9,0.317,0.0,conf_cube_plus_cone,"5,8,10,11,14,15,17,22"
1000,8,1e-08,dense,3.174270157869434e-07,0.00220304335799784,-7.095094221434418,5457.389679403882,996,2072.194418327242,1.911582465690035e-12,9.403055586868321e-12,0.6957660361150906,9,0.304,0.0,conf_cube_plus_cone,"0,4,16,25,26,28,29,30"
1000,3,1e-08,dense,2.5741805564064476e-08,0.004938031937983829,-7.7513056951739285,98484.8243195516,970,403.0420114875728,-2.8303268860058185e-16,5.33903969138463e-14,0.23519427078773833,9,0.389,0.0,conf_cyl_plus_sphere,"1,6,24"
1000,3,1e-08,dense,1.1555960790939301e-07,0.004564245267831614,-8.13339661125418,71705.68987286516,991,382.0656033661746,-1.388664108078265e-14,7.50425393055974e-14,0.12467929690010793,9,0.597,0.0,conf_cyl_plus_sphere,"14,17,23"
1000,3,1e-08,dense,1.5714922709225825e-07,0.001654881165259688,-7.092106175414068,13137.172146242863,999,619.3134405140395,-2.6898113575211545e-14,6.15333545061556e-14,0.10496096184821382,9,0.398,0.0,conf_cyl_plus_sphere,"1,4,8"
1000,3,1e-08,dense,1.8848316648396382e-07,0.002465704567813546,-7.416784187961162,15599.954818164706,999,718.1385284513465,-5.5701835288343747e-14,8.160927524485248e-14,0.11635582890979577,9,0.605,0.0,conf_cyl_plus_sphere,"16,17,28"
1000,3,1e-08,dense,1.1711245127939313e-07,0.0019118663019596532,-7.406580847442328,25829.041475359812,999,1096.4990889053995,4.741323553158264e-13,2.517844305649725e-13,0.11307853317102433,9,0.59,0.0,conf_cyl_plus_sphere,"17,21,29"
1000,3,1e-08,dense,3.322581237642405e-08,0.002450667852446769,-7.400593602836431,63273.39425562753,998,1069.5400942955846,-2.845176256436022e-13,1.153019502140594e-13,0.18968418253415176,9,0.964,0.0,conf_cyl_plus_sphere,"11,21,24"
1000,3,1e-08,dense,1.774906070907861e-08,0.0041138691303655986,-7.360631293793064,99295.29898320565,998,441.956790615288,-2.637225536217193e-13,1.5751629701516355e-13,0.18213892147967348,9,0.679,0.0,conf_cyl_plus_sphere,"3,6,22"
1000,3,1e-08,dense,4.9674946082970486e-08,0.001521676310220482,-7.05268884156436,30124.92414413302,999,1277.5557008471283,-1.7504752870331129e-13,1.0460578233357387e-13,0.06609836841595085,9,0.394,0.0,conf_cyl_plus_sphere,"0,1,13"
1000,3,1e-08,dense,1.644904378896771e-08,0.006138265730469805,-8.553656472389058,187924.92847216642,995,281.00533512846084,-4.256317398895848e-17,9.804865573547325e-14,0.08469468126908042,9,0.583,0.0,conf_cyl_plus_sphere,"4,7,28"
1000,3,1e-08,dense,1.988548202620182e-08,0.0016145310657898727,-7.154130563927583,67286.3044003834,999,1409.544682563218,1.2180124670282542e-13,1.092244419861288e-13,0.11861477594504045,9,0.953,0.0,conf_cyl_plus_sphere,"5,21,24"
1000,3,1e-08,dense,1.5830222600642953e-08,0.0016901206689195942,-7.175146716414432,79379.94096597444,999,1177.0919739511114,-1.1292664002041263e-13,1.2680699967780513e-13,0.1522325061026757,9,0.818,0.0,conf_cyl_plus_sphere,"5,26,27"
1000,3,1e-08,dense,1.0281383199431304e-08,0.006054280279257915,-8.724432608852801,528013.9689791522,975,247.3188960213831,-3.32469647515779e-14,3.633002274262054e-14,0.12525940631757196,9,0.577,0.0,conf_cyl_plus_sphere,"12,14,15"
1000,3,1e-08,dense,1.8682939495106924e-08,0.003331393994666964,-7.550907585155158,87796.78214828842,998,575.3536935161649,-3.6860265553601023e-13,2.4016986988808486e-13,0.10236739368707645,9,0.873,0.0,conf_cyl_plus_sphere,"10,15,19"
1000,3,1e-08,dense,3.196023998041275e-08,0.0034845401943044787,-7.5238038866936705,68247.40575208479,986,506.4862515636811,-1.2458609255421182e-15,3.5999432390594887e-13,0.12136704700304596,9,0.42,0.0,conf_cyl_plus_sphere,"1,10,28"
1000,3,1e-08,dense,7.21400422921471e-08,0.0023052453839061604,-7.470704848706844,43011.80497916735,986,566.6713741323897,-6.226165458880224e-16,2.7503711069601976e-13,0.11369034788259127,9,0.393,0.0,conf_cyl_plus_sphere,"1,6,26"
1000,3,1e-08,dense,1.1943380368186492e-07,0.0017316154848699378,-7.134605931637136,16519.852092483918,999,736.9824634762174,-7.087266429110783e-13,5.909904573311116e-13,0.09653655089357215,9,0.569,0.0,conf_cyl_plus_sphere,"4,13,22"
1000,3,1e-08,dense,4.0429681156924665e-08,0.0019836994026087022,-7.456791122067926,69988.66478829274,999,1008.7526685613012,1.931621052693614e-15,5.4180080712979675e-14,0.14449287859890347,9,0.682,0.0,conf_cyl_plus_sphere,"18,22,29"
1000,3,1e-08,dense,5.323381303134034e-08,0.001854443682160393,-7.113368959407152,31521.16563485711,999,1103.9628852061505,-1.0935624069659251e-13,7.951633851136379e-14,0.10957877468981539,9,0.888,0.0,conf_cyl_plus_sphere,"3,13,19"
1000,3,1e-08,dense,2.937136783485512e-08,0.001862655109739091,-7.3745594368712375,54260.732398730026,999,1008.8687095574188,-1.1101353143634684e-13,7.50257729465369e-14,0.12825493876523203,9,0.862,0.0,conf_cyl_plus_sphere,"11,21,28"
1000,3,1e-08,dense,5.378345066408441e-07,0.0034445697800624363,-7.42147213121537,9687.56399747974,999,331.7049357443938,1.227947443320563e-13,1.1777041666021984e-13,0.08037785076762798,9,0.559,0.0,conf_cyl_plus_sphere,"2,9,11"
1000,3,1e-08,dense,1.509703417085103e-08,0.001675119247424235,-7.193107032158144,81922.87286667382,999,1186.4268188315154,2.3996546648534287e-14,1.0341685575251832e-13,0.11033717360257751,9,0.808,0.0,conf_cyl_plus_sphere,"5,26,27"
1000,3,1e-08,dense,1.613880186061686e-08,0.003410098131298491,-8.00208535070559,167274.03513819838,994,557.7479997098553,-1.4098464043202061e-16,2.0623654227670034e-13,0.1363337291741808,9,0.577,0.0,conf_cyl_plus_sphere,"12,24,28"
1000,3,1e-08,dense,5.944713792081425e-08,0.004492519035191493,-8.214938279177142,127905.61158463113,989,516.6433679541553,-1.3092772047317505e-16,1.0399039095353836e-13,0.1017005504094455,9,0.608,0.0,conf_cyl_plus_sphere,"17,23,28"
1000,3,1e-08,dense,3.561331559243994e-08,0.007537173890316004,-8.952182247936317,363859.94726833736,898,269.61476182820735,-1.3642461726276478e-14,3.105621785611152e-14,0.22516998275105576,9,0.603,0.0,conf_cyl_plus_sphere,"6,17,30"
1000,3,1e-08,dense,8.229805845393357e-08,0.0014765156709287412,-7.0359852211347915,20337.546722297877,999,1316.3889189129377,-6.884389532437807e-13,3.76305878658776e-13,0.06741031977791097,9,0.668,0.0,conf_cyl_plus_sphere,"0,7,13"
1000,3,1e-08,dense,9.532547734963065e-08,0.0015830786592001694,-7.1604698939594735,15900.911583478293,999,835.1767872748792,-6.884389832498609e-14,1.4181737687209948e-13,0.10462842734114922,9,0.603,0.0,conf_cyl_plus_sphere,"12,13,19"
1000,3,1e-08,dense,4.887564296358353e-08,0.0026889219057109085,-7.490130376382089,47346.55950496754,999,541.5001487586035,8.228876983015525e-14,8.386647477598736e-14,0.08374875863792652,9,0.399,0.0,conf_cyl_plus_sphere,"1,18,25"
1000,3,1e-08,dense,2.613102178895944e-08,0.01434640630439258,-9.237022815293747,589432.8796950714,764,104.31407249202813,-7.2574618948876775e-16,3.1588389538573945e-14,0.07483260514403181,9,0.578,0.0,conf_cyl_plus_sphere,"4,12,17"
1000,3,1e-08,dense,5.582819891030669e-08,0.002072668397156192,-7.173015951047273,26482.008587977387,999,909.2269919114418,1.7692789304490399e-13,1.1121159148008257e-13,0.1503516723009868,9,0.726,0.0,conf_cyl_plus_sphere,"8,11,30"
1000,3,1e-08,dense,1.5574858002932435e-08,0.0047135509283394005,-8.064821932574906,269976.16765399737,874,390.40397594977856,-4.98718767027735e-16,6.36925286204672e-14,0.16338664757168514,9,0.389,0.0,conf_cyl_plus_sphere,"1,27,28"
1000,5,1e-08,dense,7.636762019029045e-08,0.00185173964470099,-7.1233563352299765,19929.47243166197,999,1922.2910065155043,7.849584844334674e-14,4.4765385145341796e-14,0.1514555001221881,9,0.732,0.0,conf_cyl_plus_sphere,"0,23,25,26,31"
1000,5,1e-08,dense,9.226890838845989e-08,0.0016959734279880176,-7.186635437376164,16452.290438181695,999,1704.6885097738843,-9.278211286425789e-14,6.431468922276083e-14,0.21053673696089514,9,0.603,0.0,conf_cyl_plus_sphere,"5,12,21,27,31"
1000,5,1e-08,dense,1.2173729678052944e-07,0.0017997899293361798,-7.25581877624108,17072.011511122342,999,1828.3402135219894,3.1243499791939536e-13,1.2406166070884113e-13,0.1634956828148327,9,0.616,0.0,conf_cyl_plus_sphere,"10,13,17,29,31"
1000,5,1e-08,dense,3.1076218550477133e-07,0.00146374718679748,-7.0272763821731505,8411.467466055496,999,2127.356112424005,-1.0308363497187667e-12,3.6142481617625165e-13,0.1061270341247044,9,0.949,0.0,conf_cyl_plus_sphere,"0,3,10,13,23"
1000,5,1e-08,dense,1.300141050983514e-08,0.0036157095425464747,-8.130287393180726,280725.36099930166,984,941.6259659179229,-1.657782625174405e-13,8.829169533331606e-14,0.2966961088228016,9,0.652,0.0,conf_cyl_plus_sphere,"14,19,25,28,31"
1000,5,1e-08,dense,1.616790237984471e-07,0.0024097891574217712,-7.445498830375346,17400.08851176697,999,983.158879516408,3.441121898894224e-13,1.6454699955170797e-13,0.16568141758343252,9,0.552,0.0,conf_cyl_plus_sphere,"6,9,15,21,28"
1000,5,1e-08,dense,8.290130963893621e-08,0.0018365050288572497,-7.204491518201855,18047.148552017305,999,1767.525384728283,4.793021448484813e-13,1.8001507628480153e-13,0.18639240228973725,9,0.792,0.0,conf_cyl_plus_sphere,"2,8,21,24,27"
1000,5,1e-08,dense,1.869360131162925e-07,0.0024018230083541476,-7.042684593479804,8880.9920165559,999,1147.3117171536844,2.029286038925058e-13,8.853492470917837e-14,0.14895005360313018,9,0.58,0.0,conf_cyl_plus_sphere,"0,7,12,23,30"
1000,5,1e-08,dense,4.3126134848329174e-08,0.0017433740583537585,-7.1637061461133085,40825.76519054773,999,2197.089315952853,-1.8562913523277914e-13,8.741604913061102e-14,0.15286467402301496,9,0.871,0.0,conf_cyl_plus_sphere,"5,13,15,21,31"
1000,5,1e-08,dense,1.6387221551287923e-07,0.002164827094105808,-7.131188466338812,12199.822293329215,999,1509.2013614504697,-9.40034751792987e-14,7.819423590064308e-14,0.15899374172437475,9,0.563,0.0,conf_cyl_plus_sphere,"2,4,5,10,13"
1000,5,1e-08,dense,1.2363842564318551e-07,0.0035968043336906063,-7.794275600835305,41876.39019508012,999,1069.797505581857,-2.3326403182668773e-13,7.189944815093446e-14,0.39636995490635335,9,0.603,0.0,conf_cyl_plus_sphere,"11,17,19,27,29"
1000,5,1e-08,dense,3.4978403056333425e-08,0.0019949799858475377,-7.489083828528124,61496.008682235166,999,1778.5380154399313,1.7488528815390483e-14,5.6395008855683035e-14,0.2668666746035733,9,0.761,0.0,conf_cyl_plus_sphere,"6,21,26,28,29"
1000,5,1e-08,dense,1.9892690382557378e-07,0.0021951358125012975,-7.3650919115945594,13811.17788635921,999,1090.3554286934486,-1.7260561121485284e-13,8.914801304223101e-14,0.18387297953640344,9,0.679,0.0,conf_cyl_plus_sphere,"10,11,16,20,25"
1000,5,1e-08,dense,2.266480339905987e-07,0.0018876103990551547,-7.2373366181781265,9940.986132682374,999,1079.610091477724,1.6282847673709984e-13,9.835021558028987e-14,0.13500061242293251,9,0.584,0.0,conf_cyl_plus_sphere,"3,7,9,16,23"
1000,5,1e-08,dense,2.6220629153729196e-07,0.0024150201501693825,-7.216623729485304,7958.540369207557,999,1050.2896580669808,-3.19956626297635e-13,1.6173908556844038e-13,0.24223607273291892,9,0.636,0.0,conf_cyl_plus_sphere,"2,3,14,16,30"
1000,5,1e-08,dense,1.287887374475899e-07,0.0035218661068014538,-7.5858730241613275,29874.68957387661,999,836.7326817768619,2.643177406836915e-13,1.165352969033263e-13,0.21996469388659767,9,0.409,0.0,conf_cyl_plus_sphere,"1,18,19,22,25"
1000,5,1e-08,dense,1.630306256555411e-07,0.0017925744261122797,-7.176883578676818,11810.188291196899,999,1529.3178228241986,1.7019799605040228e-13,8.183115229090447e-14,0.28176827237843266,9,0.678,0.0,conf_cyl_plus_sphere,"7,8,11,26,27"
1000,5,1e-08,dense,2.3964533932544622e-08,0.005012193522612671,-7.4748343571788585,61363.81144017668,997,632.5199042998279,2.861831385892539e-16,4.7418627709765365e-14,0.4379182118876608,9,0.592,0.0,conf_cyl_plus_sphere,"3,6,14,17,30"
1000,5,1e-08,dense,1.765740012713709e-07,0.0021123734487602302,-7.198348797947633,11618.828320254077,999,1536.7750747062878,-9.0461694057342e-14,3.751685297391666e-14,0.23782694948615435,9,0.606,0.0,conf_cyl_plus_sphere,"3,8,17,19,29"
1000,5,1e-08,dense,1.740211060369007e-08,0.006138710058906824,-8.951855479287213,487288.67308604904,954,614.0967104218273,-3.1522787428599577e-16,1.1820742040994569e-13,0.25652790485400473,9,0.578,0.0,conf_cyl_plus_sphere,"9,20,25,27,30"
1000,5,1e-08,dense,3.396392352242377e-08,0.002240228015354102,-7.591797983527196,96029.41047582263,997,1382.8863127047023,1.769417945496343e-15,3.744390703903675e-14,0.22697325780113625,9,0.745,0.0,conf_cyl_plus_sphere,"15,18,19,29,30"
1000,5,1e-08,dense,1.4385610575756038e-07,0.0025551757452906497,-7.322307486424118,13283.325551730575,999,984.4514787494189,-2.615980972866466e-13,1.4609544243166128e-13,0.17593480798614874,9,0.596,0.0,conf_cyl_plus_sphere,"6,10,12,16,19"
1000,5,1e-08,dense,6.886077200452058e-07,0.003058415038773698,-7.410206998792273,9079.058396952953,999,602.4319136774736,-2.530658948929755e-14,5.340916249246138e-14,0.11734626106879711,9,0.553,0.0,conf_cyl_plus_sphere,"4,6,7,17,18"
1000,5,1e-08,dense,4.42455182848329e-07,0.003260101272359119,-7.4104399669520005,10495.679343972028,999,798.3727771946731,-1.7801000474007567e-14,9.380635772230249e-14,0.15482735458741764,9,0.555,0.0,conf_cyl_plus_sphere,"4,7,10,11,23"
1000,5,1e-08,dense,2.546552280743982e-07,0.0027280622993004753,-7.189378583860427,8980.920242132133,999,1002.0720392313036,-1.1535103384627265e-13,7.474227102280586e-14,0.158827644540463,9,0.572,0.0,conf_cyl_plus_sphere,"8,9,17,20,28"
1000,5,1e-08,dense,1.3429439979634032e-07,0.0016001114055450628,-7.20696161608874,13780.466477460159,999,1523.5796127427716,5.45977684991792e-13,2.450689759562661e-13,0.1548329288209315,9,0.572,0.0,conf_cyl_plus_sphere,"9,11,13,20,21"
1000,5,1e-08,dense,5.174096840180094e-08,0.0015467570231303557,-7.078090040101005,33376.47969779459,999,2503.438095667437,-4.2001500935918593e-14,8.543012430413041e-14,0.14673722761120722,9,0.957,0.0,conf_cyl_plus_sphere,"0,8,11,13,29"
1000,5,1e-08,dense,1.1342745207137948e-07,0.0022605358681915453,-7.479234143931314,28516.209554467074,999,1143.2620085671965,-2.542709381338332e-13,1.0717767173613152e-13,0.14992916103407605,9,0.555,0.0,conf_cyl_plus_sphere,"9,15,17,18,29"
1000,5,1e-08,dense,1.4830339662566015e-07,0.0020965821447733787,-7.256819030085848,14002.141722149388,999,1343.705241759298,-4.979196849655119e-13,1.934382042394231e-13,0.131372607371814,9,0.679,0.0,conf_cyl_plus_sphere,"7,13,19,20,31"
1000,5,1e-08,dense,2.8864285050828265e-07,0.0017761551380731037,-7.048173002438327,6518.498673929015,999,1318.90033819663,-9.732045356224128e-14,5.1745579967800573e-14,0.17986600881282666,9,0.654,0.0,conf_cyl_plus_sphere,"0,7,11,24,25"
1000,8,1e-08,dense,4.560884415824984e-07,0.0027270349248415884,-7.184787876760472,5334.3117620419,999,1665.7534630359908,3.2906284034434075e-13,9.98963517132302e-14,0.27536852411399326,9,0.649,0.0,conf_cyl_plus_sphere,"3,5,7,19,20,23,25,28"
1000,8,1e-08,dense,1.508352363491513e-07,0.003133696509517993,-7.694391578234397,27026.12271838891,999,1430.5929515914056,-4.120312925382765e-13,1.165121386918449e-13,0.2546371728540051,9,0.424,0.0,conf_cyl_plus_sphere,"1,4,14,15,18,23,25,31"
1000,8,1e-08,dense,4.5421688990126994e-07,0.0015556889641458573,-7.0926775270327145,5617.0670731125165,999,2179.5979695042715,-1.274672641743413e-13,5.499395557234919e-14,0.24016746721563953,9,0.589,0.0,conf_cyl_plus_sphere,"3,5,7,13,17,18,22,25"
1000,8,1e-08,dense,2.5755562053468386e-07,0.0013865791315500811,-7.029726958264509,7024.414213314904,999,2407.6306090360545,-3.2921107547100644e-14,4.040071125993904e-14,0.2750153122328735,9,0.408,0.0,conf_cyl_plus_sphere,"0,1,2,4,5,13,24,30"
1000,8,1e-08,dense,2.7789890074857416e-07,0.001464185906231486,-7.084713241551179,7426.9741437026,999,2565.4766650228066,-8.483325834422766e-14,9.110585607389936e-14,0.28762654510265573,9,0.661,0.0,conf_cyl_plus_sphere,"3,5,7,8,14,21,23,27"
1000,8,1e-08,dense,9.986634242818429e-08,0.0019842462557417336,-7.269131249315548,17392.286127772728,999,2533.7264307249193,8.219101980054101e-13,1.803975269347948e-13,0.2595077726517495,9,0.41,0.0,conf_cyl_plus_sphere,"1,5,18,20,21,23,25,26"
1000,8,1e-08,dense,3.299711884279815e-07,0.0021504981089659958,-7.238968638197225,7781.7374380214405,999,1823.7431514081281,9.074722310403738e-13,2.4843643815008693e-13,0.32146404627444713,9,0.613,0.0,conf_cyl_plus_sphere,"5,6,15,17,19,20,21,28"
1000,8,1e-08,dense,1.528789350258408e-07,0.001533158516887884,-7.093970220742735,11235.117922206055,999,2747.9682037068687,-1.6989999630703106e-12,4.2562754066173564e-13,0.24068226925607566,9,0.671,0.0,conf_cyl_plus_sphere,"5,8,13,15,22,25,26,27"
1000,8,1e-08,dense,2.0822559348673193e-07,0.002241264812199674,-7.191454695363466,9456.274377299014,999,1947.0366279121558,8.74653990488957e-13,2.1577887855179861e-13,0.4282617357130485,9,0.63,0.0,conf_cyl_plus_sphere,"3,6,8,12,16,17,22,24"
1000,8,1e-08,dense,5.171155980591191e-07,0.002585260837657213,-7.12584301078216,5008.52127024218,999,1226.9279721095775,1.3247150772166538e-13,5.42728398409002e-14,0.17574114499499527,9,0.393,0.0,conf_cyl_plus_sphere,"1,3,7,8,9,12,20,25"
1000,8,1e-08,dense,3.8292451344059774e-07,0.0022791982172493835,-7.17714689308557,5926.296445898737,999,1485.0038247412513,-7.67189453241765e-13,2.453328268932827e-13,0.3439363673748822,9,0.547,0.0,conf_cyl_plus_sphere,"4,6,8,9,10,12,24,30"
1000,8,1e-08,dense,2.237583676677552e-07,0.0020338079012207316,-7.258734197282843,10519.54045346839,999,2091.82368095159,-1.0284203772869399e-13,6.546486985176272e-14,0.22621928331851093,9,0.578,0.0,conf_cyl_plus_sphere,"2,9,11,13,15,16,19,24"
1000,8,1e-08,dense,1.4352266618850712e-07,0.0030361404484640178,-7.7337786764384004,45522.1048927333,999,1377.5505378743057,3.019860652737552e-14,4.230655745756726e-14,0.5601077769423375,9,0.389,0.0,conf_cyl_plus_sphere,"1,2,6,11,22,25,29,31"
1000,8,1e-08,dense,9.886808469090018e-08,0.0025440229180076226,-7.264710176789566,17908.19623327934,999,1774.9308280684227,2.0036628741804466e-13,6.183366710739563e-14,0.37668744874261284,9,0.595,0.0,conf_cyl_plus_sphere,"4,5,10,14,15,18,22,23"
1000,8,1e-08,dense,4.482614017003675e-07,0.0017479923373154198,-7.060161508816869,5240.179883623231,999,2190.1272468580687,3.5239136776795896e-13,1.527225378237041e-13,0.26688483245979133,9,0.64,0.0,conf_cyl_plus_sphere,"0,3,10,14,15,20,26,30"
1000,8,1e-08,dense,1.401524408501655e-07,0.0014921146000249162,-7.066415088165992,11305.479690240601,999,3241.6309203472542,-1.7027585163433118e-12,3.7570181523229514e-13,0.21540535053430288,9,0.575,0.0,conf_cyl_plus_sphere,"0,5,8,9,12,18,21,29"
1000,8,1e-08,dense,2.6921632167485743e-07,0.002230028100614908,-7.270877456146436,8514.042114692742,999,1466.3455801615444,3.3699232233940293e-13,1.1861420901501212e-13,0.2870114337679808,9,0.401,0.0,conf_cyl_plus_sphere,"1,2,3,6,15,18,20,24"
1000,8,1e-08,dense,3.858128264124908e-07,0.002182866532970759,-7.2951714728847845,7343.040876679582,999,1575.4840238803322,-6.318600198326524e-14,6.96581371665342e-14,0.2817590898427479,9,0.657,0.0,conf_cyl_plus_sphere,"2,3,7,11,20,21,25,27"
1000,8,1e-08,dense,2.3626896486763926e-07,0.0014859124670086596,-7.091629839612252,8146.456371041034,999,2665.4629868158036,-1.3724987939290654e-12,3.766006263191927e-13,0.22888318807278918,9,0.588,0.0,conf_cyl_plus_sphere,"0,8,11,12,17,20,21,26"
1000,8,1e-08,dense,1.9638147476383355e-07,0.002334280175882317,-7.419714700741097,15895.460402847366,999,2003.653565989308,2.1333185801111591e-13,5.616147862753252e-14,0.2455533926644609,9,0.596,0.0,conf_cyl_plus_sphere,"15,16,17,19,20,21,25,31"
1000,8,1e-08,dense,2.488294587163644e-07,0.0025168767587533175,-7.213896768010069,8405.417690000244,999,1646.6631683180585,3.4061561080336866e-13,1.2693041977111616e-13,0.28067710379028193,9,0.412,0.0,conf_cyl_plus_sphere,"1,8,9,12,18,19,27,30"
1000,8,1e-08,dense,2.9795116245387993e-07,0.0023851523797943416,-7.213032889288924,7763.647273340545,999,1765.3085433163892,-5.039810806148648e-13,1.3457659275711164e-13,0.5101980175328085,9,0.39,0.0,conf_cyl_plus_sphere,"1,4,6,8,18,24,27,30"
1000,8,1e-08,dense,2.3881149463171503e-07,0.0014664223593807435,-7.067820892262961,8132.2678572570785,999,2852.198700435283,1.9984599514320475e-12,5.113980191830852e-13,0.23029885016933957,9,0.579,0.0,conf_cyl_plus_sphere,"0,5,10,16,17,24,25,26"
1000,8,1e-08,dense,1.6874840553190563e-07,0.0035038655159153258,-7.48826355158823,18405.988571818973,999,1167.2903168767498,1.6688067621577554e-13,7.598349400085525e-14,0.24454290667279183,9,0.545,0.0,conf_cyl_plus_sphere,"2,4,7,9,10,18,20,27"
1000,8,1e-08,dense,4.1145315361873014e-07,0.003302100796650735,-7.761117496040173,22167.208160092247,999,1242.8876471014598,1.6661462956279321e-13,5.025915223200944e-14,0.3682117787862328,9,0.434,0.0,conf_cyl_plus_sphere,"1,4,12,15,17,23,27,29"
1000,8,1e-08,dense,1.1172945862074005e-07,0.0015806439166605672,-7.085280401811871,15750.490991801207,999,3575.092159302994,1.151066862285717e-12,2.3322240656897634e-13,0.16270565028591047,9,0.768,0.0,conf_cyl_plus_sphere,"0,5,10,13,16,18,26,30"
1000,8,1e-08,dense,1.9232159292322848e-07,0.0023339703364857003,-7.325946790822626,12022.169807012884,999,1822.3737265536906,1.979818896715238e-13,6.631766970747757e-14,0.42026921316876087,9,0.684,0.0,conf_cyl_plus_sphere,"2,7,13,22,23,24,27,30"
1000,8,1e-08,dense,2.654529284564709e-07,0.0014776457352602692,-7.103929292880003,7690.277118657725,999,2554.2249157159426,3.5984157819267393e-13,1.2831799481540866e-13,0.2349136187128592,9,0.579,0.0,conf_cyl_plus_sphere,"3,8,10,12,13,15,16,30"
1000,8,1e-08,dense,2.87560095450367e-07,0.001553861977163847,-7.096017447009838,6929.008589844345,999,2414.6732136873575,1.51274078916022e-14,3.80350287076278e-14,0.23858620887224152,9,0.547,0.0,conf_cyl_plus_sphere,"3,5,9,11,12,13,18,23"
1000,8,1e-08,dense,3.0422128891220554e-07,0.001375521756848249,-7.053369341478002,6672.727535970088,999,2651.4577592125734,-4.1901281257560974e-13,1.3436913379154976e-13,0.29999082839652,9,0.758,0.0,conf_cyl_plus_sphere,"0,3,11,13,15,18,20,27"
1000,3,1e-08,dense,1.3638266404462529e-08,0.0013101110664320442,-6.977422009419415,74958.31928553653,998,988.27300228478,1.5668899153874e-13,1.4414276163170701e-08,0.01863314385216982,5,0.557,0.0,conf_cylinder_r03_d12,"0,9,10"
1000,3,1e-08,dense,1.0067021911024023e-08,0.004190832954650604,-7.819921151667673,135160.93952793832,997,340.2136579916878,1.4399421326832394e-14,1.3297557406790827e-08,0.06308837504756723,5,0.653,0.0,conf_cylinder_r03_d12,"11,14,22"
1000,3,1e-08,dense,3.850559636821778e-06,0.0019465325762944429,-7.4202042320940205,8393.49405385944,996,595.6437411739932,-2.6912249827819623e-14,1.790108161814804e-08,0.03785611121225603,5,0.773,0.0,conf_cylinder_r03_d12,"6,15,18"
1000,3,1e-08,dense,8.412174323200176e-07,0.0019812887043690872,-7.223649398138739,4628.64457417168,997,741.7336261683872,1.2499614474404306e-13,6.713283919335513e-09,0.037992732670810936,5,0.578,0.0,conf_cylinder_r03_d12,"12,17,21"
1000,3,1e-08,dense,6.705598854113236e-07,0.0021671710315127454,-7.598934441135728,36214.51577660144,996,739.7676376875075,-5.217592678606762e-12,7.4801625374597e-09,0.05618645924877109,5,0.365,0.0,conf_cylinder_r03_d12,"1,26,27"
1000,3,1e-08,dense,1.9774911206772897e-08,0.0027786058377970006,-8.005166599758239,306492.8127467413,996,693.6106164928366,-2.0600819053552062e-13,7.58934806415734e-09,0.08715943153319208,5,0.657,0.0,conf_cylinder_r03_d12,"22,23,24"
1000,3,1e-08,dense,2.3709453533692988e-07,0.002843009717130046,-7.848633832811399,84548.45517866689,996,566.8581647642089,3.662401305133776e-13,1.1583202998163456e-08,0.060563038911128325,5,0.861,0.0,conf_cylinder_r03_d12,"11,19,28"
1000,3,1e-08,dense,1.6675281998926223e-08,0.009912927701744782,-9.03425211314818,342370.60443040484,802,138.50679727048254,-7.666396121507078e-16,5.11194676162229e-09,0.05354695188930439,5,0.559,0.0,conf_cylinder_r03_d12,"9,14,17"
1000,3,1e-08,dense,1.0462995933494968e-07,0.0019548571104410556,-7.383378236867937,15589.596752397196,997,544.1391464072163,1.459179891730196e-13,1.8589167784186397e-08,0.02733560892035556,5,0.903,0.0,conf_cylinder_r03_d12,"10,11,15"
1000,3,1e-08,dense,1.9504255274129105e-07,0.0013062707010066791,-6.976735256053815,6338.412216828782,997,1496.4565521033362,2.4863185237758303e-13,1.4796563816225073e-08,0.023908014943063785,5,0.953,0.0,conf_cylinder_r03_d12,"0,5,23"
1000,3,1e-08,dense,2.521190812991882e-06,0.0018167489498558617,-7.248918193696331,3972.472994634969,996,558.9585788613557,-9.90269042333154e-13,1.9583220808822114e-08,0.05280707372148403,5,0.648,0.0,conf_cylinder_r03_d12,"6,14,16"
1000,3,1e-08,dense,4.256017354258319e-06,0.002246349295337426,-7.450087469683779,6572.3543947029475,996,454.4822418654927,9.203411854739326e-15,1.4656706260998523e-08,0.04103184946875225,5,0.663,0.0,conf_cylinder_r03_d12,"7,10,19"
1000,3,1e-08,dense,1.6405503958083987e-05,0.0014484625013081026,-7.022902768537166,1469.2943369757118,996,747.970108021264,-3.1309511473866634e-12,1.7677243072530897e-08,0.051194937717606234,5,0.371,0.0,conf_cylinder_r03_d12,"1,5,28"
1000,3,1e-08,dense,1.292152863388112e-07,0.0013078241618192591,-6.9897199055480295,8998.615569215344,997,1238.4857220775052,-5.816921451805831e-13,1.3967495379964211e-08,0.04873471269955838,5,0.847,0.0,conf_cylinder_r03_d12,"0,24,27"
1000,3,1e-08,dense,6.83366806289587e-07,0.0050316240374492106,-7.72261382443706,9962.690758668923,997,149.66608960225216,1.201979149942656e-13,1.250271838056998e-08,0.024500045700308254,5,0.587,0.0,conf_cylinder_r03_d12,"2,6,12"
1000,3,1e-08,dense,2.2963356161517936e-07,0.0028618205564581,-7.942018277531598,107936.47071263587,959,435.3907808123545,-2.6973300108739895e-16,1.5739220881309654e-08,0.044619650397187904,5,0.774,0.0,conf_cylinder_r03_d12,"6,15,23"
1000,3,1e-08,dense,3.419999863814179e-08,0.0017471983915455255,-7.308413396001746,34755.609272530564,997,541.3836179836981,3.4305421292072595e-13,2.470435459645017e-08,0.031449415347277826,5,0.652,0.0,conf_cylinder_r03_d12,"2,7,18"
1000,3,1e-08,dense,2.1255634556769884e-07,0.002225610801080067,-7.322825479406631,9488.556873842825,997,849.5134950090019,8.499672859364618e-14,6.75290823602368e-09,0.07031941939762554,5,0.697,0.0,conf_cylinder_r03_d12,"20,21,25"
1000,3,1e-08,dense,1.0904261973000997e-07,0.0020719820970534586,-7.5647688410973695,41050.84408628348,997,1028.1058521152352,-3.9455968226731346e-13,7.564265091651942e-09,0.060588141284658545,5,0.706,0.0,conf_cylinder_r03_d12,"24,25,26"
1000,3,1e-08,dense,1.6579882636550665e-08,0.006004280187088783,-8.546547516885424,251272.13357323158,997,253.572157398709,-1.5076587767703214e-15,6.5992578532765025e-09,0.06424732185286551,5,0.572,0.0,conf_cylinder_r03_d12,"12,17,19"
1000,3,1e-08,dense,1.3115162713011395e-07,0.001408005142220498,-7.058105092319406,9244.867364493994,997,1058.8517980739855,-1.5485707002502917e-13,1.280488822470269e-08,0.039644128763143174,5,0.909,0.0,conf_cylinder_r03_d12,"8,10,19"
1000,3,1e-08,dense,5.377801837595138e-07,0.002494673100171797,-7.629055773123437,20042.22105316684,979,757.5140995420836,-1.8283204959160367e-15,9.126720820197057e-09,0.0724132166713485,5,0.676,0.0,conf_cylinder_r03_d12,"19,20,29"
1000,3,1e-08,dense,8.844881038672135e-08,0.0031647508663065252,-7.93225401532665,94048.04741634172,996,577.7335785626708,1.3802189528624018e-13,7.191210362433154e-09,0.08249459978591915,5,0.694,0.0,conf_cylinder_r03_d12,"15,24,25"
1000,3,1e-08,dense,5.051187357174728e-08,0.0017545796318199365,-7.33073519747341,25233.124014129626,997,908.7447012027603,1.8227096679367963e-13,1.0988343819629214e-08,0.04491964198405564,5,0.9,0.0,conf_cylinder_r03_d12,"11,15,21"
1000,3,1e-08,dense,2.326689956190886e-08,0.002172107347391691,-7.413652353080305,49061.511052877824,997,551.1022534707462,-7.99546835808383e-13,2.22249249030642e-08,0.04206868830088178,5,0.847,0.0,conf_cylinder_r03_d12,"2,10,28"
1000,3,1e-08,dense,9.772782132914037e-08,0.003613929785266652,-7.951457312213138,88252.31945279893,996,562.3145253079913,-6.513196228831292e-13,6.159806956105364e-09,0.07121513335977864,5,0.687,0.0,conf_cylinder_r03_d12,"20,24,25"
1000,3,1e-08,dense,7.729865838569997e-08,0.00358978826260943,-8.200981712942767,232048.38335283528,978,616.2911132377952,-8.543627853259815e-13,1.0144518726043665e-08,0.0757353866259891,5,0.704,0.0,conf_cylinder_r03_d12,"23,25,28"
1000,3,1e-08,dense,3.848650732457616e-06,0.005835575314890542,-7.783698286983028,7339.573500224263,997,156.17052112066477,-2.0855030134034203e-13,9.386871038055396e-09,0.03782796940464491,5,0.573,0.0,conf_cylinder_r03_d12,"2,9,14"
1000,3,1e-08,dense,1.0415413601627834e-07,0.001656152108080807,-7.181425929693407,11956.19896585264,997,864.3558405262452,-7.970066535054769e-13,1.6471304847731604e-08,0.042073523397626114,5,0.671,0.0,conf_cylinder_r03_d12,"3,14,29"
1000,3,1e-08,dense,1.7618081565221275e-07,0.0014508282789314215,-7.045154267631234,7379.607756008357,997,1331.9976915749598,2.5445873871423668e-14,9.931640201097786e-09,0.023582602380288753,5,0.774,0.0,conf_cylinder_r03_d12,"6,8,13"
1000,5,1e-08,dense,4.139826690799965e-08,0.0019311569409994171,-7.417616111962351,31472.493954313963,997,1378.150868847686,-4.953291909602787e-13,1.0606543323325804e-08,0.1013748371330319,5,0.902,0.0,conf_cylinder_r03_d12,"11,15,19,21,23"
1000,5,1e-08,dense,1.425646701117174e-07,0.002149826692898945,-7.197684906662848,9244.416998664785,997,701.9501282493258,4.059985999096092e-14,2.329977904122186e-08,0.04939009796421388,5,0.353,0.0,conf_cylinder_r03_d12,"1,3,11,14,19"
1000,5,1e-08,dense,2.942094524852218e-06,0.0014485393453004501,-7.074930262467976,1995.8025351156698,997,2085.0587506402776,6.031186014005593e-13,9.996856978506977e-09,0.07084777788192245,5,0.643,0.0,conf_cylinder_r03_d12,"5,8,17,24,26"
1000,5,1e-08,dense,1.1217539655744802e-08,0.002019185523873303,-7.142955455893306,91714.30565680537,998,980.3180464828789,1.2210120825343123e-12,9.685776699266312e-09,0.08977511180661675,5,0.569,0.0,conf_cylinder_r03_d12,"2,4,13,14,30"
1000,5,1e-08,dense,2.650145382531276e-07,0.0016391313770898139,-7.197093741633511,6586.810289365318,997,1903.5271457894687,-6.893765661397285e-13,1.2405269353696561e-08,0.07788837887083652,5,0.785,0.0,conf_cylinder_r03_d12,"6,13,18,26,28"
1000,5,1e-08,dense,2.0276962098775167e-08,0.0013041302636940877,-6.999308219574848,50998.804347704674,998,1759.1201799797254,-9.111881998114913e-13,1.2561203332621412e-08,0.05366466730432283,5,0.585,0.0,conf_cylinder_r03_d12,"0,11,12,13,19"
1000,5,1e-08,dense,2.1872749352174105e-06,0.0014450745622099721,-7.07628726242371,2202.6895140743195,997,1637.7084205496471,-4.1659917139650115e-13,1.266694076644415e-08,0.055928682419767006,5,0.59,0.0,conf_cylinder_r03_d12,"2,8,10,12,21"
1000,5,1e-08,dense,5.7137831695719664e-08,0.00189191744430861,-7.171991977516642,20221.49942101619,998,1229.3497089550592,6.007563137719634e-13,1.0614896298823505e-08,0.071016074424326,5,0.558,0.0,conf_cylinder_r03_d12,"4,10,13,25,27"
1000,5,1e-08,dense,2.2286400608603523e-07,0.0028862796374338824,-7.653953367095998,22948.58498668232,997,410.7695608687329,-2.7932830204482364e-12,1.4778338352806805e-08,0.04671828164515829,5,0.336,0.0,conf_cylinder_r03_d12,"1,2,6,11,15"
1000,5,1e-08,dense,1.161692584833119e-06,0.002086867681376872,-7.2315252059591275,3431.243212780512,997,1378.9842053722414,-1.3790732710050062e-12,9.552054831692162e-09,0.12371008565390486,5,0.659,0.0,conf_cylinder_r03_d12,"3,21,22,27,28"
1000,5,1e-08,dense,7.244393505562642e-07,0.0013712305728095875,-7.014272729043646,2726.791736413348,997,2112.0176892578784,3.874197698811546e-13,1.3113213708790475e-08,0.05556095347097401,5,0.9,0.0,conf_cylinder_r03_d12,"0,2,13,15,26"
1000,5,1e-08,dense,7.326166958209205e-08,0.0031100449952927945,-7.655251929547007,25007.012047325614,998,903.4389795230188,3.218444187386364e-13,7.316383327849341e-09,0.1258386150875208,5,0.578,0.0,conf_cylinder_r03_d12,"4,9,25,26,28"
1000,5,1e-08,dense,1.179210040379333e-07,0.0015772828507808951,-7.140520943260994,10676.178649093423,998,986.5322067267127,-2.8837534236712483e-13,2.303945150950213e-08,0.04888960026997362,5,0.573,0.0,conf_cylinder_r03_d12,"3,4,11,16,17"
1000,5,1e-08,dense,7.102530786181962e-08,0.006062965114097207,-8.280542190506589,29969.384061402652,998,458.62731874763216,-9.111346586114687e-14,5.079231482401262e-09,0.08679597651412763,5,0.553,0.0,conf_cylinder_r03_d12,"2,4,22,25,30"
1000,5,1e-08,dense,2.837051208270123e-06,0.0019390459538078447,-7.451904765960915,8264.741008136605,997,978.7661534153168,-1.0770972985321248e-12,1.0591336024576337e-08,0.0625845002443233,5,0.386,0.0,conf_cylinder_r03_d12,"1,4,10,19,29"
1000,5,1e-08,dense,2.3476446638314494e-08,0.0018929671524717823,-7.304703870840378,49553.449930642644,998,1114.3411204947188,-2.8924005444475906e-13,1.2026626682819001e-08,0.06279352305670985,5,0.575,0.0,conf_cylinder_r03_d12,"2,12,16,18,25"
1000,5,1e-08,dense,4.02616375565127e-06,0.002487445017174013,-7.257155241560326,2749.7167102059043,997,857.7679915477488,-1.4491069389102998e-13,1.0378370696427367e-08,0.06522017804480416,5,0.594,0.0,conf_cylinder_r03_d12,"3,12,15,17,24"
1000,5,1e-08,dense,1.1123352511918992e-08,0.0015683032398717898,-7.078295776884735,92124.0151453833,998,1443.771417297721,-3.644888965860981e-13,1.4270987383801377e-08,0.07546822789814601,5,0.636,0.0,conf_cylinder_r03_d12,"3,8,17,24,25"
1000,5,1e-08,dense,3.287190842552889e-07,0.001469695036494444,-7.099294275670277,4911.7259724983105,997,1512.7523543822588,-1.6364022884311443e-12,1.567798478017433e-08,0.0519643349929578,5,0.644,0.0,conf_cylinder_r03_d12,"8,10,14,15,18"
1000,5,1e-08,dense,1.1427208276314389e-06,0.002555140302139221,-7.551573043935356,9255.423822068185,997,1050.971116680782,3.431427649485252e-13,8.986280379157176e-09,0.0905845006340763,5,0.602,0.0,conf_cylinder_r03_d12,"10,11,17,27,31"
1000,5,1e-08,dense,3.317159488373063e-06,0.0016582199047704023,-7.127853549417029,2214.6073971093297,997,1465.8671820578513,-5.3633273325792106e-14,1.1065542960208772e-08,0.11568832408796058,5,0.639,0.0,conf_cylinder_r03_d12,"5,17,18,22,24"
1000,5,1e-08,dense,1.2697409351068387e-07,0.0013600412022222567,-7.020124122110682,9320.71365920507,997,1887.1405921920943,5.830912633305353e-13,1.3992689669440388e-08,0.03874669026540785,5,0.922,0.0,conf_cylinder_r03_d12,"3,5,8,10,19"
1000,5,1e-08,dense,1.0161070969543266e-08,0.0025851961258072645,-7.492880988651017,106715.10322744511,998,1019.7691628481109,-2.015683884689265e-12,9.101765803978443e-09,0.09505945752269933,5,0.343,0.0,conf_cylinder_r03_d12,"1,9,18,30,31"
1000,5,1e-08,dense,2.1999142345240909e-07,0.0018639010048432385,-7.282174481483322,8485.957538068702,997,1438.5976761913048,1.7167750906766237e-13,1.1256239095047825e-08,0.09735244261390105,5,0.686,0.0,conf_cylinder_r03_d12,"6,16,21,25,27"
1000,5,1e-08,dense,4.0349908904756765e-08,0.0019627274868492966,-7.300610807161165,29266.85777148612,997,1321.3103771808965,4.4658565287108396e-13,1.1002256123232718e-08,0.10572786546736412,5,0.713,0.0,conf_cylinder_r03_d12,"10,15,20,21,27"
1000,5,1e-08,dense,1.452314398050173e-07,0.002064926906008921,-7.528695671449616,23664.3708607844,997,1842.3370013274957,4.230977159573317e-13,8.664913478838591e-09,0.12906543233198547,5,0.831,0.0,conf_cylinder_r03_d12,"18,23,26,27,29"
1000,5,1e-08,dense,1.4423242675549268e-06,0.001253484192244426,-6.989751676472425,1965.723007203793,997,1892.2829018515984,-4.860047512536178e-13,1.3792053751849596e-08,0.06246094899879562,5,0.692,0.0,conf_cylinder_r03_d12,"0,10,13,20,30"
1000,5,1e-08,dense,2.3971366536919753e-06,0.0013355896430458905,-6.971475243726597,1596.0846739908739,997,1474.4084308674664,3.62914552172337e-12,1.0985272108775353e-08,0.04790830507834865,5,0.347,0.0,conf_cylinder_r03_d12,"0,1,2,8,17"
1000,5,1e-08,dense,1.464194766601999e-08,0.0018468844958837137,-7.12693705777934,70680.6007109551,998,1301.4572013971897,8.417409487782981e-13,9.67083361109176e-09,0.12058763739270328,5,0.594,0.0,conf_cylinder_r03_d12,"5,12,16,22,28"
1000,5,1e-08,dense,1.1522454912130617e-08,0.002215494518492478,-7.1414789926212485,89620.11067171903,998,1024.2840444029216,1.504426761795029e-12,9.313001502998918e-09,0.08444642469947627,5,0.544,0.0,conf_cylinder_r03_d12,"2,9,13,20,30"
1000,8,1e-08,dense,2.878070302186485e-08,0.0014323191721481287,-7.099417516658825,37003.25926146746,998,2660.73312239841,-2.088217090009184e-12,1.0690633726581226e-08,0.0955731426498424,5,0.358,0.0,conf_cylinder_r03_d12,"1,4,8,9,13,16,21,27"
1000,8,1e-08,dense,2.1601346064675298e-07,0.0019081042200048198,-7.400086405075443,10742.40398669847,997,2041.3688339076323,1.5461685797234649e-12,1.1975997573060666e-08,0.12137642266679567,5,0.655,0.0,conf_cylinder_r03_d12,"2,7,10,16,18,20,28,29"
1000,8,1e-08,dense,1.457553964915593e-07,0.0016795142923486214,-7.215774561427885,9683.924929609464,997,2086.7318201904513,1.5618531136788544e-12,1.2545861471644903e-08,0.13018493685640614,5,0.642,0.0,conf_cylinder_r03_d12,"6,7,11,13,14,16,23,24"
1000,8,1e-08,dense,1.5912025615299095e-08,0.002165820338604166,-7.473208027373604,70741.64130208231,998,1708.173593760438,4.987648446874429e-13,1.0510806397918456e-08,0.13805309251394388,5,0.552,0.0,conf_cylinder_r03_d12,"4,7,9,10,18,22,29,31"
1000,8,1e-08,dense,3.025830108985173e-08,0.0014751354412353465,-7.063001265278334,35123.500450860636,998,2567.473072235154,-1.060241343149255e-12,1.0705654317037936e-08,0.14204120435410345,5,0.579,0.0,conf_cylinder_r03_d12,"0,6,9,13,15,24,28,31"
1000,8,1e-08,dense,1.2223716670492421e-08,0.0022906090133581465,-7.517912475046636,91299.20079263224,998,2078.3630433596013,-7.166257323504254e-13,7.226103048463029e-09,0.1693257800431873,5,0.563,0.0,conf_cylinder_r03_d12,"9,11,12,21,28,29,30,31"
1000,8,1e-08,dense,2.8566895682077033e-07,0.001394370384467022,-7.014535314630921,4838.930529907562,997,2216.3796317372444,-1.804627342353014e-12,1.490155389781616e-08,0.14275623549933864,5,0.685,0.0,conf_cylinder_r03_d12,"0,2,5,7,11,15,27,31"
1000,8,1e-08,dense,8.497134615746506e-08,0.0015320343177393809,-7.063354804819344,13515.78993981549,998,2122.834546446022,3.3126555145097654e-13,1.1274065567093346e-08,0.09953335148074857,5,0.556,0.0,conf_cylinder_r03_d12,"0,4,6,10,11,21,28,30"
1000,8,1e-08,dense,1.8833721312527836e-08,0.002078699257969049,-7.299101421228546,56878.463975186285,998,2048.991743238688,-3.3244329411355636e-13,9.107504672401052e-09,0.12048168978397081,5,0.586,0.0,conf_cylinder_r03_d12,"3,12,15,20,21,25,26,28"
1000,8,1e-08,dense,9.021565287731221e-07,0.0022348696318718795,-7.293683947070972,4289.955420048688,997,1616.8695122478234,-1.891423951971963e-12,1.1089363687813346e-08,0.12872390670530476,5,0.645,0.0,conf_cylinder_r03_d12,"2,3,7,14,16,24,28,30"
1000,8,1e-08,dense,4.152375944393258e-08,0.0013651250832112645,-7.031906489716568,25841.823736752467,998,2711.650813424766,4.086692877839203e-13,1.3034655306172437e-08,0.09669097620650785,5,0.566,0.0,conf_cylinder_r03_d12,"0,3,4,6,8,20,21,24"
1000,8,1e-08,dense,5.813645588030108e-07,0.001821430015992192,-7.335358309674561,7165.129762578432,997,2425.6056678598998,2.666797115158282e-13,9.87645505498591e-09,0.14007885811714785,5,0.567,0.0,conf_cylinder_r03_d12,"6,11,12,16,18,21,28,29"
1000,8,1e-08,dense,4.029588146888677e-08,0.001301987463334082,-6.992658571099675,26486.947097918524,998,2409.4432505481227,-7.987687815052068e-13,1.38756977274173e-08,0.08217610450391477,5,0.557,0.0,conf_cylinder_r03_d12,"0,2,4,5,6,8,10,27"
1000,8,1e-08,dense,1.4568100294343331e-06,0.0015579901747199898,-7.157751059561447,2993.84328482621,997,3230.1167441816647,-2.9758080474009477e-13,9.786693446374819e-09,0.10590340850866613,5,0.59,0.0,conf_cylinder_r03_d12,"8,10,12,13,16,19,26,29"
1000,8,1e-08,dense,1.6688057776107939e-06,0.001678420131866366,-7.225454122673326,3673.487116332696,997,2776.31246647334,1.4466761884577303e-13,9.913852717587444e-09,0.14148278303471173,5,0.643,0.0,conf_cylinder_r03_d12,"11,13,14,16,17,24,26,31"
1000,8,1e-08,dense,3.679904691260774e-08,0.0019120449001791846,-7.105561424702548,29080.998165412522,998,2111.6398881102914,-5.2242154155422e-13,8.854628887719268e-09,0.14586357689427126,5,0.561,0.0,conf_cylinder_r03_d12,"0,2,9,11,25,29,30,31"
1000,8,1e-08,dense,2.4728780711652455e-07,0.0017210179793348082,-7.132330895687574,5959.7840909635615,997,2293.142401072562,-6.324329562384939e-14,1.2210178003720463e-08,0.1407180737148289,5,0.676,0.0,conf_cylinder_r03_d12,"5,6,8,15,22,23,28,31"
1000,8,1e-08,dense,1.1729831885862542e-06,0.0019703236125826386,-7.179693648201808,3017.78390450262,997,1802.2283534534445,1.4984453513793476e-13,1.2705225577967645e-08,0.13070069925006922,5,0.661,0.0,conf_cylinder_r03_d12,"5,6,10,15,18,19,22,30"
1000,8,1e-08,dense,9.041859223963423e-07,0.0016696949995335607,-7.143093926460837,3159.847115844482,997,2302.4233411682335,1.3666909791096056e-12,1.1730055900115679e-08,0.11380612674613345,5,0.364,0.0,conf_cylinder_r03_d12,"1,3,8,19,20,24,26,30"
1000,8,1e-08,dense,2.7511904767913358e-08,0.0014239197058125682,-7.0568558905891425,38140.48268265992,998,2684.1731914001243,5.3467276251635895e-12,1.0209753650012946e-08,0.11536562452491533,5,0.349,0.0,conf_cylinder_r03_d12,"0,1,4,5,9,26,29,31"
1000,8,1e-08,dense,1.4192767114474367e-08,0.0021560784839717117,-7.441831836578198,78644.81422654068,998,1658.6731416731145,-2.583089424050426e-13,1.1630647240765587e-08,0.15563838262461002,5,0.542,0.0,conf_cylinder_r03_d12,"4,10,12,15,18,19,20,29"
1000,8,1e-08,dense,2.0586950682002284e-08,0.0024073558624295374,-7.211297497697397,51477.54817416961,998,1567.8635070573878,-1.0835143461815362e-12,1.1045556021642197e-08,0.12874848628080102,5,0.606,0.0,conf_cylinder_r03_d12,"2,8,12,14,15,23,25,28"
1000,8,1e-08,dense,1.0276781541507617e-08,0.0016690542932282187,-7.198658476567828,100317.5641659058,998,2649.1871038827558,4.778040786553404e-13,9.601170509961411e-09,0.13732193193272185,5,0.628,0.0,conf_cylinder_r03_d12,"5,14,16,17,21,23,26,30"
1000,8,1e-08,dense,5.574692204645665e-08,0.0025339937101749774,-7.20845351237852,20324.902930502747,998,1352.6961682474703,9.298701350777173e-13,7.895529407133226e-09,0.12618941854740567,5,0.322,0.0,conf_cylinder_r03_d12,"1,4,5,12,14,15,29,30"
1000,8,1e-08,dense,9.183979404472061e-07,0.0020131120308559316,-7.318199571976637,4688.5168973069985,997,2180.738273352048,-1.1995967764374117e-12,1.327580218651327e-08,0.12291482002408101,5,0.769,0.0,conf_cylinder_r03_d12,"2,3,16,19,24,27,29,30"
1000,8,1e-08,dense,8.967557040217809e-07,0.0017054348783353552,-7.099088280224841,2770.888025463094,997,2349.137612591754,3.2092613292047198e-12,1.208936265434259e-08,0.16141515324477276,5,0.36,0.0,conf_cylinder_r03_d12,"0,1,15,18,22,23,28,29"
1000,8,1e-08,dense,1.6991183274350986e-08,0.0019639352120376964,-7.363462488475722,65293.07566253341,998,2344.305921048868,-1.5928346089835688e-13,8.456126779435276e-09,0.16754077176749765,5,0.561,0.0,conf_cylinder_r03_d12,"9,15,16,21,23,25,26,30"
1000,8,1e-08,dense,6.448839825815983e-08,0.0018833039682757133,-7.034861737016975,17122.026521603195,998,1619.644421578988,-2.574547937997694e-12,9.185780003384614e-09,0.1262738002951319,5,0.312,0.0,conf_cylinder_r03_d12,"0,1,2,4,16,20,22,28"
1000,8,1e-08,dense,1.4471691823803876e-08,0.0021252912251980417,-7.274039388627294,72605.1329900452,998,1673.0362669783626,1.2095177801152637e-12,9.236371957895715e-09,0.10167961510011148,5,0.551,0.0,conf_cylinder_r03_d12,"7,9,11,13,17,20,23,24"
1000,8,1e-08,dense,2.1849498148096476e-06,0.0017466134895169707,-7.099524187436075,2229.6165736148137,997,2238.4287770005194,2.9739362451916762e-12,9.171419599902897e-09,0.1476945250792412,5,0.339,0.0,conf_cylinder_r03_d12,"1,5,8,17,21,22,27,30"
1000,3,1e-08,dense,1.76058982286824e-06,0.0022095482187516535,-7.399014013211983,6586.41726937198,997,527.225444699408,-1.1397379289866515e-12,8.423747144255065e-09,0.09470440362399175,5,0.443,0.0,conf_cylinder_r06_d06,"4,6,29"
1000,3,1e-08,dense,6.237247926955207e-07,0.0020747428436929095,-7.207465477517122,4323.997390341418,997,877.091950261081,-6.347533113356857e-13,7.301332883513324e-09,0.0906861344477653,5,0.601,0.0,conf_cylinder_r06_d06,"17,21,27"
1000,3,1e-08,dense,1.1045914449456825e-08,0.015115427232966846,-9.059762161748203,345493.744675307,683,54.50509999105179,-1.9329258449802898e-16,3.990301717594017e-09,0.03959785043351775,5,0.485,0.0,conf_cylinder_r06_d06,"4,9,12"
1000,3,1e-08,dense,8.232213301576409e-07,0.001367722818256914,-7.021761161665969,2632.7963950475873,997,1412.2277333662728,1.5156957026439768e-12,9.733733379612143e-09,0.08628288137465906,5,0.656,0.0,conf_cylinder_r06_d06,"8,21,22"
1000,3,1e-08,dense,3.1604890308565247e-07,0.0024742128734895597,-7.221792583103417,5786.241026811979,997,660.4514904661658,-5.791420369935389e-13,7.466126411994267e-09,0.07652713261614523,5,0.579,0.0,conf_cylinder_r06_d06,"12,16,30"
1000,3,1e-08,dense,3.0500729255735554e-06,0.001289476528190146,-6.961447339405131,1475.5754726949754,997,1504.86266260834,7.36140679615958e-13,9.51472759848315e-09,0.03480360126601001,5,0.596,0.0,conf_cylinder_r06_d06,"0,13,17"
1000,3,1e-08,dense,2.627559995842641e-07,0.0015740156589115744,-7.174257636527659,6356.688105689907,997,768.0606476794928,2.287147788231471e-13,1.4540885545060494e-08,0.05017320124869039,5,0.591,0.0,conf_cylinder_r06_d06,"10,12,18"
1000,3,1e-08,dense,9.809765250465162e-08,0.0015307333050866621,-7.006518422396396,11541.830908635413,997,888.4695826305147,-1.9536199404269257e-13,1.1185634300291966e-08,0.07421045850935748,5,0.689,0.0,conf_cylinder_r06_d06,"8,15,25"
1000,3,1e-08,dense,2.668655777625136e-08,0.005728754874770185,-8.350636517568974,592904.2938374449,972,174.06136824385712,-8.283304597789322e-17,8.564054038616155e-09,0.055967826115284156,5,0.574,0.0,conf_cylinder_r06_d06,"7,12,15"
1000,3,1e-08,dense,1.0694770020479311e-07,0.0011427497022975202,-6.945366759411881,10471.05116894521,997,1105.3578179855049,1.3655298982084867e-13,1.4164068844513375e-08,0.07902092156380391,5,0.873,0.0,conf_cylinder_r06_d06,"0,11,27"
1000,3,1e-08,dense,1.7631751592631438e-07,0.0014345333999596505,-7.0505894894374075,7202.442532511182,997,1302.5104331841071,-2.1692830645171453e-12,9.606573845187286e-09,0.08159405595504915,5,0.715,0.0,conf_cylinder_r06_d06,"8,20,26"
1000,3,1e-08,dense,2.0444126375299466e-07,0.001229505200626317,-6.96207516581083,6054.050727317699,997,1286.1311827618915,-6.312715414044713e-13,1.1983127758801685e-08,0.06511473690421118,5,0.706,0.0,conf_cylinder_r06_d06,"0,18,20"
1000,3,1e-08,dense,5.869079881260581e-08,0.0013304009607460361,-7.005431751898293,18473.948997206506,997,1250.7763743290789,1.7010864244166476e-12,1.4696071243211335e-08,0.033816834626214556,5,1.0,0.0,conf_cylinder_r06_d06,"3,8,10"
1000,3,1e-08,dense,1.2637007234367919e-06,0.0017518854128981086,-7.133871076475791,2911.928196801732,996,537.1265392635306,4.913152611776767e-14,1.2365786323286525e-08,0.05631764840561365,5,0.296,0.0,conf_cylinder_r06_d06,"1,14,16"
1000,3,1e-08,dense,1.8987053466385842e-07,0.001355847310608595,-7.019804907958204,6697.889800777377,997,1192.9450054846511,-2.4425067163680675e-13,1.201174555408438e-08,0.0503248779561407,5,0.834,0.0,conf_cylinder_r06_d06,"6,8,18"
1000,3,1e-08,dense,3.847521982644376e-06,0.0022041484795326844,-7.401499927908764,5830.266400547261,997,435.6319595979805,-1.0597600282381116e-13,1.2116750529906682e-08,0.05203113860153473,5,0.477,0.0,conf_cylinder_r06_d06,"2,4,24"
1000,3,1e-08,dense,1.806834253757534e-08,0.002008341765522335,-7.418990822714249,64532.3106031375,997,849.8166426726593,6.748131865531967e-13,8.909992450284006e-09,0.08616025341120853,5,0.719,0.0,conf_cylinder_r06_d06,"7,23,26"
1000,3,1e-08,dense,1.2299427622604607e-08,0.013358983356951081,-9.250979154602312,1574872.8496336672,821,48.07176987208754,-1.1744049526266065e-11,5.902855951338389e-09,0.04221478880030495,5,0.306,0.0,conf_cylinder_r06_d06,"1,7,9"
1000,3,1e-08,dense,5.43990795738824e-08,0.0021385111491879502,-7.245964328082251,21458.5988075469,997,897.0398873386811,-3.26207022847343e-13,8.870797616463679e-09,0.10875789878688186,5,0.807,0.0,conf_cylinder_r06_d06,"16,23,30"
1000,3,1e-08,dense,1.0925827381498236e-06,0.0035065639182506308,-7.684770709063977,14939.349905488521,996,368.94674140497517,2.066268009143069e-12,9.770541145355095e-09,0.09387446651061138,5,0.717,0.0,conf_cylinder_r06_d06,"7,11,27"
1000,3,1e-08,dense,6.536905296274831e-08,0.001262475403660407,-6.974716787204713,16558.219121830327,997,1326.2483433814014,5.661902194388817e-13,1.18665095870976e-08,0.08090823097669586,5,0.679,0.0,conf_cylinder_r06_d06,"5,8,25"
1000,3,1e-08,dense,2.5231126019161592e-08,0.0017774349654594397,-7.223941705877146,42692.240586296466,997,972.3430511084731,-5.029521649428098e-13,9.121383150601453e-09,0.07266852688040445,5,0.658,0.0,conf_cylinder_r06_d06,"14,21,23"
1000,3,1e-08,dense,2.7924517567539615e-08,0.001459745457725874,-7.05263399036006,37417.42327041005,997,1311.8630939657687,5.051483051324897e-13,1.1324003099172431e-08,0.061712282031740555,5,0.988,0.0,conf_cylinder_r06_d06,"8,10,31"
1000,3,1e-08,dense,1.972369361061513e-07,0.0013752153484446097,-7.013394725763356,6437.37597006248,997,976.9182428346994,4.838954359615755e-13,1.5840490533196314e-08,0.07034622070542036,5,0.875,0.0,conf_cylinder_r06_d06,"5,10,27"
1000,3,1e-08,dense,1.0059419358400322e-08,0.00989263374401532,-8.972026709715857,3069357.6048266543,795,116.72271353703167,-1.0231491197320046e-12,5.273257152254716e-09,0.06216826753574411,5,0.486,0.0,conf_cylinder_r06_d06,"7,9,22"
1000,3,1e-08,dense,2.619900210802422e-06,0.001303944771746211,-7.0099306487068915,1740.303061898591,996,789.6666549462695,-1.3584392842280484e-13,1.1169347450797989e-08,0.06086995575823514,5,0.367,0.0,conf_cylinder_r06_d06,"1,13,14"
1000,3,1e-08,dense,2.0454753146270815e-08,0.009587717648738383,-8.516430978500095,2199943.5255909213,720,79.10411208405984,-2.5857524684005427e-16,7.477519161753162e-09,0.05866403390945972,5,0.313,0.0,conf_cylinder_r06_d06,"1,7,14"
1000,3,1e-08,dense,3.849255157741085e-06,0.0015478408936715471,-7.1015690401796,2040.8003126209949,997,876.7835352767178,-6.584749015257911e-13,1.211299955254836e-08,0.04978302084370813,5,0.554,0.0,conf_cylinder_r06_d06,"3,12,26"
1000,3,1e-08,dense,1.6932448746479388e-07,0.002045585228533075,-7.045821409188543,7355.713967739131,997,440.00909815137857,6.339742099640251e-13,1.671168591930536e-08,0.059527044111308595,5,0.659,0.0,conf_cylinder_r06_d06,"2,3,22"
1000,3,1e-08,dense,1.5656935878120105e-07,0.0013460142288690773,-7.00992394481212,7796.948342383845,997,1400.5966007940015,9.300421519271566e-14,1.01795462378458e-08,0.08526935996173253,5,0.721,0.0,conf_cylinder_r06_d06,"7,8,21"
1000,5,1e-08,dense,1.972937281118361e-07,0.0019443310575123468,-7.391312986664218,14937.573578483,997,1580.2991599982274,1.840093905215016e-12,9.015683319836576e-09,0.19347075184695228,5,0.85,0.0,conf_cylinder_r06_d06,"2,6,26,29,31"
1000,5,1e-08,dense,1.9829374073976782e-07,0.0020155497623240543,-7.350359536537076,10666.598844765622,997,1851.1386311658032,2.5356688353367724e-12,8.364579837467486e-09,0.18140637108586571,5,0.787,0.0,conf_cylinder_r06_d06,"10,26,29,30,31"
1000,5,1e-08,dense,4.607375617860735e-07,0.0013838139262079938,-7.005603898933163,3485.5920179382897,997,1869.954227602487,1.5545227330760737e-15,1.1814603638505973e-08,0.14405573019064585,5,0.68,0.0,conf_cylinder_r06_d06,"5,8,24,25,27"
1000,5,1e-08,dense,6.264952425630045e-08,0.0013467276242277813,-7.0141974555656175,17352.033171710646,997,1330.9964538677993,3.5141446880855955e-12,1.4423465627565057e-08,0.08709994817416614,5,0.326,0.0,conf_cylinder_r06_d06,"1,3,8,20,23"
1000,5,1e-08,dense,5.118513716455508e-07,0.0034548410495688804,-7.58529579490955,33447.88430486995,996,701.4539988711583,-4.688408700329956e-12,6.245228132383215e-09,0.21675981369879518,5,0.317,0.0,conf_cylinder_r06_d06,"1,6,20,25,29"
1000,5,1e-08,dense,2.0171771769803845e-06,0.0017249238556307851,-7.238146366748471,3634.2780748233554,997,1589.7269272232204,-1.8766432246584667e-12,9.878202395671476e-09,0.09271038665981393,5,0.488,0.0,conf_cylinder_r06_d06,"4,10,19,21,29"
1000,5,1e-08,dense,8.41620213217601e-07,0.0019484170323143136,-7.080385394469221,2874.3817660458385,997,1401.9442702467104,2.1127486926188888e-12,8.844780021359731e-09,0.14840879437482124,5,0.616,0.0,conf_cylinder_r06_d06,"10,13,17,27,30"
1000,5,1e-08,dense,1.3495928142733328e-07,0.0015971823362271565,-7.121380710612917,9346.084059727475,997,1769.6556464640805,-1.03683077112887e-12,9.390503969810752e-09,0.15445288961193687,5,0.315,0.0,conf_cylinder_r06_d06,"1,13,16,27,31"
1000,5,1e-08,dense,1.2495804879919475e-06,0.0018095579138908172,-7.046888103300358,2278.2205311620164,997,1207.5059484807962,7.637018716390791e-13,1.0264683901892733e-08,0.1369465918532322,5,0.581,0.0,conf_cylinder_r06_d06,"8,10,12,20,27"
1000,5,1e-08,dense,7.870255823938503e-07,0.0012402262772031713,-6.959704080450561,2422.3427848510023,997,2504.3770673261333,7.1339496282286856e-12,1.122538658940067e-08,0.08787118184953449,5,0.682,0.0,conf_cylinder_r06_d06,"0,5,13,24,25"
1000,5,1e-08,dense,3.9967709074200554e-07,0.001392961706381903,-6.993772265444852,3741.66453030711,997,1685.0727922041692,-1.0011188614519925e-12,1.1023009325510915e-08,0.13942646327777736,5,0.714,0.0,conf_cylinder_r06_d06,"0,7,20,23,26"
1000,5,1e-08,dense,7.118942395191226e-07,0.0038472170404308653,-7.627551367326054,14898.612496860076,997,627.9978235701653,4.4100362271880316e-12,7.340712374481718e-09,0.18729341886514778,5,0.316,0.0,conf_cylinder_r06_d06,"1,2,22,24,30"
1000,5,1e-08,dense,1.2068901940247702e-08,0.0018053081102619153,-7.174795688068513,85625.14576699167,998,1351.8846062494451,-9.204122883066471e-13,1.1767769739299188e-08,0.09531518778636183,5,0.579,0.0,conf_cylinder_r06_d06,"3,12,18,19,31"
1000,5,1e-08,dense,2.161777815584407e-06,0.001411952449265917,-6.953195016774322,1577.1957320694914,997,1197.40506854632,9.049482567373468e-14,1.2642954398033098e-08,0.09895811665565746,5,0.542,0.0,conf_cylinder_r06_d06,"0,6,12,15,23"
1000,5,1e-08,dense,8.452083337409543e-08,0.00135006393570132,-7.007169684077136,13228.147297963755,997,2179.403933528358,1.772718782613273e-13,1.168980780000073e-08,0.0801485850943497,5,0.323,0.0,conf_cylinder_r06_d06,"1,5,8,10,21"
1000,5,1e-08,dense,1.6240460291145787e-07,0.0013320317209024302,-7.003203354710792,7488.960510086394,997,2422.6271339365962,-3.084140671722139e-12,1.0831595530626154e-08,0.10140325912675036,5,0.732,0.0,conf_cylinder_r06_d06,"5,8,13,20,31"
1000,5,1e-08,dense,2.9947854832914155e-07,0.0035819600091015536,-7.661929720616583,30283.150034337326,996,857.3582765235426,2.1048565840407844e-13,6.0460403221866785e-09,0.1482021226514466,5,0.682,0.0,conf_cylinder_r06_d06,"6,20,22,29,30"
1000,5,1e-08,dense,1.923098020865133e-06,0.002903291762998748,-7.390409738457265,4582.959233912608,997,897.0722995366345,1.2431160974643426e-13,8.576784654559257e-09,0.12799597584154476,5,0.575,0.0,conf_cylinder_r06_d06,"2,10,17,30,31"
1000,5,1e-08,dense,6.071099429210213e-08,0.0024776831164933766,-7.320232711985881,20717.901299005527,997,784.2157339237348,-9.095792007186688e-14,1.1695235336798955e-08,0.09095672088316989,5,0.692,0.0,conf_cylinder_r06_d06,"2,6,15,18,25"
1000,5,1e-08,dense,1.0869965873641409e-06,0.0011987870819412138,-6.959185066022638,2080.476455673668,997,1664.4110176007707,-3.111338749071485e-13,1.1728903738897225e-08,0.12043396200314016,5,0.656,0.0,conf_cylinder_r06_d06,"0,6,13,20,22"
1000,5,1e-08,dense,3.9451372036572024e-07,0.0014573871175235383,-7.062572597744225,4113.597427776323,997,1667.4593659252464,3.9426001773486096e-12,1.039795327490889e-08,0.11869394277985658,5,0.653,0.0,conf_cylinder_r06_d06,"7,8,14,21,23"
1000,5,1e-08,dense,1.5370642835044644e-06,0.003481145762545108,-7.547128186874742,9805.288570354513,997,635.520685482383,-1.0157953750904732e-12,8.063192389019693e-09,0.12804796299591015,5,0.555,0.0,conf_cylinder_r06_d06,"11,12,14,17,24"
1000,5,1e-08,dense,7.324231085391762e-07,0.0025677625474481054,-7.351914545917129,5660.9781430676185,997,972.1867651937032,-1.729160701061495e-12,8.639264629803295e-09,0.18022122589980138,5,0.681,0.0,conf_cylinder_r06_d06,"7,10,20,22,29"
1000,5,1e-08,dense,2.753057420790716e-07,0.0013110972488814948,-7.001276490654547,4971.368356408115,997,1896.913170386225,-3.4428978792457644e-12,1.2079620942755008e-08,0.09729563739834698,5,0.296,0.0,conf_cylinder_r06_d06,"1,5,8,16,27"
1000,5,1e-08,dense,3.705752562117529e-07,0.0023741971145632996,-7.101336465989406,4306.005048693362,997,1159.8396287427795,-1.3414188574199593e-13,9.328261529942054e-09,0.16774942955150354,5,0.682,0.0,conf_cylinder_r06_d06,"5,11,25,27,28"
1000,5,1e-08,dense,1.9333141572295914e-06,0.0013126286522046435,-7.010613263937946,1864.460044521034,997,1739.9737581262107,6.332837759090807e-13,1.0951157710728163e-08,0.11184165529667567,5,0.525,0.0,conf_cylinder_r06_d06,"8,9,13,17,23"
1000,5,1e-08,dense,3.3288142620165964e-06,0.001230630333957706,-6.9587738228210645,1433.3332660555934,997,1268.2440639496097,3.0234129476911786e-13,1.4780908353335629e-08,0.07618681316243603,5,0.504,0.0,conf_cylinder_r06_d06,"0,4,6,15,24"
1000,5,1e-08,dense,1.1091863291506973e-06,0.0021745699313321467,-7.0622904893911205,2382.8309996473927,997,1080.1701534690826,9.77093012444572e-13,8.690474427010547e-09,0.12488104214619342,5,0.496,0.0,conf_cylinder_r06_d06,"8,9,15,22,28"
1000,5,1e-08,dense,2.8926377499899055e-06,0.0017957076099929267,-6.952713129175833,1454.3938678708166,997,1157.9585071322483,4.4043896701069413e-13,8.520292693867545e-09,0.1024644136672563,5,0.311,0.0,conf_cylinder_r06_d06,"0,1,17,23,25"
1000,5,1e-08,dense,2.216414199502514e-06,0.0014409002777621381,-7.047641730629579,2006.3812648877167,997,1386.2415592059506,-1.4515389896093773e-13,1.1749856216215647e-08,0.07275206879885054,5,0.299,0.0,conf_cylinder_r06_d06,"1,4,11,13,16"
1000,8,1e-08,dense,1.2275443085884396e-08,0.0014814645596593673,-7.003131004686871,83420.85820294112,998,2510.3869219651524,-2.2240268291489045e-12,1.076189306977722e-08,0.20570185460244694,5,0.562,0.0,conf_cylinder_r06_d06,"0,8,12,15,18,19,28,30"
1000,8,1e-08,dense,1.2776041667302025e-08,0.0011996786929086801,-6.972681635105022,79934.94452868387,998,2441.6912646219107,1.8313918448169774e-12,1.4501309470175625e-08,0.16725806193375525,5,0.569,0.0,conf_cylinder_r06_d06,"0,3,8,10,12,17,23,25"
1000,8,1e-08,dense,4.093521938499105e-08,0.0015727301048724567,-6.985649023274919,25903.9031743416,998,2136.8413841598867,1.4828249488600928e-12,9.674042441225427e-09,0.19677185880348774,5,0.487,0.0,conf_cylinder_r06_d06,"0,4,5,7,17,22,26,30"
1000,8,1e-08,dense,1.5567266598333458e-08,0.002638540894247664,-7.331338907008548,68589.39200494015,998,1617.104065607498,2.2005615904950374e-12,7.998711767264223e-09,0.2628169892562601,5,0.47,0.0,conf_cylinder_r06_d06,"4,7,11,16,25,27,29,30"
1000,8,1e-08,dense,2.5489992977435704e-08,0.0014946703814166739,-7.089077261286879,41239.998597627695,998,1922.7825604994994,1.0079131702074398e-12,1.2219392869610828e-08,0.20713670927684946,5,0.468,0.0,conf_cylinder_r06_d06,"2,4,5,6,12,14,21,29"
1000,8,1e-08,dense,2.929833958163769e-07,0.0024945946286573065,-7.347002932208962,7801.797321584942,997,1866.7133933954583,5.602975190771924e-13,8.05124254840173e-09,0.3465107924261994,5,0.7,0.0,conf_cylinder_r06_d06,"6,15,16,22,23,26,28,30"
1000,8,1e-08,dense,4.6026507529722355e-07,0.0022652984869256905,-7.271645924661837,4979.656034572303,997,2047.649303105041,8.147183983961523e-13,8.809984249451578e-09,0.26759388793257344,5,0.68,0.0,conf_cylinder_r06_d06,"3,14,19,20,24,26,27,31"
1000,8,1e-08,dense,1.6462874661452657e-08,0.0013066564095515771,-6.996875682522657,62608.86689497138,998,2741.5303439448076,3.4500756783678934e-12,1.3190294495422398e-08,0.2156282229912168,5,0.458,0.0,conf_cylinder_r06_d06,"0,2,4,5,11,18,26,30"
1000,8,1e-08,dense,3.481510387484784e-08,0.0013558721288533153,-6.994268458698697,30316.940091297973,998,2307.425421316058,2.193918928840044e-12,1.1150331318070035e-08,0.15047249937948284,5,0.481,0.0,conf_cylinder_r06_d06,"0,4,7,8,9,22,24,31"
1000,8,1e-08,dense,1.1131704137433575e-06,0.0014765228840494804,-7.0601300732241,2464.8302896463774,997,3179.9350951514093,5.807918700857763e-13,9.39202022013775e-09,0.2548149318901738,5,0.465,0.0,conf_cylinder_r06_d06,"8,9,13,18,19,21,25,31"
1000,8,1e-08,dense,1.284591657737176e-06,0.0023350540283300593,-7.382893054519545,6310.44804045225,997,1985.5967326891732,9.00698562429653e-13,8.17992456600448e-09,0.33947126406431755,5,0.599,0.0,conf_cylinder_r06_d06,"6,10,17,24,25,26,28,29"
1000,8,1e-08,dense,1.6083373932161733e-08,0.0013594850012619102,-7.041107435528957,64327.85682802115,998,2483.4669324676333,-1.6499082460102486e-13,1.2100705986317279e-08,0.1409582641384833,5,0.487,0.0,conf_cylinder_r06_d06,"4,8,9,10,13,16,20,28"
1000,8,1e-08,dense,2.4374492621792444e-06,0.002179522602572091,-7.125625264390529,2188.220286882897,997,1671.5293876004803,-7.252055614641692e-14,9.690697032334346e-09,0.17199812075139262,5,0.317,0.0,conf_cylinder_r06_d06,"1,8,11,17,20,22,23,24"
1000,8,1e-08,dense,2.0514347520581236e-06,0.0017288053458895945,-7.112721304042562,2293.478401335712,997,2277.2842177247667,1.5533762670248555e-12,1.0563899114556482e-08,0.1833405162888807,5,0.568,0.0,conf_cylinder_r06_d06,"2,5,12,20,21,23,25,29"
1000,8,1e-08,dense,1.2898173299644314e-08,0.001686894350009774,-7.148740198582265,80304.85989330456,998,2060.1563698752643,-8.603552099169658e-13,1.2103777983358639e-08,0.1737492921559655,5,0.562,0.0,conf_cylinder_r06_d06,"3,6,10,12,16,18,22,31"
1000,8,1e-08,dense,4.750950522861166e-08,0.0017792960549916856,-7.00011862330046,22549.85329316612,998,1993.820648479633,-3.2964438979376156e-12,9.921847339398974e-09,0.21394139636688675,5,0.498,0.0,conf_cylinder_r06_d06,"0,3,4,16,17,20,28,30"
1000,8,1e-08,dense,3.0792905400217335e-06,0.0017226010954994927,-7.13926278555823,2346.3281166207,997,1790.4520661903857,-3.2913148726437704e-12,1.0606837869487526e-08,0.16493969745208448,5,0.304,0.0,conf_cylinder_r06_d06,"1,4,9,10,13,14,24,31"
1000,8,1e-08,dense,4.94989036553788e-07,0.001670797054829635,-7.063786274457802,3532.0767766454164,997,2372.2484177482474,-6.42668208108155e-12,9.651447441277997e-09,0.22775813104149906,5,0.294,0.0,conf_cylinder_r06_d06,"1,5,8,14,22,27,29,31"
1000,8,1e-08,dense,4.4036376153271013e-07,0.0018740115407895116,-7.180370859679456,4859.830891605119,997,2027.6409502637562,4.874795149821031e-12,9.494943960759515e-09,0.17090269636286512,5,0.33,0.0,conf_cylinder_r06_d06,"1,16,17,18,19,20,21,22"
1000,8,1e-08,dense,1.070361557956037e-06,0.0013109283261446545,-6.997465167767694,2221.947130224492,997,2742.5562002137485,-9.467471934631219e-12,1.2560441030799484e-08,0.16989373074947695,5,0.332,0.0,conf_cylinder_r06_d06,"0,1,2,10,13,21,22,28"
1000,8,1e-08,dense,8.23926476213505e-07,0.002344847366174884,-7.339722204654329,5288.475851321765,997,1895.1467869891176,1.1470770695716195e-12,8.377754452943586e-09,0.2558324878180327,5,0.599,0.0,conf_cylinder_r06_d06,"2,15,17,19,21,26,27,30"
1000,8,1e-08,dense,2.349492072775543e-08,0.001470874797841948,-7.027497731883237,44310.56285203877,998,1451.9791798404394,8.540046931781168e-13,1.5054096427832806e-08,0.1412386426178979,5,0.451,0.0,conf_cylinder_r06_d06,"4,5,6,7,9,10,14,16"
1000,8,1e-08,dense,2.5015664942531397e-06,0.0018601474007954822,-7.006363840827922,1672.290809899938,997,1765.9394075864645,-1.7232172606258055e-12,9.180135494684124e-09,0.25846052692754196,5,0.305,0.0,conf_cylinder_r06_d06,"0,1,7,10,12,20,29,30"
1000,8,1e-08,dense,6.528963576810585e-07,0.0020097763676599385,-7.256822076793383,4991.9393541511345,997,1739.2923952129645,5.7605047924307944e-12,9.520045378760487e-09,0.16256088708307104,5,0.339,0.0,conf_cylinder_r06_d06,"1,9,11,14,18,21,23,25"
1000,8,1e-08,dense,1.3109935904184663e-06,0.0013153946542238857,-7.007815955351633,2111.6969456459365,997,2748.4171097979174,-1.6483154699498247e-12,1.27766352140642e-08,0.16890676567272678,5,0.567,0.0,conf_cylinder_r06_d06,"5,6,8,10,12,13,24,25"
1000,8,1e-08,dense,1.8591240944412247e-08,0.001601205757454705,-7.023220015974184,55707.80590690909,998,2621.3346702890817,-4.5462357049566445e-12,8.910176061130756e-09,0.18989263999948347,5,0.52,0.0,conf_cylinder_r06_d06,"0,9,13,15,25,26,28,30"
1000,8,1e-08,dense,3.547991835052092e-07,0.0018232018992211329,-7.101182703809729,4552.13809408445,997,1897.1940231193767,-2.550652160613554e-14,1.126949655574003e-08,0.218256510196296,5,0.681,0.0,conf_cylinder_r06_d06,"2,7,8,14,18,19,23,30"
1000,8,1e-08,dense,1.2858586473506606e-08,0.0013343501116869542,-7.020694044961991,79840.37423017892,998,2244.6414035862495,2.7976831371478974e-12,1.4417378286011832e-08,0.15995132436020731,5,0.494,0.0,conf_cylinder_r06_d06,"3,5,9,10,13,17,19,27"
1000,8,1e-08,dense,1.3671168470585378e-06,0.0016022859472675022,-7.049893218887153,2241.838283716849,997,2278.3846915272943,-3.886939831479695e-12,9.356413876274517e-09,0.2684453313968251,5,0.329,0.0,conf_cylinder_r06_d06,"1,8,9,13,15,22,29,30"
1000,8,1e-08,dense,2.560131321101017e-08,0.0013354778388268698,-7.013504297167556,40777.82172526469,998,3028.1913277525496,9.700833298554595e-14,1.0751381465298199e-08,0.1375821581344447,5,0.485,0.0,conf_cylinder_r06_d06,"0,4,7,9,10,13,21,26"
1000,3,1e-08,dense,1.1679524611679838e-07,0.004292632613855908,-7.836510521527776,38704.11485845297,996,408.9740454464653,-7.318167565200134e-14,6.674174461482577e-14,0.06555201777796968,9,0.489,0.0,conf_egg,"4,17,31"
1000,3,1e-08,dense,2.2485562986203994e-08,0.002996352398134975,-7.7376092259168825,208320.27217850907,990,795.5007204814481,-1.6588062192243753e-13,8.374693605660897e-14,0.09286149325380563,9,0.746,0.0,conf_egg,"24,30,31"
1000,3,1e-08,dense,3.5596265185201186e-07,0.0016135324314510181,-7.164206495621846,7174.317681767166,999,729.8443990648775,-3.1439396442137224e-14,1.333789059228916e-13,0.04367112265975358,9,0.541,0.0,conf_egg,"2,9,21"
1000,3,1e-08,dense,1.0506055845684452e-08,0.005828326916859108,-8.152915010831682,352529.05322177993,947,402.55149167852665,-3.208075515980261e-16,3.7015606914987804e-14,0.1077786233936328,9,0.72,0.0,conf_egg,"2,20,28"
1000,3,1e-08,dense,6.307794845894215e-08,0.0027533115005858966,-7.456421493453695,39901.940197395714,999,667.2639210429115,3.0936020573911714e-13,1.904580454289978e-13,0.06864104161092828,9,0.744,0.0,conf_egg,"2,20,29"
1000,3,1e-08,dense,6.4244884346111e-07,0.0019194608580209928,-7.152503858728395,5627.46698057288,999,816.781872345266,-2.0061227115929257e-13,1.4175957118392314e-13,0.05737309968331551,9,0.758,0.0,conf_egg,"6,10,16"
1000,3,1e-08,dense,2.6848812610902724e-07,0.0021011905045806253,-7.267763226282439,10904.439375858115,999,805.7029140158822,-7.715627351704158e-14,1.1123063532469436e-13,0.05312806735204995,9,0.657,0.0,conf_egg,"3,7,29"
1000,3,1e-08,dense,1.2776001548114648e-07,0.00202930835403842,-7.244867321639107,19952.85460079311,999,1090.1774416227759,-4.361255822628307e-13,2.304936410314409e-13,0.08818833457796735,9,0.753,0.0,conf_egg,"6,16,21"
1000,3,1e-08,dense,5.725405086844813e-08,0.002378764919519198,-7.333634555233367,32963.55934404882,999,907.1662223419501,4.165655247503376e-13,3.1003679913590663e-13,0.0763236688977536,9,0.864,0.0,conf_egg,"16,23,28"
1000,3,1e-08,dense,3.551566519981445e-07,0.001997004650195725,-7.119276282818796,6493.988549535878,999,935.9132486168829,4.969601119508837e-13,2.8332998718581875e-13,0.061110575011855156,9,0.586,0.0,conf_egg,"3,8,12"
1000,3,1e-08,dense,1.7205463452591964e-08,0.0036744753062740725,-7.597560343961435,124952.00572778011,993,674.5104875760745,-2.9764454847032144e-13,1.4921027089829903e-13,0.09124302468026614,9,0.832,0.0,conf_egg,"3,19,27"
1000,3,1e-08,dense,2.2748757454615795e-07,0.0020905249312611024,-7.283456902670198,11655.472663134813,999,863.0593968619407,-2.4093262649717284e-13,1.757205177343364e-13,0.07101969564651067,9,0.689,0.0,conf_egg,"11,21,25"
1000,3,1e-08,dense,2.3285170003520968e-08,0.0047492340580496464,-7.931351141892435,252304.86452019028,969,408.05087191859974,-1.753062885604119e-13,1.0316508636197003e-13,0.0726664138874718,9,0.706,0.0,conf_egg,"6,11,25"
1000,3,1e-08,dense,2.0960240419437927e-07,0.0018245900736340386,-7.129432214619066,8967.240318441103,999,966.5134298145771,-4.645511202821563e-13,3.241397093439862e-13,0.05143690708066506,9,0.899,0.0,conf_egg,"5,19,23"
1000,3,1e-08,dense,1.486851829233313e-07,0.0017113457569717255,-7.139149498051585,12585.222968536227,999,1133.9541813077647,-1.3086598048706738e-13,1.37052098108151e-13,0.04885939584994682,9,0.891,0.0,conf_egg,"5,19,26"
1000,3,1e-08,dense,1.5467174737035417e-08,0.002386439058882859,-7.325599819261316,100487.6224756097,999,1032.2065027121378,-5.269754867664924e-13,2.67047627295124e-13,0.08783453807449036,9,0.885,0.0,conf_egg,"21,23,28"
1000,3,1e-08,dense,2.7825571608479865e-08,0.004796244516808648,-7.977558867512465,187995.01857312093,983,348.7539754602518,-2.1685944155187183e-13,1.6250892418318597e-13,0.05773148738854674,9,0.553,0.0,conf_egg,"9,17,23"
1000,3,1e-08,dense,5.829738233756751e-08,0.0017925216801946405,-7.11823051493924,38978.005034496055,999,1381.5082704906288,3.7115421819928704e-14,4.572233061660374e-14,0.06720227864941983,9,0.994,0.0,conf_egg,"3,13,16"
1000,3,1e-08,dense,1.1613214970859976e-08,0.006356537942184726,-8.247119842962293,479885.50546600024,911,328.73667092630734,-9.261597670285892e-14,7.458221613689031e-14,0.08005898690823572,9,0.695,0.0,conf_egg,"15,20,22"
1000,3,1e-08,dense,1.9593877131715202e-08,0.003566994925240792,-7.6541369911474915,108056.55109658252,986,476.81014643475777,-7.33013149036466e-14,9.122723030378092e-14,0.07874488471945651,9,0.676,0.0,conf_egg,"6,7,24"
1000,3,1e-08,dense,1.0537708397851525e-06,0.0016272507158658447,-7.056851651611767,3164.5049187725267,999,668.7633531336481,-2.439138978684377e-13,2.8441745286262755e-13,0.053454720662419096,9,0.602,0.0,conf_egg,"3,10,17"
1000,3,1e-08,dense,1.7355895921290968e-07,0.0017437199316087696,-7.1992712521570565,11461.648675037908,999,1055.3209912920463,-1.4215026860687e-13,1.1013447284663134e-13,0.05399868407168734,9,0.858,0.0,conf_egg,"3,21,28"
1000,3,1e-08,dense,1.0115793584384608e-08,0.009971741131511627,-8.66131203811247,688202.7705244407,794,179.76731927478392,-3.405318794919561e-16,7.833261346724578e-14,0.0719666958431189,9,0.509,0.0,conf_egg,"1,14,22"
1000,3,1e-08,dense,1.1512718488859627e-07,0.0016878919308870837,-7.141447788467556,15382.70111657049,999,1211.4702473168254,1.205526040524616e-12,6.244678614851852e-13,0.04993874699589872,9,0.858,0.0,conf_egg,"13,16,28"
1000,3,1e-08,dense,3.5132270480107025e-07,0.0015297697206457007,-7.02270433540381,6387.8254209023125,999,1093.9373440864,-1.7008126072315742e-14,5.385940974468644e-14,0.03711510310568636,9,0.484,0.0,conf_egg,"0,4,26"
1000,3,1e-08,dense,1.8425194824732168e-07,0.0018216219937981603,-7.16990602094052,11157.008134960879,999,1073.6564797488772,3.1575690396097545e-13,1.9022380327586077e-13,0.04743465658932001,9,0.604,0.0,conf_egg,"13,17,18"
1000,3,1e-08,dense,1.1225367232095622e-07,0.0034477701274709693,-7.449939550676858,29552.22780683665,993,448.23701173088523,-1.8828215833620824e-13,1.4079912758419836e-13,0.06285959518045052,9,0.581,0.0,conf_egg,"3,17,22"
1000,3,1e-08,dense,1.6172444894735467e-08,0.0067047009199007815,-8.253482763326218,411633.1330120128,882,419.6568012825329,-5.49699659914938e-16,1.0385711699209394e-13,0.10304953844000794,9,0.719,0.0,conf_egg,"15,20,28"
1000,3,1e-08,dense,1.415893674180103e-08,0.0044529095213608596,-8.025772309247007,354720.84588816954,971,563.3693069893895,-2.3093496736708122e-14,7.70469224488841e-14,0.08449786971442419,9,0.734,0.0,conf_egg,"20,30,31"
1000,3,1e-08,dense,4.0539717112885306e-07,0.0018236388235147024,-7.112247851455823,5720.39494738856,999,749.531720236064,1.7682444321698992e-13,1.831441137517659e-13,0.0475080334165299,9,0.522,0.0,conf_egg,"2,9,13"
1000,5,1e-08,dense,4.4714553528433555e-07,0.002115884378272002,-7.321087652460166,8206.9969862394,999,1244.3186893343582,-4.680934967708685e-14,4.743739703293338e-14,0.11418545705780483,9,0.673,0.0,conf_egg,"2,7,19,21,31"
1000,5,1e-08,dense,7.26085234737237e-07,0.0019723270219587606,-7.141021899226679,4784.486232670948,999,1294.7421582474017,3.5541190843369147e-13,1.9002590915841475e-13,0.08249326972817422,9,0.691,0.0,conf_egg,"7,8,11,20,31"
1000,5,1e-08,dense,1.4090164260068644e-06,0.0014741103441515315,-7.052067837978653,2996.4270216595833,999,1112.294288821835,-1.1331347032993944e-13,1.2709715089264938e-13,0.07157899331428377,9,0.573,0.0,conf_egg,"5,6,7,12,16"
1000,5,1e-08,dense,7.323361583794002e-07,0.002025367938115438,-7.075969099058099,3805.5285902053924,999,1307.826769584298,-2.3844836695430275e-13,9.77855167952097e-14,0.08053500911805797,9,0.57,0.0,conf_egg,"2,3,8,11,12"
1000,5,1e-08,dense,4.1683215958755314e-07,0.0015107078907690495,-7.047233746875128,5462.7441238825495,999,1838.717785861054,1.1114588795765185e-13,6.048063856016624e-14,0.07203636590893589,9,0.578,0.0,conf_egg,"5,8,12,21,27"
1000,5,1e-08,dense,1.5721345935628354e-07,0.0023502869571976454,-7.4027642726465706,17225.385844424793,999,1560.7676464991387,2.3407133419251705e-13,7.986684395061692e-14,0.1459569734530806,9,0.698,0.0,conf_egg,"21,22,23,26,28"
1000,5,1e-08,dense,6.13636768185983e-07,0.001999471284232835,-7.131698852284722,4635.778136298471,999,1171.6556119982738,1.203843204592922e-13,7.683691206113209e-14,0.0832451527380245,9,0.491,0.0,conf_egg,"4,5,17,19,29"
1000,5,1e-08,dense,6.386862215495588e-08,0.0041923324483924196,-7.510651625686888,37690.29573551081,997,681.7264625551167,-1.7866428602281983e-13,8.351728104058943e-14,0.11835922569078483,9,0.467,0.0,conf_egg,"1,10,14,19,30"
1000,5,1e-08,dense,3.5437351031809914e-07,0.0015587088743067505,-7.044537768302871,6151.879855152108,999,1857.2389129936446,-3.810122447139321e-13,1.6900464269554007e-13,0.07966599896550688,9,0.482,0.0,conf_egg,"0,1,8,24,31"
1000,5,1e-08,dense,3.7318233976372765e-07,0.0015873379779114388,-7.082556234186586,6954.43340127837,999,2055.258372700578,3.244863958692251e-14,5.768032096772877e-14,0.09067547874056017,9,0.888,0.0,conf_egg,"3,5,19,21,26"
1000,5,1e-08,dense,9.273188621769969e-07,0.0016457552828106651,-7.021698737054198,3601.768228305625,999,1599.3907910613725,-2.8208395356193726e-13,1.1659350008352574e-13,0.07483064665291622,9,0.529,0.0,conf_egg,"0,3,7,8,9"
1000,5,1e-08,dense,2.557818221552544e-07,0.0014934071426177702,-7.021769279322026,7419.045089911227,999,1993.7203390037034,-5.556084631546006e-13,2.0592323711777596e-13,0.06204566682144126,9,0.58,0.0,conf_egg,"0,8,12,13,27"
1000,5,1e-08,dense,5.065062221951391e-07,0.0018484647158132446,-7.158718584490527,6022.389033742834,999,1433.502149279008,-7.977897868997826e-13,3.2231563680345474e-13,0.11243324116542572,9,0.685,0.0,conf_egg,"5,18,22,24,25"
1000,5,1e-08,dense,5.911797280856232e-07,0.0037007213884125796,-7.424176905878965,8826.044790109187,999,732.6418815141615,-1.729977923067838e-13,7.914871381415548e-14,0.1040791648183784,9,0.664,0.0,conf_egg,"7,14,16,22,25"
1000,5,1e-08,dense,1.5943881025073528e-07,0.0042938601697110595,-7.803630950341191,29655.121735329947,999,629.6654251780542,-2.686828624466219e-13,1.208301057178793e-13,0.09888725449450766,9,0.492,0.0,conf_egg,"4,6,7,15,31"
1000,5,1e-08,dense,7.09796689808873e-07,0.0016968456901418217,-7.150573447638773,4845.211307177581,999,1294.8461308122596,5.709365339984403e-13,2.990675753471707e-13,0.08248025666909131,9,0.49,0.0,conf_egg,"3,4,14,18,26"
1000,5,1e-08,dense,5.117089438468977e-08,0.0031933110123051234,-7.453317642342219,47287.58167968602,999,1188.7071096730801,1.9056354293221864e-13,8.98629594580509e-14,0.12145967017096741,9,0.877,0.0,conf_egg,"2,10,15,23,24"
1000,5,1e-08,dense,4.416757354011334e-07,0.003054470370027798,-7.533104581483026,16050.666204874915,999,963.755740759043,-3.196883251320471e-13,1.469063014780509e-13,0.14861598308722412,9,0.587,0.0,conf_egg,"7,10,17,26,30"
1000,5,1e-08,dense,4.5314376020069744e-07,0.0018626119997768665,-7.193893690047588,6891.015534324228,999,1522.350555821112,3.255747451150204e-13,1.9702162245020282e-13,0.1096801425482769,9,0.679,0.0,conf_egg,"5,7,19,29,31"
1000,5,1e-08,dense,8.044311685666019e-08,0.002986304864139279,-7.574507105862978,53740.42247354132,999,1265.9436679661305,3.529213058279294e-13,1.3314630686335915e-13,0.13353765551293129,9,0.734,0.0,conf_egg,"10,20,23,26,30"
1000,5,1e-08,dense,2.046557832837379e-08,0.0027564357263604577,-7.491903761558131,115734.23150735504,999,1648.4153770301677,1.1669970003367217e-13,5.841364116418799e-14,0.17263284188417655,9,0.876,0.0,conf_egg,"10,15,18,23,26"
1000,5,1e-08,dense,6.441723997878653e-07,0.001577046502469066,-7.031760861330363,4683.416043390081,999,2030.302265490991,-7.108827957715003e-13,2.3843099103561196e-13,0.0775656380209367,9,0.976,0.0,conf_egg,"0,3,10,24,29"
1000,5,1e-08,dense,6.437189934892774e-07,0.0014944958670711202,-7.01783676390693,4105.600124280998,999,1387.070601061746,4.2412483810085663e-13,2.42337445729662e-13,0.06002268243561678,9,0.503,0.0,conf_egg,"0,2,4,13,17"
1000,5,1e-08,dense,4.0621199780914376e-07,0.0029307648254025685,-7.257407757024057,6610.955331830061,999,882.0616768040819,1.0790673823241801e-13,5.887387652130279e-14,0.10479835650243763,9,0.443,0.0,conf_egg,"1,5,15,17,28"
1000,5,1e-08,dense,5.265729705739703e-08,0.0037001430659301436,-7.743195099423607,92074.34536937936,998,956.9487364709875,-1.5773317777329445e-14,6.848343848037814e-14,0.1257046013021594,9,0.484,0.0,conf_egg,"1,14,22,24,29"
1000,5,1e-08,dense,3.00889825968677e-07,0.0017292894913265645,-7.094017622104172,7797.252432967483,999,1779.0215934413923,-4.967482320093323e-13,2.0783155799282717e-13,0.11504300751909942,9,0.698,0.0,conf_egg,"3,8,13,19,22"
1000,5,1e-08,dense,6.882693659109513e-07,0.003106170156010968,-7.4854757449288165,8227.109700599958,999,727.346785425118,5.412053184078447e-13,2.818811395719649e-13,0.09128399601325934,9,0.49,0.0,conf_egg,"2,4,11,27,28"
1000,5,1e-08,dense,8.293337612111222e-07,0.0030317214821926402,-7.332176474786678,7080.56163908246,999,851.5393466679628,1.5624025353253536e-13,1.3225374438145512e-13,0.09953117910201972,9,0.547,0.0,conf_egg,"3,12,14,22,31"
1000,5,1e-08,dense,7.135899109046855e-07,0.001831948906684688,-7.219741955290365,5819.241998436211,999,1009.239867092013,2.0355404355905294e-13,1.790243903962213e-13,0.06699256613047307,9,0.471,0.0,conf_egg,"1,4,9,18,21"
1000,5,1e-08,dense,2.631166834550067e-07,0.001966163530818382,-7.107270714772741,8246.939318370978,999,1713.201121886084,1.9799212182952663e-13,9.253496994269972e-14,0.10994657541485789,9,0.684,0.0,conf_egg,"0,16,22,27,29"
1000,8,1e-08,dense,8.093558665466704e-07,0.0031601780829516816,-7.2740705346476275,5349.601005395159,999,1366.6227076037733,1.489173363236419e-13,7.86125281435645e-14,0.21761709218021988,9,0.489,0.0,conf_egg,"4,7,12,13,20,22,27,31"
1000,8,1e-08,dense,7.848661244587831e-07,0.0015698745793862275,-7.050028649504669,4297.346878879082,999,2739.1970817499805,7.108792047753204e-14,7.742257655957094e-14,0.15413019312065696,9,0.709,0.0,conf_egg,"0,5,6,7,13,15,23,29"
1000,8,1e-08,dense,3.46966137069302e-07,0.004063352717025345,-7.87540092208736,35616.792013488775,999,1143.0268366802457,-7.098914616229898e-14,5.003361319759444e-14,0.164871191366263,9,0.486,0.0,conf_egg,"4,7,15,19,22,25,27,31"
1000,8,1e-08,dense,7.05136271022508e-07,0.0024935493560377907,-7.160619523209555,4548.178030108775,999,1835.1839926047396,5.682860865625007e-13,1.3963556539905672e-13,0.1643943070313858,9,0.59,0.0,conf_egg,"2,8,10,12,15,17,20,26"
1000,8,1e-08,dense,7.643052104948677e-07,0.002719108657701629,-7.415512700466728,10062.652563026724,999,1526.7451192470885,5.2782648043980807e-14,5.886095774011209e-14,0.13496097999010703,9,0.496,0.0,conf_egg,"4,6,9,10,25,26,29,30"
1000,8,1e-08,dense,6.539084625853864e-07,0.002491163906141686,-7.186028340916074,5667.77948733659,999,1824.9072683081054,-2.988982759217081e-13,8.829299834046946e-14,0.19582306882098888,9,0.499,0.0,conf_egg,"4,7,10,12,13,15,20,21"
1000,8,1e-08,dense,1.031264373439126e-06,0.0018028286422259324,-7.0411584600258985,3324.5198601548746,999,2095.05368464419,2.026896924396161e-13,1.3874921256736651e-13,0.13258321505710566,9,0.683,0.0,conf_egg,"0,2,6,8,15,25,30,31"
1000,8,1e-08,dense,9.85366182137676e-07,0.0020943981935137358,-7.147648047528299,4227.481009302116,999,2022.2741658666869,-1.2210341245044728e-12,3.149441526279598e-13,0.1526263102791661,9,0.695,0.0,conf_egg,"2,5,6,10,13,14,23,25"
1000,8,1e-08,dense,6.554846202561676e-07,0.0015561052476824224,-7.051050226614008,4410.531196899404,999,2700.184893155759,-6.986275067474617e-13,1.9927748242647506e-13,0.158822264342518,9,0.589,0.0,conf_egg,"0,5,11,17,21,26,27,30"
1000,8,1e-08,dense,8.052857094699747e-07,0.0017638411250241032,-7.089144629330503,4035.911344856158,999,2201.9689812080296,-5.452839717842543e-13,1.4976219355366962e-13,0.17062566300130078,9,0.499,0.0,conf_egg,"4,5,6,8,16,19,22,31"
1000,8,1e-08,dense,7.657067959434582e-07,0.0016783124659119466,-7.097560970112532,4457.892353410147,999,2673.4846685277516,-2.4122135772644816e-13,7.070230292699095e-14,0.13289645450514848,9,0.689,0.0,conf_egg,"0,11,14,16,18,20,24,26"
1000,8,1e-08,dense,7.917074003748328e-07,0.003756909983795335,-7.546537633556814,10620.31153199342,999,1362.1676648725065,-5.908303360446893e-13,1.337624290909643e-13,0.1708613219034788,9,0.575,0.0,conf_egg,"7,10,12,15,17,20,24,31"
1000,8,1e-08,dense,6.143312957922411e-07,0.00173006403413908,-7.08862414454242,4407.271480018808,999,2130.2562167677497,-2.5624456305743323e-13,1.3762889153528995e-13,0.1273560389511075,9,0.477,0.0,conf_egg,"0,1,4,15,21,26,27,30"
1000,8,1e-08,dense,1.0566639408874045e-06,0.0014342327937696393,-7.026801224054748,3075.2038488445346,999,2222.68878183988,3.611389277360065e-13,1.608998068058786e-13,0.10749060966524325,9,0.501,0.0,conf_egg,"0,2,3,4,10,11,26,27"
1000,8,1e-08,dense,3.3911847336903796e-07,0.0027977734196756253,-7.4166776775372325,16767.411727690105,999,1627.72348622053,-1.4616267990699338e-13,4.7482282766099424e-14,0.23423247231674812,9,0.47,0.0,conf_egg,"1,6,10,15,18,20,25,26"
1000,8,1e-08,dense,3.498517406120916e-07,0.0017669804020513241,-7.062675966463016,6834.759955721487,999,2820.7930623168754,1.0924619498961508e-12,2.361358432539138e-13,0.1895231476753773,9,0.834,0.0,conf_egg,"0,2,8,10,15,16,18,23"
1000,8,1e-08,dense,1.0299555130621334e-06,0.0019787953420132127,-7.180432742588684,4220.0426540800345,999,1767.538017141787,-3.4685687553792166e-13,1.259716630558927e-13,0.1309974757172285,9,0.519,0.0,conf_egg,"2,4,6,11,12,13,18,23"
1000,8,1e-08,dense,6.690129365674977e-07,0.00158352931225607,-7.086030027046512,4391.038604917552,999,2476.657643669643,1.35943732941686e-13,5.731343264013952e-14,0.12290368913492997,9,0.502,0.0,conf_egg,"3,4,5,12,16,18,19,21"
1000,8,1e-08,dense,3.4907218108637524e-07,0.002542528719204372,-7.4528243271357475,14715.766099523931,999,1799.177461384829,-1.2752450486097172e-14,5.743976956933711e-14,0.1556327480870785,9,0.523,0.0,conf_egg,"4,11,12,14,16,19,29,31"
1000,8,1e-08,dense,9.53708065794971e-07,0.0014928490450121699,-7.038746699828248,3470.8814502823793,999,2242.59771328897,-1.279168763566448e-13,6.651169950939533e-14,0.14225199405476044,9,0.591,0.0,conf_egg,"0,5,6,7,17,21,22,31"
1000,8,1e-08,dense,7.296326431660851e-07,0.0022696766388322766,-7.220330807324064,4978.099719568205,999,1922.896379652041,-2.1093283464572476e-13,5.783241876183517e-14,0.16670098229845218,9,0.482,0.0,conf_egg,"1,8,14,18,24,25,30,31"
1000,8,1e-08,dense,6.968499579260809e-07,0.0017449066116907363,-7.133852314559662,4693.01701284128,999,2508.230383373989,5.144048808604623e-13,1.3475398043429208e-13,0.14954935737743913,9,0.683,0.0,conf_egg,"3,5,16,18,22,24,25,31"
1000,8,1e-08,dense,5.745531339564081e-07,0.0027785669887905266,-7.283113440183281,6154.209989989444,999,1845.8416153620547,-7.363093895203665e-14,5.898186842688032e-14,0.20521086781881298,9,0.679,0.0,conf_egg,"6,11,13,19,22,23,24,30"
1000,8,1e-08,dense,8.818154775707971e-07,0.0023141699770473554,-7.183339669852428,4275.56520334958,999,1846.867076836765,-5.702146654157358e-13,1.4700825328521593e-13,0.2125561924323463,9,0.68,0.0,conf_egg,"7,8,10,14,19,25,27,29"
1000,8,1e-08,dense,8.235085736140005e-07,0.0018913504091153165,-7.1795634200813465,4624.851821776042,999,2226.6978468310253,-1.7547477010096687e-13,6.04388110733123e-14,0.15202355884005186,9,0.606,0.0,conf_egg,"6,8,10,17,18,23,29,30"
1000,8,1e-08,dense,1.203528736659043e-06,0.001781487267616732,-7.017450492926432,2969.1974911851908,999,1610.8794265688298,1.935916145678852e-13,1.2191264396130132e-13,0.13700561194678337,9,0.474,0.0,conf_egg,"0,1,4,6,13,17,19,20"
1000,8,1e-08,dense,4.4825285797217915e-07,0.002598378313327359,-7.358719154390119,9982.928773445832,999,1709.6509840122267,-7.17921833318629e-13,1.946017699898711e-13,0.16356889434832578,9,0.688,0.0,conf_egg,"2,11,14,15,18,20,23,24"
1000,8,1e-08,dense,6.727473132590994e-07,0.0024130903252300297,-7.333586332577024,7474.250651486057,999,1787.0806459169437,3.3876561421044257e-14,5.2116221395858766e-14,0.1690481188929301,9,0.593,0.0,conf_egg,"2,7,10,11,17,18,26,30"
1000,8,1e-08,dense,1.1081798404742558e-06,0.0018602055618312707,-7.084775022325996,3243.5715624085483,999,2010.46611258242,5.544948452219228e-13,1.8106785271137956e-13,0.13984761579651356,9,0.549,0.0,conf_egg,"0,6,10,12,17,18,25,26"
1000,8,1e-08,dense,7.549491292672536e-07,0.001742380807613275,-7.159631944146163,4796.825882210597,999,1938.3860563648714,9.125282011957208e-13,2.926572402426496e-13,0.12863930769497828,9,0.498,0.0,conf_egg,"4,7,10,13,17,19,21,27"
1000,3,1e-08,dense,1.1033905300247838e-06,0.002001073290008042,-7.205531230322982,5334.194865451614,999,555.8676399487347,6.41057355509687e-14,6.468734679991932e-14,0.029423981443353814,9,0.55,0.0,conf_ellipsoid_x13z07,"4,5,22"
1000,3,1e-08,dense,3.214653546680817e-08,0.003385542994332664,-7.901654302785887,102242.47065062152,967,597.7513748902539,-3.137648381804405e-16,3.935784349111033e-14,0.04743247036149098,9,0.565,0.0,conf_ellipsoid_x13z07,"4,19,24"
1000,3,1e-08,dense,1.0654302820916489e-08,0.003961139722617239,-7.721569850173553,286824.00802359736,977,535.5862735106338,-2.1882600193005998e-16,4.445756994224769e-14,0.06696227147656031,9,0.773,0.0,conf_ellipsoid_x13z07,"15,20,27"
1000,3,1e-08,dense,2.3280898075314393e-07,0.0018372449644892812,-7.137451766837687,11938.716412686908,999,1213.5558771736069,8.124338875259429e-14,5.0784220104766525e-14,0.03436538664855248,9,0.948,0.0,conf_ellipsoid_x13z07,"5,24,26"
1000,3,1e-08,dense,2.8890570661959634e-07,0.001617274328710967,-7.053217989537961,8141.948636520786,999,1212.4831939796604,-1.896104477089176e-13,1.1093268931006342e-13,0.03064594810420885,9,0.88,0.0,conf_ellipsoid_x13z07,"5,11,21"
1000,3,1e-08,dense,2.1742421218237917e-07,0.0024943542020425466,-7.295323799566211,12178.844094393913,999,794.2709799378018,5.495007660699658e-14,4.7322315541649486e-14,0.053997051045537245,9,0.779,0.0,conf_ellipsoid_x13z07,"21,22,28"
1000,3,1e-08,dense,1.1894531605215988e-07,0.0033577188564665296,-7.60962532673204,26465.89516710564,999,660.6182464661072,1.4005751358174655e-13,7.188228621214699e-14,0.053878967109389664,9,0.694,0.0,conf_ellipsoid_x13z07,"7,20,26"
1000,3,1e-08,dense,1.1100649781487801e-08,0.0024991998679282372,-7.430285439234534,155194.49200161253,998,746.5976546455851,-5.0643438747785807e-14,3.3676089398853285e-14,0.04324397819326542,9,0.733,0.0,conf_ellipsoid_x13z07,"14,18,28"
1000,3,1e-08,dense,4.729553336715404e-08,0.004509928974910001,-7.793189272005129,101370.38474265234,967,426.95320875096917,-8.673881036852675e-14,5.309894251436752e-14,0.04892558176677635,9,0.687,0.0,conf_ellipsoid_x13z07,"7,22,27"
1000,3,1e-08,dense,3.895693254525985e-07,0.002008215314529548,-7.287360741999753,8141.61374574213,999,860.6927197992908,2.5844403511601303e-13,1.636737953379347e-13,0.03368892788289114,9,0.795,0.0,conf_ellipsoid_x13z07,"8,11,25"
1000,3,1e-08,dense,1.063491565271901e-08,0.0033366892282006085,-7.485559707831932,184283.2563508311,988,413.22065371100695,-1.0459434770115582e-13,8.627486651862691e-14,0.037100116792919226,9,0.603,0.0,conf_ellipsoid_x13z07,"1,6,15"
1000,3,1e-08,dense,9.123218612681788e-08,0.002579613182052464,-7.291316332204109,26105.96579448911,999,850.1097899414028,1.9118661189788944e-13,1.0050861825202638e-13,0.05877477869317456,9,0.784,0.0,conf_ellipsoid_x13z07,"13,20,28"
1000,3,1e-08,dense,2.1293232314146302e-07,0.0025506842328933206,-7.293765352364469,17416.93830236395,997,751.2283552137397,-5.6101514640178574e-14,6.327767180763579e-14,0.04768556676646671,9,0.714,0.0,conf_ellipsoid_x13z07,"6,11,23"
1000,3,1e-08,dense,2.6836520807538233e-07,0.0026907066465029954,-7.567995451158357,21666.428402876827,999,831.1072958190232,5.0921651930325815e-14,4.172303159284175e-14,0.06715260497011327,9,0.663,0.0,conf_ellipsoid_x13z07,"12,26,31"
1000,3,1e-08,dense,1.0381418671555472e-06,0.0018817304304684734,-7.151996757732433,4401.368443096474,999,625.5236582151322,-5.700967597000275e-14,8.712060700681266e-14,0.03506152060322694,9,0.636,0.0,conf_ellipsoid_x13z07,"1,8,25"
1000,3,1e-08,dense,1.0402126281388321e-07,0.0026643336354823873,-7.384440572039729,28967.415904645306,998,642.3258491678748,-7.266323236225699e-16,3.7229323320854694e-14,0.04981834700756426,9,0.791,0.0,conf_ellipsoid_x13z07,"3,20,30"
1000,3,1e-08,dense,6.959695795128634e-07,0.0016868772051537478,-7.04666235806518,4053.0079233193082,999,996.5957047308632,5.961254810404574e-14,8.65433001681394e-14,0.027364239204606386,9,0.699,0.0,conf_ellipsoid_x13z07,"5,7,8"
1000,3,1e-08,dense,7.006584584231063e-08,0.0022826224079643817,-7.402925503875391,33806.811146796994,999,851.2163065269988,-2.7464567611835806e-14,3.558795681291587e-14,0.03789219941224903,9,0.783,0.0,conf_ellipsoid_x13z07,"11,16,20"
1000,3,1e-08,dense,8.903013324617788e-07,0.0016869702579304577,-7.028149637978895,3537.6894386283907,999,976.443225159245,-9.379217043122196e-14,9.437313350323774e-14,0.030973443743285062,9,0.727,0.0,conf_ellipsoid_x13z07,"0,14,18"
1000,3,1e-08,dense,4.1782457323427167e-07,0.0020238438190772288,-7.185178884309228,7011.992768084946,999,745.7694812775394,-4.150808438125851e-14,5.817427497916038e-14,0.045853204207147974,9,0.776,0.0,conf_ellipsoid_x13z07,"15,16,22"
1000,3,1e-08,dense,1.060988312918048e-06,0.0019191426607661143,-7.302947276647065,7497.670493355997,999,601.240284630429,-9.37056641664195e-15,3.261369147506431e-14,0.03777152351881609,9,0.608,0.0,conf_ellipsoid_x13z07,"1,16,20"
1000,3,1e-08,dense,1.848814686729907e-08,0.002945143656847842,-7.9005581382438255,190935.193722526,998,845.2995122584217,-7.246072094330341e-14,3.803420693730517e-14,0.05864342116725216,9,0.69,0.0,conf_ellipsoid_x13z07,"7,18,23"
1000,3,1e-08,dense,1.6901514695277875e-08,0.002635225349813006,-7.772454805699426,328326.4253469571,968,950.7121213773602,-5.607220755428271e-16,6.141907506514569e-14,0.04836549513076527,9,0.873,0.0,conf_ellipsoid_x13z07,"3,24,27"
1000,3,1e-08,dense,3.669946578235919e-08,0.0022376458477937878,-7.392319601293131,49577.13219284708,999,1066.3697358169647,1.8567982878515705e-14,6.191542633014902e-14,0.051034787603610354,9,0.757,0.0,conf_ellipsoid_x13z07,"2,10,13"
1000,3,1e-08,dense,1.4448744986642389e-08,0.007476490920900057,-8.619098399639386,787685.4966424792,834,278.21007621536995,-3.982267623835643e-16,7.778237025728641e-15,0.0491453415416465,9,0.633,0.0,conf_ellipsoid_x13z07,"6,9,14"
1000,3,1e-08,dense,1.8839884787339605e-08,0.004978642201334883,-7.8850946758536455,290799.66069562116,933,251.20555287362697,-3.1220339179498693e-16,3.1551533364886896e-14,0.034149296277391245,9,0.589,0.0,conf_ellipsoid_x13z07,"1,7,22"
1000,3,1e-08,dense,1.258024318885555e-07,0.0021412802448349724,-7.261889806681731,19830.112920804106,999,1005.2745473579109,7.581340103499177e-14,4.69231829697251e-14,0.04591274086266265,9,0.878,0.0,conf_ellipsoid_x13z07,"18,24,28"
1000,3,1e-08,dense,1.7097748150352723e-08,0.0035221108210953317,-7.736626780443882,162098.8138820419,964,485.0101289396598,-2.40867761561042e-16,5.671173656145011e-14,0.04713749946489719,9,0.671,0.0,conf_ellipsoid_x13z07,"11,12,30"
1000,3,1e-08,dense,9.557712125131228e-08,0.002971284403828764,-7.451770382148949,44077.2478304355,994,669.835972350807,-1.5054639161649818e-13,9.349529643254008e-14,0.052790805919650505,9,0.727,0.0,conf_ellipsoid_x13z07,"6,15,23"
1000,3,1e-08,dense,1.1300191196141014e-06,0.0014330835925584018,-7.006000665371009,3027.9008794947513,999,844.1233809271974,-1.9812127227818673e-13,1.7845355353999985e-13,0.030955518024697214,9,0.695,0.0,conf_ellipsoid_x13z07,"5,7,11"
1000,5,1e-08,dense,1.15771486253538e-06,0.002675072010415315,-7.316235050995593,6281.469914457113,999,1036.652048296653,2.4499203931463122e-14,2.7049738016000348e-14,0.07215548617514636,9,0.631,0.0,conf_ellipsoid_x13z07,"9,12,18,25,29"
1000,5,1e-08,dense,9.124009022896297e-07,0.0019081847945772838,-7.131274337245746,4192.825595513093,999,1437.6586386463164,7.990351980046839e-14,6.728337442039896e-14,0.0591285616501254,9,0.582,0.0,conf_ellipsoid_x13z07,"1,8,11,15,16"
1000,5,1e-08,dense,8.31301157189933e-07,0.0018232315180498977,-7.132327066731398,4806.255065677119,999,1537.3406561727516,1.5097441152773223e-13,6.907393110850635e-14,0.052109447319897514,9,0.547,0.0,conf_ellipsoid_x13z07,"3,4,13,21,27"
1000,5,1e-08,dense,4.2188881891379474e-07,0.003009452096898863,-7.402697665840174,18886.61582034519,999,887.9656303987759,5.9958197426208244e-15,4.9079688215457815e-14,0.0704852416202648,9,0.712,0.0,conf_ellipsoid_x13z07,"2,6,17,25,31"
1000,5,1e-08,dense,1.9657339958824112e-06,0.0014792847456042205,-7.006950369866272,2321.1241555014963,999,1271.3799703530567,-1.0150337043435505e-13,6.377668189559705e-14,0.04014458151040218,9,0.624,0.0,conf_ellipsoid_x13z07,"2,5,8,9,14"
1000,5,1e-08,dense,1.3864753771372711e-06,0.0014598521952263062,-7.0055712222200235,2697.3810992430417,999,1455.910976206416,4.4265621136835905e-13,2.342250228414362e-13,0.048959709349544536,9,0.684,0.0,conf_ellipsoid_x13z07,"0,5,7,22,24"
1000,5,1e-08,dense,2.3034229123103245e-07,0.001970612244699522,-7.162831281328124,10125.671344635266,999,1907.853325889554,-6.801603773026487e-14,4.071285732776553e-14,0.06999604577963711,9,0.816,0.0,conf_ellipsoid_x13z07,"13,15,16,26,31"
1000,5,1e-08,dense,7.2273126188216e-07,0.0017450802141605526,-7.1339452538976635,4850.169527837532,999,1380.4715181952974,1.4396296653535328e-13,7.969550328881297e-14,0.05933131800889068,9,0.702,0.0,conf_ellipsoid_x13z07,"2,16,17,23,24"
1000,5,1e-08,dense,1.2283422118907679e-06,0.0019404124513758346,-7.2021006288159715,4631.47468529586,999,1185.5712434441516,-1.450352424964274e-13,8.045797972013866e-14,0.06476877400487582,9,0.596,0.0,conf_ellipsoid_x13z07,"1,12,18,21,27"
1000,5,1e-08,dense,1.1170664426904692e-06,0.0016368177756672256,-7.102638373807061,4058.2939033566727,999,1391.6308710439835,8.78338156816074e-14,7.441191448177996e-14,0.06036716293328013,9,0.636,0.0,conf_ellipsoid_x13z07,"9,10,11,15,21"
1000,5,1e-08,dense,1.2632436228887096e-06,0.0016576047709814137,-7.073074722637383,3412.8752513411537,999,1427.037671582215,-9.93778643666618e-14,4.7799900196733006e-14,0.044672197797721705,9,0.606,0.0,conf_ellipsoid_x13z07,"1,2,3,24,26"
1000,5,1e-08,dense,1.7261858229714285e-06,0.001613312716552053,-7.066647219240877,2928.7936414349574,999,1309.6464321842768,-9.49999718519003e-14,5.295100363747882e-14,0.05214861466751615,9,0.622,0.0,conf_ellipsoid_x13z07,"3,9,10,20,29"
1000,5,1e-08,dense,5.70486381008619e-07,0.001819119146939313,-7.116237382442915,5121.952931760737,999,1705.7356007382002,8.3329707240526e-14,4.1249944568117503e-14,0.06578664382264109,9,0.778,0.0,conf_ellipsoid_x13z07,"8,10,22,29,31"
1000,5,1e-08,dense,2.675459512986671e-07,0.002231282818376569,-7.370239769237592,17381.385761860278,999,1556.659147065431,1.2910489550394614e-14,1.4400200245696045e-14,0.07953463862923635,9,0.739,0.0,conf_ellipsoid_x13z07,"14,15,26,29,31"
1000,5,1e-08,dense,5.713480170758899e-07,0.0019832592710825464,-7.209512820064738,6292.488857069782,999,1443.333482256812,-2.65289880051623e-13,1.1161029277452998e-13,0.06834646154186924,9,0.76,0.0,conf_ellipsoid_x13z07,"2,19,20,21,31"
1000,5,1e-08,dense,5.213595073877032e-08,0.0023495752729280534,-7.460689472815588,39317.98697922317,999,1890.86211331577,1.9147744912308288e-13,9.970255655394039e-14,0.07631534312855519,9,0.883,0.0,conf_ellipsoid_x13z07,"3,11,16,21,24"
1000,5,1e-08,dense,7.92810226762407e-07,0.0021406961996345824,-7.209253063595422,5706.993906038403,999,1235.0237314410579,4.7190503011585864e-14,3.1045843755924317e-14,0.08225181539113349,9,0.638,0.0,conf_ellipsoid_x13z07,"3,9,21,28,30"
1000,5,1e-08,dense,5.9410125185900773e-08,0.005836458149777502,-8.249546878440015,159752.83346069366,994,454.9524300766284,-1.164815955614158e-15,1.55266400823812e-14,0.07013703714939636,9,0.57,0.0,conf_ellipsoid_x13z07,"4,9,14,20,30"
1000,5,1e-08,dense,1.0671173103195853e-06,0.001857913118786085,-7.120932999963527,3964.006673478454,999,1390.9044422953657,-5.1530486190921413e-14,5.2329962189939856e-14,0.06735680069359552,9,0.749,0.0,conf_ellipsoid_x13z07,"3,8,14,15,27"
1000,5,1e-08,dense,1.2609369947037175e-07,0.003915110762817412,-7.568850842348491,31578.40202540971,998,727.8634214606773,5.5024481422032023e-14,4.2023178819237833e-14,0.08769815471507487,9,0.542,0.0,conf_ellipsoid_x13z07,"4,7,24,25,30"
1000,5,1e-08,dense,6.591330908829821e-07,0.00221044911828778,-7.165812194219535,4951.206510475686,999,1344.47127412915,7.417363164646791e-14,4.193846779027524e-14,0.07540310616828225,9,0.782,0.0,conf_ellipsoid_x13z07,"5,22,23,24,30"
1000,5,1e-08,dense,1.1586505005614025e-06,0.0019125153584105593,-7.211512719796868,5588.660462003918,999,1089.8413748297164,-1.410171146558346e-13,8.09509918936067e-14,0.053960420578706106,9,0.622,0.0,conf_ellipsoid_x13z07,"6,9,10,15,24"
1000,5,1e-08,dense,8.523741792256314e-07,0.0017937382345880055,-7.143094082856997,4616.2594669706905,999,1440.4128654606404,4.689856128879218e-13,2.1355834552198397e-13,0.053397893177429115,9,0.602,0.0,conf_ellipsoid_x13z07,"1,13,14,21,23"
1000,5,1e-08,dense,1.2128066966744544e-06,0.0019588876384983283,-7.1745283835111815,3798.29612982208,999,1379.7053424050016,-1.8173548603506173e-13,7.945429567115303e-14,0.05972988411287815,9,0.675,0.0,conf_ellipsoid_x13z07,"0,12,14,16,24"
1000,5,1e-08,dense,5.83127165118478e-07,0.0023032110733376696,-7.3832323428974425,9252.22295517788,999,1279.2919239957062,-4.178077489003027e-14,3.658346284626521e-14,0.07774716460405619,9,0.544,0.0,conf_ellipsoid_x13z07,"2,4,18,28,29"
1000,5,1e-08,dense,9.149229190474333e-07,0.0029264183840010814,-7.266100179768142,5458.69549963112,999,1074.172160175337,-1.6019954460211316e-13,6.347043110357173e-14,0.07282032236179595,9,0.733,0.0,conf_ellipsoid_x13z07,"3,6,14,15,27"
1000,5,1e-08,dense,9.374338992767836e-07,0.0022333992852183004,-7.2907559320884765,5556.874257017271,999,1303.0859706510155,-2.902278923891424e-15,1.2335421045430224e-14,0.07775183087197207,9,0.626,0.0,conf_ellipsoid_x13z07,"9,10,21,25,31"
1000,5,1e-08,dense,1.1687935934128806e-06,0.0038083594303775286,-7.425054766651415,8872.685927786251,999,731.9557382557641,9.123925768966488e-14,3.691024410018041e-14,0.09061674529671368,9,0.649,0.0,conf_ellipsoid_x13z07,"12,14,17,18,25"
1000,5,1e-08,dense,6.167119830704075e-07,0.0017725142721585901,-7.108016397136477,5417.4609372700315,999,1836.6288965169947,1.0739834705274819e-13,5.3448151449962e-14,0.059110966769298126,9,0.781,0.0,conf_ellipsoid_x13z07,"2,11,13,26,31"
1000,5,1e-08,dense,2.176101470707439e-08,0.0026210990612453434,-7.540053388028159,91462.75176828413,999,1493.6009549019964,8.684544104903616e-16,4.338276334713638e-14,0.0872939115570096,9,0.848,0.0,conf_ellipsoid_x13z07,"16,19,24,27,28"
1000,8,1e-08,dense,2.9162967153244708e-06,0.0030929814938195064,-7.087368926593298,2261.1408158015,999,1159.1889817943393,1.006021328383174e-16,3.217987676198047e-14,0.1293982372497004,9,0.549,0.0,conf_ellipsoid_x13z07,"0,1,4,11,14,17,20,22"
1000,8,1e-08,dense,1.838226921762123e-06,0.0031676671613845332,-7.286141775774063,3954.4489438234127,999,1315.011369708498,4.340067801376439e-14,2.462907811007291e-14,0.1206137435815881,9,0.61,0.0,conf_ellipsoid_x13z07,"1,2,7,12,13,22,25,28"
1000,8,1e-08,dense,1.1687863603505418e-06,0.0023332700882821205,-7.128631685392711,3575.317204324661,999,1893.3859883012685,-1.8581620802677021e-13,5.029362907462828e-14,0.1240566232247963,9,0.539,0.0,conf_ellipsoid_x13z07,"0,4,5,22,27,28,30,31"
1000,8,1e-08,dense,9.283678618109297e-07,0.003548911030914178,-7.366669560958855,6540.955799392764,999,1391.3704878104706,-1.8863708338423546e-13,4.8061681430969214e-14,0.1361618474825803,9,0.623,0.0,conf_ellipsoid_x13z07,"9,14,15,20,21,22,27,30"
1000,8,1e-08,dense,1.2685306935150675e-06,0.001697915518351825,-7.0633691999369885,3260.4165232211194,999,2355.7575443186556,-2.3074780678348277e-14,2.0992270728492957e-14,0.07979530744369873,9,0.686,0.0,conf_ellipsoid_x13z07,"8,10,12,13,17,21,22,24"
1000,8,1e-08,dense,1.3320170891795373e-06,0.0025268353383208655,-7.242667797171947,4087.464484054305,999,1674.3799596347085,3.50058681987051e-14,2.4922670102177608e-14,0.11143870165822604,9,0.598,0.0,conf_ellipsoid_x13z07,"1,5,6,20,22,23,30,31"
1000,8,1e-08,dense,8.441296955289454e-07,0.001919171050925182,-7.125657886221651,4120.7189937274325,999,2650.6201130555455,1.1819007937522157e-13,4.849313590029539e-14,0.1192803285269379,9,0.782,0.0,conf_ellipsoid_x13z07,"0,2,5,10,20,23,24,31"
1000,8,1e-08,dense,1.3094518616256146e-06,0.0033563789633461534,-7.318889527470627,5415.182005718654,999,1404.214744103684,2.765029958468057e-14,4.0179480715984e-14,0.15633637069608125,9,0.71,0.0,conf_ellipsoid_x13z07,"3,6,14,17,19,22,23,25"
1000,8,1e-08,dense,2.0459933099995516e-06,0.0021993035160871757,-7.03638714660454,2353.612096062641,999,1564.2696627633222,-3.338445766289068e-14,2.9324854997936837e-14,0.10097512152965743,9,0.639,0.0,conf_ellipsoid_x13z07,"0,6,7,9,13,14,25,30"
1000,8,1e-08,dense,2.2234584087226714e-06,0.0017160018856257782,-7.067793298786472,2790.467556025703,999,1806.139003941139,-3.497702336195481e-13,1.329732298255536e-13,0.07950656024705079,9,0.563,0.0,conf_ellipsoid_x13z07,"3,4,6,10,12,17,21,23"
1000,8,1e-08,dense,3.0279867269180444e-06,0.0021502887628254124,-7.067740688967374,2267.8552221155537,999,1463.9553057925843,-2.125643411288566e-13,8.90923782376882e-14,0.08416947604954864,9,0.554,0.0,conf_ellipsoid_x13z07,"4,6,8,10,11,12,17,22"
1000,8,1e-08,dense,8.524619523268931e-07,0.002104631184065384,-7.226674356832586,5019.874704453779,999,1989.307619975279,3.8822244030622954e-13,1.1330776937385645e-13,0.11651333073107858,9,0.54,0.0,conf_ellipsoid_x13z07,"4,7,12,13,21,25,26,29"
1000,8,1e-08,dense,1.0344469270363552e-06,0.002674962625042446,-7.2256855376040265,4987.062350082045,999,1787.707286113257,-3.610965929000034e-15,4.239931135462757e-14,0.11263399217023373,9,0.635,0.0,conf_ellipsoid_x13z07,"2,9,14,19,21,22,26,27"
1000,8,1e-08,dense,2.1463453628243144e-06,0.0019258688592387213,-7.043603709383883,2332.6665768996163,999,1807.9447615462423,-6.925594225350338e-14,3.2085630018200886e-14,0.08632442587697665,9,0.628,0.0,conf_ellipsoid_x13z07,"0,5,6,9,12,20,25,26"
1000,8,1e-08,dense,1.2699758166300731e-06,0.0023624384297704763,-7.2474032658402745,4814.067411654123,999,1849.6502546959723,9.176001651047535e-15,2.7872367121152537e-14,0.11765976713505366,9,0.61,0.0,conf_ellipsoid_x13z07,"9,12,14,16,18,27,28,29"
1000,8,1e-08,dense,1.1215488005591501e-06,0.0019219828411863092,-7.182356883976402,4665.03378380154,999,2069.808001007757,-9.400357321544492e-14,4.4335701462742817e-14,0.10827627797523631,9,0.557,0.0,conf_ellipsoid_x13z07,"4,5,10,17,19,26,29,30"
1000,8,1e-08,dense,1.3577050207268506e-06,0.0019626465364757572,-7.0916329860722005,3143.545267683001,999,2269.4815817735807,-1.799152096175215e-13,5.129223731748486e-14,0.106245768040346,9,0.678,0.0,conf_ellipsoid_x13z07,"5,7,8,16,17,19,24,27"
1000,8,1e-08,dense,1.2464777920314334e-06,0.0015706088880964616,-7.037337301596095,3058.1478461743927,999,2443.5308825310503,-1.1073460327505776e-13,3.892298684721966e-14,0.10673975552896338,9,0.711,0.0,conf_ellipsoid_x13z07,"3,5,8,17,21,23,25,27"
1000,8,1e-08,dense,5.416318162663939e-07,0.0021191016133855862,-7.207785333701779,6222.810080196674,999,2445.4348442277565,-2.7509461722474704e-14,1.530198184115923e-14,0.13651730796401046,9,0.774,0.0,conf_ellipsoid_x13z07,"10,13,20,24,27,29,30,31"
1000,8,1e-08,dense,1.7216406229165364e-06,0.0019464631788582252,-7.178739502151054,3763.8542556385455,999,1891.9200890058032,9.842215180200634e-14,4.3498762685311444e-14,0.09168550383006097,9,0.55,0.0,conf_ellipsoid_x13z07,"4,6,8,9,12,26,29,31"
1000,8,1e-08,dense,1.2232496953678727e-06,0.0017502742734867402,-7.102251705459895,3419.275906383656,999,2239.6856191087236,5.59896733362654e-14,2.8309329988438766e-14,0.08485365870641784,9,0.629,0.0,conf_ellipsoid_x13z07,"1,7,8,13,16,22,24,28"
1000,8,1e-08,dense,1.142340083684708e-06,0.0015438131046378023,-7.031410095715389,3132.4081407074555,999,2436.702607006009,-1.876968830199465e-13,1.0052708178731074e-13,0.1034204979022901,9,0.711,0.0,conf_ellipsoid_x13z07,"3,5,6,14,16,18,23,28"
1000,8,1e-08,dense,1.3468108808311088e-06,0.001644428675094966,-7.039916943787153,3146.432391020526,999,2477.1052887357705,-1.0171053160829692e-13,6.076769747225187e-14,0.09055985324773444,9,0.618,0.0,conf_ellipsoid_x13z07,"0,8,9,10,11,29,30,31"
1000,8,1e-08,dense,2.251110391419798e-06,0.0023412880939428825,-7.117211932566383,2570.2576730511364,999,1555.6409374685566,1.5038882946764034e-13,5.453094857702268e-14,0.10962159931795692,9,0.539,0.0,conf_ellipsoid_x13z07,"0,2,4,7,10,14,22,28"
1000,8,1e-08,dense,2.060375126757742e-06,0.0019008720798373035,-7.048888015175209,2590.223185845519,999,1843.8916399967566,-1.764769869403642e-13,1.0474414714547146e-13,0.09940185077424352,9,0.604,0.0,conf_ellipsoid_x13z07,"2,3,9,12,13,19,20,23"
1000,8,1e-08,dense,1.9742007559206862e-06,0.0014438532602389469,-7.009585603965053,2398.121051920197,999,2010.3823649197407,8.612224431867044e-14,5.236987047728482e-14,0.06978114246455015,9,0.548,0.0,conf_ellipsoid_x13z07,"2,4,5,6,8,10,19,22"
1000,8,1e-08,dense,1.3808907727559991e-06,0.001740809076393493,-7.07346084303967,3035.196068721834,999,1981.30748992845,1.8572396270233735e-13,6.678248576401843e-14,0.08721023623603519,9,0.56,0.0,conf_ellipsoid_x13z07,"0,2,4,14,15,21,23,27"
1000,8,1e-08,dense,1.226766248027133e-06,0.003085051436955061,-7.416104522905499,7814.989002359589,999,1488.9772972150404,-8.138281722869264e-14,2.2037053043366326e-14,0.12428936287327266,9,0.647,0.0,conf_ellipsoid_x13z07,"2,6,12,17,18,20,30,31"
1000,8,1e-08,dense,8.584690265439701e-07,0.0020757991421781925,-7.134855203940128,4230.496701536997,999,2258.383345183889,-4.006959694602408e-13,1.0187605460092237e-13,0.12545864886288732,9,0.773,0.0,conf_ellipsoid_x13z07,"0,5,22,23,26,27,28,30"
1000,8,1e-08,dense,1.4118369608758458e-06,0.0022578830333005225,-7.177572795277698,3836.5667187469844,999,1944.885632684717,7.003858455124503e-14,3.7863238135087855e-14,0.11668340260987811,9,0.619,0.0,conf_ellipsoid_x13z07,"3,9,14,17,18,27,29,31"
1000,3,1e-08,dense,1.3235917921679465e-06,0.0014297227591602013,-7.035664004770531,3231.2024188902064,999,789.4689824391111,2.7836998039571664e-13,2.9193131282795167e-13,0.032171548736118646,9,0.512,0.0,conf_ellipsoid_z06,"3,9,18"
1000,3,1e-08,dense,1.2078118417561728e-07,0.0017560150517235429,-7.057369822173313,15013.44006716641,999,1174.4176508438586,-5.836309422400411e-15,2.987894619448733e-14,0.03841824675680894,9,0.833,0.0,conf_ellipsoid_z06,"0,13,19"
1000,3,1e-08,dense,5.821352322696632e-07,0.002250500299319354,-7.255037517150684,6455.378117590077,999,556.2432740296185,-1.9017524100634067e-13,1.7838296590760573e-13,0.038674268976309434,9,0.442,0.0,conf_ellipsoid_z06,"4,6,21"
1000,3,1e-08,dense,4.753133743293018e-08,0.002957162872281013,-7.6128712474067965,78814.35397133397,989,677.6613449342951,-3.6843424756118886e-16,1.2413559730973935e-13,0.06048346998600114,9,0.737,0.0,conf_ellipsoid_z06,"11,20,24"
1000,3,1e-08,dense,1.0559252868474828e-07,0.0020555896660044265,-7.122502916632144,18115.792474764894,999,1045.0494100681326,-4.4989298219586015e-14,6.100573597557177e-14,0.0615170735437828,9,0.874,0.0,conf_ellipsoid_z06,"8,26,28"
1000,3,1e-08,dense,2.2154304719329603e-08,0.0033989829070865916,-7.686247796750386,95291.52465597348,998,831.970816352354,-1.8450572190037526e-13,8.277254336701616e-14,0.0923248631069858,9,0.861,0.0,conf_ellipsoid_z06,"26,28,31"
1000,3,1e-08,dense,5.313380214591856e-08,0.0024881973463869544,-7.450360383255356,51246.37261989485,998,796.2602036040919,-1.8393006027312926e-14,2.27056458203638e-14,0.060920538105549246,9,0.573,0.0,conf_ellipsoid_z06,"12,16,29"
1000,3,1e-08,dense,1.6226415198885662e-07,0.002298683728652069,-7.154617549004294,14030.981039192122,999,852.5163414036135,-1.2890609532491965e-13,9.047270154399024e-14,0.059482688050765384,9,0.811,0.0,conf_ellipsoid_z06,"8,30,31"
1000,3,1e-08,dense,3.4686829752896697e-08,0.0036299573057211195,-7.7650203100594695,86857.06330682334,995,495.4891501409627,-3.196019100193402e-17,6.782041740005112e-14,0.06245511692566081,9,0.556,0.0,conf_ellipsoid_z06,"1,14,16"
1000,3,1e-08,dense,1.1841152826896419e-08,0.00948407851837878,-8.328390042159471,436067.6004791118,856,208.98466009830756,-9.468816719002283e-15,1.7666438223801315e-14,0.0678062461811973,9,0.634,0.0,conf_ellipsoid_z06,"14,22,25"
1000,3,1e-08,dense,7.673143016300711e-07,0.0019281222531168185,-7.12956072189821,4657.38305836343,999,787.5930957952229,-9.178625658714155e-14,7.779237693152557e-14,0.04048860299109173,9,0.517,0.0,conf_ellipsoid_z06,"8,9,31"
1000,3,1e-08,dense,1.5428156501685658e-08,0.016459130494846614,-8.745898087494924,563759.5034050198,755,76.58601964098624,-5.436784467134371e-15,9.307844496572347e-15,0.04880642784611744,9,0.485,0.0,conf_ellipsoid_z06,"9,12,17"
1000,3,1e-08,dense,1.212469191329186e-07,0.002857786303935832,-7.645119758468309,37322.0604270115,996,624.0678377879918,1.2258165870122316e-16,2.0437640945604965e-13,0.05040673041641318,9,0.426,0.0,conf_ellipsoid_z06,"4,11,29"
1000,3,1e-08,dense,1.8627519753643215e-07,0.0018645551492673547,-7.130662081004475,11797.126391555908,999,1116.3681747004994,8.123917052851697e-14,5.742346193362505e-14,0.044884542796695785,9,0.86,0.0,conf_ellipsoid_z06,"11,18,21"
1000,3,1e-08,dense,2.2090714845179262e-07,0.0018404496247011177,-7.159475591657202,10746.195365048403,999,1138.6310202493041,-1.4604048764570166e-13,9.424883767297587e-14,0.03901450072085423,9,0.93,0.0,conf_ellipsoid_z06,"3,8,31"
1000,3,1e-08,dense,1.823738980483046e-08,0.002720970942423943,-7.321008974270264,82730.49439615656,999,906.2690221126131,-2.1289910210210011e-13,1.0248566460939101e-13,0.066459260389664,9,0.875,0.0,conf_ellipsoid_z06,"21,23,28"
1000,3,1e-08,dense,1.7001020329490312e-08,0.0038499491791057746,-7.902540780708785,194950.09965125524,997,498.9183304597043,9.373803782524824e-14,7.52139613968539e-14,0.06980599487855191,9,0.64,0.0,conf_ellipsoid_z06,"7,10,30"
1000,3,1e-08,dense,6.602266880013633e-07,0.0020013391530564976,-7.18242823310716,6439.04851802241,999,669.0635908150234,8.58398504588859e-14,1.033945091164533e-13,0.04119528414873251,9,0.433,0.0,conf_ellipsoid_z06,"4,16,23"
1000,3,1e-08,dense,3.9298955943189846e-07,0.0015919076965876533,-7.013546412615708,7385.035559492624,999,1206.1367279443925,-1.0578557886435636e-13,9.612139527781643e-14,0.029126691532854798,9,0.912,0.0,conf_ellipsoid_z06,"3,8,10"
1000,3,1e-08,dense,1.8480135908862267e-08,0.004868381293603035,-8.18009863728634,239769.1087943809,950,436.7884974367443,-3.604409686878312e-16,2.216733683195543e-14,0.06662484844149252,9,0.447,0.0,conf_ellipsoid_z06,"4,23,28"
1000,3,1e-08,dense,6.309131187974883e-07,0.002491317891312219,-7.296384520829246,6746.2205797718325,999,663.4535735974047,-1.1571147685851592e-14,4.4179262255706556e-14,0.05474234881899004,9,0.593,0.0,conf_ellipsoid_z06,"12,19,21"
1000,3,1e-08,dense,4.5599479079701255e-08,0.002341451016737617,-7.334979763495214,37147.31913300845,999,1037.7178584323221,5.718964126453947e-13,2.562494370226713e-13,0.061882251257071225,9,0.828,0.0,conf_ellipsoid_z06,"8,19,29"
1000,3,1e-08,dense,3.6950482977598614e-08,0.002361057593562396,-7.337387135727624,44454.99811138178,999,1044.5867359497909,1.0066314711583597e-13,4.562475297044738e-14,0.05495431496022833,9,0.869,0.0,conf_ellipsoid_z06,"13,18,28"
1000,3,1e-08,dense,3.8311456387056626e-08,0.002932178673347361,-7.3205211443986355,42245.613509580915,998,602.9892738672273,-1.4364546208590218e-13,9.997664690218881e-14,0.05258771335606824,9,0.674,0.0,conf_ellipsoid_z06,"11,14,23"
1000,3,1e-08,dense,4.961972168318491e-07,0.002481435655267686,-7.318687761640211,9318.242892371067,999,806.0413602584506,-3.765428724031302e-14,3.551430438456912e-14,0.04638493888127064,9,0.461,0.0,conf_ellipsoid_z06,"4,21,29"
1000,3,1e-08,dense,5.969298032024402e-07,0.002145652238649079,-7.258298956501395,6323.69392611068,999,636.8835693239625,9.993934189306721e-14,1.0255569812179982e-13,0.04341880363672622,9,0.595,0.0,conf_ellipsoid_z06,"6,8,17"
1000,3,1e-08,dense,1.4193969772446e-08,0.007118569157855753,-8.47408929065854,510764.24215981294,852,264.6929548030705,-6.610316800786453e-14,4.58285187995609e-14,0.05695527865027182,9,0.43,0.0,conf_ellipsoid_z06,"4,15,20"
1000,3,1e-08,dense,2.3195674289093486e-07,0.002060432269558,-7.186778141046264,9115.538730138032,999,926.5570168319177,3.0418267731036064e-14,3.3698687685734357e-14,0.044051954960074344,9,0.739,0.0,conf_ellipsoid_z06,"8,20,29"
1000,3,1e-08,dense,1.2210388891329584e-08,0.003073217137288745,-7.62025532288227,146271.800417715,999,870.9201811558377,-1.0483777315005268e-13,5.0156116472778814e-14,0.07626612139405824,9,0.801,0.0,conf_ellipsoid_z06,"15,26,31"
1000,3,1e-08,dense,5.169690103622041e-07,0.0021182612270115656,-7.153449432706992,6579.81051289077,999,937.6949330106827,-5.773268148268083e-15,4.913513834316252e-14,0.03887392166543302,9,0.509,0.0,conf_ellipsoid_z06,"9,13,21"
1000,5,1e-08,dense,5.130796014287201e-07,0.001942333593757118,-7.0892955393100765,5390.668973754079,999,1657.0639879739206,-3.113845783325221e-13,1.158473400479613e-13,0.08771150938118412,9,0.73,0.0,conf_ellipsoid_z06,"5,8,25,29,31"
1000,5,1e-08,dense,9.594818230257226e-07,0.0024604840559713918,-7.315798191552122,7636.153671833169,999,1020.3657288237176,2.7809792479340943e-13,1.3365937627543753e-13,0.0995939237276794,9,0.51,0.0,conf_ellipsoid_z06,"7,9,16,28,29"
1000,5,1e-08,dense,1.1868303550443666e-06,0.001621100779560118,-7.0256451859663125,3426.2610369891727,999,1532.9304422954947,-2.873958143631211e-13,1.5352913521140772e-13,0.05956645854451906,9,0.591,0.0,conf_ellipsoid_z06,"0,3,13,17,28"
1000,5,1e-08,dense,1.136887677325793e-08,0.005388191651900815,-8.212767828443823,379233.3187052776,937,647.1502820578021,-5.640301115658678e-16,6.008807916914363e-14,0.12504906909796934,9,0.449,0.0,conf_ellipsoid_z06,"4,11,19,27,30"
1000,5,1e-08,dense,2.9909693616204717e-07,0.0023175043366290143,-7.189282791012114,8169.835427775792,999,1551.0718331079063,-3.356668241971672e-14,2.0037575507019944e-14,0.11336901654576761,9,0.686,0.0,conf_ellipsoid_z06,"13,16,22,29,31"
1000,5,1e-08,dense,6.046427548419504e-07,0.002476990985048581,-7.289379977250888,9685.155784020337,999,1000.3760199483509,-1.8226414301436566e-14,3.26270925582837e-14,0.07956222839412269,9,0.683,0.0,conf_ellipsoid_z06,"6,10,14,18,20"
1000,5,1e-08,dense,1.566733631840509e-07,0.0025628911744872197,-7.3199081321211334,14642.821258464417,999,1540.2281348108518,1.5368535979422282e-13,4.6672312173287426e-14,0.1102007565721909,9,0.671,0.0,conf_ellipsoid_z06,"14,21,24,26,29"
1000,5,1e-08,dense,1.4532115677880761e-06,0.0015387760782372645,-7.0064195456754685,2612.3455027610185,999,1297.531265989517,1.4577160550692525e-13,1.2755884235298815e-13,0.06525277986949632,9,0.609,0.0,conf_ellipsoid_z06,"3,5,7,17,29"
1000,5,1e-08,dense,1.2740667336639095e-08,0.005979485381479381,-8.241783783735713,520559.2300045158,965,539.1646368604461,-2.2484376781253607e-16,4.9312352817928877e-14,0.13572887714826726,9,0.554,0.0,conf_ellipsoid_z06,"2,12,25,28,30"
1000,5,1e-08,dense,4.739043943409182e-07,0.0021296144128490906,-7.106536759518777,6302.8384506254,999,1499.8022165408274,-2.2232454592596707e-13,8.002397660829539e-14,0.0951797471953455,9,0.807,0.0,conf_ellipsoid_z06,"0,18,28,29,30"
1000,5,1e-08,dense,7.374538052637733e-07,0.0021449300599310737,-7.2475095325049805,6225.796078445213,999,1327.7652092343883,-2.503567427697969e-13,1.1335040261032942e-13,0.0814854687067828,9,0.439,0.0,conf_ellipsoid_z06,"4,8,12,21,29"
1000,5,1e-08,dense,7.345150793090674e-07,0.0015794721583083276,-7.024943526110523,3870.443014607196,999,1456.6466303615327,1.4958262400057332e-14,1.27289726246745e-13,0.05720338350565928,9,0.548,0.0,conf_ellipsoid_z06,"0,1,11,13,28"
1000,5,1e-08,dense,3.614724252745324e-07,0.0023245615558383746,-7.154208473761583,6779.677737690664,999,1488.4330915707,-3.077019975622486e-13,1.128453065769426e-13,0.10372615878149857,9,0.734,0.0,conf_ellipsoid_z06,"8,10,18,20,28"
1000,5,1e-08,dense,5.096896051434026e-07,0.002360436197222012,-7.234565429877286,6795.136558874221,999,1224.634942586576,3.2411508373019466e-13,1.214509653513734e-13,0.07858036253520033,9,0.738,0.0,conf_ellipsoid_z06,"2,11,20,24,29"
1000,5,1e-08,dense,8.805103175295064e-07,0.0020962861749468063,-7.14689801628969,4332.89665451995,999,1234.6986704313072,-5.0495631981339884e-14,5.805917381353973e-14,0.08133497373630727,9,0.507,0.0,conf_ellipsoid_z06,"8,9,15,19,29"
1000,5,1e-08,dense,5.533012043289541e-07,0.0050803715571593674,-7.864036021796693,26665.89812832663,999,408.9536300286802,3.1258180519335473e-14,3.482235171299464e-14,0.08686827895812493,9,0.445,0.0,conf_ellipsoid_z06,"2,4,14,17,20"
1000,5,1e-08,dense,7.495607178910288e-07,0.0016100554673576088,-7.00210913307829,3908.019769087682,999,1719.0322228938958,1.0536846299519513e-13,4.555825634721393e-14,0.06986712097268905,9,0.756,0.0,conf_ellipsoid_z06,"0,2,3,23,26"
1000,5,1e-08,dense,2.8081443597310536e-08,0.0037058446309450976,-7.574510204959587,72628.05534635064,999,894.1622543293254,-2.0783476506179962e-13,8.297427120492368e-14,0.10931319391774616,9,0.724,0.0,conf_ellipsoid_z06,"2,19,23,25,28"
1000,5,1e-08,dense,5.275983113355818e-07,0.001626674955412101,-7.054949638527301,4963.227868844897,999,1770.4449977426673,-5.307799067543674e-13,2.1167948855892325e-13,0.06566018503722787,9,0.69,0.0,conf_ellipsoid_z06,"5,6,10,16,21"
1000,5,1e-08,dense,6.283223205014802e-07,0.0021080033307737424,-7.116393404137708,4927.958907891363,999,1355.3417939785386,-2.6714437953434533e-13,1.2375378571355351e-13,0.09121693111033014,9,0.701,0.0,conf_ellipsoid_z06,"3,18,22,26,27"
1000,5,1e-08,dense,1.2152649785369476e-06,0.0016655572167231815,-7.027070375233692,2858.5081082897777,999,1242.7403647559177,-3.824810777582673e-13,2.1002249264545544e-13,0.07524720242275632,9,0.656,0.0,conf_ellipsoid_z06,"5,7,8,25,27"
1000,5,1e-08,dense,6.162387927842007e-07,0.0019296103986563827,-7.14864921328002,5048.780228462344,999,1441.0783254404075,2.051890848084243e-13,8.401325053638072e-14,0.07446922910733592,9,0.682,0.0,conf_ellipsoid_z06,"6,8,20,21,31"
1000,5,1e-08,dense,6.457625693659912e-07,0.0018757620912105604,-7.072201827762862,5062.914597041636,999,1703.0545578332294,1.9156429817159773e-13,7.485443680547528e-14,0.05886636091755658,9,0.424,0.0,conf_ellipsoid_z06,"4,5,8,16,29"
1000,5,1e-08,dense,1.2138733969369688e-06,0.0014422905294588248,-6.975597727681597,2885.4349284455766,999,1380.212407352682,-7.374904282912969e-14,5.452029495551157e-14,0.06740493527026307,9,0.44,0.0,conf_ellipsoid_z06,"0,3,4,10,28"
1000,5,1e-08,dense,6.72678573732644e-07,0.001915019749424193,-7.118589873278431,4578.564268789108,999,1458.6899843929978,1.6021355561232171e-13,6.839379334346349e-14,0.0643698697774605,9,0.552,0.0,conf_ellipsoid_z06,"1,8,13,16,25"
1000,5,1e-08,dense,2.92055295098451e-07,0.0025797253507930467,-7.338436778996232,14112.711034449658,999,1277.1534538204046,1.5040166377947028e-13,5.91648080387347e-14,0.1011254499250287,9,0.661,0.0,conf_ellipsoid_z06,"6,16,28,29,31"
1000,5,1e-08,dense,2.8928426501444617e-07,0.002304512213817374,-7.194940210501479,9139.472564319518,999,1623.1765526091588,1.800985033849345e-13,6.957336598945153e-14,0.08992564506400255,9,0.809,0.0,conf_ellipsoid_z06,"13,16,29,30,31"
1000,5,1e-08,dense,1.502177231287026e-06,0.001903699851566455,-7.084322219716177,3006.321198633878,999,990.870629254045,3.0429108397508203e-13,1.767003198889967e-13,0.05575027767486226,9,0.54,0.0,conf_ellipsoid_z06,"1,6,7,10,16"
1000,5,1e-08,dense,6.243552243772345e-07,0.001933217061030008,-7.169016756580678,5622.506505703431,999,1406.4572047879942,1.269984032458596e-13,6.380747598922431e-14,0.08641223133176526,9,0.584,0.0,conf_ellipsoid_z06,"8,11,17,21,28"
1000,5,1e-08,dense,4.212324677138754e-07,0.0020540881116508564,-7.197852480150778,6681.644879106341,999,1411.8648761538936,1.7785686118321193e-14,3.325219247230401e-14,0.08752848977693908,9,0.767,0.0,conf_ellipsoid_z06,"2,5,15,21,30"
1000,8,1e-08,dense,3.5065200022883493e-07,0.003151950610236949,-7.415198664206657,12585.766722245533,999,1695.0442259204892,1.5503017706391953e-13,4.444932816017452e-14,0.17741040318312418,9,0.713,0.0,conf_ellipsoid_z06,"15,18,19,22,23,26,28,30"
1000,8,1e-08,dense,1.4310833344323354e-06,0.0022748414479472076,-7.061644728488471,2898.866924269987,999,1514.6182505952138,1.147836166393021e-13,5.022847655383387e-14,0.14056697661690057,9,0.42,0.0,conf_ellipsoid_z06,"0,4,8,9,14,20,30,31"
1000,8,1e-08,dense,1.0868084332416345e-06,0.0021452414337775707,-7.078618871491856,3376.7948747921446,999,2037.3700627227322,-3.3886294279993805e-13,1.1258841522322367e-13,0.15959817682013844,9,0.66,0.0,conf_ellipsoid_z06,"0,3,7,20,27,28,29,31"
1000,8,1e-08,dense,1.3218347093576364e-06,0.002304961592951361,-7.094748678347088,2982.1337311638554,999,1899.4283527022383,-3.9878186946254573e-13,1.2092272812487912e-13,0.13647322596722927,9,0.667,0.0,conf_ellipsoid_z06,"0,2,6,7,10,15,27,31"
1000,8,1e-08,dense,1.0545705791655938e-06,0.0035981755455798867,-7.303535465260733,4628.689204357002,999,1265.0773111473936,-4.986961364863606e-14,4.169632082310161e-14,0.16847041085476722,9,0.593,0.0,conf_ellipsoid_z06,"2,12,14,15,17,20,21,28"
1000,8,1e-08,dense,1.3045456685046875e-06,0.0021648172447967,-7.185925201247961,3703.3456314805,999,1860.2417201349103,-2.5517137542760997e-14,4.7897802180770526e-14,0.13353409206119426,9,0.456,0.0,conf_ellipsoid_z06,"2,4,5,6,12,13,15,18"
1000,8,1e-08,dense,1.2315069792886538e-06,0.0023767276043850385,-7.158258635909761,3665.2372013924846,999,1649.0848626349796,-1.4514604795845543e-13,5.068387107839795e-14,0.11754527300880767,9,0.589,0.0,conf_ellipsoid_z06,"2,5,12,14,22,24,26,30"
1000,8,1e-08,dense,1.9142157786281136e-06,0.002324897349862342,-7.080288784080199,2583.370843835088,999,1469.0160145821847,-1.7448525190765346e-14,7.283513746564829e-14,0.12013508616462532,9,0.53,0.0,conf_ellipsoid_z06,"1,3,7,10,17,18,25,27"
1000,8,1e-08,dense,1.100416486285349e-06,0.0018367723340602595,-7.076919295993555,3581.8214420134414,999,2172.688052400336,1.4999313920005694e-13,6.093788318909156e-14,0.11524730365241508,9,0.433,0.0,conf_ellipsoid_z06,"0,1,4,8,17,18,21,31"
1000,8,1e-08,dense,9.322356083106989e-07,0.0016749517140809383,-7.036267856817056,3726.5479215028013,999,2486.266579997645,2.0713033540455111e-13,7.150668617478379e-14,0.09902566872371797,9,0.502,0.0,conf_ellipsoid_z06,"0,9,10,11,13,19,23,26"
1000,8,1e-08,dense,1.1514732471227988e-06,0.0016649876086535494,-7.032473464779259,3202.3953922124383,999,2222.955666178099,7.256787994813904e-14,4.766384881887419e-14,0.13118673915083676,9,0.581,0.0,conf_ellipsoid_z06,"0,10,12,13,16,19,20,28"
1000,8,1e-08,dense,9.67454780251795e-07,0.002230717776154454,-7.34744982661813,6432.7592619633615,999,1860.3551090308858,-5.929386552049426e-14,3.8758978463349164e-14,0.13146187868320602,9,0.519,0.0,conf_ellipsoid_z06,"3,8,9,12,14,16,29,30"
1000,8,1e-08,dense,1.2279025059123405e-06,0.0016906800733501523,-7.071553253655441,3123.5290187493256,999,1887.7618898495662,3.491760411557446e-13,1.2770907314239944e-13,0.1267708138102846,9,0.58,0.0,conf_ellipsoid_z06,"0,5,13,14,15,17,20,22"
1000,8,1e-08,dense,7.518866179911321e-07,0.002004779775529614,-7.123109882299784,4442.818088052788,999,2153.0885042862237,1.1365648006078644e-13,3.108959769093963e-14,0.13689462417743037,9,0.421,0.0,conf_ellipsoid_z06,"4,8,10,12,21,24,26,28"
1000,8,1e-08,dense,8.665281788173687e-07,0.0030274133321670214,-7.331409016465863,6185.48501523558,999,1531.4343664470873,7.023786934012817e-14,2.572286548879103e-14,0.16128060500104338,9,0.524,0.0,conf_ellipsoid_z06,"9,10,17,18,20,23,24,25"
1000,8,1e-08,dense,1.926527014615696e-06,0.002185787003832939,-7.01157675708442,2284.1574177687726,999,1670.3274780610705,-1.5370512139677517e-13,4.9511852741139014e-14,0.09559438044431548,9,0.656,0.0,conf_ellipsoid_z06,"0,2,3,6,7,19,22,30"
1000,8,1e-08,dense,1.686977024732241e-06,0.0019670214737403683,-6.99420899010372,2536.9307680888496,999,1939.343685324413,-3.5406443402163923e-13,1.0709461864667934e-13,0.1243807902232387,9,0.61,0.0,conf_ellipsoid_z06,"0,3,7,10,11,20,28,30"
1000,8,1e-08,dense,6.696159939543535e-07,0.0025112292769939827,-7.321900479346049,6178.650209668898,999,1929.9151746101659,-4.815945981490856e-14,4.2936874467295154e-14,0.1663318763173683,9,0.543,0.0,conf_ellipsoid_z06,"1,3,6,8,16,19,27,28"
1000,8,1e-08,dense,1.071035161459135e-06,0.0017163912858255462,-7.06344159106033,3386.2748719302135,999,2162.1172604267135,3.88924499752913e-13,1.2388077385098844e-13,0.13480826723049666,9,0.573,0.0,conf_ellipsoid_z06,"3,10,12,13,18,19,24,25"
1000,8,1e-08,dense,2.0977820003698963e-06,0.002365856531072296,-7.113439592324863,2683.6023324388575,999,1371.679218343576,8.326449047252734e-14,5.1600344261995276e-14,0.12042043262654518,9,0.513,0.0,conf_ellipsoid_z06,"1,3,9,10,14,15,22,31"
1000,8,1e-08,dense,1.4126982866732306e-06,0.002407655966000254,-7.124118922631111,3213.769071261771,999,1542.0762139035846,-2.85618503150686e-13,9.34592044312213e-14,0.12131822411723288,9,0.536,0.0,conf_ellipsoid_z06,"1,7,12,13,16,23,25,27"
1000,8,1e-08,dense,4.52961012935297e-07,0.002204747798175846,-7.191866810397199,6571.038601042259,999,2244.3808243820445,2.2763431764549757e-13,6.488851163279919e-14,0.17988269613814548,9,0.839,0.0,conf_ellipsoid_z06,"3,11,16,18,19,27,28,31"
1000,8,1e-08,dense,1.6210882492797314e-06,0.0026202264486338313,-7.327933328873689,5887.829804904972,999,1110.7734122574539,-3.975243528450689e-14,2.7639582787825824e-14,0.1039056526408546,9,0.457,0.0,conf_ellipsoid_z06,"1,4,6,7,12,16,20,29"
1000,8,1e-08,dense,2.1511621825074706e-06,0.0024273055238233994,-7.0348290258446236,2254.765950245568,999,1422.7426266903858,2.9417872647163346e-13,1.0004434886426734e-13,0.11243145383114109,9,0.446,0.0,conf_ellipsoid_z06,"4,5,6,8,12,20,22,28"
1000,8,1e-08,dense,6.100165466660405e-07,0.0028349524474655763,-7.300247030034292,7026.498204933972,999,1683.963486132907,-1.1264878449813534e-13,3.850927372601937e-14,0.16050398767001178,9,0.433,0.0,conf_ellipsoid_z06,"4,10,15,17,23,24,28,29"
1000,8,1e-08,dense,6.876691267578903e-07,0.0020730921872760834,-7.1303103655917,4692.896028771434,999,2269.5908142201183,-1.7615943426196878e-13,5.171494649461069e-14,0.1389013485518461,9,0.706,0.0,conf_ellipsoid_z06,"6,10,11,13,22,24,29,31"
1000,8,1e-08,dense,4.639549380509884e-07,0.0020319944673683004,-7.174940053890147,5844.793587507398,999,2389.558311441133,1.7162421657446192e-13,6.402823258474996e-14,0.12120284052113052,9,0.557,0.0,conf_ellipsoid_z06,"1,3,11,13,19,24,26,31"
1000,8,1e-08,dense,7.946875761190372e-07,0.0019949216732441564,-7.148548610358636,4293.377082279621,999,2088.3274063853464,-2.0548948937759445e-13,7.549414470879168e-14,0.11887628329733482,9,0.662,0.0,conf_ellipsoid_z06,"6,7,13,14,16,21,28,31"
1000,8,1e-08,dense,4.0993822340144707e-07,0.002707834623295448,-7.460496657752056,11053.683602157083,999,2063.9782069846115,-9.411395671899101e-15,2.218183244819317e-14,0.1478593866937874,9,0.588,0.0,conf_ellipsoid_z06,"3,11,14,16,17,19,21,29"
1000,8,1e-08,dense,8.096649201215831e-07,0.0020184720923260473,-7.112606622094994,4275.477854439736,999,2506.3113264368258,-5.2917305953803506e-14,3.16618603584301e-14,0.0993878265213928,9,0.53,0.0,conf_ellipsoid_z06,"0,7,9,16,21,26,29,31"
1000,3,1e-08,dense,1.2153822038038017e-08,0.0032932890536208808,-7.51112293048748,118164.79225291728,998,413.7257273758048,-6.324532098121433e-14,8.367480385079868e-14,0.05602587031891856,9,0.44,0.0,conf_hemisphere_sq,"4,12,29"
1000,3,1e-08,dense,1.3979947612472006e-08,0.005476888872229092,-8.174150928908336,523817.4387460021,970,352.6294114716092,-1.6815626198855565e-16,4.2931884634953267e-14,0.07670879509654158,9,0.662,0.0,conf_hemisphere_sq,"2,7,30"
1000,3,1e-08,dense,1.7064611589770406e-08,0.005691567555922967,-8.170036262421927,280507.59038807993,978,374.6352964599669,-1.1359671343867252e-13,6.677449591515506e-14,0.06515887521240486,9,0.575,0.0,conf_hemisphere_sq,"12,23,25"
1000,3,1e-08,dense,2.6666593369006693e-08,0.007112601724364145,-8.263496622631672,349152.24392762606,905,267.1081647366365,-4.5941115495162776e-14,4.052624202499894e-14,0.06898068923162333,9,0.676,0.0,conf_hemisphere_sq,"14,20,30"
1000,3,1e-08,dense,4.1367065009833973e-07,0.001922807618776679,-7.109352053718443,6385.316671387391,999,1023.3980407889669,-2.9925609066512e-13,1.7593844559509779e-13,0.0328981270439688,9,0.658,0.0,conf_hemisphere_sq,"7,8,16"
1000,3,1e-08,dense,3.888115824954043e-08,0.003170115290966424,-7.831984190176186,96297.7825458455,982,616.5018790498046,-2.2008121966259763e-16,9.931147488912703e-14,0.06806656315381197,9,0.44,0.0,conf_hemisphere_sq,"3,4,11"
1000,3,1e-08,dense,1.2772557132099528e-07,0.002143608282075367,-7.206812596639068,17702.519070598762,999,1069.7580951498715,6.189692855484985e-13,2.955377964111595e-13,0.057454817072262826,9,0.871,0.0,conf_hemisphere_sq,"13,28,29"
1000,3,1e-08,dense,3.209216532125563e-07,0.0020688799301001658,-7.229454148245291,9534.708921907752,999,995.7822724862601,1.6021266344840024e-13,1.0233630559567095e-13,0.05467773090743706,9,0.687,0.0,conf_hemisphere_sq,"6,8,29"
1000,3,1e-08,dense,7.175817982246513e-07,0.0025115971923707872,-7.223405346137594,5461.10020622652,999,503.76533688916425,-6.770766673019921e-14,9.175817178997084e-14,0.05091129530714556,9,0.718,0.0,conf_hemisphere_sq,"2,11,25"
1000,3,1e-08,dense,1.2063936297584245e-08,0.006402381453692386,-8.21429520469551,524282.93272888806,941,353.0390057539534,-2.2706718780364856e-16,5.687489859465759e-14,0.07226588259135969,9,0.678,0.0,conf_hemisphere_sq,"7,28,30"
1000,3,1e-08,dense,3.0068668833516763e-07,0.0018956184972079332,-7.201731831768583,9646.884979841408,999,1008.0428365983958,1.2450539312203684e-13,1.3527543530220708e-13,0.048482485895023124,9,0.898,0.0,conf_hemisphere_sq,"11,21,23"
1000,3,1e-08,dense,1.5386573837660687e-08,0.0033657088639894414,-7.702300816931486,148549.1086157076,977,456.74722612185667,-5.46394416715327e-13,4.063046034858439e-13,0.05148053526267772,9,0.528,0.0,conf_hemisphere_sq,"3,9,22"
1000,3,1e-08,dense,6.671260317457959e-08,0.0033278592545048836,-7.554333812162498,39372.856765256816,999,656.6297656564423,1.788489790158698e-13,9.945084332035397e-14,0.07787216901289873,9,0.704,0.0,conf_hemisphere_sq,"22,26,28"
1000,3,1e-08,dense,5.6146392222408853e-08,0.0017207061500862735,-7.122583372243454,25689.9217008515,999,1219.2136232484934,1.6552038782794637e-13,1.4716393190348053e-13,0.06891048353989912,9,0.802,0.0,conf_hemisphere_sq,"0,2,5"
1000,3,1e-08,dense,8.201809747727975e-08,0.003308653263365359,-7.503063801619994,36951.89796379689,992,536.5095450507695,-1.6837347182786845e-13,1.0648568596984324e-13,0.06541241656825338,9,0.589,0.0,conf_hemisphere_sq,"17,18,30"
1000,3,1e-08,dense,8.230528753367891e-07,0.002611959303826861,-7.1661106988342205,4865.990858199389,999,608.5507519992673,-1.9892388698830753e-13,1.4240056495151994e-13,0.05147493096467588,9,0.722,0.0,conf_hemisphere_sq,"3,15,25"
1000,3,1e-08,dense,5.552167010187968e-07,0.002730184412833968,-7.256523932627031,7437.970281278121,999,571.7562911301959,2.0733920758242272e-13,1.4726689334034023e-13,0.05724701210552989,9,0.511,0.0,conf_hemisphere_sq,"9,21,25"
1000,3,1e-08,dense,4.517918427367088e-07,0.0023265089510746766,-7.137915011993305,7093.583742136805,999,647.5993971868763,-1.6661043204801995e-13,1.3380822933789106e-13,0.05482152948395734,9,0.535,0.0,conf_hemisphere_sq,"9,13,30"
1000,3,1e-08,dense,1.4058992259484334e-08,0.003393811068625172,-7.81048461303643,247459.3869595348,969,307.4316135722438,-2.1579581729311372e-16,7.635311837761808e-14,0.03885746007326946,9,0.472,0.0,conf_hemisphere_sq,"4,11,12"
1000,3,1e-08,dense,3.4694267954452623e-07,0.002607335984283814,-7.228599624509073,8735.119888902169,999,623.902490564112,8.433268731782018e-14,7.071859246107488e-14,0.059498910403837174,9,0.657,0.0,conf_hemisphere_sq,"7,21,25"
1000,3,1e-08,dense,1.5609715717865042e-08,0.003308896424399115,-7.669473390781608,225046.768843399,984,632.5271742138706,-2.019485645228995e-16,5.59976938763608e-14,0.07935146353577882,9,0.669,0.0,conf_hemisphere_sq,"14,23,31"
1000,3,1e-08,dense,2.9211326021707634e-07,0.002154387361836689,-7.201747975719406,8648.17329493983,999,876.5305415853082,-1.502088926332024e-13,9.43474964223499e-14,0.07349839860370372,9,0.673,0.0,conf_hemisphere_sq,"7,10,21"
1000,3,1e-08,dense,1.2448470270347253e-07,0.0017537184438797934,-7.0885798503920014,17670.405502979254,999,1305.418496688052,3.052815742339316e-13,1.703391620302285e-13,0.042081453466872046,9,0.914,0.0,conf_hemisphere_sq,"8,11,13"
1000,3,1e-08,dense,1.426738692476776e-07,0.0016768805476932876,-7.0541819279069,18538.195712661975,999,1404.5757061316583,-4.959050045364972e-13,2.4685620773168793e-13,0.039583251917558904,9,0.973,0.0,conf_hemisphere_sq,"0,13,24"
1000,3,1e-08,dense,3.0298411547459545e-07,0.002523398630715928,-7.341691444778264,12993.037126084278,998,500.91203845446904,-1.8590121270438322e-13,1.7369257962081072e-13,0.048115812412746255,9,0.542,0.0,conf_hemisphere_sq,"9,14,18"
1000,3,1e-08,dense,8.748427179315283e-08,0.0028952819915650267,-7.3556849057602935,22737.99323778393,999,674.4376034534819,1.449159531523997e-13,1.0186900605809576e-13,0.06816811961830366,9,0.803,0.0,conf_hemisphere_sq,"2,15,24"
1000,3,1e-08,dense,5.69295119371749e-07,0.0016656328426683368,-7.068512945018642,5608.350268110708,999,968.6907739789586,4.739673050184776e-13,3.228937845085063e-13,0.055502047160485575,9,0.667,0.0,conf_hemisphere_sq,"3,13,14"
1000,3,1e-08,dense,1.2632177181285309e-08,0.0028954704498494613,-7.749718864367952,287892.2513214872,995,997.7168531945321,5.866007690204426e-17,5.69565178440298e-14,0.07697600056423312,9,0.897,0.0,conf_hemisphere_sq,"11,16,24"
1000,3,1e-08,dense,2.507825312375115e-07,0.0017015796353780383,-7.066206619817521,9311.521925144825,999,1172.8387460421557,-1.0022300687946513e-13,9.707551603855228e-14,0.03727396570040131,9,0.787,0.0,conf_hemisphere_sq,"0,8,30"
1000,3,1e-08,dense,1.206701339313012e-06,0.001758464770672768,-7.0287614047310365,3162.4791461668183,999,766.4363102277421,-2.6599658382224587e-13,2.131135705263999e-13,0.046909531512237465,9,0.738,0.0,conf_hemisphere_sq,"3,10,25"
1000,5,1e-08,dense,6.829647726344728e-07,0.002845043999798132,-7.240878202345753,6171.215201741166,999,973.8233354881799,6.357864538661384e-13,2.566911689058753e-13,0.10891482928054703,9,0.459,0.0,conf_hemisphere_sq,"4,15,16,23,30"
1000,5,1e-08,dense,4.973808042994832e-07,0.0016784409279448232,-7.055716171247868,5572.220899181512,999,2017.8875203113093,-7.80086279918004e-14,5.137272818995887e-14,0.05196625623136662,9,0.717,0.0,conf_hemisphere_sq,"0,3,8,13,25"
1000,5,1e-08,dense,2.0650501740601594e-08,0.0029382267649095324,-7.436648534523367,63427.95987787825,999,1113.0251071055948,1.3619352295783128e-13,4.8190646121500115e-14,0.11487879678676229,9,0.739,0.0,conf_hemisphere_sq,"16,20,24,27,28"
1000,5,1e-08,dense,8.668027649571653e-07,0.002352865592743963,-7.152027850109553,4347.6095082049,999,1115.0564288955584,7.283887035192116e-15,4.32998639848982e-14,0.12999717280135,9,0.706,0.0,conf_hemisphere_sq,"6,13,23,25,27"
1000,5,1e-08,dense,8.210278296129111e-07,0.002885414460820637,-7.166110462968831,4517.543281469359,999,989.5747554318548,-1.9976370817936795e-13,8.005446477189762e-14,0.12921376703388895,9,0.645,0.0,conf_hemisphere_sq,"6,13,14,27,28"
1000,5,1e-08,dense,1.3541062347044922e-06,0.002513932292721751,-7.23411136183815,4618.9690487094285,999,806.1752458637507,-2.8808552765546835e-13,1.6490144590360886e-13,0.08294817632891961,9,0.505,0.0,conf_hemisphere_sq,"1,7,14,15,21"
1000,5,1e-08,dense,1.0326772244134504e-06,0.001904706913695586,-7.1294221057647205,4066.203970282097,999,1235.037988443225,2.4376881764006115e-13,1.2676149448926757e-13,0.0837840231682104,9,0.515,0.0,conf_hemisphere_sq,"8,9,19,20,26"
1000,5,1e-08,dense,6.822229217057863e-07,0.0019939097656351576,-7.251188713244772,6411.2182901814895,999,1407.159594678724,2.2059579724953294e-13,1.1309524250074646e-13,0.07959845604684354,9,0.597,0.0,conf_hemisphere_sq,"3,8,14,17,29"
1000,5,1e-08,dense,2.4729281836190075e-07,0.005063205302729718,-7.673171199520483,22466.936550280636,999,524.8815831284029,8.455779479388248e-14,5.262254260093664e-14,0.08805708885423405,9,0.517,0.0,conf_hemisphere_sq,"6,7,9,20,23"
1000,5,1e-08,dense,1.1199756763470074e-08,0.008936964306025993,-8.544401080171003,510608.3618323077,938,310.41381206581775,-3.639230635434578e-14,2.36455681810951e-14,0.09890491663176945,9,0.439,0.0,conf_hemisphere_sq,"4,12,15,17,25"
1000,5,1e-08,dense,4.857403517673403e-07,0.001748391167534509,-7.0782424205754,5947.139694837219,999,1851.4906443897567,3.827502173338483e-13,1.5521330022090156e-13,0.10477000663385186,9,0.729,0.0,conf_hemisphere_sq,"0,10,18,21,25"
1000,5,1e-08,dense,7.912579393526655e-07,0.002797039813671552,-7.3203146469741975,5976.001691611654,999,867.2232437081153,2.664722502231651e-13,1.320159431731941e-13,0.10022692450022638,9,0.462,0.0,conf_hemisphere_sq,"4,11,14,17,21"
1000,5,1e-08,dense,5.094118028159283e-07,0.002737547597359501,-7.3041008057151044,7095.637426472718,999,1088.7779951827292,1.321519662363796e-13,5.5085453621526026e-14,0.10446766353129294,9,0.503,0.0,conf_hemisphere_sq,"3,9,21,27,30"
1000,5,1e-08,dense,5.640136150127083e-07,0.0030787678910392676,-7.401236710432041,10506.089444826852,999,770.5742952771062,-8.189336795499935e-14,7.133843306787291e-14,0.09836027344153885,9,0.531,0.0,conf_hemisphere_sq,"2,9,15,24,30"
1000,5,1e-08,dense,7.243937623291928e-07,0.0018994637005236167,-7.166568443113097,5141.144307615797,999,1487.698650922305,-3.7688363899868823e-13,1.533945956203121e-13,0.06958874398502708,9,0.514,0.0,conf_hemisphere_sq,"1,5,18,21,30"
1000,5,1e-08,dense,1.1329371455137104e-06,0.0020468329549896886,-7.185965448727309,4238.465308161525,999,1073.5005247912875,5.289063458031665e-14,5.777297771458587e-14,0.07428029454037377,9,0.506,0.0,conf_hemisphere_sq,"1,9,13,18,20"
1000,5,1e-08,dense,4.3660335665843855e-07,0.0017150282479908335,-7.078984437805181,6312.015209639527,999,1879.3752928149788,-2.1533345054619086e-13,1.1954594133217468e-13,0.08280360689652869,9,0.736,0.0,conf_hemisphere_sq,"0,8,24,25,26"
1000,5,1e-08,dense,2.527273394932615e-08,0.0032604683759664965,-7.843368045653062,136634.21862575106,999,1098.6816907526265,-6.948954338482841e-14,3.850779034430782e-14,0.10408178928700493,9,0.689,0.0,conf_hemisphere_sq,"3,6,11,24,25"
1000,5,1e-08,dense,7.052317178138213e-07,0.0020982200207295917,-7.101680533629462,4407.929794553108,999,1326.3808340693784,6.147415475971085e-14,7.780502330819737e-14,0.09353271043641316,9,0.739,0.0,conf_hemisphere_sq,"2,8,25,28,29"
1000,5,1e-08,dense,5.463681702475779e-07,0.001684671067231768,-7.059981637529383,5447.732676672255,999,1659.4160424265613,2.1092717348801863e-13,1.0154081800898068e-13,0.07257876338812805,9,0.442,0.0,conf_hemisphere_sq,"0,4,13,16,27"
1000,5,1e-08,dense,3.6552826533670033e-07,0.0024037696187829416,-7.245325091696466,8845.08766126895,999,1389.9586923521167,3.4385450216334323e-13,1.3341178037753032e-13,0.10278265974202049,9,0.818,0.0,conf_hemisphere_sq,"11,15,21,28,31"
1000,5,1e-08,dense,3.319566093926302e-07,0.0019109015535000156,-7.1525495962387735,8436.789435381499,999,1812.4216927439488,5.773789346698749e-13,1.9870077006001217e-13,0.08514759801793327,9,0.427,0.0,conf_hemisphere_sq,"4,5,13,21,31"
1000,5,1e-08,dense,1.6353927736026472e-06,0.002294051444326271,-7.185006880278741,4173.334327434984,999,992.7208975977718,3.726078702869071e-13,1.9503116964560974e-13,0.07717884904271732,9,0.529,0.0,conf_hemisphere_sq,"2,6,9,11,26"
1000,5,1e-08,dense,7.82316965939326e-08,0.0045640489112764165,-7.5892467143018925,64375.02044923422,999,538.9719333384472,2.1251048392646237e-14,4.5002312352919776e-14,0.10546581665830371,9,0.59,0.0,conf_hemisphere_sq,"7,11,12,17,28"
1000,5,1e-08,dense,1.7940546331234205e-07,0.0024095231958769126,-7.485264424054018,22850.056059764192,998,1290.0938873986283,2.9835123651794935e-13,1.1045933073050131e-13,0.1163493341926479,9,0.596,0.0,conf_hemisphere_sq,"3,16,17,29,30"
1000,5,1e-08,dense,3.182691243085147e-07,0.002878468615482807,-7.319501548382032,10073.571620588868,999,1221.5407556668401,-2.1828795281758633e-13,1.0710074993896746e-13,0.12527372845614643,9,0.65,0.0,conf_hemisphere_sq,"8,14,27,29,30"
1000,5,1e-08,dense,3.7042811374994524e-07,0.006698723019681756,-8.231046600559113,48628.293588394714,999,344.23649744578904,-8.942471227760002e-14,5.839686383179408e-14,0.0874810828319966,9,0.445,0.0,conf_hemisphere_sq,"1,4,14,25,28"
1000,5,1e-08,dense,7.446754811393947e-07,0.0019344428800116388,-7.080429852805835,4336.501685789504,999,1423.1534458620085,4.756416614737358e-13,2.0731540773685265e-13,0.09014885428467657,9,0.819,0.0,conf_hemisphere_sq,"3,13,15,19,27"
1000,5,1e-08,dense,5.408183940027788e-07,0.001764037442688305,-7.0655324492852065,5698.1493677644,999,1882.4340008090962,1.2181380036613287e-12,3.869157144169455e-13,0.0840833112344299,9,0.867,0.0,conf_hemisphere_sq,"0,16,19,21,23"
1000,5,1e-08,dense,5.688115041185391e-07,0.0024187920268546803,-7.322089312338464,8581.255562294453,999,1182.4859333038776,-1.0798436059014276e-13,4.4598003989829097e-14,0.09275425341278966,9,0.567,0.0,conf_hemisphere_sq,"12,16,19,23,31"
1000,8,1e-08,dense,2.1776022575110486e-06,0.0014088396636787385,-6.971450832654184,2376.944553689531,999,2212.9153822350772,5.187853388522422e-13,2.2247004393863243e-13,0.07148610320946272,9,0.44,0.0,conf_hemisphere_sq,"0,2,3,4,5,7,8,9"
1000,8,1e-08,dense,7.962917409846128e-07,0.0018940672496245102,-7.139398332716814,4449.322120496149,999,2124.739980120437,9.460837264974563e-14,3.2207783445994684e-14,0.14371089707644383,9,0.666,0.0,conf_hemisphere_sq,"6,8,14,15,16,20,26,31"
1000,8,1e-08,dense,8.402994488038829e-07,0.0021722455470658954,-7.152002957306694,4521.632751683655,999,2032.8497927309425,-5.084784589909352e-13,1.4271563690527125e-13,0.18375272352328667,9,0.685,0.0,conf_hemisphere_sq,"7,8,11,21,22,28,30,31"
1000,8,1e-08,dense,1.5145507208077802e-06,0.002606445411971459,-7.233742558796043,4303.931886242299,999,1490.0058677223685,-5.820123387872917e-13,1.677276093702095e-13,0.16665828108028374,9,0.514,0.0,conf_hemisphere_sq,"7,9,10,12,21,22,27,29"
1000,8,1e-08,dense,1.0037400884247728e-06,0.0018917189107169818,-7.102988875584276,3932.7946595949056,999,2139.5022877853744,5.82905752706585e-13,1.562776759178997e-13,0.14847335841889686,9,0.592,0.0,conf_hemisphere_sq,"2,8,13,17,22,23,27,29"
1000,8,1e-08,dense,9.959873082335905e-07,0.0017720898442272427,-7.077442375754208,4049.61042453066,999,2488.3990214273,5.221692832114619e-13,1.3469884661862e-13,0.13120707240873097,9,0.575,0.0,conf_hemisphere_sq,"8,10,11,12,13,29,30,31"
1000,8,1e-08,dense,1.266229811709513e-06,0.0015185545975195613,-7.039880152609278,3189.0122506977223,999,2359.726088896338,5.838322989122624e-13,2.1446006493431e-13,0.13104402316995026,9,0.665,0.0,conf_hemisphere_sq,"2,3,5,7,16,18,24,30"
1000,8,1e-08,dense,1.5966660988418192e-06,0.0015429862803219459,-7.046166763119203,3034.9876576599177,999,2131.6290513725303,-5.171516830788402e-14,4.731370582144678e-14,0.12090553399862869,9,0.492,0.0,conf_hemisphere_sq,"1,5,8,13,14,17,19,23"
1000,8,1e-08,dense,9.876374150262787e-07,0.0017616954323614116,-7.061428257853349,3516.840788774473,999,2176.1604800191744,2.460839070711829e-13,1.0495793934517716e-13,0.1426115787322399,9,0.667,0.0,conf_hemisphere_sq,"2,3,13,14,16,25,26,30"
1000,8,1e-08,dense,1.2337643643592125e-06,0.0018358172277870592,-7.082463396762689,3556.206093045823,999,2314.057529124477,1.4566653615036168e-13,5.449035813377487e-14,0.15129230587974954,9,0.662,0.0,conf_hemisphere_sq,"3,5,7,10,21,28,29,30"
1000,8,1e-08,dense,1.6637193425480514e-06,0.001666396026056593,-7.05295856476393,2849.641915915792,999,2100.8333765662,-3.7753057305988325e-13,1.368191503359307e-13,0.11318219435264276,9,0.506,0.0,conf_hemisphere_sq,"2,3,5,7,9,21,27,29"
1000,8,1e-08,dense,9.591561809482326e-07,0.002270338509921831,-7.228896843086723,5026.571585032175,999,1923.5555907447574,5.881853164246831e-13,1.5419089656601576e-13,0.14758286497908227,9,0.472,0.0,conf_hemisphere_sq,"1,4,13,20,24,26,27,29"
1000,8,1e-08,dense,7.94142422776296e-07,0.001880746394310342,-7.089313537368483,4375.34636846633,999,2357.821169591244,-8.903349207572629e-13,2.1604750622341463e-13,0.14674986287857325,9,0.435,0.0,conf_hemisphere_sq,"0,4,11,18,19,21,29,30"
1000,8,1e-08,dense,1.3646190159681786e-06,0.002177985124084582,-7.2143441381089985,4480.263858810239,999,1715.7689634890899,2.7036966415649682e-14,8.234106441135239e-14,0.12997224982070116,9,0.44,0.0,conf_hemisphere_sq,"4,9,10,11,17,18,29,31"
1000,8,1e-08,dense,1.885217644183332e-06,0.0025468871873004944,-7.214013312167688,3481.6848422169064,999,1459.345742737451,6.86303600462345e-14,4.420797682230984e-14,0.13907824187045856,9,0.591,0.0,conf_hemisphere_sq,"6,7,8,11,12,14,17,29"
1000,8,1e-08,dense,1.002553954836304e-06,0.002804075967625745,-7.287473511692243,5091.470974853421,999,1821.5832481225777,7.343776194656649e-13,1.7337316514683968e-13,0.16546605761205535,9,0.573,0.0,conf_hemisphere_sq,"5,6,17,23,25,26,28,31"
1000,8,1e-08,dense,9.270494254134066e-07,0.0023123139313613256,-7.207618271595363,4716.656159347923,999,1956.310005528701,-3.0527685510233617e-13,1.0245092183402207e-13,0.12803891547021476,9,0.576,0.0,conf_hemisphere_sq,"2,10,12,13,15,19,25,26"
1000,8,1e-08,dense,1.1543955231797013e-06,0.0026682367372705355,-7.237158008349506,4702.711031859686,999,1519.5810386599615,2.070357773870052e-13,6.601314051101757e-14,0.15615873706645755,9,0.455,0.0,conf_hemisphere_sq,"4,12,14,15,16,20,21,23"
1000,8,1e-08,dense,8.800678272564894e-07,0.001708324818225147,-7.064502546180066,3980.300444907082,999,2412.28509845571,4.033013580037165e-13,1.2170604147407622e-13,0.11877380659547905,9,0.587,0.0,conf_hemisphere_sq,"0,6,8,12,13,16,19,22"
1000,8,1e-08,dense,1.5988031220066536e-06,0.0032815797734539022,-7.435728921225988,7534.070498865623,999,1225.8336149831532,5.601759875191312e-14,4.928605706869672e-14,0.14027284160133927,9,0.45,0.0,conf_hemisphere_sq,"1,4,9,11,14,15,24,29"
1000,8,1e-08,dense,1.0913908566759364e-06,0.0038186197254054133,-7.298858602551383,5088.823768996064,999,1309.5068334471462,1.4940353834887567e-13,4.337115417448026e-14,0.19580705109319552,9,0.583,0.0,conf_hemisphere_sq,"12,13,17,20,22,27,30,31"
1000,8,1e-08,dense,1.4268318793623183e-06,0.0032083585429869776,-7.211796977472616,3610.535688048817,999,1323.403237737058,-3.327589939705611e-13,9.499341137412782e-14,0.1450871346024257,9,0.583,0.0,conf_hemisphere_sq,"6,11,13,17,19,20,22,25"
1000,8,1e-08,dense,1.4382632668856272e-06,0.0018669076940994681,-7.147624752940688,3455.8657811774597,999,1834.7301062800825,-1.7217055320240266e-13,6.697726719593489e-14,0.10319912877642623,9,0.52,0.0,conf_hemisphere_sq,"1,3,9,11,13,20,28,29"
1000,8,1e-08,dense,1.3338848659967756e-06,0.0023411792618941475,-7.212004977412088,3998.039979208573,999,1744.3330835124557,9.493976785290357e-13,2.704134460349054e-13,0.1514923902523256,9,0.569,0.0,conf_hemisphere_sq,"2,5,6,10,12,15,29,30"
1000,8,1e-08,dense,9.657342007918412e-07,0.0025167150872669668,-7.191176167979843,4560.9956577848025,999,1897.5948924037066,1.5152527670092564e-13,7.425414105285588e-14,0.18279696563979916,9,0.532,0.0,conf_hemisphere_sq,"9,13,16,17,22,29,30,31"
1000,8,1e-08,dense,8.485362877247782e-07,0.0017455863987096772,-7.0598593041206525,3960.9544757675985,999,2577.409900296288,-5.47607577340876e-13,1.5410801245400532e-13,0.15224274560102896,9,0.672,0.0,conf_hemisphere_sq,"0,7,8,10,14,18,26,28"
1000,8,1e-08,dense,1.4823461727831963e-06,0.0030308373592479567,-7.345632169421481,5542.733171143477,999,1294.6375690716113,-1.826838410634666e-13,1.0020502007898585e-13,0.14167917193685348,9,0.521,0.0,conf_hemisphere_sq,"6,7,9,16,19,22,23,28"
1000,8,1e-08,dense,1.475294004078514e-06,0.003258690157842241,-7.268655595676911,4507.520982891746,999,1237.9153347224449,-3.5622311019385393e-13,1.0254865781597184e-13,0.16618138098361615,9,0.424,0.0,conf_hemisphere_sq,"2,4,11,17,19,25,26,30"
1000,8,1e-08,dense,7.749853539096191e-07,0.0019824439755090823,-7.1887028440316545,5651.51489362645,999,2431.230571349023,3.193608572038542e-13,7.717956156330879e-14,0.13782528550866083,9,0.551,0.0,conf_hemisphere_sq,"7,9,13,18,21,24,28,29"
1000,8,1e-08,dense,1.1009343101577136e-06,0.0029619593134748066,-7.262484660799578,4647.9574571727135,999,1761.674557108508,2.2493291948333307e-14,1.895804297506967e-14,0.16681409440483502,9,0.585,0.0,conf_hemisphere_sq,"8,11,17,19,22,23,24,27"
1000,3,1e-08,dense,6.258533950951721e-08,0.002818892414488305,-7.34924989872949,37976.99177736885,999,722.8168886227384,-1.5403918765120114e-13,1.0008521566925423e-13,0.07448323002715554,9,0.696,0.0,conf_icosphere_sub3,"14,19,26"
1000,3,1e-08,dense,7.010297407547663e-08,0.002977540302373141,-7.416893020655421,34614.415037519335,998,619.3085352334408,-1.079803850657148e-13,1.0936165922348915e-13,0.07728964753223151,9,0.662,0.0,conf_icosphere_sub3,"14,18,27"
1000,3,1e-08,dense,1.0512632958903973e-08,0.007572375969184011,-8.501713132242791,709693.2153603057,901,281.42346101451676,-3.602575934117355e-16,2.1902202175828316e-13,0.09461528922521206,9,0.573,0.0,conf_icosphere_sub3,"12,15,20"
1000,3,1e-08,dense,6.712912532179904e-07,0.0020922672859340326,-7.1505581918698375,5503.764264875714,999,609.5263946561515,-8.497388472085612e-14,1.1328242122217035e-13,0.06269910017747012,9,0.564,0.0,conf_icosphere_sub3,"5,12,22"
1000,3,1e-08,dense,1.4458323238102703e-08,0.00993030807260481,-8.475237816821652,355512.3480048898,858,117.25031196161889,-8.93622198808175e-14,9.516012655183968e-14,0.055444295298970915,9,0.5,0.0,conf_icosphere_sub3,"1,9,20"
1000,3,1e-08,dense,7.034881012700747e-08,0.0017456301678670841,-7.130213673885442,29855.958727108773,999,1308.8846804599862,9.276983368173143e-13,4.256535753758111e-13,0.053766489472905264,9,0.899,0.0,conf_icosphere_sub3,"13,19,21"
1000,3,1e-08,dense,5.305964417844494e-07,0.0017768713032947244,-7.126933472760379,6095.635792316185,999,851.5376583907095,-3.7684373850599417e-13,3.476067898930068e-13,0.05121060137117381,9,0.819,0.0,conf_icosphere_sub3,"2,13,30"
1000,3,1e-08,dense,3.166715818797909e-07,0.00187887097161518,-7.1641258241561365,7966.204985012206,999,943.4703527916056,-7.919975728413285e-14,8.596733999869412e-14,0.06006774333858256,9,0.543,0.0,conf_icosphere_sub3,"10,12,13"
1000,3,1e-08,dense,3.1551872014837934e-07,0.001649049419814031,-7.069899838574269,8705.162199945311,999,1126.8612910221375,-1.1155404164913086e-12,6.671144970971074e-13,0.06670741928869939,9,0.762,0.0,conf_icosphere_sub3,"0,6,16"
1000,3,1e-08,dense,1.0418660389094816e-08,0.008895382286332505,-8.744507504960337,917487.1043973702,894,162.50288082407585,-2.261732241879364e-16,1.9475939012468192e-13,0.06595185886230406,9,0.445,0.0,conf_icosphere_sub3,"4,6,22"
1000,3,1e-08,dense,1.0483111649457035e-07,0.0030551404849769753,-7.371999119019011,24162.74459253411,999,630.361917522218,-1.901111917708357e-13,1.3374531145456377e-13,0.094338903403449,9,0.84,0.0,conf_icosphere_sub3,"2,24,27"
1000,3,1e-08,dense,8.190395745009532e-07,0.001536886754443857,-6.986849285494598,4210.087459707658,999,844.9191119389542,-1.4369957084200746e-13,1.591640567349335e-13,0.06991363399843475,9,0.683,0.0,conf_icosphere_sub3,"0,14,28"
1000,3,1e-08,dense,1.647045906246485e-07,0.0017905826829786562,-7.071399545794476,12666.800677348496,999,1141.4112779971424,-3.4012297051201493e-13,2.0528910467246286e-13,0.06612391841930385,9,0.909,0.0,conf_icosphere_sub3,"3,13,19"
1000,3,1e-08,dense,1.2840893518026355e-08,0.00454629508112866,-7.881537282966505,315033.8619251625,981,574.5034799537777,-2.167710455580625e-13,1.0928003611951824e-13,0.10392881788072687,9,0.746,0.0,conf_icosphere_sub3,"15,20,31"
1000,3,1e-08,dense,1.1908173171301158e-06,0.0014610871194216497,-6.981969348819496,3167.3536289430403,999,986.7784011637202,1.3137517669208865e-13,1.1359994240432638e-13,0.03843477372125506,9,0.739,0.0,conf_icosphere_sub3,"0,6,10"
1000,3,1e-08,dense,6.001669417854263e-07,0.0015067377291907583,-7.013179338251792,4374.76024943742,999,962.6899312155937,3.344092174397198e-13,3.2466506010167145e-13,0.04354731323046726,9,0.566,0.0,conf_icosphere_sub3,"0,12,24"
1000,3,1e-08,dense,4.6462730131705635e-07,0.001755631285295911,-7.068655569492032,7219.352640312353,999,1124.3411884869938,4.474374765785293e-13,2.6800532236724785e-13,0.04986194315262487,9,0.973,0.0,conf_icosphere_sub3,"3,10,16"
1000,3,1e-08,dense,9.390647583460288e-07,0.0014801226178551348,-7.05852142154771,4311.352124059164,999,898.6133606429977,-8.00720390932319e-14,1.025672185218431e-13,0.04874149561475959,9,0.7,0.0,conf_icosphere_sub3,"5,7,24"
1000,3,1e-08,dense,8.255774702911375e-08,0.0015735923062007381,-7.053713437749945,19990.280545611473,999,1276.483624630973,-4.848577526343593e-13,2.6717554188687254e-13,0.056432483748342865,9,0.796,0.0,conf_icosphere_sub3,"8,13,30"
1000,3,1e-08,dense,1.2960662730864713e-07,0.002198098735675938,-7.270063148738183,17752.3213559953,999,925.8450427876478,-1.3281522827528253e-15,7.131758570850783e-14,0.06811643092147614,9,0.845,0.0,conf_icosphere_sub3,"15,16,24"
1000,3,1e-08,dense,9.922276478977815e-07,0.0017825388832276266,-7.14078269975806,4143.522800287694,999,624.1442404142676,1.4835445000919785e-13,1.63500073016715e-13,0.04380128026978256,9,0.487,0.0,conf_icosphere_sub3,"1,3,23"
1000,3,1e-08,dense,2.5540736101252418e-08,0.0030540263657893732,-7.55315789042679,64453.944650686244,999,747.6264682492412,-1.0332604726385846e-13,6.601427728720987e-14,0.0973574444211428,9,0.829,0.0,conf_icosphere_sub3,"26,27,28"
1000,3,1e-08,dense,5.968493754235212e-07,0.0016978367652104001,-7.094266426140418,4934.379251453781,999,778.505179427063,1.6422170638003766e-13,1.4526910040627988e-13,0.06171574070385376,9,0.548,0.0,conf_icosphere_sub3,"12,13,19"
1000,3,1e-08,dense,1.5101871208742476e-08,0.007553726793390039,-8.639839368212163,580310.8786437169,998,184.90928551231013,2.0570984225467306e-13,1.979342013163999e-13,0.058911409555197206,9,0.459,0.0,conf_icosphere_sub3,"1,4,27"
1000,3,1e-08,dense,3.1878388292611226e-07,0.0020075437317230477,-7.204310326168219,10414.609854078535,999,1027.0122478194255,6.121827220498255e-13,3.4614557231462293e-13,0.0736083889623579,9,0.724,0.0,conf_icosphere_sub3,"18,21,25"
1000,3,1e-08,dense,1.4695938778112189e-07,0.0020730934522254995,-7.315977988873011,17666.08340681682,999,861.6156870368445,2.2864698280338977e-13,1.6432158099585214e-13,0.06369304901903128,9,0.705,0.0,conf_icosphere_sub3,"7,24,26"
1000,3,1e-08,dense,2.8545628296697086e-08,0.003471380728429359,-7.582944230044681,81854.6215875171,998,745.4705351502389,-9.780434169503146e-14,5.766081740617181e-14,0.10218508934901895,9,0.842,0.0,conf_icosphere_sub3,"15,26,28"
1000,3,1e-08,dense,1.0377334896767318e-07,0.0023587118429792605,-7.437672825884502,28302.0197450433,999,583.5771565043246,2.2422624283476322e-14,6.068641122793814e-14,0.0533783530536374,9,0.502,0.0,conf_icosphere_sub3,"1,15,29"
1000,3,1e-08,dense,2.707741751910367e-07,0.0017358530561218826,-7.098256166018737,9407.243495556924,999,1105.9899308320878,-5.771515942032054e-13,3.3217059778944754e-13,0.05855672915312227,9,0.754,0.0,conf_icosphere_sub3,"6,13,16"
1000,3,1e-08,dense,1.6661433966367604e-07,0.002066159193147755,-7.2604824733238145,19039.572144593967,999,1085.5608393515802,1.6360492533111487e-12,7.775470700687693e-13,0.07446617992801641,9,0.747,0.0,conf_icosphere_sub3,"20,21,26"
1000,5,1e-08,dense,5.61326186897887e-07,0.002588541544117669,-7.280723730937147,6684.053783942377,999,1180.416147889382,-5.967875933016176e-13,2.2215593090708384e-13,0.11996501787427134,9,0.452,0.0,conf_icosphere_sub3,"3,4,6,11,21"
1000,5,1e-08,dense,5.485817069462637e-07,0.0021756385224772695,-7.293753702866344,7907.864070775047,999,1219.9024462228467,7.269303838345828e-13,3.002602913506828e-13,0.11807170712868117,9,0.443,0.0,conf_icosphere_sub3,"1,4,11,21,29"
1000,5,1e-08,dense,5.235120930509968e-07,0.0029732549310073596,-7.2021332154686855,5888.974079475832,999,925.8424505444393,5.381905316369035e-13,2.0718780037988506e-13,0.1019351757832895,9,0.51,0.0,conf_icosphere_sub3,"7,9,13,25,28"
1000,5,1e-08,dense,5.763593430560015e-07,0.0016744816991376959,-7.076096340677087,5220.9692887020465,999,1610.241088990831,7.267038125102254e-13,2.9998559650538527e-13,0.07221234844520602,9,0.428,0.0,conf_icosphere_sub3,"1,4,8,13,29"
1000,5,1e-08,dense,1.0766426731808516e-06,0.0019608027113775677,-7.105965072356368,3864.5611591795205,999,1318.9352902047563,-5.44358395165867e-13,2.311566549268891e-13,0.09913230123476978,9,0.495,0.0,conf_icosphere_sub3,"3,6,9,16,18"
1000,5,1e-08,dense,5.759724293622948e-07,0.0020881179808202124,-7.324545267315848,8942.413688938828,999,1037.7715209163111,8.384664573076291e-14,1.0256606600955515e-13,0.09478068615378718,9,0.503,0.0,conf_icosphere_sub3,"1,12,15,16,29"
1000,5,1e-08,dense,1.3362929128400472e-06,0.0018675131127439194,-7.199475866375838,4214.222178882775,999,859.2414804798298,-2.760425606974078e-13,2.1409238593413677e-13,0.07499103972499882,9,0.429,0.0,conf_icosphere_sub3,"2,4,9,11,26"
1000,5,1e-08,dense,9.436224502462227e-07,0.0022357849840268012,-7.144241828765157,4326.465234562466,999,1035.3638893903226,3.680818670692698e-13,1.9616958204198305e-13,0.12451878389005275,9,0.439,0.0,conf_icosphere_sub3,"1,4,13,24,30"
1000,5,1e-08,dense,1.0745262448323754e-06,0.002274816191189139,-7.180566144058434,3906.4570315900687,999,1150.18636680099,4.873909435765212e-13,2.1397945284308487e-13,0.10953205414431125,9,0.581,0.0,conf_icosphere_sub3,"2,3,17,19,29"
1000,5,1e-08,dense,1.7998042517230137e-06,0.001809508381569743,-6.978097188210397,2555.1328672767054,999,1304.5329841254647,-2.4111050387269994e-13,1.4310779718946023e-13,0.10766735147921942,9,0.684,0.0,conf_icosphere_sub3,"0,6,10,11,22"
1000,5,1e-08,dense,2.127212305414735e-06,0.0014359059908232565,-6.990202599403348,2384.3698546617916,999,1145.810690661412,-2.1816897663752103e-13,1.7056558516183769e-13,0.07887239619058731,9,0.486,0.0,conf_icosphere_sub3,"0,1,6,17,18"
1000,5,1e-08,dense,3.3455379429280673e-07,0.0022506167437429257,-7.34961876899712,11342.03641467249,999,1577.6403426093739,3.441662102879328e-13,1.1504847011442912e-13,0.1190604313224308,9,0.545,0.0,conf_icosphere_sub3,"10,12,18,26,29"
1000,5,1e-08,dense,7.069775261955063e-07,0.0019338302752883532,-7.104102721814454,5156.6292631000015,999,1339.6109174439825,8.442857732374043e-15,5.864700328191391e-14,0.09246263336535133,9,0.677,0.0,conf_icosphere_sub3,"7,8,21,25,30"
1000,5,1e-08,dense,4.0019596467214745e-07,0.0020634998916982555,-7.176789174035263,7134.878919576137,999,1427.5571736638674,-1.4072001042895203e-13,1.3582425031756364e-13,0.1320405011652817,9,0.468,0.0,conf_icosphere_sub3,"1,13,19,24,31"
1000,5,1e-08,dense,1.818055510009777e-07,0.0028728246768926413,-7.491573885058693,30675.676936976382,999,1080.0647568503284,4.0622695945290067e-13,1.4874368340401569e-13,0.09567599414015705,9,0.482,0.0,conf_icosphere_sub3,"1,15,19,24,29"
1000,5,1e-08,dense,1.2708908509447357e-06,0.00241460577397089,-7.149138411408135,3773.8111766453335,999,1063.2806928637388,2.008031328021298e-13,1.4227142433202076e-13,0.10281829714088014,9,0.551,0.0,conf_icosphere_sub3,"5,12,17,20,29"
1000,5,1e-08,dense,4.4144172747271864e-07,0.0018047321683366368,-7.0810706581193426,5740.700088587472,999,1734.5419008038673,8.459876679398071e-13,3.164492503547014e-13,0.09407274257988374,9,0.848,0.0,conf_icosphere_sub3,"5,11,13,15,23"
1000,5,1e-08,dense,6.344089691793623e-07,0.0018693789142552831,-7.142635325012342,5360.657710867243,999,1355.946989239868,-1.657950287370755e-13,8.857586416185626e-14,0.0854288797440553,9,0.482,0.0,conf_icosphere_sub3,"1,8,9,11,21"
1000,5,1e-08,dense,6.189622250072508e-07,0.0023354852667205475,-7.291742004148741,7836.6541888436395,999,1240.8464734404852,3.401699880403676e-13,1.4131103277885714e-13,0.10740870003346234,9,0.677,0.0,conf_icosphere_sub3,"2,11,14,24,26"
1000,5,1e-08,dense,7.846258469548445e-07,0.0022253082757753744,-7.186522580049529,5029.163059806589,999,1210.3032015180484,-5.265886193438501e-13,2.4610114633609273e-13,0.11404305264654338,9,0.457,0.0,conf_icosphere_sub3,"2,4,10,16,31"
1000,5,1e-08,dense,9.647426105273395e-07,0.0015497476510420974,-7.040863050976589,3729.2323357920436,999,1355.0762737176565,1.310083598460051e-12,6.927352173446622e-13,0.09022472862753173,9,0.516,0.0,conf_icosphere_sub3,"1,7,8,13,15"
1000,5,1e-08,dense,1.469186411160656e-06,0.0017163658911801471,-6.9838166971737055,2890.9628850600952,999,1513.2792912570812,-6.551056343160977e-13,2.6202103924491107e-13,0.08639723542624268,9,0.754,0.0,conf_icosphere_sub3,"0,3,10,20,28"
1000,5,1e-08,dense,1.5589212057560036e-06,0.0024023820573312623,-7.049977998595979,2827.4216911874273,999,964.5954920565873,-4.899158335958362e-13,2.400688349332465e-13,0.09869009145583182,9,0.479,0.0,conf_icosphere_sub3,"1,5,11,12,19"
1000,5,1e-08,dense,1.1791579620366067e-06,0.0016871372434819937,-7.1163627372339,4097.274632196678,999,1151.1566619895063,-2.684897211463877e-14,8.988235495992577e-14,0.07813276179779885,9,0.467,0.0,conf_icosphere_sub3,"4,6,13,14,18"
1000,5,1e-08,dense,4.2883699686164234e-07,0.0017474930040692403,-7.129976161694038,6547.581936964316,999,1621.7892617806979,3.015491502307736e-14,6.811912207432361e-14,0.09927959394505714,9,0.831,0.0,conf_icosphere_sub3,"8,11,15,23,29"
1000,5,1e-08,dense,8.512797189475911e-07,0.0029424109697258707,-7.429875774883192,9566.408174777494,999,888.0853284588553,9.488327526379182e-14,1.0198897460247068e-13,0.11284192780138248,9,0.434,0.0,conf_icosphere_sub3,"4,10,12,26,30"
1000,5,1e-08,dense,6.583179940893167e-07,0.0016893824305640487,-7.080470885544176,5604.381697056506,999,1580.264076643768,2.463612407508514e-13,1.2359861348624123e-13,0.10278851523012994,9,0.47,0.0,conf_icosphere_sub3,"1,8,13,22,24"
1000,5,1e-08,dense,1.1406973830170782e-06,0.002626663769354226,-7.281584031520585,5228.212500538811,999,880.3891034156585,2.580828346171324e-13,1.8265111830541503e-13,0.12133694239885073,9,0.414,0.0,conf_icosphere_sub3,"4,9,10,15,29"
1000,5,1e-08,dense,1.1286132219549704e-06,0.0019585141298801207,-7.038171778837449,3604.3268125221157,999,1329.8365080600195,-3.566856011938402e-13,1.4420091166569902e-13,0.12336110752657153,9,0.683,0.0,conf_icosphere_sub3,"0,20,22,23,24"
1000,5,1e-08,dense,1.825630274442576e-06,0.003102668913046527,-7.1827812075856245,2999.712328549356,999,791.2795495832177,-4.299100138383029e-14,6.00433425659846e-14,0.08080944762912876,9,0.553,0.0,conf_icosphere_sub3,"2,3,6,17,27"
1000,8,1e-08,dense,9.876815829373804e-07,0.00222019028535022,-7.099515175077451,3917.8951589858257,999,1986.5949748272,-2.2499753796201283e-13,7.174835874435394e-14,0.1727605377423527,9,0.688,0.0,conf_icosphere_sub3,"6,8,11,13,14,15,19,30"
1000,8,1e-08,dense,1.6114149547627184e-06,0.0020864858927798794,-7.12522412626842,3556.5600438692004,999,1618.288334439722,-1.0579553726131063e-12,3.389140980484308e-13,0.19804248719177703,9,0.467,0.0,conf_icosphere_sub3,"1,7,12,13,14,18,24,25"
1000,8,1e-08,dense,1.0480124000473445e-06,0.0015840526091974163,-7.045223095204128,3597.6222433809307,999,2159.3272002590215,-4.4543178724700943e-13,1.414500829663592e-13,0.18255340727662156,9,0.451,0.0,conf_icosphere_sub3,"0,1,4,8,17,20,26,29"
1000,8,1e-08,dense,5.04417646081075e-07,0.002204334332499025,-7.287314046158108,8108.484759630866,999,2029.4236886346655,2.6672566065524883e-13,1.3099164855531876e-13,0.2049211302932759,9,0.775,0.0,conf_icosphere_sub3,"6,15,16,18,19,23,27,31"
1000,8,1e-08,dense,9.408020429555548e-07,0.0020382329671063174,-7.171833255883727,4624.635708984144,999,2000.7015371520172,7.937422420722928e-14,5.072352942515296e-14,0.1393808866442866,9,0.678,0.0,conf_icosphere_sub3,"7,8,11,15,16,22,27,31"
1000,8,1e-08,dense,5.464566199421325e-07,0.0015160229039086124,-7.023160001289286,5981.671338445959,999,3389.487782815759,8.681016276205773e-13,2.277756567999717e-13,0.14373980751102391,9,0.751,0.0,conf_icosphere_sub3,"0,5,6,13,16,18,21,27"
1000,8,1e-08,dense,2.4376315804458645e-06,0.0029728223262672528,-7.178395670898561,3037.333076640386,999,1201.3823796677975,3.001197373759694e-13,1.1112019638380996e-13,0.14445121340922434,9,0.562,0.0,conf_icosphere_sub3,"2,6,7,12,13,17,22,28"
1000,8,1e-08,dense,9.631041328108838e-07,0.0026614980737598186,-7.248757207203924,5582.827270740876,999,1757.4476813107171,-4.6835148606594323e-14,9.581495466511772e-14,0.21045476782010203,9,0.669,0.0,conf_icosphere_sub3,"10,11,19,21,22,23,25,27"
1000,8,1e-08,dense,1.564255738374254e-06,0.002483486850269849,-7.097512185851639,3191.8633129692644,999,1702.396661624872,-4.057353411579534e-13,1.2380773744485154e-13,0.18027690665251375,9,0.476,0.0,conf_icosphere_sub3,"0,1,6,19,20,24,30,31"
1000,8,1e-08,dense,9.284199502195496e-07,0.0018042328828293621,-7.018725299388952,3744.7668688839744,999,2283.692210825281,-8.003255234125301e-13,2.039738444183305e-13,0.1780293510316019,9,0.495,0.0,conf_icosphere_sub3,"0,1,5,14,18,19,24,27"
1000,8,1e-08,dense,1.5815030388756769e-06,0.00243340270997441,-7.068391872487067,2771.3408024600785,999,1441.474364178893,-7.578768342064723e-13,2.3663241704697063e-13,0.17880369645072702,9,0.469,0.0,conf_icosphere_sub3,"0,1,2,4,22,23,27,28"
1000,8,1e-08,dense,9.7233387719637e-07,0.0026881041573771406,-7.191931340442549,4533.020892657849,999,1713.9433452377014,-8.660706710431731e-13,2.2122584578994892e-13,0.18725951657383733,9,0.496,0.0,conf_icosphere_sub3,"1,5,21,22,23,25,28,30"
1000,8,1e-08,dense,2.118396063902478e-06,0.0019980372654541763,-7.066587631270618,2688.8418615680002,999,1604.7556231587341,3.649734366702031e-13,1.4207504214214315e-13,0.16030177975384877,9,0.454,0.0,conf_icosphere_sub3,"2,4,5,7,11,16,20,30"
1000,8,1e-08,dense,6.614562001461133e-07,0.0016477633318817348,-7.097578414623284,5173.496983908271,999,2664.7138963932407,-2.494337202063601e-13,1.0058551779329878e-13,0.16123718061191586,9,0.539,0.0,conf_icosphere_sub3,"5,9,13,16,18,19,20,29"
1000,8,1e-08,dense,2.06758265967919e-06,0.0019511449616367625,-7.018139619348824,2479.7479985668847,999,1924.0615273363346,-9.53261011525724e-13,2.8237775214590353e-13,0.15838323521702824,9,0.555,0.0,conf_icosphere_sub3,"0,2,3,17,18,22,28,30"
1000,8,1e-08,dense,1.46600193245787e-06,0.0019236046256964118,-7.0720496933941135,3093.3005625273167,999,1967.72721024618,4.461524839728662e-13,1.468533667324348e-13,0.1301951089860199,9,0.498,0.0,conf_icosphere_sub3,"1,3,5,9,11,14,29,31"
1000,8,1e-08,dense,1.5027951002737734e-06,0.0014158391324477335,-6.993215593689854,2931.5921301323206,999,2397.3117159400003,-3.671951522133147e-13,1.4098550632201744e-13,0.13702540171255456,9,0.689,0.0,conf_icosphere_sub3,"0,5,6,7,8,10,22,28"
1000,8,1e-08,dense,9.876192659082294e-07,0.0019441261584050558,-7.087945049464808,3669.738271213712,999,2212.1936634596445,-3.1221639856804373e-13,1.1512489427170506e-13,0.18642566120617365,9,0.521,0.0,conf_icosphere_sub3,"0,9,10,17,24,28,29,31"
1000,8,1e-08,dense,1.4768384287517526e-06,0.0019272167624358313,-7.0481617446991995,3034.5594307308884,999,1946.7484417590751,-2.6194212085977686e-13,1.4491499039919235e-13,0.13855486182768045,9,0.69,0.0,conf_icosphere_sub3,"2,3,8,15,18,22,25,30"
1000,8,1e-08,dense,8.616531695454186e-07,0.0014963082430068616,-7.029949433295927,4283.531356536474,999,2597.7414876198764,9.520070449623416e-13,2.6737902036838206e-13,0.19558648358217323,9,0.67,0.0,conf_icosphere_sub3,"0,3,8,13,14,27,28,30"
1000,8,1e-08,dense,1.0434364215096338e-06,0.0023744100045690257,-7.0751107108320275,3684.0660989673847,999,1990.283724356053,1.0943910708216542e-12,2.5749181417951196e-13,0.25466755219099285,9,0.553,0.0,conf_icosphere_sub3,"2,3,7,8,12,15,18,23"
1000,8,1e-08,dense,1.1817242826522065e-06,0.0016546971326695708,-7.062091837135127,3319.977032106881,999,2182.5662394668348,2.7397256081103556e-12,8.06014413094888e-13,0.1946479465719838,9,0.506,0.0,conf_icosphere_sub3,"0,1,2,5,10,12,21,25"
1000,8,1e-08,dense,1.6697986093270668e-06,0.0038838705942576333,-7.32848208687997,5215.320471207347,999,1090.820912571951,-2.421951528219779e-13,7.03517304915115e-14,0.24287547813136362,9,0.525,0.0,conf_icosphere_sub3,"3,9,12,14,17,25,27,31"
1000,8,1e-08,dense,6.396817917634165e-07,0.0015176111738020284,-7.026023361724763,5125.156152868325,999,3397.6756986850996,-6.860610771638478e-13,1.6294381957267398e-13,0.12532989585987203,9,0.874,0.0,conf_icosphere_sub3,"0,3,5,13,18,24,28,29"
1000,8,1e-08,dense,1.3758730814197047e-06,0.002412809214497717,-7.155177258506051,3489.253160869553,999,1582.9341371312053,-3.8485794412457253e-13,1.23710799554857e-13,0.18448951828113164,9,0.509,0.0,conf_icosphere_sub3,"5,6,9,11,15,24,28,30"
1000,8,1e-08,dense,9.033546653351839e-07,0.002380675098298885,-7.191762363055329,5114.217546215157,999,1981.072487749079,-1.6110290185222809e-13,9.212490579602617e-14,0.2143732391423102,9,0.677,0.0,conf_icosphere_sub3,"8,14,16,19,20,22,23,24"
1000,8,1e-08,dense,1.2335603935351077e-06,0.0020682244268011643,-7.141320806279631,3766.096313440182,999,1766.569411239168,7.441460641660961e-13,2.4272898536491147e-13,0.21056137540920392,9,0.516,0.0,conf_icosphere_sub3,"5,7,9,17,18,19,24,28"
1000,8,1e-08,dense,5.847380881007413e-07,0.0021718960212644906,-7.189718259076031,6136.189826545184,999,2308.7108121622177,8.591443528827014e-13,1.79927719786563e-13,0.22960666470332597,9,0.694,0.0,conf_icosphere_sub3,"7,8,19,23,24,26,28,31"
1000,8,1e-08,dense,1.260651109295423e-06,0.0034492458423442153,-7.463152269771645,8255.650332946003,999,1335.7017523756062,-4.1677829349745727e-13,1.1871609659110766e-13,0.19791376801379829,9,0.44,0.0,conf_icosphere_sub3,"2,4,6,17,20,26,28,31"
1000,8,1e-08,dense,1.0362733540820077e-06,0.0022994851414614966,-7.220847331877544,4936.767783488099,999,1755.98775966939,-1.3978030695934617e-14,7.771593139737028e-14,0.1492357893782757,9,0.712,0.0,conf_icosphere_sub3,"3,7,11,15,19,20,21,27"
1000,3,1e-08,dense,1.9598246610178766e-08,0.0018630911405457572,-7.3824580788319265,56814.12739941924,997,783.630733338945,-4.2180349269208386e-12,1.7521409722319022e-07,0.09812916966002004,4,0.833,0.0,conf_prism8,"7,10,29"
1000,3,1e-08,dense,1.0768404994550355e-07,0.0027138644515116105,-8.1619627517016,88901.85955167873,995,316.082175779478,-1.6032884269184724e-10,3.4197831415509694e-07,0.03626589353978498,4,0.464,0.0,conf_prism8,"15,17,19"
1000,3,1e-08,dense,1.270764012671885e-08,0.0024093589938769247,-7.940085436773482,136365.60425849786,997,509.6836334636974,-5.87094770328727e-12,3.293072971599812e-07,0.08956032314839356,4,0.473,0.0,conf_prism8,"9,25,31"
1000,3,1e-08,dense,4.146510210241945e-07,0.002165410589602715,-7.615067105578903,17231.89888483273,996,633.966292519932,-2.3681286605526814e-10,5.060531385122485e-07,0.1187367438821691,4,0.468,0.0,conf_prism8,"17,22,29"
1000,3,1e-08,dense,2.465455022200108e-07,0.0029925015988318234,-7.563165540201789,8262.018357851066,835,330.02590597551057,-3.3306690738754704e-15,1.1953572912513538e-06,0.10563824862336904,4,0.829,0.0,conf_prism8,"19,22,25"
1000,3,1e-08,dense,6.478002958328914e-08,0.0013213983977825102,-7.020088026379296,17248.96236224823,997,1442.6248274009304,2.0061138042938243e-12,5.6327009615008145e-09,0.1014844955757594,4,0.859,0.0,conf_prism8,"5,13,19"
1000,3,1e-08,dense,1.7086328581431327e-07,0.0013677871144087902,-7.065250167648436,7570.892474314634,997,1388.5231379092152,2.614529214243318e-13,6.017973618139951e-07,0.16977086321020587,4,0.853,0.0,conf_prism8,"5,21,27"
1000,3,1e-08,dense,9.713120352128654e-08,0.0018655276579951777,-7.212246097502064,12678.91447468155,997,846.0996024798621,-2.1817249873196438e-10,9.924823720379551e-09,0.09979682397475087,4,0.847,0.0,conf_prism8,"3,19,31"
1000,3,1e-08,dense,7.553057177090453e-08,0.0012965770113556499,-6.9866777701950085,14541.48077758303,997,1425.4587472299854,1.3910330815847398e-11,4.059752158501297e-07,0.1802600374440631,4,0.841,0.0,conf_prism8,"0,6,21"
1000,3,1e-08,dense,1.3534387125076711e-08,0.0013186835817338587,-7.04218756816928,75859.41061142771,997,392.4083819327996,-1.0364915528367309e-11,3.292011927790213e-07,0.041793324809783636,4,0.831,0.0,conf_prism8,"2,3,7"
1000,3,1e-08,dense,2.6797208604726995e-08,0.0025953571062063835,-8.081382386781254,96752.73217575221,997,358.4260665684643,-2.0812887623355512e-11,3.018408717728813e-07,0.07679116684942926,4,0.488,0.0,conf_prism8,"9,22,23"
1000,3,1e-08,dense,6.931286805836936e-07,0.0020436146680620376,-7.524360009118698,10178.321394118586,996,724.428731911009,-8.455527816184406e-11,7.786561615304739e-07,0.08894200718045384,2,0.309,0.0,conf_prism8,"1,26,27"
1000,3,1e-08,dense,1.1229536725504251e-05,0.0013352909254101372,-7.010822918526095,1419.7156709053404,996,1470.860166204055,-4.5449954264581934e-10,2.470894028355693e-09,0.15003981179313775,5,1.0,0.0,conf_prism8,"5,8,23"
1000,3,1e-08,dense,3.791255911631859e-07,0.001723333946814889,-7.240373971437555,5997.207464490011,996,525.0882369474534,6.337900224853336e-13,2.554818373218457e-07,0.08974941306811916,4,0.448,0.0,conf_prism8,"7,12,18"
1000,3,1e-08,dense,4.34269096591819e-06,0.0016725261800112005,-7.237107458970318,3557.4820570746615,996,862.1510749503661,-1.8433361344295138e-10,1.4116044431857272e-07,0.08500363274073086,4,0.457,0.0,conf_prism8,"4,16,24"
1000,3,1e-08,dense,5.186252859287093e-08,0.001196697868126015,-6.955899448484228,20494.686557060024,997,905.3956223585664,-4.0624917786708464e-10,1.8195017536517101e-06,0.29261494921703635,4,0.825,0.0,conf_prism8,"0,2,25"
1000,3,1e-08,dense,3.300701622397857e-08,0.002016018257380538,-7.409150704240034,36274.92163609338,997,830.192981488496,-3.68285641149916e-11,3.3913056550492463e-07,0.09410516820521762,4,0.833,0.0,conf_prism8,"10,25,29"
1000,3,1e-08,dense,1.4026244440990374e-07,0.003289270136255226,-8.231582456184986,18604.027201144883,847,165.3611607245438,-4.505008628484245e-12,5.564247497654583e-06,0.02512064643788791,4,0.839,0.0,conf_prism8,"6,14,20"
1000,3,1e-08,dense,1.6240367782350975e-05,0.001390347734285333,-7.052932947013151,1595.7642635731977,996,1067.4468875329503,1.9880705253067624e-12,1.2542696326447524e-07,0.1074849572212618,4,0.462,0.0,conf_prism8,"4,8,31"
1000,3,1e-08,dense,1.1041251053388728e-07,0.0015510734385276305,-7.149377398432511,11237.146972812787,997,871.2893813427527,6.930013831807455e-13,4.8935196746552205e-06,0.1462980915625845,4,0.476,0.0,conf_prism8,"3,12,26"
1000,3,1e-08,dense,1.4338150100487417e-07,0.001440619089287014,-7.078924701944445,8720.088688854981,997,1160.4617774419858,6.638068398486935e-13,5.855151692869205e-07,0.1444645592333232,4,0.831,0.0,conf_prism8,"5,18,27"
1000,3,1e-08,dense,8.025718701169255e-08,0.0018568016560098746,-7.331313217254696,17007.688079952615,997,1062.1051392463598,-2.783922519629009e-12,3.620338349054467e-07,0.08736636657987387,4,0.857,0.0,conf_prism8,"16,24,28"
1000,3,1e-08,dense,2.474077382157437e-08,0.001769018509401246,-7.253240542497841,43327.366164293715,997,1061.289655100485,-3.125121601964504e-11,2.767665508325296e-09,0.17535396438061004,5,1.0,0.0,conf_prism8,"3,23,29"
1000,3,1e-08,dense,8.55893961243116e-08,0.0021324555066102356,-7.661442675649023,26258.371237773674,997,641.1413994531273,3.891224723638206e-12,3.9760927576324486e-07,0.0708057330086383,4,0.805,0.0,conf_prism8,"2,22,29"
1000,3,1e-08,dense,2.2128722745348404e-06,0.001306370102676625,-7.004372598729744,1757.948594824784,996,772.0065220896788,-2.6086094412819343e-11,2.81547091388705e-07,0.07582553904844025,4,0.835,0.0,conf_prism8,"2,7,8"
1000,3,1e-08,dense,1.782780337059585e-08,0.0025599000332625545,-7.879286091734203,88682.48980187287,997,439.613756674434,-1.8618042981901176e-12,6.536379951810988e-07,0.05299071724290014,4,0.453,0.0,conf_prism8,"4,23,27"
1000,3,1e-08,dense,1.3542263681743275e-08,0.0011490885039721118,-6.95474113217454,75289.29340778703,997,925.2770251021553,-3.095381421523027e-10,1.0338947051827225e-06,0.15278430852653008,4,0.461,0.0,conf_prism8,"0,9,27"
1000,3,1e-08,dense,1.6991656621897672e-08,0.0031735521107554327,-9.21709157071647,145252.5217078759,995,275.461092591051,-9.530368353724458e-13,4.76765559263239e-06,0.04601925815600866,4,0.457,0.0,conf_prism8,"17,25,30"
1000,3,1e-08,dense,1.48086215845278e-05,0.0013907573685139635,-7.0715729378,1706.4151753624656,996,1196.917599534572,-1.5020399657862268e-11,8.151238660607052e-08,0.19331272965891166,4,0.826,0.0,conf_prism8,"7,8,29"
1000,3,1e-08,dense,2.3953347706861135e-08,0.0012654203586406267,-6.986095800864943,43117.16876496291,997,1311.482189879744,-1.2843121047796135e-10,1.943672011594059e-09,0.10792351331451049,5,0.486,0.0,conf_prism8,"0,12,26"
1000,5,1e-08,dense,1.0410358811184474e-07,0.0020640333092936873,-7.39841831370071,14589.691912477942,997,1185.417641249571,1.143588279215498e-10,6.055856391060533e-07,0.17693419513292424,4,0.838,0.0,conf_prism8,"11,16,23,25,27"
1000,5,1e-08,dense,7.315268801940126e-08,0.001725315684268454,-7.1519097315508935,15914.285063162837,997,846.402320707085,4.680100297781519e-11,1.4195413849864348e-07,0.05892509475050703,4,0.468,0.0,conf_prism8,"3,9,10,15,19"
1000,5,1e-08,dense,2.135563528205844e-07,0.0015604871745333348,-7.028063518962915,6046.615736336384,997,1519.2908439304483,1.5520524954799547e-11,1.5773415922601099e-06,0.2388314413732036,4,0.847,0.0,conf_prism8,"0,22,24,28,30"
1000,5,1e-08,dense,3.2971194926766346e-06,0.0017084732098165672,-7.12573737300364,2153.5555647050373,996,1063.258212308411,-2.910570522204362e-10,2.7551087488734223e-06,0.08114175050349146,4,0.462,0.0,conf_prism8,"9,13,20,25,30"
1000,5,1e-08,dense,3.806263012559425e-07,0.0017619117233650713,-7.2461579359152415,5581.96127130379,996,870.6929480031902,2.4650565857777875e-11,2.9751339919578443e-07,0.09655671504171892,4,0.479,0.0,conf_prism8,"9,10,12,16,25"
1000,5,1e-08,dense,1.2639601619431526e-07,0.0018066741152293285,-7.286665780017917,11671.00835002347,997,1292.634729101825,2.1903351329355365e-10,1.326809656737105e-06,0.13671078531160785,4,0.845,0.0,conf_prism8,"6,10,20,21,23"
1000,5,1e-08,dense,1.6865384709752135e-05,0.0015731136091746212,-7.121811643009738,1988.6354178279641,996,1774.49163022446,-4.467709234020713e-10,2.861205828726322e-09,0.16237286236310838,5,1.0,0.0,conf_prism8,"5,10,11,24,31"
1000,5,1e-08,dense,5.3482976893490754e-08,0.001539281807579332,-7.1118842621173055,20653.5255026264,997,1468.1130805442804,-8.692643879326272e-11,2.971035154627897e-07,0.1541529641850871,4,0.479,0.0,conf_prism8,"8,12,15,25,26"
1000,5,1e-08,dense,1.399453282101513e-07,0.001612108679615251,-7.098231756328062,8880.56830133424,997,1106.7810520970083,1.5689195127936368e-11,6.419977891294422e-07,0.12773248203373602,4,0.465,0.0,conf_prism8,"4,5,12,24,27"
1000,5,1e-08,dense,5.597205994890171e-07,0.002847935700316012,-8.147767581465043,62680.047306585235,996,733.0001550990951,6.860236031808364e-12,2.4073225915194405e-06,0.05989027287620701,4,0.812,0.0,conf_prism8,"6,22,24,28,30"
1000,5,1e-08,dense,3.653585019094969e-08,0.001428767752397727,-7.107842045272645,29439.01793452736,997,1884.4966282412997,4.976510872937138e-11,1.411878503843644e-07,0.23486680355246803,4,0.812,0.0,conf_prism8,"2,8,14,16,21"
1000,5,1e-08,dense,8.841777667697672e-08,0.0013559878429205067,-7.021575085147789,12711.811953563474,997,1882.9714465553966,-2.6752885802132213e-11,2.446379156357504e-07,0.3129211138717004,4,0.846,0.0,conf_prism8,"0,6,16,23,24"
1000,5,1e-08,dense,5.2808486032020004e-08,0.0012620933127500324,-6.97063487934542,20361.587632449522,997,1104.1042761043718,-2.6432360499606397e-10,7.014805369388479e-07,0.13622385728659578,4,0.437,0.0,conf_prism8,"0,3,4,7,9"
1000,5,1e-08,dense,2.2647145754976676e-06,0.0019715198195308682,-7.3413301985643695,4285.657191274594,996,800.4855302266851,5.7723223977299975e-11,1.3942858736764609e-06,0.1944831841837518,4,0.479,0.0,conf_prism8,"6,12,16,19,20"
1000,5,1e-08,dense,2.8949346414928917e-08,0.003201442753213998,-9.041700588316546,75706.08139951125,995,363.6137193861865,2.960420130153894e-12,4.523974485369932e-06,0.04854746951552527,4,0.479,0.0,conf_prism8,"4,17,20,25,30"
1000,5,1e-08,dense,4.755186707939687e-06,0.0012093716444997369,-6.950783687590484,1314.3138151297208,996,991.4575259621344,-6.128437112424031e-11,1.8377210760170434e-06,0.1327928677846048,2,0.306,0.0,conf_prism8,"0,1,9,25,30"
1000,5,1e-08,dense,1.7062688502985103e-08,0.0018893835206889092,-7.320597056707941,64959.80838592559,997,593.8930622571793,-1.9481023511041946e-11,3.5282567751266204e-07,0.053292966718196624,4,0.448,0.0,conf_prism8,"2,4,12,14,18"
1000,5,1e-08,dense,3.335496739813404e-07,0.0021127923326445925,-7.262900838002894,5516.083652032443,997,869.8461425194655,6.969118552634825e-11,3.1795045193704852e-06,0.0944022769349421,4,0.838,0.0,conf_prism8,"3,6,20,24,30"
1000,5,1e-08,dense,3.805763900950787e-08,0.0015273262810123656,-7.183958358866356,28986.875750802898,997,2130.685039410483,-1.070345425462134e-09,5.8709268293055424e-09,0.21124334183469923,4,0.826,0.0,conf_prism8,"10,13,16,19,26"
1000,5,1e-08,dense,1.5035164401943147e-06,0.0018436319915868813,-7.427269679799372,6896.312556058671,996,1509.488402086103,-8.013579759790377e-10,2.2214815784711e-09,0.22333121501263814,2,0.298,0.0,conf_prism8,"1,11,18,24,26"
1000,5,1e-08,dense,6.691376594403719e-08,0.0015574601865763356,-7.0911268955698326,16785.394942156356,997,1063.8251359138426,-2.1940244022579921e-10,6.502570787146699e-07,0.09183383179100832,4,0.451,0.0,conf_prism8,"4,8,11,14,28"
1000,5,1e-08,dense,1.250922022998908e-07,0.0021012117534641717,-7.5040277306777385,15646.657961280376,997,1471.4292713565967,-2.4527343360263864e-10,4.507767542633045e-07,0.13625686993097308,4,0.823,0.0,conf_prism8,"10,25,26,28,31"
1000,5,1e-08,dense,9.440234058337994e-08,0.0020218821465269004,-7.265259555798271,13079.599607373017,997,762.4366968876935,-1.0720713716484612e-11,3.5538220638257833e-06,0.08728022498256646,4,0.833,0.0,conf_prism8,"2,3,19,20,30"
1000,5,1e-08,dense,9.215029134893158e-08,0.001577986414532865,-7.133629662139475,12872.507181755907,997,1677.449615312862,2.4230423859163727e-10,3.0116976003036377e-07,0.1833323987925014,4,0.829,0.0,conf_prism8,"5,6,16,19,29"
1000,5,1e-08,dense,4.326837633133273e-08,0.002012919131842863,-7.353944384485895,28245.465904911023,997,1356.3113588789508,-2.007939742825572e-10,2.4917225082598774e-07,0.14917096562898044,4,0.442,0.0,conf_prism8,"12,16,26,28,30"
1000,5,1e-08,dense,5.279439497806259e-08,0.0017598140033833322,-7.285776646170577,22992.169215323374,997,1605.877010638933,-3.3084213943737376e-10,5.659024639078859e-07,0.1505548370514488,4,0.452,0.0,conf_prism8,"4,18,20,21,31"
1000,5,1e-08,dense,2.467008536891711e-06,0.002132010111081277,-7.3932610660008375,4717.939267619247,996,1087.7579235554022,2.6177260484298873e-11,1.969014867666171e-06,0.09536625415111875,4,0.816,0.0,conf_prism8,"2,21,22,28,30"
1000,5,1e-08,dense,9.380814155164401e-08,0.0012579920310686592,-6.99541134286991,11969.903077738036,997,1912.019195409885,-1.6888608157477886e-11,8.060656673569777e-07,0.19136196658946505,4,0.827,0.0,conf_prism8,"0,5,11,20,31"
1000,5,1e-08,dense,1.533343060349902e-07,0.0012774911890992846,-6.989155441111952,7880.663448966375,997,2330.1296418736247,2.5642614167252128e-11,1.1190573302906936e-07,0.3147002111642867,4,0.837,0.0,conf_prism8,"0,8,13,14,19"
1000,5,1e-08,dense,7.225456772120534e-08,0.0013776143957665479,-7.074103543804231,15619.058320270044,997,2128.254555063017,-2.196275630691574e-10,2.2350287662219098e-07,0.4877377831842999,4,0.849,0.0,conf_prism8,"3,5,18,21,27"
1000,8,1e-08,dense,7.185949217999123e-08,0.001918182058485,-7.462434625772515,20919.63368101837,997,2718.5218962051704,2.141665612667343e-10,4.2088763513064737e-07,0.36551800905288645,4,0.493,0.0,conf_prism8,"4,14,21,24,26,28,29,31"
1000,8,1e-08,dense,1.7449985353658135e-07,0.0017472453783993135,-7.162344607689014,7846.171815726827,997,1740.3065557149134,1.2985214984766922e-10,4.531434918403046e-07,0.2872481634020754,4,0.451,0.0,conf_prism8,"2,6,8,9,14,19,23,29"
1000,8,1e-08,dense,1.379267530415064e-07,0.0013050459961636653,-7.015893575323961,8643.626987141251,997,2804.966943411103,-1.6867522206138275e-10,1.3696648832117722e-07,0.4389483678488425,4,0.462,0.0,conf_prism8,"0,3,4,10,13,23,25,31"
1000,8,1e-08,dense,1.2039525842511506e-07,0.0015717939374364806,-7.163948050655626,10581.007230252295,997,2335.635535368202,1.6875558495897262e-10,4.2938776795241656e-07,0.37104087318619516,4,0.499,0.0,conf_prism8,"6,8,11,12,16,19,21,27"
1000,8,1e-08,dense,2.3878453073240095e-07,0.001554178415932084,-7.062732831057673,5722.534309769681,997,2315.5627611364866,-7.253710383876209e-11,6.701085823107594e-07,0.2348965879973995,4,0.473,0.0,conf_prism8,"0,12,17,21,22,25,27,29"
1000,8,1e-08,dense,2.0632746452648572e-07,0.0019168895095861393,-7.207209301786603,7066.947219657946,997,1693.468147583195,4.8698473887997776e-11,9.207843664907948e-07,0.17412662652458483,4,0.477,0.0,conf_prism8,"2,5,10,12,22,27,28,31"
1000,8,1e-08,dense,1.946740587316782e-07,0.0015984112114968267,-7.114940607015813,7113.655262994384,997,1761.5783312959297,1.487377849276656e-11,1.2698914291581064e-06,0.12938073183619375,2,0.304,0.0,conf_prism8,"1,8,9,12,20,21,25,28"
1000,8,1e-08,dense,1.870799974520018e-08,0.0013561036661058528,-7.040416942536898,55156.274591184345,997,2191.880851451238,-4.153933251723494e-10,4.291983227107e-08,0.19680806035654566,4,0.454,0.0,conf_prism8,"2,3,4,5,8,9,10,24"
1000,8,1e-08,dense,4.605503044397615e-08,0.0016787782968464232,-7.120924312001924,23618.323373820414,997,1779.175128232892,-4.792984017055236e-10,2.940959742878366e-07,0.21278925057033535,2,0.298,0.0,conf_prism8,"1,3,5,10,19,23,25,27"
1000,8,1e-08,dense,2.509396390953388e-07,0.002196328328181149,-7.56481184997481,13039.958723353573,997,1879.3396756513876,7.116739325815067e-11,1.4120960262051886e-06,0.2839495924935208,4,0.835,0.0,conf_prism8,"10,14,19,20,26,27,28,31"
1000,8,1e-08,dense,3.418248992119217e-07,0.001639812063286718,-7.16186671947061,5203.485477483323,997,2910.905016627427,-8.798940474383525e-10,1.0663448309411636e-06,0.34614920219575335,4,0.844,0.0,conf_prism8,"5,10,11,16,21,28,29,30"
1000,8,1e-08,dense,1.4980653077533002e-07,0.0017255372697187676,-7.216666202718009,9462.52542053077,997,2480.7134846002346,-5.562008415610696e-11,9.301609755325639e-07,0.29766910942176406,4,0.461,0.0,conf_prism8,"6,9,13,16,18,28,29,30"
1000,8,1e-08,dense,1.3433653906411533e-07,0.0016280019373001028,-7.093215898089031,9178.920200846629,997,1080.4282484765577,1.6198341084173605e-12,1.7040078458538745e-06,0.09393732828592435,4,0.474,0.0,conf_prism8,"4,5,6,11,12,15,17,25"
1000,8,1e-08,dense,5.363001371433925e-08,0.0014001265425266456,-7.057441640275173,20257.598326645057,997,2889.4479182313053,1.7214815261623354e-10,2.1315821303507057e-07,0.26269931195723506,4,0.826,0.0,conf_prism8,"0,3,10,11,14,21,26,28"
1000,8,1e-08,dense,1.4547333555556398e-07,0.0019048751813269984,-7.279752134022062,9956.0141025296,997,1828.253010795262,-3.6921888456744304e-11,5.956055411093964e-07,0.2512487723698713,4,0.824,0.0,conf_prism8,"2,3,6,14,16,24,27,31"
1000,8,1e-08,dense,1.9546057824156052e-07,0.0017354433262240369,-7.126005079681773,6854.707861995302,997,2392.6670581269746,2.44123258935855e-10,4.213663712396391e-07,0.2869163069535958,4,0.5,0.0,conf_prism8,"0,12,15,19,23,26,27,31"
1000,8,1e-08,dense,7.312428831645075e-08,0.0017355098787690012,-7.213866266513666,16272.467697398713,997,2489.8473162384453,5.976885123766551e-11,1.260124261106694e-07,0.3240257698348532,4,0.478,0.0,conf_prism8,"2,8,9,22,23,24,26,29"
1000,8,1e-08,dense,7.047151652801103e-08,0.0021371745505334105,-7.450889024920015,20664.166644727204,997,1711.4480443044008,-4.377438052816922e-12,5.739646306000602e-07,0.16330153425216956,4,0.446,0.0,conf_prism8,"6,11,14,16,17,23,24,31"
1000,8,1e-08,dense,2.2617427737771361e-07,0.001524347465551089,-7.067378749943434,5998.721140947788,997,2913.575293272576,-9.902991991187913e-11,4.297149347908912e-07,0.3815140785211353,4,0.455,0.0,conf_prism8,"0,13,17,19,25,26,27,29"
1000,8,1e-08,dense,6.341396054202474e-08,0.0014221160500541361,-6.994427693517589,17142.143689916742,997,1162.0533251209895,-1.8324253819023439e-10,2.5487462602449957e-06,0.09080835425004924,2,0.298,0.0,conf_prism8,"0,1,2,12,15,17,20,25"
1000,8,1e-08,dense,9.337309197227312e-08,0.0015798319185241598,-7.041693494459807,12169.232892476297,997,2063.578407340553,4.258695753630387e-10,1.0520538378488907e-06,0.2232591605889648,4,0.838,0.0,conf_prism8,"0,3,7,14,25,27,28,29"
1000,8,1e-08,dense,1.408302080585798e-07,0.0015954864394590715,-7.180467168684119,9620.160268912856,997,1746.2554690253764,1.639372116299307e-10,1.1633713781940998e-07,0.3287476691553039,2,0.319,0.0,conf_prism8,"1,3,10,12,14,16,18,19"
1000,8,1e-08,dense,2.0774640607639457e-07,0.0013433762366974035,-7.023816108681778,6249.324607620042,997,2367.9410770029003,-3.955858767904123e-10,1.348302881888736e-06,0.34697019749641,4,0.829,0.0,conf_prism8,"0,6,7,13,15,18,25,27"
1000,8,1e-08,dense,7.263012234321104e-08,0.0014845560409731777,-7.061475160059859,15345.302706673338,997,3110.1465406527714,5.562687917902235e-10,3.512082589543135e-07,0.3084775458336265,4,0.831,0.0,conf_prism8,"0,5,11,22,24,26,27,29"
1000,8,1e-08,dense,1.2643601910463625e-07,0.0017235416561590033,-7.198673267062768,10331.958741149194,997,2347.41407377168,2.504191144376726e-10,6.11669098732736e-07,0.36264759562254517,4,0.491,0.0,conf_prism8,"8,10,12,14,23,24,27,29"
1000,8,1e-08,dense,5.767488280118652e-08,0.0016361524033408875,-7.186829069529247,20049.23126952808,997,2517.5468073002544,-6.480937355626602e-10,2.668030277732699e-07,0.34330634115094194,4,0.451,0.0,conf_prism8,"6,10,12,13,15,21,26,28"
1000,8,1e-08,dense,5.961235535767509e-08,0.0017811119012264176,-7.222897626528028,19682.63350862163,997,1859.5918884396372,3.785307218540022e-10,1.4784332880651635e-07,0.18983702366739738,2,0.286,0.0,conf_prism8,"1,3,11,12,18,22,23,26"
1000,8,1e-08,dense,7.013562473122564e-08,0.0020337814770931295,-7.431803759470439,20814.82715079162,997,1472.1933376930372,-4.629135253792114e-11,1.3210191351644147e-07,0.1719554884292186,4,0.449,0.0,conf_prism8,"2,4,11,12,18,19,25,29"
1000,8,1e-08,dense,9.537831659615419e-08,0.0014664604935132224,-7.009323689369091,11853.43399005272,997,1372.8116861869262,7.073167705720836e-12,1.1277996712064467e-06,0.14709627842934025,4,0.472,0.0,conf_prism8,"0,2,9,11,14,15,17,27"
1000,8,1e-08,dense,5.7205056050173315e-08,0.0014654790125189219,-7.128240296760364,19535.20429659921,997,2454.4467074058657,5.180018110768649e-10,4.9024373716328785e-09,0.3488227698824249,4,0.496,0.0,conf_prism8,"2,3,8,10,12,16,19,26"
1000,3,1e-08,dense,1.718094095805016e-08,0.003125736688903082,-7.531041875534289,142687.5953598622,992,645.3738371854952,-1.884778832814902e-13,1.0764657728167189e-13,0.07146543626018154,9,0.789,0.0,conf_snowman,"2,15,29"
1000,3,1e-08,dense,2.0836997843511006e-08,0.0054983116320118834,-8.240684346072719,378838.93874439545,972,351.3723593863618,-1.2596243280011009e-16,4.3455480009853837e-14,0.0686708815018125,9,0.528,0.0,conf_snowman,"2,4,10"
1000,3,1e-08,dense,1.669183028543421e-08,0.006362895359993143,-8.275728511251986,456213.2121681856,894,273.25283031728077,-3.130686821520653e-16,6.573093377340681e-14,0.1081333224949872,9,0.55,0.0,conf_snowman,"9,15,30"
1000,3,1e-08,dense,2.7650951826196556e-07,0.003428879489158427,-7.786457150825935,36246.075633848595,999,507.45080108090815,-2.547194314026118e-13,1.741246568717262e-13,0.0910079398754485,9,0.594,0.0,conf_snowman,"17,19,23"
1000,3,1e-08,dense,1.0782344395550348e-08,0.005580399179791353,-8.314261965114314,578555.207054386,936,313.20754616876434,-1.445986428186217e-13,1.2230269965311346e-13,0.07017861827053792,9,0.564,0.0,conf_snowman,"1,20,27"
1000,3,1e-08,dense,1.3858211821155621e-08,0.004183864831784744,-7.952350034887762,313955.8162816101,972,489.9766460961929,-1.679582123039676e-13,1.0349427993286976e-13,0.07383454498176278,9,0.683,0.0,conf_snowman,"11,14,25"
1000,3,1e-08,dense,4.544640360330395e-07,0.0018468836220881107,-7.083366688125998,6176.51550685385,999,730.2786153011593,4.216718899779145e-13,3.4840234438658046e-13,0.05749467481229824,9,0.491,0.0,conf_snowman,"4,8,28"
1000,3,1e-08,dense,1.2072417309403188e-06,0.001479588192620987,-7.020216715458349,2917.2966768888614,999,704.7082186890898,1.4861503502445824e-13,1.5975493024994245e-13,0.041764836531560996,9,0.565,0.0,conf_snowman,"2,8,9"
1000,3,1e-08,dense,3.2915848766853066e-08,0.003828724074661684,-7.920375126794834,110889.29927097443,991,618.7327496305825,-1.1057070376584549e-13,5.711258741881367e-14,0.1067395807019283,9,0.582,0.0,conf_snowman,"17,24,27"
1000,3,1e-08,dense,1.7035038201897108e-08,0.0034941111563498305,-7.619885666242908,171070.48185301182,997,504.79312998843267,2.5045811338244e-16,6.671317161823297e-14,0.07052939288263169,9,0.501,0.0,conf_snowman,"4,25,26"
1000,3,1e-08,dense,1.2878774682225184e-07,0.0021221265787421686,-7.287499978553599,19427.293224467514,999,1066.9691359082663,1.2353066161131798e-13,5.769647628390728e-14,0.08165906451049618,9,0.922,0.0,conf_snowman,"5,10,29"
1000,3,1e-08,dense,6.738206139536624e-08,0.0031694061839827006,-7.606507934809687,57633.71910382495,998,634.6134455352882,-2.385241943304347e-13,1.5977002622125937e-13,0.1109129898535015,9,0.712,0.0,conf_snowman,"18,25,27"
1000,3,1e-08,dense,8.173721355623898e-08,0.002992847112726494,-7.471963228272742,33700.67181278364,997,791.1197706375194,-1.020201527661272e-15,3.763200581723652e-14,0.1053363369990205,9,0.774,0.0,conf_snowman,"5,15,31"
1000,3,1e-08,dense,3.1936520423630356e-07,0.0017998944339114474,-7.116857010186175,7970.342925940171,999,1087.9935427181993,4.1521536100867784e-13,2.290863869955708e-13,0.029421625022977904,9,0.518,0.0,conf_snowman,"4,8,21"
1000,3,1e-08,dense,3.0852861216557024e-07,0.001926245361716288,-7.201683361489791,9974.100451996934,999,986.7242245666516,-8.999613825338505e-14,6.855657809126624e-14,0.059630607863893396,9,0.727,0.0,conf_snowman,"13,14,24"
1000,3,1e-08,dense,1.673501636547571e-08,0.003588683571228186,-7.501851204700497,101197.11765725142,997,603.4008713869724,4.3964399655101207e-16,1.0956804923334697e-13,0.08643028827237113,9,0.679,0.0,conf_snowman,"5,15,20"
1000,3,1e-08,dense,3.362789120220935e-07,0.0033153066832224886,-7.762122110162731,38162.17039750936,999,587.3214954411785,2.088729682848711e-13,1.2590386241513198e-13,0.11102935048470408,9,0.586,0.0,conf_snowman,"17,19,31"
1000,3,1e-08,dense,5.596045250765752e-07,0.0017230896394963078,-7.033681650411121,5015.261988906976,999,950.6727756646914,1.4365782335210736e-13,1.1825389924985735e-13,0.06382032524748195,9,0.716,0.0,conf_snowman,"0,11,22"
1000,3,1e-08,dense,5.664517140127516e-07,0.0019494742357581173,-7.190180473049182,6724.675819193998,999,913.6007923207133,3.774691062159302e-13,2.370896198663338e-13,0.07245640587993032,9,0.752,0.0,conf_snowman,"5,24,30"
1000,3,1e-08,dense,3.039861086737763e-08,0.0031397516193127652,-7.633564497758696,87746.29590401224,993,552.0697444145546,-7.266617801064367e-14,8.90100534852784e-14,0.06931174178120278,9,0.559,0.0,conf_snowman,"9,15,26"
1000,3,1e-08,dense,5.690854868236587e-07,0.001797217698486275,-7.232251613057406,6511.654589506671,999,864.6778218141109,-5.2640038188849284e-14,9.038321497720185e-14,0.08089416077341824,9,0.607,0.0,conf_snowman,"16,17,18"
1000,3,1e-08,dense,2.195622558066221e-07,0.0018540061634302603,-7.147185287275468,10866.662296147986,999,1093.980787016818,3.55777302353511e-13,1.9595933637196296e-13,0.06011993412326736,9,0.787,0.0,conf_snowman,"0,5,15"
1000,3,1e-08,dense,2.310819552488932e-08,0.003259018221377251,-7.8319448378129115,163901.6035537274,979,663.1276144684066,-1.665680596599634e-13,1.0397369325001463e-13,0.12061427450945038,9,0.842,0.0,conf_snowman,"19,23,27"
1000,3,1e-08,dense,2.478244499388123e-08,0.0019407831620886762,-7.185818587931264,104076.99124969722,999,1462.1110119480213,-9.577069294401143e-13,3.6157370066274157e-13,0.049644117966376064,9,1.0,0.0,conf_snowman,"3,8,16"
1000,3,1e-08,dense,4.3030520185421976e-07,0.0018785175378987667,-7.178419219371494,6941.20127568995,999,879.1180692669698,-1.2623685733889611e-13,1.0400366165119856e-13,0.06819173897960051,9,0.726,0.0,conf_snowman,"13,19,25"
1000,3,1e-08,dense,2.6981917636445505e-08,0.004066886321697766,-8.040056587246013,237654.35470599384,942,536.7755077325862,-4.853831370822184e-16,3.686048102230662e-14,0.10442394729099247,9,0.675,0.0,conf_snowman,"19,20,27"
1000,3,1e-08,dense,2.998107970406487e-08,0.0032071902283890754,-7.633184189720752,59890.85024379186,998,552.1813197675248,1.8166712031182294e-13,1.3091895068035528e-13,0.05785140752537034,9,0.512,0.0,conf_snowman,"4,15,26"
1000,3,1e-08,dense,5.268872055227107e-07,0.002067358413654245,-7.213760839342988,6751.899526742112,999,635.6155466875733,-1.5379281661737299e-13,1.4861980674048795e-13,0.07204733934726885,9,0.55,0.0,conf_snowman,"9,13,20"
1000,3,1e-08,dense,1.2797408765727538e-06,0.0014876331149371478,-7.026210784021148,2890.637588127245,999,701.5015074987206,2.835639709153348e-13,2.956741192929337e-13,0.029199259595245455,9,0.581,0.0,conf_snowman,"1,2,8"
1000,3,1e-08,dense,1.5768614382517705e-07,0.002040053706062981,-7.31761475225378,18808.106865653084,999,914.2172109109159,-2.704922323540412e-13,1.6473891788958355e-13,0.0576560725174387,9,0.929,0.0,conf_snowman,"10,11,26"
1000,5,1e-08,dense,1.453883714844032e-06,0.0024898719122081535,-7.150109921446444,3663.6739366944284,999,1076.237232609923,2.9152786955310983e-13,1.1809560499169757e-13,0.11152382711993891,9,0.716,0.0,conf_snowman,"2,3,15,18,22"
1000,5,1e-08,dense,1.0354891420444522e-06,0.0018095572079119048,-7.10649906250732,3789.3601597106,999,1573.85845103697,4.2274371226095005e-13,1.5904821084870404e-13,0.10076780178603018,9,0.818,0.0,conf_snowman,"3,5,27,28,29"
1000,5,1e-08,dense,1.1032488938331434e-06,0.0028279262620086788,-7.327585053779275,6029.086961180122,999,801.738365010546,3.443986008445361e-13,1.910102582479206e-13,0.097432557866832,9,0.482,0.0,conf_snowman,"4,9,12,21,23"
1000,5,1e-08,dense,4.289577613184197e-07,0.0017591779994544962,-7.146553804304363,7428.579323253624,999,1898.1345014153005,-9.485864020431026e-13,3.1137117576108037e-13,0.09655385154661675,9,0.722,0.0,conf_snowman,"8,11,14,21,26"
1000,5,1e-08,dense,3.501067456944853e-07,0.001984717679204898,-7.208056906851404,9173.913361538096,999,1876.1632137046565,-2.424961273450599e-13,7.674314206551314e-14,0.11288241344740702,9,0.75,0.0,conf_snowman,"3,8,24,29,30"
1000,5,1e-08,dense,1.2757039974139996e-08,0.0032864884971226934,-7.7086068665697605,172679.86774183958,999,751.1502175016169,8.243328084249739e-14,4.3963947941418765e-14,0.1168697195040578,9,0.51,0.0,conf_snowman,"1,7,10,18,22"
1000,5,1e-08,dense,5.759775965197647e-07,0.0026076701528505615,-7.336770648331442,7320.211307307643,999,1166.7342930978516,-3.4857761208865945e-13,1.3243153783661886e-13,0.13976467446207108,9,0.612,0.0,conf_snowman,"7,13,27,30,31"
1000,5,1e-08,dense,5.062789537277669e-07,0.0019535519212389102,-7.216021114484739,6585.6626585979,999,1416.505716090488,1.7496193973872212e-14,5.221297841098187e-14,0.09735243842935737,9,0.556,0.0,conf_snowman,"10,12,16,21,28"
1000,5,1e-08,dense,1.1088983091115652e-06,0.001486422059525277,-7.012594242968979,3253.326039172442,999,1636.9033148513006,-5.768312199743107e-13,2.766429614946122e-13,0.10014788224211227,9,0.594,0.0,conf_snowman,"0,3,13,17,30"
1000,5,1e-08,dense,2.337514770053963e-08,0.0034454540444609025,-7.586612003214826,85231.38796308739,998,1170.8316954816871,-9.425149940491947e-14,3.4074949439452776e-14,0.14704317489558244,9,0.698,0.0,conf_snowman,"5,15,20,23,31"
1000,5,1e-08,dense,2.014255398844461e-08,0.0024795141639594566,-7.532091486195457,87739.9196614383,991,1129.19273505905,-3.7024364960922716e-16,9.221797504350202e-14,0.10477450883814046,9,0.705,0.0,conf_snowman,"2,14,15,26,29"
1000,5,1e-08,dense,6.233003034490666e-07,0.001754239588099015,-7.135851790906847,4914.65406664341,999,1504.7825540357842,3.080246154711988e-14,1.012080263229987e-13,0.10247823441846018,9,0.577,0.0,conf_snowman,"7,8,17,18,21"
1000,5,1e-08,dense,9.034146936201413e-07,0.002380775518312548,-7.194399838972574,4611.410487566821,999,1113.1116283347703,1.6362865923304685e-13,8.584847277351223e-14,0.12702099560169347,9,0.581,0.0,conf_snowman,"3,7,17,23,26"
1000,5,1e-08,dense,5.611973969410519e-07,0.001891290063847547,-7.1271920042347725,5588.852908118653,999,1735.4816082706116,7.266917339957598e-13,2.3396901448666993e-13,0.11150045005572241,9,0.719,0.0,conf_snowman,"0,14,24,29,31"
1000,5,1e-08,dense,4.585958825599204e-07,0.0020144278738720473,-7.277971245729509,8131.197150442997,999,1484.4929478080837,-3.2573618281850347e-13,1.273125171529162e-13,0.12444535582977728,9,0.704,0.0,conf_snowman,"13,14,18,19,31"
1000,5,1e-08,dense,1.328776298045768e-06,0.0014461793272241457,-7.013669630788023,2788.856960470516,999,1329.2215391185496,3.637507819554875e-13,1.9984498789989764e-13,0.05642471887137873,9,0.478,0.0,conf_snowman,"4,5,8,11,12"
1000,5,1e-08,dense,5.689108619001464e-08,0.0029391122466161136,-7.556709392802611,52075.73590188044,998,903.9204086280896,-3.6014528864745525e-13,1.5805996700276245e-13,0.11374783766634888,9,0.53,0.0,conf_snowman,"1,2,15,24,31"
1000,5,1e-08,dense,1.7510048300966608e-07,0.0026575502874758676,-7.4123940124192655,16440.435808135113,999,1122.628465803221,-1.6464021991824342e-13,7.209947642780951e-14,0.11976588396387602,9,0.615,0.0,conf_snowman,"5,17,22,23,31"
1000,5,1e-08,dense,1.0024988096429215e-07,0.0027877986672308996,-7.692833846109093,57545.01290920015,998,1121.1177048317566,-1.989207958459628e-13,7.180785071856585e-14,0.14101955669437083,9,0.587,0.0,conf_snowman,"10,17,22,26,31"
1000,5,1e-08,dense,6.843868408868278e-07,0.0017048056343250924,-7.103077487715284,4299.346980558529,999,1386.8712903837709,2.633698668901745e-13,1.7290748922614369e-13,0.06813640478444391,9,0.521,0.0,conf_snowman,"4,5,11,13,28"
1000,5,1e-08,dense,1.7861652117228393e-08,0.00776162651121915,-8.532964888624662,531459.0042121148,953,402.36576917555055,-1.1505434978916203e-13,4.756711431775973e-14,0.1411338807702953,9,0.567,0.0,conf_snowman,"7,12,14,20,28"
1000,5,1e-08,dense,1.5854594014090442e-07,0.001879220614070169,-7.18887223877505,11966.863303454234,999,1791.8678577295793,2.0865616075633987e-14,7.155057974535808e-14,0.13180907372200495,9,0.826,0.0,conf_snowman,"8,19,21,28,31"
1000,5,1e-08,dense,3.812036760963614e-07,0.0021323163077392425,-7.343405729147308,11914.671097102046,999,1529.2120499788607,-5.842634319061533e-13,2.0283173872908823e-13,0.13670282301931946,9,0.762,0.0,conf_snowman,"15,16,24,26,30"
1000,5,1e-08,dense,5.738740984402227e-07,0.0019607936076230163,-7.233758251264167,6668.914845282502,999,1458.7976088270002,-1.9572332369614586e-13,9.270144650342017e-14,0.08436330038660464,9,0.72,0.0,conf_snowman,"3,15,22,26,29"
1000,5,1e-08,dense,6.151039890503023e-07,0.0015812974945191172,-7.10766910948684,4762.18584998981,999,1357.2222249484748,-2.628190498349045e-13,1.442986755584881e-13,0.08663004999751973,9,0.511,0.0,conf_snowman,"3,4,10,16,23"
1000,5,1e-08,dense,4.370368005706516e-07,0.004346321052609893,-7.477521999729872,12791.62227736122,999,758.7868367203779,5.9578095224204625e-15,7.423954970325407e-14,0.14889942508481063,9,0.583,0.0,conf_snowman,"3,9,22,25,30"
1000,5,1e-08,dense,4.483944926365568e-07,0.0024976709463790108,-7.39656565109757,10394.60330077505,999,1140.0921969587453,1.2240167126134873e-13,6.087372861778818e-14,0.19780155760300094,9,0.546,0.0,conf_snowman,"1,18,21,22,27"
1000,5,1e-08,dense,1.1185961963086871e-08,0.0037494756192657684,-7.882040681386468,190283.77435909634,999,1074.0240084457862,-1.524171544672873e-13,5.06460904501183e-14,0.12218850129039781,9,0.685,0.0,conf_snowman,"2,20,26,28,31"
1000,5,1e-08,dense,3.2720319917993857e-07,0.002332929239546348,-7.331168477041756,11914.274164143253,999,1372.8203242859172,2.7889658140685473e-14,2.1851607654118645e-14,0.10254674712952484,9,0.773,0.0,conf_snowman,"2,16,23,28,29"
1000,5,1e-08,dense,1.2310004026009116e-06,0.001597835375037002,-7.074054662102428,3383.3542805331203,999,1563.9647387225946,-3.916993326777895e-14,2.5415222615712802e-14,0.06386168464166163,9,0.516,0.0,conf_snowman,"2,3,9,13,21"
1000,8,1e-08,dense,1.059939841942915e-06,0.0022463583804888452,-7.333699574840429,5690.495072119664,999,1563.6908106406222,6.160555355145031e-14,5.495845479805671e-14,0.16494268532796985,9,0.526,0.0,conf_snowman,"1,4,10,13,15,19,22,31"
1000,8,1e-08,dense,1.334168598628938e-06,0.0015999269125318595,-7.054963901710325,3138.6061581576446,999,2256.6228826945853,4.974253769131096e-14,3.932059328782945e-14,0.12877937156357283,9,0.59,0.0,conf_snowman,"0,2,5,7,8,22,25,26"
1000,8,1e-08,dense,1.201469245008234e-06,0.0027344934403664154,-7.263582342099743,4675.869034869964,999,1621.9919201053851,-1.9827740902034142e-13,6.189564499684533e-14,0.24133976787826122,9,0.608,0.0,conf_snowman,"11,13,14,17,19,20,22,23"
1000,8,1e-08,dense,2.602922698532346e-07,0.0024722754540493527,-7.536847098672936,24369.971244269014,999,1695.5311344080305,4.0322600853228217e-14,4.528790893584339e-14,0.215785683151591,9,0.553,0.0,conf_snowman,"7,11,12,19,20,24,26,31"
1000,8,1e-08,dense,1.2117411128820123e-06,0.0016252194810012976,-7.108343980741924,3445.2467493026816,999,2166.781595211733,6.367305771179388e-13,1.882120534948328e-13,0.13004682383749389,9,0.611,0.0,conf_snowman,"3,7,8,10,14,21,25,27"
1000,8,1e-08,dense,3.2969461621791426e-07,0.0027126662419334198,-7.511255970275512,16405.4232690072,999,2083.7036518316427,-1.8821977636774e-13,7.45926154430312e-14,0.3236544604630357,9,0.576,0.0,conf_snowman,"3,9,11,19,24,25,27,29"
1000,8,1e-08,dense,1.4359239623544996e-06,0.001690279151889578,-7.083245964751113,3194.8610491069526,999,2092.50160225849,-1.4295047674479228e-13,6.173737587866078e-14,0.14831686147161405,9,0.59,0.0,conf_snowman,"3,7,8,13,14,22,25,31"
1000,8,1e-08,dense,1.7013321379556407e-06,0.002095365527620272,-7.237509928988116,4041.44546313886,999,1616.8102879913988,-1.8044506863410953e-13,6.178345688438706e-14,0.20455736850739675,9,0.553,0.0,conf_snowman,"3,6,9,14,15,18,20,29"
1000,8,1e-08,dense,8.42446698857033e-07,0.001751380674630696,-7.145314408797768,4903.573917269206,999,2641.850353283477,-1.546226460114372e-13,6.030513351637127e-14,0.2422750037959957,9,0.723,0.0,conf_snowman,"2,8,13,16,19,22,26,27"
1000,8,1e-08,dense,7.828695611815355e-07,0.002194375221884764,-7.242160909045162,5559.930619669542,999,2253.639814762719,5.81806738203444e-14,2.764173322277958e-14,0.2784983487826624,9,0.548,0.0,conf_snowman,"1,6,8,11,16,22,24,31"
1000,8,1e-08,dense,1.4347007493533888e-06,0.001676864376166814,-7.097369780690685,3023.0957218370886,999,1937.003157165297,2.1455606905201483e-13,1.1314757662446908e-13,0.15027106838070325,9,0.501,0.0,conf_snowman,"3,4,5,11,12,17,26,31"
1000,8,1e-08,dense,7.527803691389182e-07,0.0017779281640362661,-7.084088841051014,4323.695418572836,999,2740.243728267169,-1.1985661868855547e-12,2.6450678574544164e-13,0.22263824570369065,9,0.756,0.0,conf_snowman,"0,3,13,23,26,27,30,31"
1000,8,1e-08,dense,1.4374628145982265e-06,0.0015853877262494982,-7.125959316907291,3514.5908396751547,999,2041.7782117132524,-1.4744872991546325e-13,6.391755563515186e-14,0.15170620096671122,9,0.575,0.0,conf_snowman,"2,5,7,11,13,16,22,30"
1000,8,1e-08,dense,2.133730757805714e-06,0.0032889901053843413,-7.363514631880478,5147.683059329126,999,1083.2203524209174,-1.4893759104706375e-13,5.101212655910202e-14,0.1540053314030495,9,0.496,0.0,conf_snowman,"4,9,10,11,12,14,17,31"
1000,8,1e-08,dense,1.4352243573230717e-06,0.001723574257115754,-7.085316684860634,3030.0784583427658,999,1889.7933563098081,5.625206060639676e-13,1.8917044064621194e-13,0.14510950672890857,9,0.507,0.0,conf_snowman,"0,1,2,4,13,17,23,29"
1000,8,1e-08,dense,1.0156766336673227e-06,0.00332632053214537,-7.597587791545202,12467.9498427855,999,1098.1690437993745,-3.0430328802578607e-13,1.0675391422713021e-13,0.1422002480076937,9,0.488,0.0,conf_snowman,"1,2,4,12,15,23,24,27"
1000,8,1e-08,dense,1.970916154669348e-06,0.002260212727780955,-7.194290056367248,3482.457967477271,999,1529.7841718607278,4.593107321282996e-13,1.558440910272491e-13,0.162477204873323,9,0.556,0.0,conf_snowman,"2,5,6,9,15,16,22,23"
1000,8,1e-08,dense,9.73847747451515e-07,0.0031575895073019614,-7.431011966384221,7389.47815688919,999,1324.798831685598,1.3593342695946785e-13,3.982950291920505e-14,0.15162242801069278,9,0.574,0.0,conf_snowman,"1,5,7,9,18,20,23,30"
1000,8,1e-08,dense,8.459143224370339e-07,0.003248362516878853,-7.415229995629953,6934.451997018852,999,1522.8873349493279,-3.2238512997414153e-13,9.86157622030081e-14,0.21703531420758712,9,0.683,0.0,conf_snowman,"10,13,14,20,22,25,28,31"
1000,8,1e-08,dense,1.7722211302547764e-06,0.0022405191847752865,-7.123487714065485,3112.024164393063,999,1642.1092686089498,3.007229881779276e-13,1.0857849857038565e-13,0.16888033273635847,9,0.555,0.0,conf_snowman,"1,3,8,15,17,20,22,31"
1000,8,1e-08,dense,1.7816080843712033e-08,0.0032981139237798856,-7.65685869205477,106968.29635693562,999,1459.8858549136899,-2.2168606835554106e-14,4.1020728980735985e-14,0.23584411359272578,9,0.531,0.0,conf_snowman,"1,15,18,22,23,24,28,30"
1000,8,1e-08,dense,1.5798561930180671e-06,0.001933144434171435,-7.153595885537617,3733.599782036326,999,2043.3497083249238,2.919562466396418e-13,9.72723223583752e-14,0.16766581837995326,9,0.764,0.0,conf_snowman,"2,5,6,11,15,16,24,30"
1000,8,1e-08,dense,7.938727751899961e-07,0.002306206011743341,-7.339874218698802,6735.801099241619,999,1751.1530806846965,6.638509590735921e-14,5.4864278282747216e-14,0.13381579557392242,9,0.563,0.0,conf_snowman,"3,6,7,11,12,23,27,29"
1000,8,1e-08,dense,8.458475095976625e-07,0.0023778055487403246,-7.301548822796495,6178.563127505094,999,1806.8471434465955,2.9418698896881765e-14,2.197930633565926e-14,0.16439908502590878,9,0.584,0.0,conf_snowman,"1,2,10,13,21,23,25,30"
1000,8,1e-08,dense,1.344668438728956e-06,0.0033375341021707697,-7.328638517642879,4965.871759907262,999,1228.7881372788202,1.2469495468495664e-13,6.941728792028431e-14,0.1724326798889213,9,0.512,0.0,conf_snowman,"2,4,13,15,17,22,25,27"
1000,8,1e-08,dense,1.956821386685265e-06,0.0019647539935435557,-7.087642362962084,2887.018418594582,999,1740.074491571212,-3.65599044094278e-13,1.2766990624792891e-13,0.18353797944605668,9,0.475,0.0,conf_snowman,"3,4,8,14,15,18,22,25"
1000,8,1e-08,dense,8.987717581277394e-07,0.0020671118703431426,-7.230098244018041,4796.087730354738,999,1969.9474275534274,-5.064202095868186e-13,1.3796462927851497e-13,0.21917173326679185,9,0.58,0.0,conf_snowman,"5,16,17,18,19,20,23,27"
1000,8,1e-08,dense,1.826037427523037e-06,0.0015953975245992442,-7.015024807276488,2507.1837004068984,999,1892.8366782313997,1.6291600658077025e-13,7.581171428951447e-14,0.14638321249695263,9,0.574,0.0,conf_snowman,"0,2,6,8,10,12,20,27"
1000,8,1e-08,dense,9.7043607906554e-07,0.001967458191856991,-7.161902299867928,3867.2646691153927,999,1904.015978542521,1.8708047220969716e-14,5.633307686084764e-14,0.1425098342607648,9,0.526,0.0,conf_snowman,"1,3,8,9,11,15,24,25"
1000,8,1e-08,dense,2.405407434837484e-06,0.0026641385041419516,-7.088215198763667,2438.3234530192626,999,1401.3421107930972,5.188313040330589e-14,3.985293838883791e-14,0.2404161459843474,9,0.506,0.0,conf_snowman,"0,4,6,17,18,20,22,28"
1000,3,1e-08,dense,1.0792571878556802e-08,0.005809451374839059,-7.145611609070048,632412.5211317982,352,233.08418696628684,-8.70116492420792e-13,4.343428648120412e-13,0.11933548735178644,9,0.3,0.0,conf_sphere_on_cube,"1,14,17"
1000,3,1e-08,dense,1.8484740933879887e-08,0.0017474131531181028,-6.96759162436544,79609.49388481976,999,1035.2906905431264,-4.586343990340779e-13,2.811657823889527e-13,0.08978579597301306,9,0.969,0.0,conf_sphere_on_cube,"5,8,19"
1000,3,1e-08,dense,2.289770695067223e-08,0.003327992602290985,-7.813141167241453,68639.55793732237,999,515.289324569117,-3.3574518143505895e-13,3.30359256323189e-13,0.22728866580392543,9,0.314,0.0,conf_sphere_on_cube,"9,20,29"
1000,3,1e-08,dense,1.2697286158724165e-08,0.003529747458090146,-8.34648053568831,122657.09506007093,996,551.6640862680358,-1.9504147712393844e-12,1.5481954374136184e-12,0.31026504210473027,9,0.343,0.0,conf_sphere_on_cube,"19,20,31"
1000,3,1e-08,dense,6.289925133212584e-08,0.001701278492629644,-6.966548315373978,19865.90184456757,999,666.2390994208845,-1.0005450565599226e-13,3.040815859376544e-13,0.09270093031578262,9,0.908,0.0,conf_sphere_on_cube,"3,4,5"
1000,3,1e-08,dense,2.5424263569262956e-08,0.0050915316638752576,-8.077885706008114,69224.16428582562,997,283.61975655579124,-1.371453730084637e-13,3.347953399168905e-13,0.16554983113707522,9,0.276,0.0,conf_sphere_on_cube,"1,11,22"
1000,3,1e-08,dense,2.0161156423578854e-08,0.0016498124465942564,-6.966569589930156,70167.24447702945,999,986.4377661131946,1.2313809687042906e-13,3.4713632537406267e-13,0.179157259985244,9,0.366,0.0,conf_sphere_on_cube,"0,7,31"
1000,3,1e-08,dense,2.0815360803636664e-08,0.002309697189143608,-6.978559698123641,61817.03939474817,998,1098.1358508165908,-1.060569814118701e-12,4.61388263738508e-13,0.22401642902442498,9,0.993,0.0,conf_sphere_on_cube,"5,13,23"
1000,3,1e-08,dense,1.2532846671993265e-08,0.00634446769321791,-9.23556530030443,184921.7236112571,993,219.56409544710402,-2.5276266947518416e-13,2.737135313408476e-13,0.20489165073107982,9,0.284,0.0,conf_sphere_on_cube,"1,9,19"
1000,3,1e-08,dense,1.389740818025611e-08,0.001942780027239865,-7.008325253032179,108624.63041944946,998,1413.6805471165185,5.403447441014553e-13,4.724889695091713e-13,0.14005337671148926,9,1.0,0.0,conf_sphere_on_cube,"0,8,16"
1000,3,1e-08,dense,3.069299360039955e-08,0.0029338353568794527,-7.039095702755833,47667.172098808085,998,882.2953736342886,-2.6930378653731387e-12,1.1856090997199862e-12,0.28484228236372644,9,0.994,0.0,conf_sphere_on_cube,"5,10,31"
1000,3,1e-08,dense,3.486034449654749e-08,0.001975028166964975,-6.972524541985554,37179.38373340853,999,518.6677192109628,-1.091346279332942e-13,2.1644676788099558e-13,0.13819641854287934,9,0.313,0.0,conf_sphere_on_cube,"4,5,9"
1000,3,1e-08,dense,1.0491780000903786e-08,0.004521605769659593,-8.388781670336073,146739.80737805922,989,607.1549898293841,-7.279050895169076e-13,5.619677157765096e-13,0.2516164351155722,9,0.976,0.0,conf_sphere_on_cube,"15,28,31"
1000,3,1e-08,dense,4.074043944782313e-08,0.004359065121667831,-7.043964519226739,163455.9785726151,394,397.26393686081616,-1.5108235404641193e-15,1.6490491520330365e-12,0.1819042321597187,9,0.307,0.0,conf_sphere_on_cube,"1,20,30"
1000,3,1e-08,dense,2.516748613561508e-08,0.0035978738154987923,-8.006020640164783,99528.99803145681,999,296.793760351609,-5.092925766642119e-13,6.542335588252118e-13,0.09307023395071362,9,0.33,0.0,conf_sphere_on_cube,"7,11,17"
1000,3,1e-08,dense,8.851481469372578e-08,0.0021793918817630854,-7.1159277842945,23465.1834660845,998,785.6795359761443,4.706239009054831e-14,3.821641519812983e-13,0.21030838177562494,9,0.329,0.0,conf_sphere_on_cube,"13,22,25"
1000,3,1e-08,dense,2.2908073517830852e-08,0.0019931423464884207,-7.0567395617036786,54542.04738393265,999,697.2764136963278,1.8356757849025144e-13,2.927065388112374e-13,0.255717855169884,9,0.328,0.0,conf_sphere_on_cube,"5,12,27"
1000,3,1e-08,dense,1.8967802710664042e-08,0.0032124137230631054,-7.189766939232947,72449.08898888696,999,364.3275699132406,9.38069598070545e-13,9.045290646321023e-13,0.10791937721360859,9,0.293,0.0,conf_sphere_on_cube,"1,6,16"
1000,3,1e-08,dense,6.06985907057045e-08,0.0019631496831354657,-7.020583114655648,27620.79172031646,998,1246.3163175631612,-4.807801184010229e-12,2.095825534710539e-12,0.21155626355140247,9,1.0,0.0,conf_sphere_on_cube,"0,5,10"
1000,3,1e-08,dense,1.1426815731490506e-08,0.0045157515628558515,-11.450480320358755,1076351.876017362,976,281.48924982092325,-5.34878183085019e-13,7.361392396430037e-13,0.15779089199607643,9,0.309,0.0,conf_sphere_on_cube,"4,9,25"
1000,3,1e-08,dense,1.4061148478258319e-08,0.004735762099968169,-10.478582621964746,306924.28572989185,997,434.9926301674909,-6.507480740755775e-14,2.98298131163864e-13,0.26556420503597056,9,0.342,0.0,conf_sphere_on_cube,"4,28,30"
1000,3,1e-08,dense,1.7065893760523912e-08,0.002274307397647839,-7.004023460500339,81491.35674036344,998,892.2387757544607,-1.2167357361521915e-12,6.179246223380384e-13,0.10609137821313859,9,0.933,0.0,conf_sphere_on_cube,"6,13,21"
1000,3,1e-08,dense,3.03456185669218e-08,0.0038128702201525146,-8.10006872662171,75523.84889049293,991,484.6071659764147,-1.8367832466759864e-65,5.654529067944692e-13,0.2186514662010641,9,0.371,0.0,conf_sphere_on_cube,"6,24,25"
1000,3,1e-08,dense,1.6446876799965985e-08,0.005081303527686807,-7.521978327142357,95470.87259115095,999,408.19451190057055,4.1702445567111854e-13,2.902125009269608e-13,0.2132469394901989,9,0.328,0.0,conf_sphere_on_cube,"2,10,25"
1000,3,1e-08,dense,5.824493441627277e-08,0.0029382969608302716,-7.441879146465559,25867.929111862308,997,729.2505977957491,4.841529229596219e-13,2.5889198376329717e-13,0.13004152797682567,9,0.332,0.0,conf_sphere_on_cube,"14,26,29"
1000,3,1e-08,dense,2.4174206995808032e-08,0.004604769012965434,-9.966642350843875,169557.2329042633,988,414.52321740956944,-2.6577332760562533e-13,2.7818804627217394e-13,0.27705527720238543,9,0.317,0.0,conf_sphere_on_cube,"15,22,25"
1000,3,1e-08,dense,1.6024064871588795e-08,0.005126742078231177,-9.218298062683818,124992.04734071695,983,275.8818379887921,-1.195079191856907e-13,2.0134530346831546e-13,0.13462643266277474,9,0.327,0.0,conf_sphere_on_cube,"6,12,19"
1000,3,1e-08,dense,1.8576699877519776e-08,0.002437212388875083,-7.013817928390566,68447.33272117977,999,704.3190574113754,1.3643475518088494e-13,3.0452844949827955e-13,0.080903786913952,9,0.285,0.0,conf_sphere_on_cube,"1,3,8"
1000,3,1e-08,dense,3.678986932769452e-08,0.0022642851062774994,-7.050687279527554,34954.82297566451,998,851.912559999665,1.2098133546768977e-12,7.06636199385557e-13,0.12678369473457218,9,0.969,0.0,conf_sphere_on_cube,"5,19,29"
1000,3,1e-08,dense,1.033523735966939e-08,0.00443811481325153,-8.37907419906624,176714.45815859654,999,338.1764577479525,1.2496643051577674e-12,1.0760179715492223e-12,0.1643369271368696,9,0.323,0.0,conf_sphere_on_cube,"6,12,23"
1000,5,1e-08,dense,3.110091796205861e-08,0.0018155239027937314,-6.998978684906246,39598.15471084666,999,1374.8034863563453,1.1268209322090056e-12,5.0541419847187e-13,0.371217082204476,9,0.32,0.0,conf_sphere_on_cube,"0,10,15,17,29"
1000,5,1e-08,dense,2.2907924957837057e-08,0.003253009631564637,-7.732095220716814,92476.11112779003,999,1019.2647472677518,-7.647198872922374e-13,2.5374838115746637e-13,0.3290032222345308,9,0.923,0.0,conf_sphere_on_cube,"4,23,24,29,31"
1000,5,1e-08,dense,6.091836043800169e-08,0.0022159734344575177,-7.107468672134432,22418.10589282029,999,1059.3011921674151,-4.901547825855866e-13,5.207455499870186e-13,0.20539755897697098,9,0.294,0.0,conf_sphere_on_cube,"5,7,9,24,29"
1000,5,1e-08,dense,4.013767539458652e-08,0.0023494534276313267,-7.128304094878029,41156.941866750145,999,1353.432840556794,-1.725059728496115e-12,6.047546126786192e-13,0.3392829372676709,9,0.976,0.0,conf_sphere_on_cube,"8,11,18,28,31"
1000,5,1e-08,dense,1.6184716415249896e-08,0.002261908942322169,-7.055411085889447,72561.34374536437,999,1478.468723309494,3.0273677714132186e-12,9.460119680148958e-13,0.27844855885280917,9,0.363,0.0,conf_sphere_on_cube,"7,8,21,23,26"
1000,5,1e-08,dense,5.876434757524992e-08,0.0020466835907075303,-7.012735213143112,21211.534227389686,999,1167.5062786115855,7.389006767089862e-13,9.864726105033821e-13,0.2634305082821525,9,0.319,0.0,conf_sphere_on_cube,"0,2,9,25,28"
1000,5,1e-08,dense,1.4019883648188685e-08,0.0025795092965556704,-7.225696499621434,84926.99935369397,999,1295.6513841588421,-6.068344784486749e-13,3.399179480818295e-13,0.3943885094733564,9,0.286,0.0,conf_sphere_on_cube,"12,13,26,30,31"
1000,5,1e-08,dense,6.01505640199058e-08,0.001931536390796312,-7.059407774380843,21451.884110907256,999,1321.4173328167205,-8.747558667822736e-13,5.284420468136412e-13,0.24973270823819327,9,0.373,0.0,conf_sphere_on_cube,"3,13,18,20,27"
1000,5,1e-08,dense,4.233070796578705e-08,0.001814837093069302,-7.032359448890738,30579.5137710382,999,1398.6004821282027,-2.4258488980033273e-12,1.0118022810985467e-12,0.26541482698342633,9,0.317,0.0,conf_sphere_on_cube,"0,12,19,26,28"
1000,5,1e-08,dense,2.1651065821709197e-08,0.0036532577547700533,-7.906634263071824,58903.18678715045,999,802.5888811978372,4.322734449001255e-13,3.3307680857230543e-13,0.3178376376092381,9,0.3,0.0,conf_sphere_on_cube,"10,17,22,23,27"
1000,5,1e-08,dense,3.392162124651086e-08,0.003580785016003892,-7.5350525604383,43089.86689558798,999,743.9669073882709,7.666738186431313e-13,9.525644749656897e-13,0.27199999359971466,9,0.318,0.0,conf_sphere_on_cube,"3,6,14,27,28"
1000,5,1e-08,dense,4.864098783087708e-08,0.001668970210881443,-6.987952926622796,28483.542395216406,999,1461.5881659355132,-6.277792814448381e-12,2.615645361576706e-12,0.2651526051199895,9,0.984,0.0,conf_sphere_on_cube,"0,2,19,21,28"
1000,5,1e-08,dense,1.0715829345535899e-08,0.0022402755667443237,-7.056555984384529,108247.55038138512,999,1502.1156091111989,-5.857011372161172e-12,1.8690351036234133e-12,0.24654107975531286,9,0.319,0.0,conf_sphere_on_cube,"8,14,18,21,31"
1000,5,1e-08,dense,5.4237227571834207e-08,0.0038204965172728917,-7.427894678311964,28948.041253893436,999,664.4824139502477,4.61319985356406e-13,2.9508352990170374e-13,0.24794470853781664,9,0.281,0.0,conf_sphere_on_cube,"1,11,16,17,19"
1000,5,1e-08,dense,6.282511748378443e-08,0.0027285793146379555,-7.205088440006293,24747.639637903387,999,1008.1007871600339,1.3277173857177996e-12,5.258401945128158e-13,0.2403420627101876,9,0.91,0.0,conf_sphere_on_cube,"4,10,11,21,29"
1000,5,1e-08,dense,6.507556766456238e-08,0.0023980099736292397,-7.189397569725319,23248.162656188488,999,990.4745075495744,8.109228063017264e-13,5.965429178181561e-13,0.2892971466498152,9,0.315,0.0,conf_sphere_on_cube,"11,13,14,15,28"
1000,5,1e-08,dense,6.48846935345659e-08,0.0023021482041927005,-7.148663457415137,19928.70328353074,999,864.59358655896,9.345371875362055e-13,5.786929486407335e-13,0.20369838241878002,9,0.356,0.0,conf_sphere_on_cube,"3,4,7,16,31"
1000,5,1e-08,dense,1.0038992758338447e-08,0.002916162595682069,-7.428471060494839,134127.33449374908,999,1177.3982708993512,4.42299671796877e-13,2.465890199017392e-13,0.33952455285957284,9,0.352,0.0,conf_sphere_on_cube,"14,16,23,24,29"
1000,5,1e-08,dense,1.4320553484610007e-08,0.004087944956081564,-13.784847720412454,41805607.52230034,995,477.65703018482117,-2.303217127177173e-13,2.1951860004496462e-13,0.15653293545094576,9,0.308,0.0,conf_sphere_on_cube,"1,6,9,17,30"
1000,5,1e-08,dense,1.1280435182121224e-07,0.0015514993737855288,-6.972132775284784,12028.056359959928,999,670.4208148399512,2.031999016182091e-12,2.0492616404607793e-12,0.12585163660175197,9,0.305,0.0,conf_sphere_on_cube,"1,2,4,8,9"
1000,5,1e-08,dense,3.560812764443086e-08,0.0015290540909340825,-6.984351248442195,33236.37768915129,999,1309.5505220301761,-6.86926180609144e-13,6.192105565641081e-13,0.2288289838337732,9,0.302,0.0,conf_sphere_on_cube,"0,9,10,17,29"
1000,5,1e-08,dense,3.635346774531564e-08,0.0034284300107367324,-7.743176806032894,44672.72144999971,999,822.1057908913182,1.4285159152047133e-12,6.496535135840201e-13,0.4655399191936094,9,0.32,0.0,conf_sphere_on_cube,"11,12,15,23,29"
1000,5,1e-08,dense,1.2092640918065313e-08,0.0028959586099356997,-7.260707671850946,118139.1758228153,999,1009.1575623072207,8.093637338527569e-13,7.963096090388446e-13,0.2676154712972615,9,0.329,0.0,conf_sphere_on_cube,"6,13,14,27,30"
1000,5,1e-08,dense,3.6864790790320676e-08,0.004150423278521886,-7.924407014007221,60334.32077849547,997,612.4562001804578,-3.10713639144626e-13,2.2424422937821665e-13,0.3232487851253741,9,0.31,0.0,conf_sphere_on_cube,"6,7,14,19,29"
1000,5,1e-08,dense,2.7772992982132347e-08,0.0042578167107770425,-11.64831221725964,1416118.5339835854,997,492.8161740293254,-2.3102077517803887e-13,2.0621082188075026e-13,0.26380858158894593,9,0.352,0.0,conf_sphere_on_cube,"4,6,7,20,30"
1000,5,1e-08,dense,7.288322303389902e-08,0.003959880102567469,-8.61352635505124,30096.232435386686,999,525.0264270630072,8.656811975131838e-13,7.655908079135497e-13,0.22577239536605254,9,0.309,0.0,conf_sphere_on_cube,"2,4,9,19,28"
1000,5,1e-08,dense,6.741329528643982e-08,0.002381550627248346,-6.988125985109241,21662.07230551767,998,1426.9807637777258,1.4367471072422876e-12,4.93351990171221e-13,0.18989846722789344,9,0.984,0.0,conf_sphere_on_cube,"0,11,16,19,24"
1000,5,1e-08,dense,2.0403866866471995e-08,0.0016173526582104083,-6.97599507791771,59741.31936113059,999,1693.2903245537796,4.831700288935911e-13,2.8190161009538905e-13,0.15644267850300841,9,0.319,0.0,conf_sphere_on_cube,"0,1,5,8,19"
1000,5,1e-08,dense,6.240480805056632e-08,0.0015770940796545365,-6.9670469957566565,20536.124018884857,999,1095.1060211515469,-8.68456598812621e-13,5.612482000011157e-13,0.22641201286534593,9,0.28,0.0,conf_sphere_on_cube,"0,1,4,10,30"
1000,5,1e-08,dense,2.302208271680175e-08,0.0026683858760163013,-7.298427002036618,56454.8011001943,999,1078.6176292775888,-6.958468873148413e-13,3.1412316089019196e-13,0.3349351526533327,9,0.292,0.0,conf_sphere_on_cube,"1,16,17,26,29"
1000,8,1e-08,dense,5.892571462631998e-08,0.002570042042581748,-7.219254972139278,23687.48295884593,999,1545.821328437084,2.5889015417720164e-12,7.029526890817547e-13,0.5438633852056628,9,0.309,0.0,conf_sphere_on_cube,"7,8,9,10,17,20,28,29"
1000,8,1e-08,dense,2.377472992823714e-08,0.0021083009140180713,-7.029937135855842,52120.84041728947,999,2535.0791450567394,1.4644082039872034e-12,5.254742261561715e-13,0.5302855596103437,9,0.339,0.0,conf_sphere_on_cube,"5,8,10,13,18,28,29,30"
1000,8,1e-08,dense,5.3813521342555705e-08,0.001883102450205554,-7.06560919884634,23200.81141623542,999,1852.2572274337533,-5.230898884103132e-13,2.45802297853868e-13,0.43220319324361345,9,0.303,0.0,conf_sphere_on_cube,"1,5,9,12,13,16,29,30"
1000,8,1e-08,dense,7.327388937258259e-08,0.0024541650128817,-7.216346520531343,18169.01546507119,999,1358.2682019808865,1.868747835953888e-12,6.31587417981099e-13,0.4779921519427764,9,0.315,0.0,conf_sphere_on_cube,"1,2,6,13,14,17,25,26"
1000,8,1e-08,dense,2.8163408197490354e-08,0.002273629211534688,-7.144595946149855,45111.913953900745,999,1984.4336219699221,-1.033716872986136e-12,3.827083144727821e-13,0.5115475498853723,9,0.323,0.0,conf_sphere_on_cube,"4,8,13,22,24,25,29,30"
1000,8,1e-08,dense,2.8134980399725922e-08,0.002205207669458721,-7.050370307598885,45721.600484709845,999,2310.3397159880824,-9.980522677169888e-13,2.838197321510159e-13,0.31009205061210543,9,0.322,0.0,conf_sphere_on_cube,"8,13,14,16,19,20,21,26"
1000,8,1e-08,dense,4.909373471050754e-08,0.0018356075396982932,-7.072282023326556,27039.89445065638,999,1873.5960545073651,7.813028112883137e-13,4.1754392778691724e-13,0.5009574475941119,9,0.361,0.0,conf_sphere_on_cube,"0,4,10,14,18,19,22,31"
1000,8,1e-08,dense,3.310225701106889e-08,0.002800257719966186,-7.14665955506474,40301.07600307906,999,1656.0614776595116,1.0931104753932148e-12,3.3112556079027713e-13,0.5140746728668069,9,0.326,0.0,conf_sphere_on_cube,"5,7,12,14,15,18,21,23"
1000,8,1e-08,dense,5.730636354711065e-08,0.002841211148264693,-7.470785689970427,23984.745539090407,999,1291.5776349466214,9.098866739584548e-13,2.814579051317409e-13,0.4273833245947174,9,0.334,0.0,conf_sphere_on_cube,"4,9,10,14,15,20,21,27"
1000,8,1e-08,dense,3.3658665177587505e-08,0.0019751751518728455,-6.986745880175346,36270.39429559768,999,2526.396955049147,1.0630321019593358e-12,5.074774180051383e-13,0.37564366921450854,9,0.325,0.0,conf_sphere_on_cube,"0,5,10,12,16,21,24,29"
1000,8,1e-08,dense,4.3311278570669574e-08,0.0029960507962341456,-7.6534162473238325,32775.70718892572,999,1230.3474443089185,-4.95636976157349e-13,2.8318282142205513e-13,0.32982477765142093,9,0.31,0.0,conf_sphere_on_cube,"1,2,10,14,17,22,26,30"
1000,8,1e-08,dense,3.618413509671328e-08,0.00365776712557681,-7.620034084881428,39927.2597849748,999,1474.3884929066185,-3.243546421365818e-13,2.0968609414649687e-13,0.570706701385185,9,0.314,0.0,conf_sphere_on_cube,"2,10,17,18,20,23,27,31"
1000,8,1e-08,dense,7.213684639200285e-08,0.0019190591480887625,-7.002441309401981,17207.28186390067,999,1755.1088350936334,-4.0682624728812375e-13,2.667356709929763e-13,0.28217939797806335,9,0.291,0.0,conf_sphere_on_cube,"0,3,6,9,10,11,23,29"
1000,8,1e-08,dense,1.1061314645688735e-07,0.0021541377688979496,-6.990076871416092,11779.220062450635,999,1479.436871773758,1.377962168812407e-12,4.877510071929949e-13,0.20470146726834437,9,0.301,0.0,conf_sphere_on_cube,"2,3,4,6,8,9,16,18"
1000,8,1e-08,dense,6.536674778823477e-08,0.0026736724825976066,-7.364559719825277,20053.90277177197,999,1356.576804790384,6.702674690019988e-13,2.9177014708077083e-13,0.4880260954970783,9,0.306,0.0,conf_sphere_on_cube,"3,9,14,15,18,19,20,29"
1000,8,1e-08,dense,4.3378266974154876e-08,0.0030923354792915924,-7.582025227681887,31584.004635836944,999,1287.4973455626196,2.126625261036662e-12,6.135710604445813e-13,0.5948102979404458,9,0.276,0.0,conf_sphere_on_cube,"1,6,10,16,22,23,28,30"
1000,8,1e-08,dense,4.239248286568953e-08,0.0025247877366154007,-7.204456245919853,30923.99021975245,999,1693.1591800349952,-9.408145397024325e-13,4.646380132363603e-13,0.4508060255960704,9,0.324,0.0,conf_sphere_on_cube,"3,6,10,14,18,21,28,31"
1000,8,1e-08,dense,6.64717449715664e-08,0.002115874961290678,-7.040973675118077,19687.11385786089,999,1400.3422512119632,1.8242141145023622e-12,6.451185576080068e-13,0.6534639171626848,9,0.315,0.0,conf_sphere_on_cube,"1,4,7,8,12,13,14,22"
1000,8,1e-08,dense,6.353071666323644e-08,0.0031512298956831346,-7.5313260504265465,21449.447101306807,999,1238.74799316728,-1.05346589806973e-13,3.5461472827265305e-13,0.8479375543539407,9,0.314,0.0,conf_sphere_on_cube,"1,10,12,14,16,22,23,25"
1000,8,1e-08,dense,4.90524205778204e-08,0.0030005324204624225,-7.1690320886779375,28640.58591375117,999,1679.2132366280507,-3.282439864443349e-12,6.873913477383889e-13,0.670324542912039,9,0.337,0.0,conf_sphere_on_cube,"5,7,10,11,15,18,28,29"
1000,8,1e-08,dense,5.6931145462878834e-08,0.001658413441176344,-6.972497853799252,21996.7610775537,999,1853.391157912866,9.965323676962023e-13,6.026190653991352e-13,0.36091048450923613,9,0.299,0.0,conf_sphere_on_cube,"0,1,3,4,7,13,15,31"
1000,8,1e-08,dense,5.6546572814620225e-08,0.002743458401768824,-7.134345439653544,22955.885929720374,999,1365.3611861361899,-1.7637069128158832e-13,2.716381068515867e-13,0.4089412238082847,9,0.308,0.0,conf_sphere_on_cube,"2,5,6,9,10,17,18,25"
1000,8,1e-08,dense,5.739147576402338e-08,0.0016835415722177335,-6.959277568558412,22068.68086069957,999,1934.3061096388396,-5.840245631449279e-13,2.3035922434024697e-13,0.48201298061473996,9,0.297,0.0,conf_sphere_on_cube,"0,1,3,5,7,15,18,22"
1000,8,1e-08,dense,2.3756408636527703e-08,0.003470376718900101,-8.038082744927232,59246.94539705834,999,1545.7271714086892,6.585349667459194e-13,1.3281907224298486e-13,0.5515958574270161,9,0.32,0.0,conf_sphere_on_cube,"12,15,22,24,25,28,29,31"
1000,8,1e-08,dense,3.171979607774384e-08,0.002762626493179818,-7.305019008846119,39856.7999661527,999,1530.4767506799417,-1.524179100911668e-12,4.942359668905306e-13,0.6733266336345876,9,0.272,0.0,conf_sphere_on_cube,"7,9,15,16,18,21,28,30"
1000,8,1e-08,dense,1.0482649347469302e-07,0.0019784302763034907,-7.001400060400055,12543.921734947788,999,1811.8929079130958,-1.7825118430669981e-12,5.774009025182169e-13,0.3951609073222631,9,0.347,0.0,conf_sphere_on_cube,"0,2,3,6,10,20,25,26"
1000,8,1e-08,dense,3.168108453885093e-08,0.0019018085246664451,-7.015429669739719,37658.091332056865,999,1793.2357352165527,-1.7373678613425747e-12,1.0731308071283224e-12,0.6422435571463414,9,0.3,0.0,conf_sphere_on_cube,"0,1,9,13,15,17,19,27"
1000,8,1e-08,dense,8.618372210073138e-08,0.0027521084475737694,-7.234035988627495,16029.604378335696,999,1308.4905905236255,-7.139189840519909e-13,4.4833002931806893e-13,0.21589272989279112,9,0.302,0.0,conf_sphere_on_cube,"3,6,7,9,11,21,23,24"
1000,8,1e-08,dense,3.485138637475714e-08,0.0017257833569334097,-6.985317286174062,34534.44223408285,999,2403.1467762192547,-8.738992041155564e-12,2.161483308153969e-12,0.3337971338287441,9,0.296,0.0,conf_sphere_on_cube,"0,5,9,16,17,21,25,26"
1000,8,1e-08,dense,1.0288312560488514e-07,0.0030107329605679033,-7.491098616522108,16151.965082799496,999,1322.6947861144959,-8.054552576124141e-13,2.3511103081610624e-13,0.32069481251839915,9,0.335,0.0,conf_sphere_on_cube,"2,4,12,16,18,22,25,30"
1000,3,1e-08,dense,1.8562298012720571e-07,0.002380749229606057,-7.364319005975093,18235.223889104935,999,845.8107092247931,3.944003327052692e-13,2.3361035223087516e-13,0.07417539275306365,9,0.716,0.0,conf_sphere_r05,"3,22,29"
1000,3,1e-08,dense,5.232867599439994e-07,0.0016081454270168033,-7.031378600788489,5176.889432909249,999,1141.3644406484277,2.030508904970281e-12,1.1626385912497916e-12,0.031864460186003106,9,0.584,0.0,conf_sphere_r05,"0,12,21"
1000,3,1e-08,dense,4.3012758196634666e-07,0.0016314499962345743,-7.071701018372692,7134.524915427397,999,1113.836589764941,-3.6048363988695343e-13,2.5259979194158495e-13,0.06318697088640243,9,0.703,0.0,conf_sphere_r05,"8,14,26"
1000,3,1e-08,dense,1.2864612202650365e-08,0.005802299423846561,-8.034391441114442,308405.5396945742,941,238.16918963954808,-1.1011298109590682e-16,6.613909201108499e-14,0.06784343637353248,9,0.67,0.0,conf_sphere_r05,"6,7,30"
1000,3,1e-08,dense,8.280604817960162e-08,0.002845930314093633,-7.44871029823891,30889.038293591722,999,720.1925055679953,-9.917485683961907e-15,6.000427568300168e-14,0.08786721992969904,9,0.766,0.0,conf_sphere_r05,"20,26,27"
1000,3,1e-08,dense,1.165790878676291e-08,0.00685701894778385,-8.200624782977295,382377.87343744683,921,317.8560410785666,-8.412792426205731e-14,6.254867186525835e-14,0.08509145886503788,9,0.713,0.0,conf_sphere_r05,"20,25,27"
1000,3,1e-08,dense,1.087541184399036e-08,0.01459476072686955,-8.903959770786397,786992.5867066865,770,76.4535423105043,-2.4772471456498487e-16,3.7409716917062076e-14,0.04563953222550728,9,0.478,0.0,conf_sphere_r05,"1,12,17"
1000,3,1e-08,dense,9.067162164368691e-08,0.0032001246106553648,-7.5044761982297015,28456.78194592161,997,522.8865523004318,-9.612228437691997e-14,9.6567224270918e-14,0.06304862877764038,9,0.876,0.0,conf_sphere_r05,"2,19,28"
1000,3,1e-08,dense,3.995590170670442e-08,0.0028052675742846816,-7.437065780015153,48581.777902522226,999,913.5979260421823,-3.472263302621917e-13,1.571145244125337e-13,0.09975861869810378,9,0.901,0.0,conf_sphere_r05,"10,26,28"
1000,3,1e-08,dense,1.578452452640526e-08,0.0026643968547530373,-7.477579798827299,129592.32528142261,999,1003.560498657788,-7.33429743792421e-13,3.1981251711055303e-13,0.09664615212796128,9,0.955,0.0,conf_sphere_r05,"23,29,31"
1000,3,1e-08,dense,5.263513627016685e-07,0.0022469803045009275,-7.112740006870169,5730.683675419615,999,691.334322243432,-1.3196984737645634e-13,1.144817954771966e-13,0.06318116511480117,9,0.569,0.0,conf_sphere_r05,"5,17,27"
1000,3,1e-08,dense,5.4251432315068323e-08,0.0026653851196302516,-7.482262506325424,43601.836604648306,993,390.1299473793004,-6.42186747976581e-14,1.197581161016109e-13,0.04372369275803829,9,0.494,0.0,conf_sphere_r05,"1,10,14"
1000,3,1e-08,dense,3.7930775288060226e-07,0.0015746902064990476,-7.045830553944179,6215.626947900839,999,1006.5002571929286,-4.1434963573834353e-13,2.770783094158459e-13,0.04005351255230344,9,0.436,0.0,conf_sphere_r05,"4,8,18"
1000,3,1e-08,dense,1.8190094482082436e-08,0.0051228287594385314,-7.980015105818902,272889.69145959575,963,423.78502875547684,-1.521229908844522e-16,4.197417722308092e-14,0.0819960584335819,9,0.721,0.0,conf_sphere_r05,"11,22,30"
1000,3,1e-08,dense,1.330220372799479e-08,0.0033400132117829447,-7.50010807029476,145796.41596376654,996,574.7780110559436,-6.252052933402988e-16,1.2943888611637845e-13,0.07546433232991905,9,0.799,0.0,conf_sphere_r05,"10,27,30"
1000,3,1e-08,dense,5.1081865942457555e-08,0.0034883837309656047,-7.589180013654757,50348.90478100715,999,495.8708598868096,-2.4950857002233464e-13,1.6643783110812384e-13,0.06429986693187931,9,0.464,0.0,conf_sphere_r05,"4,22,29"
1000,3,1e-08,dense,3.0161158375206556e-07,0.002020740554343838,-7.238489629522355,10908.810408894975,999,883.0779847814356,2.740449525896698e-13,1.7185472263907595e-13,0.0882779105713365,9,0.703,0.0,conf_sphere_r05,"5,22,31"
1000,3,1e-08,dense,1.551615396847196e-07,0.003096021907724694,-7.660633832628553,33224.4462324034,999,338.2109838440625,1.034118026316955e-13,1.2873854974646277e-13,0.03217046506641043,9,0.439,0.0,conf_sphere_r05,"1,4,10"
1000,3,1e-08,dense,7.397631915889991e-07,0.0015604808028763723,-7.080805469578316,4865.078138631113,999,898.6850407983061,-6.853432466204678e-13,5.647932458759891e-13,0.060761935581356036,9,0.737,0.0,conf_sphere_r05,"11,13,20"
1000,3,1e-08,dense,1.1029564224186998e-08,0.018945750965992193,-8.85841149329971,552095.8923952364,748,48.304913371466085,-1.9576207304105635e-16,1.667480539760422e-14,0.05309251147401789,9,0.447,0.0,conf_sphere_r05,"4,9,12"
1000,3,1e-08,dense,1.0490068769800639e-08,0.00428926132324586,-7.701729717546083,158740.49388052238,983,423.9757283276351,-1.320659147331257e-16,1.1836578257865133e-13,0.05955425853132425,9,0.719,0.0,conf_sphere_r05,"6,15,19"
1000,3,1e-08,dense,2.8459429273776293e-07,0.0018075683755463293,-7.145134194077721,10290.623136450024,999,1078.144281041502,7.579240133129771e-14,6.153490915034905e-14,0.06036269704011399,9,0.687,0.0,conf_sphere_r05,"13,14,29"
1000,3,1e-08,dense,1.826745117135141e-08,0.0046725316754058265,-7.929142268480056,294921.9200377395,982,409.4051980782768,-1.403746961216882e-16,2.209818624642398e-13,0.06628387707984854,9,0.7,0.0,conf_sphere_r05,"11,14,25"
1000,3,1e-08,dense,7.90740258557924e-07,0.0014926743635129446,-7.052880248116853,4318.861484067348,999,904.4038410532868,-1.4898239984849812e-13,1.7254300767321282e-13,0.055131551894073746,9,0.728,0.0,conf_sphere_r05,"6,8,23"
1000,3,1e-08,dense,2.6915267190775526e-07,0.003047142204301213,-7.489299869256565,18998.538121374328,999,493.45512055737186,8.244122016917324e-14,7.87880856350025e-14,0.08147060709142473,9,0.591,0.0,conf_sphere_r05,"7,17,29"
1000,3,1e-08,dense,4.4716705460487336e-08,0.0027277632068920163,-7.525813393391232,55426.90842493967,998,828.7366192693735,-6.08453683216461e-14,8.412830031906342e-14,0.07661793916897675,9,0.855,0.0,conf_sphere_r05,"23,27,29"
1000,3,1e-08,dense,6.591065496622655e-07,0.0030934469174919987,-7.443392311340622,10554.71458099038,999,416.0211612288381,6.02892782400773e-14,1.0590289674458155e-13,0.05591885767505177,9,0.56,0.0,conf_sphere_r05,"11,15,17"
1000,3,1e-08,dense,6.433401831252318e-08,0.0022601947869442486,-7.38770732239439,51822.552750782364,999,1147.7190121495055,6.178200934917724e-13,2.6344260536992297e-13,0.08194639423666772,9,0.979,0.0,conf_sphere_r05,"24,26,31"
1000,3,1e-08,dense,6.640585241438051e-07,0.0014924225073397793,-7.006546779947491,4399.409480637433,999,1114.1277591383014,-2.0422193582357367e-12,1.2993190074285553e-12,0.04760538382098807,9,0.549,0.0,conf_sphere_r05,"5,8,12"
1000,3,1e-08,dense,2.596169208800195e-08,0.002675756237452646,-7.524406532628247,71764.68397425463,996,743.9845551230422,3.1225022567161557e-16,5.606218833856777e-13,0.062306757714894107,9,0.534,0.0,conf_sphere_r05,"9,18,31"
1000,5,1e-08,dense,4.4584840147532223e-07,0.0029317038933537585,-7.487501091793186,15713.903538430324,999,900.7166304254176,-8.046404300062045e-15,3.9449228935477885e-14,0.10910296560728432,9,0.486,0.0,conf_sphere_r05,"1,3,9,14,16"
1000,5,1e-08,dense,1.20673930693075e-06,0.001979248097077105,-7.064521612216221,3275.7343124526956,999,1135.8812209597754,7.430440811251326e-13,3.5816383735357066e-13,0.07783614044980228,9,0.511,0.0,conf_sphere_r05,"1,3,13,25,30"
1000,5,1e-08,dense,8.830313846975133e-07,0.002956168603512358,-7.232836815769685,5209.446037670835,999,723.564440991164,-2.2570291989543192e-13,1.163227681820452e-13,0.09589970041165993,9,0.435,0.0,conf_sphere_r05,"4,5,9,12,28"
1000,5,1e-08,dense,2.7311010453155684e-07,0.0022748743025499817,-7.2592438031506905,9773.881366299845,999,1413.0150901668267,4.72550546869871e-13,1.5825907023601297e-13,0.1521425275285731,9,0.544,0.0,conf_sphere_r05,"5,12,26,30,31"
1000,5,1e-08,dense,5.873205400650118e-08,0.0020114863635426875,-7.2173037640294995,41000.15460825105,999,2232.658299947224,8.178413458612144e-13,2.269505649218905e-13,0.11015131434998728,9,0.951,0.0,conf_sphere_r05,"5,13,18,23,26"
1000,5,1e-08,dense,5.440268979455351e-08,0.005190297246745053,-7.927103339153937,66386.50549473739,999,424.19329125738943,5.163729941006596e-14,4.2744742087760764e-14,0.11234262663464642,9,0.45,0.0,conf_sphere_r05,"4,7,9,22,23"
1000,5,1e-08,dense,7.030913219224831e-07,0.0014890597796240123,-7.0208686417391055,4950.281580499751,999,1564.9974249129932,7.475362370340296e-13,3.8102272157155384e-13,0.0806162825733307,9,0.424,0.0,conf_sphere_r05,"0,4,8,25,31"
1000,5,1e-08,dense,1.2454651063739738e-06,0.0016324907021779385,-7.069380158228729,3688.9078067585087,999,1230.4364381306623,-3.09137141083844e-13,1.734974227698971e-13,0.0700123925292597,9,0.457,0.0,conf_sphere_r05,"4,5,6,13,25"
1000,5,1e-08,dense,2.541688941309749e-07,0.0020794818058680617,-7.249193310952877,10269.277989522976,999,1791.0855093481596,1.920398085344943e-12,5.502146979873254e-13,0.12819724918050784,9,0.565,0.0,conf_sphere_r05,"8,12,16,24,29"
1000,5,1e-08,dense,6.952422033033998e-07,0.004130670637101155,-7.503046533779013,10273.240983480067,999,724.7947921826055,2.5543645714720394e-13,1.1616543499608692e-13,0.14785728474302193,9,0.431,0.0,conf_sphere_r05,"4,15,17,20,26"
1000,5,1e-08,dense,3.64649329894965e-07,0.0020785553133392124,-7.235749697960806,7929.855178493862,999,1469.6540664472273,1.1138019759965303e-13,1.0367460356199657e-13,0.09022548351817147,9,0.855,0.0,conf_sphere_r05,"3,15,24,26,27"
1000,5,1e-08,dense,4.935080661996009e-07,0.0031776365526894053,-7.358280038901539,8903.310963577396,999,1036.957121353478,-2.702642939995706e-13,1.2932927597473542e-13,0.14694587218687422,9,0.689,0.0,conf_sphere_r05,"2,7,11,23,31"
1000,5,1e-08,dense,1.5015317929074364e-06,0.0016088122435972856,-7.059007813871305,3354.6301881374666,999,1315.9420449634522,1.0201445718966992e-12,5.354975314278038e-13,0.07907899167089417,9,0.719,0.0,conf_sphere_r05,"6,8,15,18,22"
1000,5,1e-08,dense,3.268916036372642e-08,0.0033350838896406467,-7.611135827837558,95406.84406657057,999,854.4203559790477,2.6219339827040074e-13,1.0070305033139671e-13,0.10512605460834086,9,0.479,0.0,conf_sphere_r05,"1,22,23,24,28"
1000,5,1e-08,dense,1.709918901694793e-06,0.0013540015748468841,-7.0060664367679895,2440.508949498356,999,1151.9695978087154,-3.86564140589677e-13,2.844765021970823e-13,0.05145535829645116,9,0.516,0.0,conf_sphere_r05,"2,3,9,12,13"
1000,5,1e-08,dense,4.997372068241096e-07,0.002978746434301187,-7.3784338066695065,9884.991624312204,999,758.9647798570642,-3.081538687504675e-13,1.538509225274359e-13,0.08637900563200135,9,0.51,0.0,conf_sphere_r05,"1,6,18,20,27"
1000,5,1e-08,dense,6.264330901118529e-07,0.003131365427876508,-7.299858814375472,6824.872381372539,999,969.6341087735055,-1.236068539189894e-13,5.836526345165574e-14,0.11686453861312657,9,0.483,0.0,conf_sphere_r05,"9,20,21,23,25"
1000,5,1e-08,dense,2.4645239665975793e-07,0.002091578497717587,-7.255976159769208,10855.09393798047,999,1577.1560272266536,-1.0687835334908125e-12,3.548664917792417e-13,0.09766794156591299,9,0.859,0.0,conf_sphere_r05,"11,16,23,26,27"
1000,5,1e-08,dense,7.241742394424032e-07,0.002316433070572385,-7.328878893147169,7399.88945743004,999,1214.4780591763636,-3.483068868048722e-13,1.421428412535948e-13,0.10193656002139526,9,0.657,0.0,conf_sphere_r05,"6,14,21,23,31"
1000,5,1e-08,dense,8.280110288253913e-07,0.0032974234727942853,-7.312217285860012,5911.026928534482,999,815.3548173468181,-5.755063317095433e-13,2.3508172049424883e-13,0.09472437668422601,9,0.498,0.0,conf_sphere_r05,"1,17,21,22,28"
1000,5,1e-08,dense,4.175302521810277e-07,0.002519999939125179,-7.297460826002105,9290.311545623068,999,1331.5219311039587,-2.7014176486039876e-13,1.1483065950677807e-13,0.1267662515764844,9,0.683,0.0,conf_sphere_r05,"11,14,21,27,31"
1000,5,1e-08,dense,1.3147061795168408e-06,0.002325909274927995,-7.012191777550745,2864.039977095999,999,893.7076326160945,4.5444442479880065e-13,2.43793687596356e-13,0.07660999534261866,9,0.478,0.0,conf_sphere_r05,"0,1,9,20,28"
1000,5,1e-08,dense,8.781300310080135e-07,0.005438010847008125,-7.945243349621735,26135.07621737026,999,452.7607494781659,-6.280132663905036e-15,5.137052709964644e-14,0.10805688465621217,9,0.454,0.0,conf_sphere_r05,"1,4,14,19,28"
1000,5,1e-08,dense,1.9138089206209924e-06,0.002659306651624472,-7.1566031892479085,2907.0898872335133,999,795.4426657865598,-2.2036158272399701e-13,1.196895312885421e-13,0.08702260011011988,9,0.501,0.0,conf_sphere_r05,"1,2,3,11,12"
1000,5,1e-08,dense,1.1717403021956483e-06,0.002326667022986675,-7.119539326298625,3375.9055726623847,999,857.6245814726626,3.7879725398037856e-13,2.2122963273012833e-13,0.09964654775784768,9,0.471,0.0,conf_sphere_r05,"1,2,3,15,19"
1000,5,1e-08,dense,7.800169693499128e-07,0.001997395112182174,-7.069332018852922,4115.746109244285,999,1222.4182739007156,-1.4909812750749096e-12,6.391469787347016e-13,0.10190404842864248,9,0.417,0.0,conf_sphere_r05,"4,8,17,18,28"
1000,5,1e-08,dense,7.311153753034404e-07,0.0027290019454173768,-7.415567655612947,9572.899885190007,999,856.6344148391821,7.170933854951885e-15,4.6723602687836327e-14,0.09804411767829253,9,0.588,0.0,conf_sphere_r05,"10,14,17,19,23"
1000,5,1e-08,dense,1.1370353929769364e-07,0.005935408829930849,-7.902754791123702,68143.6691119234,999,491.67342271669145,-4.550778563684109e-13,1.8899796441290718e-13,0.12153272543947075,9,0.583,0.0,conf_sphere_r05,"14,15,17,19,22"
1000,5,1e-08,dense,5.2990670003004256e-08,0.005049813776218383,-8.022267555586987,144117.72270775665,988,541.1791651805617,-9.681709720114741e-14,7.442916610513586e-14,0.1384443887666461,9,0.504,0.0,conf_sphere_r05,"9,14,17,23,28"
1000,5,1e-08,dense,6.138917710940514e-07,0.001803468590231432,-7.0541418200314565,4416.5882041904615,999,1468.5723744887518,-3.1081128610502967e-13,1.7257619833898524e-13,0.1204331901681409,9,0.534,0.0,conf_sphere_r05,"0,12,18,23,27"
1000,8,1e-08,dense,6.982145168615257e-07,0.0020158367249601865,-7.144724933753004,5029.584653758996,999,2303.3990679711096,1.0046651011119658e-12,2.433028328942805e-13,0.21824763837339792,9,0.468,0.0,conf_sphere_r05,"1,3,13,14,18,24,27,29"
1000,8,1e-08,dense,2.1932547038517775e-06,0.002162001821442016,-7.048352029400414,2481.9636656703724,999,1681.8262171111612,-2.552793046440951e-13,1.2051037541301723e-13,0.13801119172298107,9,0.507,0.0,conf_sphere_r05,"0,2,6,7,9,10,23,27"
1000,8,1e-08,dense,5.216843083240837e-07,0.0014032754592893115,-7.001085009745436,4781.73231165168,999,2944.979353068129,-3.939602442014356e-12,1.013865788910233e-12,0.1332652239480725,9,0.785,0.0,conf_sphere_r05,"0,5,8,11,13,15,19,30"
1000,8,1e-08,dense,6.240480833358215e-07,0.002265906303637705,-7.2355297781635715,5697.839563944774,999,2133.8152337054944,-8.208024104145118e-13,1.8522805688632004e-13,0.1617964372006549,9,0.505,0.0,conf_sphere_r05,"1,5,9,10,15,18,23,29"
1000,8,1e-08,dense,1.6189851989035783e-06,0.0019502778127201915,-7.134990449285562,3520.2812717226616,999,1849.2563803227674,-9.13032980874175e-13,2.8151449983325465e-13,0.13222747180229805,9,0.507,0.0,conf_sphere_r05,"1,3,6,8,14,20,23,29"
1000,8,1e-08,dense,1.1067584508435703e-06,0.0017117762656351787,-7.078691748637909,3703.7289129822984,999,2349.579405323576,-1.2612646692301225e-13,1.3252715056387531e-13,0.13708993462574823,9,0.496,0.0,conf_sphere_r05,"1,8,10,11,13,22,23,31"
1000,8,1e-08,dense,9.868920985409652e-07,0.002027013184609136,-7.220732652984826,4981.900737777513,999,1886.5211230007094,-3.0695433608956835e-13,1.0253395047448665e-13,0.12346071221698116,9,0.459,0.0,conf_sphere_r05,"1,3,4,7,23,24,26,31"
1000,8,1e-08,dense,1.668507617646647e-06,0.0018249037107884512,-7.054650383198384,2761.8821124074084,999,1972.6650477936455,5.211355490784624e-13,2.0860511230518868e-13,0.11216257677077598,9,0.494,0.0,conf_sphere_r05,"1,2,3,5,12,18,19,23"
1000,8,1e-08,dense,3.2389962500497986e-07,0.002325315020378648,-7.312877354378509,11671.813155135107,999,2279.175634122039,3.4624755319845324e-13,9.00479125445016e-14,0.19108840413143977,9,0.722,0.0,conf_sphere_r05,"6,10,15,18,26,27,29,31"
1000,8,1e-08,dense,7.251825059053334e-07,0.001573334618750512,-7.030985860500497,4523.187782543407,999,3177.8818430607234,-1.900222534731114e-12,4.1081900266390536e-13,0.1417462749574127,9,0.934,0.0,conf_sphere_r05,"0,3,8,10,11,21,23,24"
1000,8,1e-08,dense,1.0677467633307933e-06,0.0017805897153624363,-7.058751276205199,3437.4242783069476,999,2066.444270429835,-3.869296765992734e-13,1.2026726027627854e-13,0.1495805842480023,9,0.488,0.0,conf_sphere_r05,"1,5,8,16,19,20,28,30"
1000,8,1e-08,dense,1.2865085829029266e-06,0.0016515518437343827,-7.052447848964721,3167.4837397685983,999,1896.2591986320458,-1.4128348827229659e-12,4.804943452116008e-13,0.11885821828872259,9,0.49,0.0,conf_sphere_r05,"1,2,5,8,9,22,26,30"
1000,8,1e-08,dense,1.4140360559964453e-06,0.0027646142512983275,-7.18373502380567,3865.6553433458976,999,1614.9348186829222,-2.698415153523076e-13,7.704222849673099e-14,0.13756806448439785,9,0.682,0.0,conf_sphere_r05,"5,7,14,19,22,23,24,30"
1000,8,1e-08,dense,1.1947889421626796e-06,0.0014792280615274413,-7.032669227601997,3174.595438861859,999,2071.2649078074596,-3.31313356978039e-12,1.1480849788467884e-12,0.10934319446073673,9,0.469,0.0,conf_sphere_r05,"0,2,4,13,14,17,19,26"
1000,8,1e-08,dense,7.817737736306265e-07,0.0017745273428627824,-7.12880352658006,4748.854590921952,999,2322.7367988489787,1.7574019314221924e-12,4.4830388170726804e-13,0.13964367235211977,9,0.515,0.0,conf_sphere_r05,"1,11,13,14,16,18,28,31"
1000,8,1e-08,dense,1.0676324375720172e-06,0.00212322073795005,-7.149137684830848,4322.449560637982,999,2047.3936471294296,4.073152405636993e-13,1.0912102467302983e-13,0.18197594664158068,9,0.671,0.0,conf_sphere_r05,"5,11,14,15,25,26,27,29"
1000,8,1e-08,dense,1.9194468361572486e-06,0.0017343343266408866,-6.98243145755549,2496.0953563175094,999,1547.146645837949,-3.302393741373351e-13,1.4871180193523065e-13,0.13835081586395226,9,0.457,0.0,conf_sphere_r05,"0,1,4,8,14,15,17,20"
1000,8,1e-08,dense,1.386690568675876e-06,0.0016700166759761395,-7.044748980001588,3254.020686947335,999,2091.146589365186,-2.639980672360337e-13,1.0116080888213318e-13,0.12107088190161888,9,0.425,0.0,conf_sphere_r05,"2,4,5,7,8,10,22,29"
1000,8,1e-08,dense,8.674409344718294e-07,0.0018617924364034129,-7.120902141046819,4345.3844969228085,999,2201.4364255464443,1.2710222978559718e-12,3.3089790120433436e-13,0.1601101950620367,9,0.721,0.0,conf_sphere_r05,"5,10,11,19,21,23,25,30"
1000,8,1e-08,dense,8.319134413191045e-07,0.0016890234575429898,-7.031090023819906,4401.453131150728,999,2483.830108275081,3.2689076626674955e-13,1.0331504075441756e-13,0.1476676709799255,9,0.672,0.0,conf_sphere_r05,"0,5,13,14,22,25,27,29"
1000,8,1e-08,dense,1.5222179406713967e-06,0.001910988397510275,-7.063569460980645,3094.972588860043,999,1942.9668338616943,3.913886789989797e-13,1.5950449689862284e-13,0.13005138889555823,9,0.445,0.0,conf_sphere_r05,"0,4,6,15,18,22,28,29"
1000,8,1e-08,dense,8.680605528601674e-07,0.0020458748337199117,-7.1128485885928905,4458.6774042503375,999,2315.5458729513675,1.876034050329878e-12,4.200734585154321e-13,0.17921065804968805,9,0.659,0.0,conf_sphere_r05,"2,7,8,10,13,14,23,31"
1000,8,1e-08,dense,2.1325382924060446e-06,0.0017840897938032124,-7.0092556591712105,2556.4268033808394,999,1790.6773041318202,-1.5889758213449502e-12,5.376910735348055e-13,0.13628968749694415,9,0.449,0.0,conf_sphere_r05,"0,4,6,10,13,17,20,25"
1000,8,1e-08,dense,1.7507035446211754e-06,0.0017064623320975647,-7.025858528870682,2564.0437921724665,999,1676.212898458899,1.4328173462786708e-12,5.349070317781723e-13,0.11704428421615384,9,0.494,0.001,conf_sphere_r05,"0,1,7,9,11,12,21,28"
1000,8,1e-08,dense,4.599982202097804e-07,0.0020301230747135717,-7.174709449898457,6011.869595222579,999,2309.9147613645127,6.976608960679301e-13,1.7319145613091957e-13,0.2037350702652143,9,0.796,0.0,conf_sphere_r05,"2,11,13,19,26,28,29,30"
1000,8,1e-08,dense,1.9107442439302004e-06,0.0029164429939039296,-7.0941709565675986,2687.134798195201,999,1528.27131066168,1.4144168168007675e-13,4.751179811493596e-14,0.16223830707451586,9,0.456,0.0,conf_sphere_r05,"3,4,5,12,20,23,28,30"
1000,8,1e-08,dense,6.551377390700007e-07,0.0019827606780202112,-7.175164549433129,5895.049217621763,999,2397.0605750744917,-1.8217351553446869e-13,6.834786457200491e-14,0.16847495108220822,9,0.708,0.0,conf_sphere_r05,"3,16,18,19,23,25,26,28"
1000,8,1e-08,dense,1.94326230114821e-06,0.0024018149821816996,-7.189664587612944,3325.0483764989876,999,1443.2017686002034,1.9482010154556136e-13,1.1040045915109839e-13,0.14776284558627434,9,0.483,0.0,conf_sphere_r05,"1,3,10,11,19,20,25,28"
1000,8,1e-08,dense,6.589597192136439e-07,0.0018316114829487668,-7.131007130595158,5192.345984458718,999,2559.481686637683,5.151581116850717e-13,1.3145223255909578e-13,0.16880517125834804,9,0.581,0.0,conf_sphere_r05,"3,13,17,21,22,24,26,28"
1000,8,1e-08,dense,6.038050702932835e-07,0.0026860037510316103,-7.4679309175351865,12469.5703356716,999,1868.9505842745878,8.19240082171635e-13,1.853584220016242e-13,0.19700380152470207,9,0.478,0.001,conf_sphere_r05,"1,3,11,12,16,22,24,29"
1000,3,1e-08,dense,2.2970375221811797e-08,0.0035418050852525527,-7.537099952180087,111941.35292859028,997,547.5151618477286,-2.876315538623195e-13,1.7325114980380527e-13,0.06971326525495422,9,0.686,0.0,conf_torus_R05_r02,"6,19,23"
1000,3,1e-08,dense,3.122106174552085e-07,0.0022625710128481914,-7.086377857286127,7234.539628508977,999,732.8382029036406,-1.5281116080628418e-13,1.372407553226845e-13,0.05777743153475814,9,0.705,0.0,conf_torus_R05_r02,"5,19,22"
1000,3,1e-08,dense,1.2237057386975546e-08,0.0045374447758584555,-7.8709827081344095,687120.1811700385,988,329.14809208773676,-2.5170304750213297e-14,3.139146727851734e-14,0.05208957394064477,9,0.477,0.0,conf_torus_R05_r02,"9,15,27"
1000,3,1e-08,dense,3.6092200227831405e-07,0.0017517204090628923,-7.071550444210085,6730.424149072866,999,564.5494141129022,-7.849261147739302e-14,9.259733119163065e-14,0.03321241504068402,9,0.417,0.0,conf_torus_R05_r02,"0,4,17"
1000,3,1e-08,dense,5.953878120191929e-07,0.0018709411374688645,-7.110578439981,6176.018786019782,999,1048.5565072694876,1.4708416776199051e-13,8.235763550118945e-14,0.028940607626938737,9,0.601,0.0,conf_torus_R05_r02,"0,8,17"
1000,3,1e-08,dense,4.06497578238153e-07,0.002456677693862992,-7.286911282880087,11561.419890073204,999,711.80653403558,6.978670913612501e-14,6.917704656423992e-14,0.05102396436962805,9,0.677,0.0,conf_torus_R05_r02,"2,6,18"
1000,3,1e-08,dense,2.0220582654002576e-07,0.0022746726292387823,-7.183571884995569,11157.991889390589,999,663.4283455890145,-3.112573675363717e-14,3.270292687045035e-14,0.06318537765409234,9,0.646,0.0,conf_torus_R05_r02,"7,13,25"
1000,3,1e-08,dense,6.42432405781042e-07,0.002640699940757486,-7.35729383868408,8002.29523070494,999,500.52394852729776,1.1218950705647168e-13,9.518797097301148e-14,0.05043329386904125,9,0.564,0.0,conf_torus_R05_r02,"12,14,18"
1000,3,1e-08,dense,4.404735826077223e-07,0.0027536321199504456,-7.454535038361708,11734.720063028954,999,682.0323780160113,-2.413340221098124e-14,3.59473584497566e-14,0.05870491448404828,9,0.481,0.0,conf_torus_R05_r02,"9,29,31"
1000,3,1e-08,dense,9.702332221761435e-07,0.0015043734861448907,-7.008125399169605,3310.8583114720236,999,713.3129118699571,-4.544029387139019e-14,8.911411258693825e-14,0.03607558918469918,9,0.551,0.0,conf_torus_R05_r02,"0,1,15"
1000,3,1e-08,dense,1.139522950129599e-08,0.0027229371387528212,-7.79382258126339,213802.43664624725,990,718.1071395432496,-1.477933752389861e-13,8.931162602891541e-14,0.0543468544023381,9,0.542,0.0,conf_torus_R05_r02,"1,3,24"
1000,3,1e-08,dense,1.1597158599881882e-08,0.004084091633419021,-7.717439419897796,278066.79995540396,986,424.75195531034916,-1.613559200855373e-16,3.9539499273956716e-14,0.05716045560006612,9,0.747,0.0,conf_torus_R05_r02,"2,20,27"
1000,3,1e-08,dense,1.6534675940643534e-07,0.002324875598928721,-7.199812225397458,12871.664745673645,999,811.5167283309078,-2.0869342427678843e-13,1.2408927536711028e-13,0.0634104330178493,9,0.841,0.0,conf_torus_R05_r02,"13,27,28"
1000,3,1e-08,dense,1.730017234707919e-07,0.002562388379372848,-7.297401398003227,12746.502851390165,999,581.9476174208855,9.505918730119689e-15,4.67884150669156e-14,0.054846573671624564,9,0.74,0.0,conf_torus_R05_r02,"2,24,25"
1000,3,1e-08,dense,2.3022860991470167e-07,0.002863091196549725,-7.293441965682199,10622.531379160806,999,572.1362510018944,4.322066928528004e-14,3.7511839133318294e-14,0.06796269478144054,9,0.575,0.0,conf_torus_R05_r02,"14,17,21"
1000,3,1e-08,dense,4.2657111134495316e-07,0.0017465355210289372,-7.078057702833819,5707.948230477561,999,1016.4304958600796,-2.760418303468599e-15,6.610557290478155e-14,0.03728041701203426,9,0.631,0.0,conf_torus_R05_r02,"7,13,16"
1000,3,1e-08,dense,2.7552480354127917e-08,0.0025741078130939086,-7.476397419214083,57709.13936324676,999,783.3347882718724,-7.271968619879758e-15,2.582638398572409e-14,0.049778307611781925,9,0.672,0.0,conf_torus_R05_r02,"14,18,31"
1000,3,1e-08,dense,1.764301826651456e-08,0.0033658294430509994,-7.732953502501189,160876.89257928226,996,766.7090018531735,-2.9149067148164104e-15,2.4342329478111266e-14,0.0823798348283162,9,0.781,0.0,conf_torus_R05_r02,"24,29,30"
1000,3,1e-08,dense,5.169149639394382e-08,0.0016937873152241688,-7.056228919154859,44794.796166481276,999,1512.8557489028196,2.756781890434079e-13,1.210350218417151e-13,0.019617217416990698,9,1.0,0.0,conf_torus_R05_r02,"0,5,8"
1000,3,1e-08,dense,1.5841368142926612e-07,0.002451940978313278,-7.321503413554493,21839.521520805723,999,682.5139930118471,-1.6746066353114784e-14,3.004692372563075e-14,0.048718297454516744,9,0.687,0.0,conf_torus_R05_r02,"6,15,26"
1000,3,1e-08,dense,1.6573528152061994e-08,0.0029108825483177554,-7.787362393464488,300384.359961609,983,854.8616952437026,-2.886570571314705e-14,4.461880783252895e-14,0.08035191116765653,9,0.867,0.0,conf_torus_R05_r02,"3,24,27"
1000,3,1e-08,dense,1.3513833185808387e-08,0.0041558611030867824,-7.75092417005248,158567.98139644926,999,449.29785200884953,-1.0000988926770608e-13,6.369151708530902e-14,0.06129079442064029,9,0.588,0.0,conf_torus_R05_r02,"17,23,27"
1000,3,1e-08,dense,1.5182218125124187e-08,0.004700563098645947,-8.075400817715456,306583.29389660637,925,547.6035688353784,-3.684583609372876e-16,4.440438695983822e-14,0.07993227366602274,9,0.735,0.0,conf_torus_R05_r02,"2,20,23"
1000,3,1e-08,dense,2.9066668589703165e-07,0.0017938485606427191,-7.107741590311296,8227.339630901535,999,1000.7241693638931,-3.5330973698299807e-14,8.489962390684237e-14,0.04286416093289337,9,0.828,0.0,conf_torus_R05_r02,"13,15,24"
1000,3,1e-08,dense,3.5912806460425973e-07,0.0015872588587162407,-7.011308761769084,6238.918860320148,999,1106.5516851004356,8.33426616565422e-14,7.440374664276992e-14,0.03474965261096809,9,0.823,0.0,conf_torus_R05_r02,"0,15,16"
1000,3,1e-08,dense,1.235784344950029e-08,0.006318673235303537,-8.055589387287913,340870.3277052914,974,270.49891004515814,-1.8047200533750567e-14,3.181853040802413e-14,0.056136146311235646,9,0.594,0.0,conf_torus_R05_r02,"12,14,28"
1000,3,1e-08,dense,1.1937870812298813e-08,0.008396459760402191,-8.490460357134944,503678.898265107,928,205.34065476208121,-4.0808682300080696e-14,3.8180120222708735e-14,0.06198596493781169,9,0.593,0.0,conf_torus_R05_r02,"7,17,30"
1000,3,1e-08,dense,1.2841608330323667e-07,0.002589812245800483,-7.562171232114067,38480.249351966566,994,777.9117395437198,-2.6186222320155745e-16,5.749522962051516e-14,0.04605056450051423,9,0.694,0.0,conf_torus_R05_r02,"10,18,22"
1000,3,1e-08,dense,9.386181928216672e-07,0.0015900012913898963,-7.070424984568551,4334.096940419535,999,835.731087039087,1.0769212420742358e-13,1.01493702037245e-13,0.038139049639310106,9,0.593,0.0,conf_torus_R05_r02,"0,11,17"
1000,3,1e-08,dense,3.571728034489916e-07,0.0025683197828071823,-7.230580760704813,10529.467504272154,999,664.829807999547,-7.670049249510557e-14,7.421346512207524e-14,0.049856980110580755,9,0.729,0.0,conf_torus_R05_r02,"15,16,25"
1000,5,1e-08,dense,3.6810748260625267e-07,0.0018437357721857992,-7.129664272822701,6697.204733757194,999,1645.018871785537,-2.8413092255858657e-13,1.004862120899108e-13,0.08732662730652521,9,0.713,0.0,conf_torus_R05_r02,"6,13,18,21,27"
1000,5,1e-08,dense,1.432259628039914e-06,0.0018328186481893034,-7.0182251918654295,2895.5593718439723,999,1234.5314298362246,3.4607045018971094e-14,4.4617863805029925e-14,0.08084911625792093,9,0.553,0.0,conf_torus_R05_r02,"0,15,16,17,20"
1000,5,1e-08,dense,9.716144801186049e-07,0.0020673781989649026,-7.130748973731197,4212.388670330428,999,1311.9031294800325,2.6275856490617822e-14,5.921735591894026e-14,0.08408986155279669,9,0.696,0.0,conf_torus_R05_r02,"3,6,8,15,27"
1000,5,1e-08,dense,1.0776306425016809e-08,0.004411987461977144,-7.914146731411083,235281.34848965798,997,805.2080630537089,-8.924317998468846e-14,5.095539241353849e-14,0.13706552461656293,9,0.58,0.0,conf_torus_R05_r02,"2,7,12,18,20"
1000,5,1e-08,dense,9.92628053250618e-07,0.0033548732165394612,-7.07055650798492,3819.285426686452,999,758.0695127490126,-9.256961516768136e-14,4.765513784877727e-14,0.11796483355734598,9,0.542,0.0,conf_torus_R05_r02,"0,1,22,25,30"
1000,5,1e-08,dense,7.545398524872827e-07,0.002575966628379277,-7.2068782263719475,5318.75673503469,999,1081.0486177529253,-1.0509063237684899e-14,2.416500248505737e-14,0.08978014292815424,9,0.426,0.0,conf_torus_R05_r02,"4,5,25,28,29"
1000,5,1e-08,dense,5.996388501223097e-07,0.001775475044028542,-7.076044158489957,4984.68367520132,999,1708.6812782223703,-8.435457179044103e-14,4.566263308435106e-14,0.07434259264324239,9,0.728,0.0,conf_torus_R05_r02,"0,10,21,22,31"
1000,5,1e-08,dense,9.443638164841105e-07,0.0016226874537045826,-7.056307861689705,3743.5044143621217,999,1234.4789456310066,-4.749476758656962e-14,3.703309392102267e-14,0.06461341143999094,9,0.547,0.0,conf_torus_R05_r02,"0,1,13,20,30"
1000,5,1e-08,dense,6.248746791572261e-07,0.002390211265262736,-7.2931632404517615,8012.659473860649,999,1167.5020191221793,-1.826014235136191e-13,7.988545300812905e-14,0.10569449361329322,9,0.575,0.0,conf_torus_R05_r02,"11,16,17,28,31"
1000,5,1e-08,dense,4.90587865582262e-07,0.0020361949198211163,-7.183923813362984,6225.617340239649,999,1481.061813603053,2.8136282366475474e-13,1.0131864313089393e-13,0.08106745082728652,9,0.669,0.0,conf_torus_R05_r02,"6,8,14,26,29"
1000,5,1e-08,dense,1.4107415586610648e-06,0.002347282602334881,-7.141058088058812,3580.606001906524,999,913.2227812183604,-1.7284069141199146e-13,9.231182369758149e-14,0.08159203094891385,9,0.458,0.0,conf_torus_R05_r02,"4,8,14,17,31"
1000,5,1e-08,dense,1.9058457428428196e-07,0.0019820378696449588,-7.136848129512043,11086.396972220693,999,1714.9311835794126,-2.226251951883973e-13,8.043243683372939e-14,0.0851491244658944,9,0.815,0.0,conf_torus_R05_r02,"8,15,18,21,28"
1000,5,1e-08,dense,3.119275170044536e-08,0.006252755164546325,-8.137664530857265,201463.50588311386,998,442.67477652958354,-4.824795402811409e-16,1.73309735927066e-14,0.10288005290047172,9,0.576,0.0,conf_torus_R05_r02,"6,14,17,25,28"
1000,5,1e-08,dense,4.403597994662206e-07,0.002338128026240924,-7.326697054514409,8647.429527014774,999,1322.449038107625,1.3578201063513262e-13,5.040283728574434e-14,0.10017848624456929,9,0.712,0.0,conf_torus_R05_r02,"3,21,22,25,29"
1000,5,1e-08,dense,1.2312523327467564e-06,0.002084168596282642,-7.1378617549965035,3507.4204398908973,999,980.999185953661,-3.7173975002351265e-14,2.9205825997860454e-14,0.067916328667012,9,0.45,0.0,conf_torus_R05_r02,"4,6,12,13,31"
1000,5,1e-08,dense,1.7620785279177596e-08,0.004771452138337211,-7.777000672030453,188787.6354116958,996,659.1920302215315,-5.082061165946732e-14,2.8603962233058465e-14,0.12479283410532155,9,0.489,0.0,conf_torus_R05_r02,"9,15,25,27,31"
1000,5,1e-08,dense,6.137224327285185e-07,0.0033410803522842367,-7.292463508400823,6763.402985399891,999,797.1276828638084,-1.4879373774756566e-14,3.2743416555071675e-14,0.10340797999598411,9,0.63,0.0,conf_torus_R05_r02,"7,14,20,21,30"
1000,5,1e-08,dense,1.6409327441204373e-06,0.002252337248618126,-7.176308228339209,3849.7815425977246,999,882.4579155384098,1.980462216088008e-14,4.8830107892548144e-14,0.06196986952230274,9,0.544,0.0,conf_torus_R05_r02,"1,2,12,21,27"
1000,5,1e-08,dense,7.568813624445713e-07,0.0019827066051222543,-7.118537983199699,4271.279795484991,999,1515.2618730640143,-2.579249747808321e-13,1.0497390428015383e-13,0.09454786223745859,9,0.573,0.0,conf_torus_R05_r02,"0,1,10,23,26"
1000,5,1e-08,dense,1.4628739131880484e-06,0.0015297592868577716,-6.991962612823452,2684.7390565651895,999,1303.6626633786555,-1.6288333800230231e-13,1.1441184174952899e-13,0.0721414113150497,9,0.704,0.0,conf_torus_R05_r02,"0,2,11,22,23"
1000,5,1e-08,dense,7.400525895559905e-07,0.002499014014558935,-7.173059122614194,4934.928556594927,999,1163.9375406001864,1.842222985352351e-13,8.272463362014439e-14,0.10325685912324477,9,0.475,0.0,conf_torus_R05_r02,"9,13,16,22,27"
1000,5,1e-08,dense,1.7651996114094124e-07,0.004192409457036155,-7.519800036524851,28637.148336132963,999,629.7211812635143,-8.164844429640716e-14,3.6089930932094734e-14,0.1092523416355385,9,0.485,0.0,conf_torus_R05_r02,"9,12,16,25,30"
1000,5,1e-08,dense,3.296210599355687e-07,0.003509557841882038,-7.563058101203615,18725.6792450373,998,661.135180784817,9.950305870574059e-16,2.738405757499858e-14,0.08556880007427531,9,0.553,0.0,conf_torus_R05_r02,"1,15,17,18,22"
1000,5,1e-08,dense,6.005864347708248e-07,0.0017260634754192746,-7.071034075932914,4599.81784379953,999,1708.906897723969,5.415908097725246e-14,4.068931772258251e-14,0.06480583196140267,9,0.705,0.0,conf_torus_R05_r02,"6,8,13,15,26"
1000,5,1e-08,dense,8.051210415921143e-07,0.001954107277432499,-7.125388365162454,5101.332084427965,999,1635.6245327951278,3.8776707539378563e-14,4.585392336943207e-14,0.08051193579982768,9,0.585,0.0,conf_torus_R05_r02,"5,16,17,26,31"
1000,5,1e-08,dense,1.2097232508724312e-07,0.0029561526556137244,-7.434794613799808,31967.186909831198,995,884.7676603406267,-3.551161208886358e-14,3.218511059750893e-14,0.11633085326305088,9,0.679,0.0,conf_torus_R05_r02,"6,11,15,30,31"
1000,5,1e-08,dense,5.564002887375746e-07,0.0023399829559340724,-7.191247653428316,5796.264936456931,999,1158.6280604049819,-1.264509330578538e-13,5.6079593885355277e-14,0.0916371245484918,9,0.436,0.0,conf_torus_R05_r02,"4,13,14,19,29"
1000,5,1e-08,dense,3.93978602433699e-07,0.005245814653920152,-7.759964157292341,21259.974098067625,999,525.420914841601,-6.141154049246997e-14,2.9312957127722886e-14,0.08491732597902785,9,0.441,0.0,conf_torus_R05_r02,"4,17,22,23,27"
1000,5,1e-08,dense,1.344752441031461e-06,0.0023672144353866294,-7.140029966938161,3544.0931513213336,999,1028.29627915691,-1.4946008841510357e-13,8.61078651042391e-14,0.07482905907865534,9,0.49,0.0,conf_torus_R05_r02,"6,8,9,14,31"
1000,5,1e-08,dense,2.2935840031890632e-07,0.002228333975400715,-7.208445723119011,10012.961327710635,999,1345.4556665297619,5.246853829114167e-13,1.9366446473876449e-13,0.08861545080110775,9,0.83,0.0,conf_torus_R05_r02,"10,11,15,23,24"
1000,8,1e-08,dense,7.158129119116544e-07,0.002455744286713212,-7.23853603269923,5305.570949382537,999,1904.7363548513774,-7.89247139865168e-14,3.3989568161646496e-14,0.15391593923879943,9,0.572,0.0,conf_torus_R05_r02,"2,5,12,21,27,28,30,31"
1000,8,1e-08,dense,1.299292768259807e-06,0.002581452346630059,-7.172813941268079,3768.1433166094166,999,1540.6781221655579,-9.1474570973471e-14,4.009486648925281e-14,0.14490861859268084,9,0.461,0.0,conf_torus_R05_r02,"4,8,9,15,22,25,29,31"
1000,8,1e-08,dense,1.2675321681334366e-06,0.0019367328058292172,-7.065107107286483,3401.2552465189324,999,2048.490332176285,7.704470741942693e-14,4.5048759746587147e-14,0.14760044420623053,9,0.49,0.0,conf_torus_R05_r02,"0,5,9,15,24,27,30,31"
1000,8,1e-08,dense,8.681789980514682e-07,0.0018284756017846477,-7.080858054638006,3811.587497594142,999,2425.0365297894664,9.853402815895847e-14,3.1766957339807305e-14,0.12337003996250259,9,0.709,0.0,conf_torus_R05_r02,"0,6,11,16,18,24,25,31"
1000,8,1e-08,dense,9.15691045391089e-07,0.0021606481885656937,-7.084139277658013,3954.9156699163727,999,1974.6325769503378,-3.4433090059793336e-13,9.198402936138998e-14,0.1385290559694845,9,0.583,0.0,conf_torus_R05_r02,"0,13,15,17,24,27,28,30"
1000,8,1e-08,dense,1.5269471375052936e-06,0.0022088980337144873,-7.223726623899609,4010.837560801558,999,1654.9198034424135,-1.8687875586810488e-13,6.232958215569577e-14,0.11493871251214871,9,0.496,0.0,conf_torus_R05_r02,"1,2,5,9,17,26,28,29"
1000,8,1e-08,dense,1.2314669430608191e-06,0.0023813580203554297,-7.15253480419171,3889.936861242585,999,1614.2858205552532,7.985886257833028e-14,3.116602392514944e-14,0.11733621814198497,9,0.549,0.0,conf_torus_R05_r02,"1,5,13,17,22,23,25,27"
1000,8,1e-08,dense,1.0620246424563288e-06,0.002278593722185511,-7.209769015350427,4599.700232252044,999,1776.6698100717363,-1.7330017629269e-13,6.622776520998985e-14,0.11722027241405147,9,0.501,0.0,conf_torus_R05_r02,"1,2,9,10,15,16,23,29"
1000,8,1e-08,dense,1.6656332506898508e-06,0.0036389989236505246,-7.299680885755376,4659.951538236918,999,1207.8139795642605,-5.862151042368424e-14,3.620692552663489e-14,0.1444843220097389,9,0.482,0.0,conf_torus_R05_r02,"3,6,9,14,22,23,27,28"
1000,8,1e-08,dense,1.365598341805501e-06,0.0029026114994542035,-7.284031502930282,4853.253563810791,999,1283.8740641400707,-1.0967872207268017e-13,3.698940995672796e-14,0.14662272383687588,9,0.551,0.0,conf_torus_R05_r02,"1,6,8,12,16,17,25,30"
1000,8,1e-08,dense,7.727532171958744e-07,0.004188806658396242,-7.508559258296922,9262.883834061631,999,994.4567919789973,-3.240648445120356e-14,2.356421330544932e-14,0.14123188415393978,9,0.468,0.0,conf_torus_R05_r02,"3,4,9,14,19,22,25,28"
1000,8,1e-08,dense,1.416061911690037e-06,0.0029587923393308694,-7.201494865467177,3979.367421920521,999,1383.8489550240074,-1.0558524540793535e-13,2.9164921990523593e-14,0.13296458683581575,9,0.484,0.0,conf_torus_R05_r02,"3,7,9,12,22,26,30,31"
1000,8,1e-08,dense,7.217323277835272e-07,0.0023793211728724752,-7.271877206706151,6779.4991985415745,999,1920.0688201905543,-1.1239707081722727e-14,3.658711496029298e-14,0.15314147361885816,9,0.593,0.0,conf_torus_R05_r02,"11,15,16,17,24,26,28,30"
1000,8,1e-08,dense,1.8961170943880043e-06,0.003164777092122892,-7.142970348078312,2913.1763773108582,999,1226.3206270055612,-2.019990077983814e-13,5.939238249964753e-14,0.13935562582829208,9,0.481,0.0,conf_torus_R05_r02,"1,6,8,9,20,23,25,28"
1000,8,1e-08,dense,7.531268484781259e-07,0.0017614099681538486,-7.095361248357916,4741.514395317478,999,2591.309378235991,-4.486777361202421e-13,1.1404974393656915e-13,0.10625254313886259,9,0.433,0.0,conf_torus_R05_r02,"2,4,5,13,16,18,21,27"
1000,8,1e-08,dense,6.732393499920548e-07,0.0017819074205642803,-7.078167559439801,5000.995918673662,999,2747.9079137074514,-2.7593771560511326e-13,6.665955196444827e-14,0.134115004292702,9,0.571,0.0,conf_torus_R05_r02,"5,8,11,13,17,21,24,27"
1000,8,1e-08,dense,8.112785052735213e-07,0.003488335089361953,-7.3466347341704,6310.362947097451,999,1295.5982372709143,-1.2050778271113457e-13,7.002014652203547e-14,0.1609745306499824,9,0.444,0.0,conf_torus_R05_r02,"4,14,17,19,21,22,25,26"
1000,8,1e-08,dense,9.512440039431058e-07,0.0020195414030911075,-7.101929468287329,3770.6475733991897,999,2144.2394041334946,-9.113499885304854e-14,2.7109335315565693e-14,0.14867591806038905,9,0.731,0.0,conf_torus_R05_r02,"0,3,11,20,25,28,29,31"
1000,8,1e-08,dense,1.2060208286770202e-06,0.002429895529350527,-7.241825519861461,4768.148962211001,999,1501.7565691820432,-6.940675944668163e-14,4.835705361913327e-14,0.11423202107522341,9,0.484,0.0,conf_torus_R05_r02,"1,9,11,12,18,24,25,26"
1000,8,1e-08,dense,1.0912399472942338e-06,0.002554950493234639,-7.200177870641806,4346.117545341705,999,1619.9372196346935,-3.0658396720673524e-13,8.589640337276316e-14,0.1682500008750687,9,0.463,0.0,conf_torus_R05_r02,"9,10,13,17,21,22,25,28"
1000,8,1e-08,dense,6.316932900819937e-07,0.002866232691179867,-7.272022978893007,6350.600020431008,999,1654.3069547057153,-5.6017746390417573e-14,2.8871018252243034e-14,0.1543403916896265,9,0.585,0.0,conf_torus_R05_r02,"7,12,16,20,21,23,27,28"
1000,8,1e-08,dense,1.2942982426353946e-06,0.0028173996083514373,-7.093740881632801,3218.8700716784065,999,1630.8120494178086,-2.1509890787837666e-14,3.654711436371224e-14,0.1626316329287333,9,0.435,0.0,conf_torus_R05_r02,"0,4,18,22,24,25,27,30"
1000,8,1e-08,dense,9.285781102030192e-07,0.0017720628160220206,-7.117056407113975,4409.703824310436,999,2188.976730364834,1.2506185323446495e-13,4.9490138679933325e-14,0.11032211882677881,9,0.429,0.0,conf_torus_R05_r02,"3,4,11,16,18,20,26,28"
1000,8,1e-08,dense,2.0056009147060613e-06,0.0028723203950142603,-7.040663617003437,2386.684231124153,999,1355.440154457659,-1.0437690792878302e-13,3.9889786949520445e-14,0.12769930160671925,9,0.564,0.0,conf_torus_R05_r02,"0,2,7,12,19,22,27,30"
1000,8,1e-08,dense,8.23933456776093e-07,0.002528003404133125,-7.313844177278998,8094.803870654706,999,1699.647405847636,-3.8013530581138183e-13,1.0714946549880635e-13,0.15002586536886658,9,0.567,0.0,conf_torus_R05_r02,"6,15,17,18,19,25,26,29"
1000,8,1e-08,dense,1.3175799320534977e-06,0.002964737635571249,-7.337600843211623,6750.195723294524,999,1382.768540918498,2.2235338570375518e-13,6.798687793510928e-14,0.1446039264422847,9,0.531,0.0,conf_torus_R05_r02,"1,12,17,18,19,23,25,29"
1000,8,1e-08,dense,9.404088028182409e-07,0.0018795760416412152,-7.10872250356973,3908.6634717615925,999,2262.4452624286673,4.779596857185098e-14,6.059011970760363e-14,0.15176598274626193,9,0.492,0.0,conf_torus_R05_r02,"3,6,8,9,11,18,23,24"
1000,8,1e-08,dense,2.5552927106445814e-06,0.0023116955286876235,-7.042255019695527,2318.4429865608245,999,1443.1425346947085,2.936925876092442e-13,1.1239907626420805e-13,0.11330259490875991,9,0.539,0.0,conf_torus_R05_r02,"0,1,2,7,15,17,24,30"
1000,8,1e-08,dense,2.493334506941006e-06,0.0033638483302811362,-7.127923346889458,2752.040943374433,999,1064.7290904716522,-9.453852631291504e-14,3.7900428045449533e-14,0.13033941001633362,9,0.448,0.0,conf_torus_R05_r02,"1,4,8,12,14,20,23,25"
1000,8,1e-08,dense,9.114358683772568e-07,0.002174327341667468,-7.186573561250855,4288.210750548193,999,2044.2565547486683,-1.196586232876662e-13,3.555823124377696e-14,0.15005061835013622,9,0.469,0.0,conf_torus_R05_r02,"4,5,6,7,13,18,28,31"
1000,3,1e-08,dense,2.296823129055963e-07,0.0019374664874130753,-7.147197320865996,9222.620260847518,999,877.9149781531462,-2.044008273185613e-13,1.4599216319536867e-13,0.055436571064670356,9,0.869,0.0,conf_torus_R06_r035,"8,19,28"
1000,3,1e-08,dense,3.106434010970128e-08,0.0030895995332990995,-7.34899083902281,52876.26367598874,999,657.4653851511925,-1.0161261654399302e-13,5.885972725692158e-14,0.06534353887073088,9,0.737,0.0,conf_torus_R06_r035,"21,25,30"
1000,3,1e-08,dense,3.3865796270615057e-07,0.001545015013682725,-7.015214792246047,8516.319628247114,999,1339.3833968882868,8.014086967791287e-15,2.620893889098753e-14,0.03258079153411815,9,0.956,0.0,conf_torus_R06_r035,"0,5,24"
1000,3,1e-08,dense,1.1293823590737865e-08,0.004881618187048653,-8.11729954158229,351438.8737014885,935,394.0722886724435,-2.1011296226675966e-14,2.2293361594268632e-14,0.06360625639288954,9,0.575,0.0,conf_torus_R06_r035,"2,17,28"
1000,3,1e-08,dense,5.724435978132823e-08,0.002859246078434373,-7.3625691715647,48509.86476298671,999,696.4928136795365,5.200262029911408e-14,3.344199628129653e-14,0.05957027659376455,9,0.815,0.0,conf_torus_R06_r035,"11,15,23"
1000,3,1e-08,dense,8.115358662530257e-08,0.003072351147950457,-7.428204055176118,36470.220664197695,998,540.3913168176931,-1.623590476045964e-13,1.4611010253675122e-13,0.07142737127552155,9,0.664,0.0,conf_torus_R06_r035,"14,15,24"
1000,3,1e-08,dense,3.190716530198303e-07,0.002797207745353049,-7.4748035437709,14545.32481664425,999,438.90852160100684,-5.5088804510130835e-14,5.334553131476224e-14,0.041266922252746065,9,0.532,0.0,conf_torus_R06_r035,"1,12,18"
1000,3,1e-08,dense,1.4490487895637384e-08,0.0026539100121986065,-7.72623077651157,216533.90300261995,985,800.4618487165747,-1.1936285293501214e-13,9.280135803148341e-14,0.0696777111723732,9,0.791,0.0,conf_torus_R06_r035,"3,24,30"
1000,3,1e-08,dense,1.7595524101809193e-08,0.009548138986534793,-8.808463219817922,969958.6117990509,965,187.65365849569173,-1.2644535814352158e-16,8.073971414946322e-15,0.0667733767478306,9,0.443,0.0,conf_torus_R06_r035,"4,20,30"
1000,3,1e-08,dense,1.5333489244643464e-07,0.002600882029133492,-7.308019471852943,20189.93612536364,999,578.2925830547802,4.221325954330908e-14,4.191771124493614e-14,0.04678537162175853,9,0.585,0.0,conf_torus_R06_r035,"5,17,25"
1000,3,1e-08,dense,1.5853404921124603e-08,0.003193006821463715,-7.729714049680391,204087.43793601514,996,793.2651727744714,-8.844334752559289e-14,4.215785020859335e-14,0.0773952135409743,9,0.733,0.0,conf_torus_R06_r035,"18,20,31"
1000,3,1e-08,dense,1.1940550115952426e-08,0.003221378126517957,-7.5652886340478585,165853.04544862476,995,565.9596169817454,-5.7186236654052836e-15,3.955239970443377e-14,0.057888678671700555,9,0.699,0.0,conf_torus_R06_r035,"6,15,31"
1000,3,1e-08,dense,3.2829752414539715e-08,0.00399549524927234,-7.985349047252864,169521.64085513132,997,588.8462628399733,1.1391292643530194e-14,2.0008166278377474e-14,0.07649842918987407,9,0.546,0.0,conf_torus_R06_r035,"12,23,31"
1000,3,1e-08,dense,3.8487728648218006e-07,0.003231454347079519,-7.5818147798948345,20196.050652578833,999,476.46069409329306,-5.5778002439414694e-14,6.023427286848783e-14,0.05400857224754099,9,0.483,0.0,conf_torus_R06_r035,"7,9,18"
1000,3,1e-08,dense,9.748611077359751e-08,0.0019407102350832842,-7.128454593134121,22633.838385139556,999,1191.8834718487333,-4.0772309963329643e-13,1.8959887415938174e-13,0.054920282297311565,9,0.933,0.0,conf_torus_R06_r035,"8,23,26"
1000,3,1e-08,dense,2.377445224139831e-08,0.0036426873502116213,-8.034845540863083,381993.75986785546,963,591.4792644402334,-2.901017886843355e-16,4.623738734768252e-14,0.07886981489486969,9,0.715,0.0,conf_torus_R06_r035,"2,10,25"
1000,3,1e-08,dense,1.643318396351114e-08,0.002640436906339946,-7.524374521437206,230935.54697591285,997,898.6155387060128,-1.3379804263844553e-13,8.021347517283388e-14,0.08039062807373373,9,0.854,0.0,conf_torus_R06_r035,"5,23,28"
1000,3,1e-08,dense,1.6671886839197633e-08,0.00353351570593304,-7.751004993368305,177369.64425778767,981,561.1097850035318,-2.454018983843805e-16,8.422517618154683e-14,0.07008883672880667,9,0.71,0.0,conf_torus_R06_r035,"10,15,22"
1000,3,1e-08,dense,1.1405772808445455e-08,0.007572104029470827,-8.59819974811256,1089799.9958399783,936,263.571351698173,-5.6724327935198595e-15,2.9177050288661115e-14,0.07578852365301238,9,0.558,0.0,conf_torus_R06_r035,"12,15,25"
1000,3,1e-08,dense,9.15835497567111e-08,0.002792081849970231,-7.278567055538843,19274.001592837587,999,668.0036504397406,3.998467986018276e-14,3.6703638300676946e-14,0.06416156681572674,9,0.688,0.0,conf_torus_R06_r035,"6,21,22"
1000,3,1e-08,dense,8.432847825032943e-07,0.001486306832040973,-7.003233455321411,3406.107731443058,999,722.7296139285481,-3.453635133817334e-14,1.0629077336380577e-13,0.03480845007581038,9,0.544,0.0,conf_torus_R06_r035,"0,1,15"
1000,3,1e-08,dense,6.740156219722363e-07,0.0019067731299938278,-7.187323321845479,5845.9304505566615,999,845.8516090744386,6.709758669057773e-14,6.252704382363248e-14,0.04684956507297158,9,0.589,0.0,conf_torus_R06_r035,"10,17,21"
1000,3,1e-08,dense,1.2702578541180705e-08,0.0035377752883890947,-7.566943730982449,160771.69166298787,987,489.00676712207667,-1.8697557298196708e-16,8.668258714650899e-14,0.05665019404940007,9,0.651,0.0,conf_torus_R06_r035,"6,7,24"
1000,3,1e-08,dense,4.974781666696579e-08,0.0016787133579982117,-7.053701584636796,44976.72487579082,999,1526.9735428934805,1.100709692662681e-13,4.613203800289579e-14,0.01786537931391584,9,0.998,0.0,conf_torus_R06_r035,"0,5,8"
1000,3,1e-08,dense,3.222874288533279e-07,0.0019473365286958924,-7.163756543414151,7943.881893425097,999,616.366464540143,-3.251375947990742e-14,9.076789326676004e-14,0.038148103408859754,9,0.45,0.0,conf_torus_R06_r035,"4,15,16"
1000,3,1e-08,dense,3.6086766533448535e-08,0.0026590360987335873,-7.595593450234895,79945.70561375753,998,1019.6088924524216,1.558891311396386e-13,6.562199034426748e-14,0.06609401100177742,9,0.926,0.0,conf_torus_R06_r035,"10,23,26"
1000,3,1e-08,dense,3.9869068349174357e-07,0.0014843923081454089,-7.00227526027234,6560.824521603911,999,1308.4356527031932,1.0761807027123704e-13,1.0147338122692697e-13,0.03667424096200456,9,0.971,0.0,conf_torus_R06_r035,"0,3,18"
1000,3,1e-08,dense,2.088125050760577e-07,0.001936453480233041,-7.156445676936798,9811.86966475373,999,877.6253432150188,1.2235385671484095e-13,9.217620727169487e-14,0.05065003516256389,9,0.848,0.0,conf_torus_R06_r035,"8,19,28"
1000,3,1e-08,dense,1.706276052679907e-08,0.006211190914678095,-8.220220720364201,391045.6954709637,881,427.9192804414127,-8.681374150921743e-16,3.520924795158215e-14,0.09315691660201877,9,0.738,0.0,conf_torus_R06_r035,"15,20,28"
1000,3,1e-08,dense,1.5857194944196097e-08,0.003594413098276772,-7.694155829889228,188663.51761721956,990,637.9290216096086,-8.8131018135557e-14,4.612507383901585e-14,0.08735965807238327,9,0.694,0.0,conf_torus_R06_r035,"16,22,27"
1000,5,1e-08,dense,1.1717384062752562e-06,0.0024277366793560595,-7.163113327385578,4032.486793918201,999,973.9035469128064,-1.579436946326546e-13,7.634628784516161e-14,0.07811081626162289,9,0.497,0.0,conf_torus_R06_r035,"1,5,9,29,30"
1000,5,1e-08,dense,8.423172738954214e-07,0.0015881443488968924,-7.044576029423485,4419.911142778536,999,1700.786641669839,1.078933431280167e-13,7.722224830172766e-14,0.07118979472976031,9,0.663,0.0,conf_torus_R06_r035,"0,13,14,23,24"
1000,5,1e-08,dense,4.853929726364983e-07,0.0035391561686442734,-7.507866087749833,13003.160835389957,999,653.2366161400528,1.4308350674976027e-14,1.864893134437719e-14,0.0664562787370335,9,0.454,0.0,conf_torus_R06_r035,"1,4,7,28,29"
1000,5,1e-08,dense,2.1354667372976428e-07,0.0027414445180573236,-7.410739043655186,18534.381450487912,999,1310.8146365207092,1.6246973370564868e-13,5.574807732977396e-14,0.11027223254008531,9,0.72,0.0,conf_torus_R06_r035,"6,10,15,18,31"
1000,5,1e-08,dense,1.0439629350466277e-06,0.0032001117057740233,-7.322940298138428,6065.755220935413,999,894.8106047543249,-2.4016404658329486e-13,1.1509309248733094e-13,0.08530757932115016,9,0.444,0.0,conf_torus_R06_r035,"4,10,15,20,24"
1000,5,1e-08,dense,2.627184604993998e-07,0.002938302836285933,-7.47060939493811,18854.49521000564,999,1056.8854421200463,-8.368564742187951e-14,4.171022646588816e-14,0.09733863105558845,9,0.689,0.0,conf_torus_R06_r035,"7,18,20,22,26"
1000,5,1e-08,dense,7.582803589133269e-07,0.0027965329394740177,-7.305200975597569,6066.902509115457,999,924.2194462099167,2.683823215748893e-13,1.1564703892882162e-13,0.09212641245052638,9,0.489,0.0,conf_torus_R06_r035,"9,12,21,24,25"
1000,5,1e-08,dense,1.4212743325793358e-08,0.003929221741783791,-7.840832059051179,360598.5193405662,990,738.6141707269551,-2.3795195612003475e-14,2.1830652814350137e-14,0.09142932173632559,9,0.496,0.0,conf_torus_R06_r035,"2,9,22,28,31"
1000,5,1e-08,dense,3.5007718218636945e-07,0.003371161957172938,-7.514239884352699,15814.146664637079,999,754.264580299067,-1.0390690044492779e-13,6.619089414812267e-14,0.08232814363008406,9,0.498,0.0,conf_torus_R06_r035,"7,9,15,22,26"
1000,5,1e-08,dense,8.773556143248813e-07,0.0023315317309600763,-7.140873469388874,4693.477785691647,999,1127.8896076132187,-3.8478362348756323e-14,2.908906681774036e-14,0.0706306441543315,9,0.449,0.0,conf_torus_R06_r035,"4,8,20,26,30"
1000,5,1e-08,dense,4.849720073626795e-07,0.0032673429023475633,-7.42358396860707,10336.14391010712,999,844.0501656450299,9.057626082211185e-14,6.283651608568358e-14,0.10040266657786726,9,0.493,0.0,conf_torus_R06_r035,"9,16,20,27,28"
1000,5,1e-08,dense,9.050022774396987e-07,0.0019887159300840548,-7.094786143745558,3996.94971302554,999,1349.5957970654858,2.8386581280015477e-13,1.200847182125624e-13,0.07582856923891956,9,0.742,0.0,conf_torus_R06_r035,"8,18,19,20,27"
1000,5,1e-08,dense,4.84830306879218e-07,0.0028217948925434023,-7.407473543262034,11116.288046976913,999,1023.3686651699749,-2.0226517945966697e-13,7.88810032841529e-14,0.09947104946324753,9,0.495,0.0,conf_torus_R06_r035,"9,19,20,24,26"
1000,5,1e-08,dense,7.260014787763055e-07,0.0023280375582130364,-7.267024099573241,6107.726913886945,999,1062.5411894708286,1.0181721754583574e-13,6.400436866146907e-14,0.097551692953325,9,0.488,0.0,conf_torus_R06_r035,"6,9,14,21,26"
1000,5,1e-08,dense,3.582857563889329e-07,0.002033011596302734,-7.158406568768854,7779.840027761591,999,1497.2501750765641,1.1606145731979378e-13,6.462648182749268e-14,0.09554885867439791,9,0.795,0.0,conf_torus_R06_r035,"10,16,21,28,30"
1000,5,1e-08,dense,9.663825927789494e-07,0.00133532501906979,-6.989664052528621,3471.0371639266527,999,1804.4363730758712,8.897435741697379e-13,4.0107838189552533e-13,0.07812635366885584,9,0.715,0.0,conf_torus_R06_r035,"3,5,6,8,10"
1000,5,1e-08,dense,3.6679002567918056e-07,0.0018615657942086764,-7.136026749280763,6786.308986179053,999,1511.64859480295,-1.9733064913118116e-13,8.018556478987037e-14,0.08556563044433228,9,0.553,0.0,conf_torus_R06_r035,"0,2,5,12,23"
1000,5,1e-08,dense,2.959543331538375e-07,0.0021495445708013547,-7.224252487820391,8933.155274637184,999,1548.9548372809209,1.2383280165173538e-13,4.403618787633078e-14,0.0867026100144182,9,0.83,0.0,conf_torus_R06_r035,"5,15,18,19,31"
1000,5,1e-08,dense,7.264018269845977e-07,0.001725909925392943,-7.073796527264446,4154.527066081742,999,1525.0722124445565,-1.001467661850366e-13,4.3592021616593206e-14,0.08582958419349113,9,0.71,0.0,conf_torus_R06_r035,"5,6,16,26,30"
1000,5,1e-08,dense,8.126239032868823e-07,0.0019152866817077501,-7.153518840510676,5092.792171863539,999,1309.9329148234979,2.1219377038102577e-15,5.2033379476473196e-14,0.07726258918229217,9,0.559,0.0,conf_torus_R06_r035,"3,12,21,23,27"
1000,5,1e-08,dense,1.0221315665411199e-06,0.0022685531369992834,-7.121577286845224,3899.9080664751295,999,1168.6221395085108,-1.4993388475215141e-13,6.867825471203879e-14,0.06755451085527611,9,0.567,0.0,conf_torus_R06_r035,"8,12,14,23,31"
1000,5,1e-08,dense,6.158149270687187e-07,0.0030399701664505737,-7.459003262848293,15702.38817571034,999,783.108789271959,-1.9337092691333327e-13,1.1003097763631171e-13,0.07848978191722725,9,0.451,0.0,conf_torus_R06_r035,"4,7,11,22,29"
1000,5,1e-08,dense,1.8803116844133315e-07,0.0024787821445354527,-7.374665015743589,17738.910355301257,999,1272.2626255515786,-1.210446842856306e-13,7.261043819035671e-14,0.0981887844572335,9,0.731,0.0,conf_torus_R06_r035,"2,20,24,29,31"
1000,5,1e-08,dense,3.291691918362472e-07,0.0025184780531565705,-7.345078082724076,9063.483993013906,999,1423.652031425955,2.737260286973369e-13,9.109402585902218e-14,0.11144687517078294,9,0.517,0.0,conf_torus_R06_r035,"1,18,21,23,31"
1000,5,1e-08,dense,8.857854571699263e-07,0.0018348231860561529,-7.112999921825905,4349.804537482171,999,1387.7492597107139,-2.0234703279386713e-14,2.985443975647545e-14,0.09818180891022145,9,0.676,0.0,conf_torus_R06_r035,"3,14,18,21,22"
1000,5,1e-08,dense,8.456482923042172e-07,0.0022719806680088256,-7.244595337661762,6204.614258586729,999,1174.860867344662,9.798658810658968e-14,5.5601010602038176e-14,0.08647941107744501,9,0.665,0.0,conf_torus_R06_r035,"14,15,16,22,26"
1000,5,1e-08,dense,3.69628991922705e-07,0.0021601176110993252,-7.185117714917144,7660.501908981639,999,1464.642131499596,-7.361949591611072e-14,3.0482770387032616e-14,0.10041805786215025,9,0.729,0.0,conf_torus_R06_r035,"13,20,21,23,27"
1000,5,1e-08,dense,4.178809131637971e-07,0.002665772693412317,-7.360549676002691,10977.007338895575,999,1131.5011367004174,1.7290153991138283e-14,2.4290020197698472e-14,0.09623401733048717,9,0.713,0.0,conf_torus_R06_r035,"6,15,16,24,30"
1000,5,1e-08,dense,6.259492532634356e-07,0.00198994751555482,-7.195661050858467,5508.129523457956,999,1266.9810095424898,-6.6741100493429e-14,4.388208350370093e-14,0.081814970264731,9,0.677,0.0,conf_torus_R06_r035,"3,7,24,25,26"
1000,5,1e-08,dense,8.681757960257355e-07,0.00385304653667558,-7.283627857460099,4558.931168183588,999,567.4686466965252,3.100486140328144e-14,4.581562689291871e-14,0.08094526296368999,9,0.535,0.0,conf_torus_R06_r035,"1,2,11,12,14"
1000,8,1e-08,dense,6.205188399488648e-07,0.004416653167178092,-7.624860946064538,15160.097634476677,999,1033.637197118362,-9.70720938330211e-14,2.6820955427432147e-14,0.16960890348188856,9,0.424,0.0,conf_torus_R06_r035,"4,7,9,22,25,26,30,31"
1000,8,1e-08,dense,1.2589897811366497e-06,0.0018165238309636002,-7.051050048777338,2944.224163135204,999,1910.4331784614844,-1.8315475612439355e-13,6.806921613159141e-14,0.1292345913097747,9,0.585,0.0,conf_torus_R06_r035,"0,7,12,14,16,18,22,31"
1000,8,1e-08,dense,4.1926632893308333e-07,0.003123420958576712,-7.476563432335868,14620.157394851829,999,1380.592883608444,4.46986297219616e-15,2.6207406847227117e-14,0.14699870835839357,9,0.521,0.0,conf_torus_R06_r035,"1,10,12,17,18,27,30,31"
1000,8,1e-08,dense,9.950077726978802e-07,0.0030074444783772074,-7.259184394330032,5348.787363694799,999,1281.6783533746075,1.514434525361434e-13,5.036949059067224e-14,0.1491509610286867,9,0.53,0.0,conf_torus_R06_r035,"1,5,10,14,20,25,27,30"
1000,8,1e-08,dense,6.78122238420662e-07,0.0016715297475220672,-7.075409558086664,4676.567049248634,999,2905.8502194099046,-7.683709982934336e-13,1.9592426441041018e-13,0.11033742211548893,9,0.691,0.0,conf_torus_R06_r035,"3,6,8,13,15,18,21,24"
1000,8,1e-08,dense,1.1511286458541998e-06,0.0014876592641480727,-7.019523581340845,3087.104062367932,999,2283.402720063026,-1.4028923568036902e-13,8.614232880777351e-14,0.09443312591694679,9,0.535,0.0,conf_torus_R06_r035,"0,1,2,5,7,16,21,30"
1000,8,1e-08,dense,9.561931741050266e-07,0.001730131550645875,-7.056398079420284,3750.443859750923,999,2761.466622237913,4.4364239573522124e-14,5.087536360492509e-14,0.1058343274040373,9,0.713,0.0,conf_torus_R06_r035,"3,5,6,13,15,21,23,31"
1000,8,1e-08,dense,1.4108143197143106e-06,0.0015133887799012985,-7.009898302987551,2999.724448078314,999,2220.905613093825,-6.066483940948343e-13,1.9465964687829878e-13,0.1076020752243281,9,0.585,0.0,conf_torus_R06_r035,"0,2,7,8,11,17,21,30"
1000,8,1e-08,dense,7.173539878877502e-07,0.003278459378630672,-7.3714233903020325,7336.046569884372,999,1454.3272714043624,-5.0908279328366446e-14,2.4045213156790027e-14,0.17733316282446784,9,0.589,0.0,conf_torus_R06_r035,"3,15,17,19,22,24,28,30"
1000,8,1e-08,dense,2.15755519924259e-06,0.0018390225425237133,-7.084877579968888,2778.9069894901986,999,1671.0756790926175,6.837669703594314e-15,1.8598746940481646e-14,0.09971603479234406,9,0.453,0.0,conf_torus_R06_r035,"4,7,8,9,10,11,27,31"
1000,8,1e-08,dense,5.442871551772968e-07,0.002518471194862905,-7.326640524597265,7583.07790960442,999,1881.7941194955604,7.103071162840625e-13,1.718142299947146e-13,0.1457917036091852,9,0.653,0.0,conf_torus_R06_r035,"7,14,18,21,22,25,26,31"
1000,8,1e-08,dense,9.493184987984508e-07,0.0036101323848157308,-7.352740672735807,6235.562162896962,999,1304.1233716479323,2.525797571955679e-14,2.743907855469379e-14,0.15267351190300166,9,0.653,0.0,conf_torus_R06_r035,"3,14,15,22,24,25,28,30"
1000,8,1e-08,dense,7.122115305806363e-07,0.001854724800330809,-7.130330954149905,4770.884869498461,999,2330.048386414258,6.761372241189816e-13,1.7050281669941312e-13,0.09711052443985405,9,0.537,0.0,conf_torus_R06_r035,"1,10,11,13,15,21,26,30"
1000,8,1e-08,dense,2.243396781724326e-06,0.0014233696113784787,-6.979420407536457,2360.0411323528106,999,1888.849222813663,1.8108498320085915e-13,1.0040079225003043e-13,0.11383608817370577,9,0.433,0.0,conf_torus_R06_r035,"0,1,2,4,6,8,10,19"
1000,8,1e-08,dense,7.503806383693917e-07,0.0019118806298827017,-7.144088729075652,4915.196800780661,999,2176.0546328730097,-1.615049240177857e-14,3.4990378797532127e-14,0.1544777428606231,9,0.578,0.0,conf_torus_R06_r035,"6,8,13,14,17,21,25,29"
1000,8,1e-08,dense,3.9870699266603577e-07,0.0026738691831104896,-7.298454424862915,7977.652843192315,999,2180.0154163016223,-3.301178774783864e-14,1.9290850919168683e-14,0.20208982903965073,9,0.721,0.0,conf_torus_R06_r035,"2,16,18,23,25,26,28,31"
1000,8,1e-08,dense,1.321218905921102e-06,0.0016809429030339178,-7.061204480427066,3326.787621175723,999,2282.383883738198,1.991423838756448e-15,5.2289069470482394e-14,0.12413118654914904,9,0.491,0.0,conf_torus_R06_r035,"0,5,9,17,20,21,24,31"
1000,8,1e-08,dense,8.789475419103291e-07,0.0035357868089187184,-7.414308146146522,7016.190654277699,999,1340.5717906745256,-3.8081100777841753e-14,2.70427443631979e-14,0.15651398256652463,9,0.446,0.0,conf_torus_R06_r035,"4,17,19,21,22,28,30,31"
1000,8,1e-08,dense,7.144109498741888e-07,0.004694756179816378,-7.600864911381801,12538.010466471682,999,1022.6761140434735,-1.4410422462590654e-13,4.286513438483529e-14,0.17497832338025632,9,0.464,0.0,conf_torus_R06_r035,"4,12,15,17,25,27,28,29"
1000,8,1e-08,dense,6.197347798704199e-07,0.002118141570056763,-7.227299075073319,6599.421495325151,999,2266.7081214658892,2.501744471306022e-13,5.965453394780595e-14,0.1407239931523628,9,0.59,0.0,conf_torus_R06_r035,"3,11,12,21,23,27,29,31"
1000,8,1e-08,dense,1.9415214329764937e-06,0.001584872547334718,-7.003761999131455,2241.4141652380586,999,1726.8016429657487,-2.2538513557999519e-13,9.523423198079753e-14,0.09549207845442646,9,0.543,0.0,conf_torus_R06_r035,"1,3,5,6,7,13,20,25"
1000,8,1e-08,dense,6.378804745885019e-07,0.0032151430273088246,-7.419360433237902,8416.634327102402,999,1288.8089345065341,-2.7483190036801516e-14,3.414591768087579e-14,0.1267363591470384,9,0.438,0.0,conf_torus_R06_r035,"2,4,14,15,19,24,27,28"
1000,8,1e-08,dense,8.004739148537339e-07,0.0026988347605872466,-7.256453539958091,5723.510142406326,999,1846.7743072480407,-8.302853326630934e-14,2.957340318908857e-14,0.15456036242551735,9,0.445,0.0,conf_torus_R06_r035,"4,13,15,18,19,20,28,31"
1000,8,1e-08,dense,2.22651136730023e-06,0.0025155325983298653,-7.058742023893659,2503.5224928782095,999,1374.2010375532286,-2.0596545302620228e-13,7.247894048190895e-14,0.11666768773092703,9,0.437,0.0,conf_torus_R06_r035,"0,2,4,7,9,20,25,29"
1000,8,1e-08,dense,7.986937994680936e-07,0.002915873888241983,-7.379924292789437,6772.889996622107,999,1288.9182521638857,-2.0418488914672751e-13,7.087660620765623e-14,0.12168832346615172,9,0.498,0.0,conf_torus_R06_r035,"1,5,9,12,17,18,20,28"
1000,8,1e-08,dense,7.205327222111872e-07,0.0017661578741602678,-7.074549803432385,4696.399978132811,999,2667.568557007672,-2.2639108977856435e-13,6.316384993963094e-14,0.10357314430417786,9,0.447,0.0,conf_torus_R06_r035,"0,4,11,13,16,23,29,31"
1000,8,1e-08,dense,7.637676007595004e-07,0.0017823276010804174,-7.090911023292884,3962.0985827256945,999,2277.8779019592853,-1.3890455693760413e-13,6.33098607685341e-14,0.12497341055048095,9,0.707,0.0,conf_torus_R06_r035,"6,8,13,16,18,20,25,28"
1000,8,1e-08,dense,1.1847680900144664e-06,0.001989612135682648,-7.120205891082982,3721.4409292208825,999,1928.9119019044565,-7.53785055207512e-14,7.469181577667447e-14,0.1286488051662267,9,0.519,0.0,conf_torus_R06_r035,"1,5,11,12,14,18,24,29"
1000,8,1e-08,dense,1.194295404914008e-06,0.002042476037041541,-7.174549982908451,3800.477731088715,999,1854.227520095642,3.711792158293117e-13,1.1469318504831667e-13,0.11767832877183759,9,0.537,0.0,conf_torus_R06_r035,"1,3,6,15,18,24,25,29"
1000,8,1e-08,dense,1.2064258975806898e-06,0.0019462707646665644,-7.163120842827313,3931.3173119593494,999,1782.0841227609021,1.3830082912225095e-14,2.180943655086497e-14,0.1397008414434525,9,0.579,0.0,conf_torus_R06_r035,"3,6,8,11,17,23,25,28"
1000,3,1e-08,dense,3.474993022066297e-08,0.0028466318562108436,-7.549188644350296,65388.365647860395,985,453.64338259962256,-2.401076518442135e-16,5.839927710360129e-14,0.03412135847167383,9,0.534,0.0,conf_two_spheres_row,"4,12,24"
1000,3,1e-08,dense,1.4506846352444452e-07,0.0022606522114322824,-7.441544927235057,30425.077727337313,999,1022.6336293087637,2.5091149659412447e-13,1.2649696616614738e-13,0.06737162130174815,9,0.8,0.0,conf_two_spheres_row,"18,25,26"
1000,3,1e-08,dense,2.336735502852111e-08,0.005330458645197117,-8.294747707564698,334395.7299855454,948,392.7631184790451,-2.1775024576612992e-16,1.5915190063706704e-14,0.049337408673874684,9,0.541,0.0,conf_two_spheres_row,"4,27,30"
1000,3,1e-08,dense,2.112553248400958e-07,0.002260825054006369,-7.438031534207591,26661.5966218707,999,1019.2867382313569,1.4265037662285033e-15,1.604772397265882e-14,0.05678609637355796,9,0.749,0.0,conf_two_spheres_row,"14,16,29"
1000,3,1e-08,dense,1.0481670573821993e-07,0.0024204326726004668,-7.227784366102893,25256.48153402716,999,909.2465480251449,1.229718773641461e-13,6.732956786216034e-14,0.07561627127256892,9,0.798,0.0,conf_two_spheres_row,"13,20,28"
1000,3,1e-08,dense,7.83160219401726e-08,0.0034627239441638456,-7.663149792991642,53275.571490286646,999,670.480828836471,2.1301001750298032e-13,1.0458388473968269e-13,0.07857736749934591,9,0.732,0.0,conf_two_spheres_row,"6,14,16"
1000,3,1e-08,dense,1.5321324652748363e-07,0.00254315093762608,-7.312223715889627,18440.416229604565,999,598.5811899403625,5.382146955674354e-14,4.6639265891019614e-14,0.050188187428076014,9,0.571,0.0,conf_two_spheres_row,"1,14,26"
1000,3,1e-08,dense,4.777959057155491e-07,0.0019922852337615447,-7.255572213585356,8392.248589735935,999,904.5888095004802,-3.020584002717425e-14,4.146588491761389e-14,0.04779139882666983,9,0.79,0.0,conf_two_spheres_row,"11,21,25"
1000,3,1e-08,dense,4.6673961924641036e-07,0.0018373493559793125,-7.063267706977606,5372.05481836801,999,861.2947740911621,1.8432806161012812e-13,1.556376139426569e-13,0.04671539262159681,9,0.656,0.0,conf_two_spheres_row,"0,12,23"
1000,3,1e-08,dense,2.6110404203399987e-08,0.0029983870385968704,-7.466423177946788,65528.37193247318,992,561.8799043125127,-1.8782331019239303e-13,1.3864300731332202e-13,0.04707848054110966,9,0.682,0.0,conf_two_spheres_row,"11,12,28"
1000,3,1e-08,dense,4.47449414859543e-07,0.0017216699641448682,-7.067409731487947,6760.185375315346,999,1043.989835756186,-4.12845569372568e-13,2.6755685472085806e-13,0.05095050863496939,9,0.854,0.0,conf_two_spheres_row,"0,24,30"
1000,3,1e-08,dense,2.2826664493261195e-08,0.001820253608137424,-7.096242763418836,116946.77480338867,999,1574.0368875399022,9.426948154379876e-14,3.6513596555497216e-14,0.016834813134741798,9,1.0,0.0,conf_two_spheres_row,"0,8,13"
1000,3,1e-08,dense,2.8776539216002817e-08,0.007690083987138245,-8.445329556386223,335727.70966229885,889,267.177759233453,-4.199900247290045e-16,3.1231488208574596e-14,0.05610249916205165,9,0.659,0.0,conf_two_spheres_row,"12,17,30"
1000,3,1e-08,dense,1.0551261206647548e-08,0.006390668567452493,-8.239337191948405,391414.66492643,932,310.04942666040364,-1.4704357878031585e-14,4.4022718242019744e-14,0.06147379813821492,9,0.609,0.0,conf_two_spheres_row,"9,20,30"
1000,3,1e-08,dense,3.5981383299230485e-08,0.003724979193521404,-7.886946775208323,134179.21227530387,989,613.1095213002188,-3.244018618271475e-14,2.7867970847542534e-14,0.07506322203086144,9,0.607,0.0,conf_two_spheres_row,"9,24,27"
1000,3,1e-08,dense,4.708883888714229e-08,0.003014218853161175,-7.617183910956553,69136.60835859366,991,443.2664927008306,-1.3265936304546824e-16,2.102510735935157e-14,0.04594943599170963,9,0.573,0.0,conf_two_spheres_row,"1,9,31"
1000,3,1e-08,dense,2.2418829046654445e-08,0.0027364110586625785,-7.455112024638685,74076.44334732412,997,690.5403049973204,-2.213141300640788e-14,4.349629942370875e-14,0.05863916682823398,9,0.716,0.0,conf_two_spheres_row,"7,29,30"
1000,3,1e-08,dense,6.88746190253137e-07,0.0015682115768487733,-7.041776631954517,4746.463263242912,999,1095.7619055552063,-3.328843482938816e-13,2.1156871359873616e-13,0.03896279437665896,9,0.782,0.0,conf_two_spheres_row,"0,22,26"
1000,3,1e-08,dense,2.458375244168959e-07,0.0030989838367569875,-7.3457235710442195,15380.415735319484,999,454.2479187437519,-3.127104149702994e-14,1.0071254396185145e-13,0.044417431803239864,9,0.601,0.0,conf_two_spheres_row,"2,9,19"
1000,3,1e-08,dense,6.045960272069756e-07,0.0014767561259827569,-7.0384123671504115,5657.183490303973,999,1227.9146247241426,4.4662495883173066e-13,2.827976665447352e-13,0.032108445286224495,9,0.957,0.0,conf_two_spheres_row,"3,10,21"
1000,3,1e-08,dense,1.025251028025648e-06,0.0020653797183339687,-7.027597660032783,3231.660252612556,999,623.6235615493413,-1.4820577787859158e-13,1.3194834285370317e-13,0.04261946909296113,9,0.606,0.0,conf_two_spheres_row,"5,6,9"
1000,3,1e-08,dense,7.657776626770328e-07,0.002020972323920967,-7.034376348239617,4597.826192612139,999,826.7828966962603,-2.3644798991150686e-15,5.6032177174500994e-14,0.053813825434484666,9,0.805,0.0,conf_two_spheres_row,"0,15,25"
1000,3,1e-08,dense,2.891100180664003e-07,0.0015419475006580772,-7.055720937126918,7414.05605999781,999,1183.6472138495894,-2.6717846414014285e-13,1.7119857780362062e-13,0.03598014460788097,9,0.833,0.0,conf_two_spheres_row,"2,13,16"
1000,3,1e-08,dense,2.8487693236924265e-08,0.004001992251506851,-7.852123348241569,119731.54252309786,998,389.3043380255361,-1.3807857962800597e-13,1.1310496597666038e-13,0.0557236175961979,9,0.58,0.0,conf_two_spheres_row,"1,12,23"
1000,3,1e-08,dense,1.9335228315880593e-08,0.002940067657798723,-7.511844174906659,112759.35918465017,994,653.2411879983465,-1.4086941794186168e-13,9.409307240364538e-14,0.05989556574959471,9,0.747,0.0,conf_two_spheres_row,"10,14,15"
1000,3,1e-08,dense,2.5981901269898657e-08,0.002355572108667514,-7.253704764075277,53617.24153841117,999,935.9699898828605,-3.763934896725517e-14,4.9837073857342175e-14,0.07438259038395018,9,0.83,0.0,conf_two_spheres_row,"2,13,15"
1000,3,1e-08,dense,3.7253467439656063e-07,0.002343875767937363,-7.44033652368619,18770.090003710688,999,841.6082026223509,-3.557551263803743e-13,2.0377071579780745e-13,0.05276992631934159,9,0.606,0.0,conf_two_spheres_row,"9,29,31"
1000,3,1e-08,dense,1.06737679722001e-06,0.001662967407288656,-7.035490440251014,3245.172409246128,999,986.1608173046667,-2.4377707846598443e-13,1.693756875094103e-13,0.02344811820706731,9,0.578,0.0,conf_two_spheres_row,"0,1,18"
1000,3,1e-08,dense,5.860788912555999e-07,0.0019026497532869705,-7.153958106008059,6030.419956458614,999,783.3756625292805,1.344947916058492e-13,1.0396067448159492e-13,0.05026611847891959,9,0.67,0.0,conf_two_spheres_row,"2,12,21"
1000,3,1e-08,dense,1.4019873599407198e-07,0.002062636719012667,-7.2905234155698055,19886.715165447047,999,1119.2037616449652,-5.987201294639644e-13,2.8947676131550573e-13,0.05176860774371939,9,0.785,0.0,conf_two_spheres_row,"21,22,29"
1000,5,1e-08,dense,9.049374666909306e-07,0.0025525457747707404,-7.317879776011225,6996.934552749348,999,883.3221703053263,1.46037560183316e-13,9.066799996772756e-14,0.07349988394117503,9,0.664,0.0,conf_two_spheres_row,"2,11,12,19,20"
1000,5,1e-08,dense,1.2182732111268728e-06,0.002169321549539004,-7.131688303148638,3649.199022643601,999,1263.1873930716931,4.816139841451952e-14,1.1584605328008985e-13,0.07629409801161943,9,0.776,0.0,conf_two_spheres_row,"2,3,22,29,30"
1000,5,1e-08,dense,1.018121808827461e-06,0.002117846087244802,-7.1834737924475105,4761.812736319386,999,1329.6685283024253,4.952975963395775e-13,1.91332815495667e-13,0.07079815640214487,9,0.645,0.0,conf_two_spheres_row,"8,12,19,30,31"
1000,5,1e-08,dense,1.2366512054995065e-07,0.002042754111225592,-7.269165190886225,21629.09573662388,999,2004.3968363164608,-1.742556836673015e-14,6.907852999689168e-14,0.0902231130924671,9,0.912,0.0,conf_two_spheres_row,"16,26,28,29,31"
1000,5,1e-08,dense,1.8670269292354616e-06,0.001818114846576187,-7.100635733708004,3098.451757430303,999,1088.9222959623462,-1.3844590392727173e-13,8.858363501893633e-14,0.0639367824630085,9,0.519,0.0,conf_two_spheres_row,"4,7,13,17,24"
1000,5,1e-08,dense,8.126608697519723e-07,0.002307517856864638,-7.221892450391366,6139.3420290825525,999,1322.70474197736,-7.430080856130061e-14,4.61007823159755e-14,0.09124362978411443,9,0.748,0.0,conf_two_spheres_row,"11,14,15,21,27"
1000,5,1e-08,dense,5.92033615973421e-07,0.0017832270170733897,-7.17900441124446,6374.678432714937,999,1630.9935827631832,-1.1905489055058836e-13,6.986132902643588e-14,0.07017915493698601,9,0.812,0.0,conf_two_spheres_row,"5,10,13,25,30"
1000,5,1e-08,dense,5.282749118464245e-07,0.0022676713829772378,-7.3444623836103515,11023.985599542095,999,1437.2323613958638,4.174682507525483e-13,1.492523549525804e-13,0.07929316525254786,9,0.694,0.0,conf_two_spheres_row,"17,18,22,29,31"
1000,5,1e-08,dense,2.1564388727831787e-06,0.0027785702423020354,-7.222550033704727,4210.879809873338,999,913.5840217792434,-2.039664688232093e-13,8.8915868739112e-14,0.06859393300329891,9,0.711,0.0,conf_two_spheres_row,"10,11,14,17,25"
1000,5,1e-08,dense,1.070546519258284e-07,0.002061845636330092,-7.202683962114175,20449.29534653068,999,1835.8399582459028,3.4676070608669063e-13,9.99273969442728e-14,0.11473854491829723,9,0.861,0.0,conf_two_spheres_row,"13,15,21,23,28"
1000,5,1e-08,dense,2.813004242649881e-07,0.0020387308407508672,-7.192021997108954,9627.993217948477,999,1705.7378944151073,4.432055850794869e-15,3.5910084187902956e-14,0.10035624125887296,9,0.885,0.0,conf_two_spheres_row,"11,18,19,21,27"
1000,5,1e-08,dense,1.2933296294967355e-06,0.0014987304292945385,-7.030946746390029,3347.1853029387476,999,1787.6749549970677,-3.428906401321961e-13,1.4787824883269058e-13,0.062141865199031907,9,0.733,0.0,conf_two_spheres_row,"0,3,14,21,23"
1000,5,1e-08,dense,8.350123760529777e-07,0.0019550189786163535,-7.203535197325784,6879.743939378071,999,1151.878428498403,-4.221525472941634e-14,7.599887455891241e-14,0.07499391929426207,9,0.729,0.0,conf_two_spheres_row,"2,7,11,22,26"
1000,5,1e-08,dense,2.3212120711728643e-06,0.0013965223204385564,-7.004683665315485,2370.1103933543345,999,1260.1938595009692,-1.4457872902840012e-13,1.395497898639916e-13,0.06318272538277779,9,0.699,0.0,conf_two_spheres_row,"2,3,13,14,17"
1000,5,1e-08,dense,4.0707724140425025e-07,0.0018799327484263265,-7.219585308974242,9954.009579214075,999,1782.7664920712068,-8.415983570450373e-14,6.051922090510527e-14,0.0838904950531055,9,0.713,0.0,conf_two_spheres_row,"7,16,23,26,29"
1000,5,1e-08,dense,4.98560577558469e-07,0.0036506156018421116,-7.662018239919225,21073.80012066004,999,900.4557189211404,-1.3349684660659681e-13,6.428290309885469e-14,0.10448009248281066,9,0.664,0.0,conf_two_spheres_row,"10,12,14,15,28"
1000,5,1e-08,dense,8.489944793975798e-07,0.0016876647519968946,-7.053416112629506,4260.688947169181,999,1720.6096712778533,-2.290591993399957e-13,9.999818168756094e-14,0.06494391285067488,9,0.838,0.0,conf_two_spheres_row,"5,8,27,30,31"
1000,5,1e-08,dense,2.279554616526234e-06,0.0016762977017558721,-7.007246788407718,2427.474785590208,999,1469.7067063381533,4.2489432781900713e-13,1.917392424973852e-13,0.04587211585608976,9,0.591,0.0,conf_two_spheres_row,"0,5,6,9,10"
1000,5,1e-08,dense,5.467556721419445e-07,0.002097772230891793,-7.244477863271126,8294.66820198389,999,1454.168599013438,-1.8525502312738423e-13,8.344185840617247e-14,0.08092663849523005,9,0.81,0.0,conf_two_spheres_row,"10,19,24,25,31"
1000,5,1e-08,dense,1.8892529048814008e-06,0.002310896613497883,-7.118260583545581,3260.966647358399,999,1051.9626639564156,-9.928299501971181e-14,5.690856322100349e-14,0.06765844613768682,9,0.663,0.0,conf_two_spheres_row,"7,12,13,19,25"
1000,5,1e-08,dense,8.383970933350221e-07,0.0019209027417040067,-7.226557627555653,5512.950184998888,999,1466.3602532470354,5.409294973751606e-13,2.126893929619404e-13,0.06734294087003298,9,0.669,0.0,conf_two_spheres_row,"3,8,12,24,30"
1000,5,1e-08,dense,2.484812415996655e-07,0.002052807008140774,-7.2977742991571155,15782.732102035017,999,1961.4724188018076,6.611890939270393e-13,1.848481905531375e-13,0.08179181438380934,9,0.784,0.0,conf_two_spheres_row,"21,22,26,29,31"
1000,5,1e-08,dense,9.890157872069521e-07,0.0019848816826147806,-7.1263028366620595,4739.7151544093185,999,1533.9133557415412,-4.1987095488233183e-13,1.716350069169039e-13,0.088872543502271,9,0.794,0.0,conf_two_spheres_row,"10,11,19,21,22"
1000,5,1e-08,dense,2.0162827790815337e-06,0.0021216306822062552,-7.04754850532495,2725.2156887058786,999,1220.969618627536,-3.500515849408359e-13,1.436051708634674e-13,0.07881554647112153,9,0.603,0.0,conf_two_spheres_row,"5,9,14,16,30"
1000,5,1e-08,dense,5.999772402520087e-07,0.0016685821343518908,-7.086112936585731,5643.1051571690095,999,1750.5115290638473,-1.0418632071250688e-13,7.207971720575817e-14,0.07677681745858721,9,0.921,0.0,conf_two_spheres_row,"3,10,11,16,23"
1000,5,1e-08,dense,1.3377913900058122e-07,0.002881877251174813,-7.4368427708907054,23328.626135484323,999,993.4357587879896,-1.5281443035346058e-13,6.990942877695724e-14,0.08515521029675605,9,0.74,0.0,conf_two_spheres_row,"6,10,22,27,28"
1000,5,1e-08,dense,6.449809185870064e-07,0.0015029029471044404,-7.024386660824586,4846.18658546953,999,2035.5285524063108,-3.9949318242367676e-13,1.4657781288300802e-13,0.06643576126457867,9,0.918,0.0,conf_two_spheres_row,"0,11,13,23,24"
1000,5,1e-08,dense,1.4751339510325471e-06,0.0014301063068679293,-6.984273977039405,2659.18086179767,999,1444.252754077801,7.348293524206322e-13,3.816749316340066e-13,0.05197339492377657,9,0.584,0.0,conf_two_spheres_row,"0,1,5,15,19"
1000,5,1e-08,dense,2.5218307390198988e-08,0.003161636326517046,-7.429763580181052,84395.94742297802,999,900.0029701321646,9.345169106429446e-14,4.3600241991635076e-14,0.08754064203541274,9,0.664,0.0,conf_two_spheres_row,"7,11,12,23,30"
1000,5,1e-08,dense,1.338101366461788e-08,0.0044360255960032655,-7.976621659572073,245555.34271323634,985,642.0404807112631,-1.9586532559655946e-16,1.6062799488049708e-14,0.09356959531397242,9,0.663,0.0,conf_two_spheres_row,"6,11,12,17,22"
1000,8,1e-08,dense,1.926189771659752e-06,0.00240664983002241,-7.194280687365468,3716.4159614145005,999,1659.9040965404197,-3.2249150150443376e-14,2.6258114513027762e-14,0.10984513686168496,9,0.511,0.0,conf_two_spheres_row,"4,10,12,14,16,17,27,29"
1000,8,1e-08,dense,4.7304555587973815e-07,0.002297353694245053,-7.400922496449267,14562.78741637511,999,1972.2812386268715,1.5145184762590953e-13,5.823699356001511e-14,0.1461641699401025,9,0.676,0.0,conf_two_spheres_row,"12,14,15,19,20,24,26,31"
1000,8,1e-08,dense,5.519961602910753e-07,0.0020361987013609627,-7.265663034285075,7936.540974942522,999,2542.200373250202,-7.782328189333471e-14,4.003136699608562e-14,0.15943363237775715,9,0.676,0.0,conf_two_spheres_row,"2,17,18,19,21,26,28,31"
1000,8,1e-08,dense,1.3852082919806816e-06,0.0016447084040608893,-7.084587987490588,3265.075421667665,999,2126.3037112647144,-4.236013506695089e-13,1.2757338412879963e-13,0.10559256996806834,9,0.518,0.0,conf_two_spheres_row,"2,4,5,16,17,21,27,28"
1000,8,1e-08,dense,1.3327563348759049e-06,0.0019088365365437872,-7.125951489217382,3429.612093583758,999,2023.1171365516766,7.337294113072694e-14,3.9703970962514114e-14,0.11582730884654518,9,0.499,0.0,conf_two_spheres_row,"1,3,4,13,15,19,27,29"
1000,8,1e-08,dense,6.364993528790441e-07,0.001891412939160333,-7.167489851090121,5739.930243759187,999,2603.1540635000383,1.5047374707737501e-13,3.979236358172352e-14,0.11308277514138598,9,0.749,0.0,conf_two_spheres_row,"6,13,18,21,25,28,29,30"
1000,8,1e-08,dense,1.1194417003196242e-06,0.0016636802145826488,-7.113856704805879,4358.426157611564,999,2574.683447898292,5.332870965979564e-13,1.3846006158671234e-13,0.12118026106693042,9,0.61,0.0,conf_two_spheres_row,"9,10,11,13,18,22,24,29"
1000,8,1e-08,dense,2.802923962436591e-06,0.001702390516095872,-6.9999415934839595,2235.538404231939,999,1863.9920639532688,3.351714881746552e-13,1.262889625219494e-13,0.09074565789353006,9,0.602,0.0,conf_two_spheres_row,"0,8,9,10,14,15,17,25"
1000,8,1e-08,dense,1.3606650253985887e-06,0.0017979242380766233,-7.080555435900771,3371.689537335091,999,2328.9080446422904,-6.458560118987229e-13,1.7314391201244384e-13,0.11146862512709078,9,0.69,0.0,conf_two_spheres_row,"0,5,7,17,20,21,30,31"
1000,8,1e-08,dense,1.5524575393507803e-06,0.0017585044891311383,-7.088852535797043,3310.1101067931454,999,2290.470877472975,-3.615381423018794e-13,1.163460393202435e-13,0.10736158257956493,9,0.797,0.0,conf_two_spheres_row,"2,5,11,16,20,25,27,29"
1000,8,1e-08,dense,2.427118134522727e-06,0.00335493698960982,-7.214209958598847,3209.93255426413,999,1284.543780155781,-1.4707339229604493e-14,1.9211131394977546e-14,0.128663164971821,9,0.578,0.0,conf_two_spheres_row,"1,7,8,9,19,22,25,30"
1000,8,1e-08,dense,2.033302776650065e-06,0.0022549438069987358,-7.166072341784448,3406.2216337727064,999,1683.1858143052377,9.033399028631334e-14,5.1206025832268765e-14,0.12006031097387042,9,0.583,0.0,conf_two_spheres_row,"1,6,11,13,17,19,20,23"
1000,8,1e-08,dense,9.363451815755814e-07,0.0019333526325535253,-7.217625644618427,5332.411641472178,999,2202.007999171972,1.1096028609824948e-13,4.120775160096226e-14,0.10037705687950528,9,0.523,0.0,conf_two_spheres_row,"4,8,11,12,19,21,25,29"
1000,8,1e-08,dense,2.711055231310208e-06,0.0024317272847657603,-7.115472282684959,2593.2993672014363,999,1613.5370177736334,1.6742772736256205e-13,5.091430737068869e-14,0.12392265596071092,9,0.579,0.0,conf_two_spheres_row,"1,2,6,8,9,11,17,24"
1000,8,1e-08,dense,1.6760791735035538e-06,0.0013252289188582932,-6.994049612468705,2688.3905116844035,999,2445.4552976141795,-4.3782332240097605e-14,5.784529992437138e-14,0.1056487673206313,9,0.747,0.0,conf_two_spheres_row,"0,2,3,8,14,23,27,28"
1000,8,1e-08,dense,7.93661714098689e-07,0.0028053754446358587,-7.451239016405449,10729.420429222893,999,1523.7850878867876,-4.1405541853598997e-13,1.1604953233939056e-13,0.1361747994870895,9,0.521,0.0,conf_two_spheres_row,"1,4,10,14,15,25,26,28"
1000,8,1e-08,dense,2.148253760626785e-06,0.002496537826487866,-7.146759893853486,3196.0378977263317,999,1637.090719062732,1.3181730013078752e-14,2.9575216160633255e-14,0.10179483325167461,9,0.58,0.0,conf_two_spheres_row,"1,9,13,16,17,20,25,28"
1000,8,1e-08,dense,6.304600789240941e-07,0.0032881516609312616,-7.520993758798043,12966.092560801044,999,1328.3758745736184,1.5723230009645484e-13,5.65407193302171e-14,0.1494115910657051,9,0.515,0.0,conf_two_spheres_row,"4,9,14,15,17,20,23,26"
1000,8,1e-08,dense,1.5860143709460074e-06,0.002662588323052388,-7.261726901258203,4861.624760553174,999,1577.6699646396864,4.4203765869633624e-13,1.2312859392676563e-13,0.1179722868177738,9,0.561,0.0,conf_two_spheres_row,"1,9,15,16,20,22,26,30"
1000,8,1e-08,dense,7.819611328544671e-07,0.0018477307215872285,-7.157683100944546,5341.990526952022,999,2825.6494715114823,-5.388728896316119e-13,1.2956290654578055e-13,0.12922234766974927,9,0.747,0.0,conf_two_spheres_row,"5,10,13,14,23,24,26,28"
1000,8,1e-08,dense,8.451479427162571e-07,0.001687527927065475,-7.082284497598576,4608.458827661026,999,2878.6833441900562,-9.130994802078774e-13,2.0985579049531273e-13,0.11382318682349023,9,0.777,0.0,conf_two_spheres_row,"0,8,15,22,26,27,29,31"
1000,8,1e-08,dense,1.4880225741106902e-06,0.0021056357273475366,-7.083606854973882,3220.6260605231605,999,2250.990179579434,5.468486218372176e-14,3.064125677144407e-14,0.14731987160777482,9,0.66,0.0,conf_two_spheres_row,"2,3,7,10,12,13,15,26"
1000,8,1e-08,dense,1.9714757271323678e-06,0.0014507493995488396,-7.0050010230743895,2468.999482445935,999,2278.1859900473387,2.7588393889239426e-13,1.0435008377082099e-13,0.0725507366324635,9,0.537,0.0,conf_two_spheres_row,"0,4,5,6,9,15,16,26"
1000,8,1e-08,dense,8.4954238405714e-07,0.002975975846504518,-7.287400642451657,6902.430074399298,999,1482.5801906262197,-4.7934003179364424e-14,4.5986775137840356e-14,0.14053069304378063,9,0.656,0.0,conf_two_spheres_row,"3,6,7,12,20,22,28,31"
1000,8,1e-08,dense,1.0490121527319342e-06,0.001508804845120226,-7.046125844993304,3870.193298091425,999,2936.3853296063626,1.2281410618855408e-13,7.053641643019142e-14,0.1041787636716082,9,0.794,0.0,conf_two_spheres_row,"3,5,10,11,16,18,20,26"
1000,8,1e-08,dense,1.4107700084545693e-06,0.001579614061317226,-7.09584288730973,3531.284393949514,999,2274.2637865765155,-1.5331315315778832e-13,6.68140860481596e-14,0.11082776967757475,9,0.629,0.0,conf_two_spheres_row,"9,10,11,13,16,19,20,28"
1000,8,1e-08,dense,2.067418940682652e-06,0.0022548358801308946,-7.138634060272431,3231.3313642167477,999,1692.29498375203,-1.965737910866316e-13,8.731201437020721e-14,0.10427699225233422,9,0.672,0.0,conf_two_spheres_row,"5,6,12,14,15,17,19,29"
1000,8,1e-08,dense,1.5980289924857655e-06,0.001379474934298505,-7.001697818631358,2689.127309437502,999,2563.791489389747,3.957639094493952e-14,8.074849759298088e-14,0.08024654647582913,9,0.578,0.0,conf_two_spheres_row,"0,1,3,8,10,20,23,24"
1000,8,1e-08,dense,2.6872345872820447e-06,0.0016743710991374825,-7.07680914925757,2586.252418680906,999,1857.5745481319216,-1.458326214194016e-13,9.903929307426831e-14,0.1073126244605434,9,0.619,0.0,conf_two_spheres_row,"6,7,8,9,10,17,23,24"
1000,8,1e-08,dense,9.611285358216165e-07,0.0016943577200583928,-7.099999740666816,3926.706658256493,999,2563.8482712039436,5.4026173884531733e-14,3.183225413721101e-14,0.10780797065306588,9,0.529,0.0,conf_two_spheres_row,"2,4,5,10,12,13,16,26"
