scene,N,subset,pixel_seed,base_cut,base_cap,M1_base,M2_base,M3_base,M4_base,M5_base,M1_cut1e-09,M2_cut1e-09,M3_cut1e-09,M4_cut1e-09,M5_cut1e-09,M1_cut1e-07,M2_cut1e-07,M3_cut1e-07,M4_cut1e-07,M5_cut1e-07,M1_cap500,M2_cap500,M3_cap500,M4_cap500,M5_cap500,M1_cap2000,M2_cap2000,M3_cap2000,M4_cap2000,M5_cap2000,M1_boot0,M2_boot0,M3_boot0,M4_boot0,M5_boot0,M1_boot1,M2_boot1,M3_boot1,M4_boot1,M5_boot1,M1_boot2,M2_boot2,M3_boot2,M4_boot2,M5_boot2,M1_boot3,M2_boot3,M3_boot3,M4_boot3,M5_boot3,M1_boot4,M2_boot4,M3_boot4,M4_boot4,M5_boot4,M1_dup,M2_dup,M3_dup,M4_dup,M5_dup,M1_comp,M2_comp,M3_comp,M4_comp,M5_comp,M1_drop1,M2_drop1,M3_drop1,M4_drop1,M5_drop1,M1_drop3,M2_drop3,M3_drop3,M4_drop3,M5_drop3,M1_drop5,M2_drop5,M3_drop5,M4_drop5,M5_drop5
conf_cube_axis,3,"3,13,28",390846948,1e-08,1000,-6.957636637289433,4.563089866627197,541606.375380182,-7.070112574495157,957.8388591988002,-6.957636637289433,4.563089866627197,541606.375380182,-7.070112574495157,957.8388591988002,-6.9534944737077,4.569093255345083,367779.46717981744,-7.071754002733993,959.1451018285884,-6.280653307225681,5.236599084418327,851951064.361866,-6.360960573396222,478.3976393638573,-7.639304604811982,3.8923793963759916,26826.656078429925,-7.7563567118516605,1922.6826383591108,-6.95979712920343,4.562337375141353,1244461.6937462639,-7.0756404443597205,957.2132498615275,-6.977644401573225,4.563423990577621,859701276.5614401,-7.066576363962928,958.0659171986679,-6.9780262500567565,4.563218237153666,396705559.809862,-7.068391328149254,957.9311230124225,-6.957312620924179,4.56306279667486,440818.7964477169,-7.069333465466109,957.7460525649853,-6.952034437885524,4.571308946458767,800013.6733341117,-7.052567425456971,961.3338654367767,-6.940170839715202,4.580071054876385,397084.14150306385,-7.014754345624651,976.5782769262804,-6.968259690321672,4.552742075817046,557259.5703480337,-7.098624092816729,946.4285820769352,-6.957636637289433,4.567657524218815,541606.375380182,-7.070112574495157,957.8388591950144,-6.957636637289433,4.576820327630124,541606.375380182,-7.070112574495157,957.8388591846857,-6.937536621835923,4.58592362773709,1059.288971487986,-7.070112574495157,957.831191805667
conf_cube_axis,3,"5,12,29",1117501134,1e-08,1000,-6.971844056392781,4.538939659767857,1171.2137831674613,-7.132386801637448,926.3957913365992,-6.96671859060537,4.534462721758595,1110.7209752730494,-7.130791819661192,925.4091255496643,-6.971844056392781,4.538939659767857,1171.2137831674613,-7.132386801637448,926.3957913365992,-6.2802821205705195,5.207137218118625,598.2192367629101,-6.447124147708945,460.538358488097,-7.667693804237909,3.8618827252434937,2283.774871802394,-7.843545877381057,1851.8950001428861,-6.974101592671079,4.534256985650256,2354.7009884160857,-7.132613371396834,925.2056509384154,-6.96961208427524,4.54085333826295,1128.6135520095265,-7.127441055454964,927.5446142405909,-6.974792853475968,4.536056931818037,1176.5668696189887,-7.148576722739872,924.0458686640152,-6.973693411898352,4.534580954121404,2255.6193251510986,-7.131280434348412,925.5006786718943,-7.014845987396332,4.5322051810856925,549698829.7080708,-7.143827263601773,923.5287955238064,-6.933368259904302,4.591595398706009,3975869.4611082072,-6.981258344097444,985.3737904629967,-6.985773495819854,4.525309000663782,1198.0305672817258,-7.162058557502278,911.3352568303432,-6.971844056392781,4.543483142910489,1171.2137831674613,-7.132386801637448,926.3957913365276,-6.971844056392781,4.552597452122097,1171.2137831674613,-7.132386801637448,926.395791336075,-6.967629947100416,4.556348995491223,1111.8730857179319,-7.132386801637448,925.3533210478389
conf_cube_axis,3,"3,12,18",455256121,1e-08,1000,-7.02878363929549,4.520309431673598,944268313.7773603,-7.174939074834554,911.0788823015228,-7.02878363929549,4.520309431673598,944268313.7773603,-7.174939074834554,911.0788823015228,-6.986428488247602,4.524714473738276,1205.7479354879579,-7.176509124347212,912.0713478675683,-6.296510027248835,5.191482076489681,656.8772288656908,-6.492823453443519,453.2865508356972,-7.690715795199283,3.8487212840037084,128840852.81095041,-7.8720552402342605,1826.420584151846,-6.9889077832625,4.522604619302001,1273.0084831452682,-7.186428173025697,910.7166438067111,-6.986880082248394,4.523089884256905,6242.162902295003,-7.1603299275731365,913.2608493031597,-7.007439601852439,4.522856174167039,922872469.6585734,-7.161522636100177,913.0679627301663,-7.018997902733386,4.517539675020825,417035564.6093979,-7.1910385824868435,909.080107684238,-6.979284877377783,4.522192465472585,1134.5129472603535,-7.165468352246804,912.6149269524916,-6.98149199962385,4.566095054561099,748230380.184375,-7.060134777802204,961.1844665372278,-7.050307978210457,4.499350218643491,987291874.3608271,-7.219505663607714,888.7623510407561,-7.02878363929549,4.524834265950097,944268313.7773603,-7.174939074834554,911.0788823009636,-7.008319892313029,4.533911165055469,123923963.14036298,-7.174939074834554,911.0788822765063,-6.9812407509736705,4.543004563632217,1138.917143616436,-7.174939074834554,911.0771239960326
conf_cube_axis,3,"11,16,21",481171505,1e-08,1000,-7.006567107933162,4.514153863356526,213793.60908021868,-7.183589697117211,903.8490249017948,-7.006567107933162,4.514153863356526,213793.60908021868,-7.183589697117211,903.8490249017948,-7.008884408824212,4.517803800027696,3321032.189719493,-7.185333483471186,904.5158100781618,-6.329238419765289,5.17660584542475,264628.7034362194,-6.490975068632298,449.58448904768056,-7.694671795137015,3.8436495652279645,4138273.796088567,-7.883482061987275,1812.1440483381098,-7.030093348428448,4.516745963056615,673646152.6645607,-7.169870127227422,905.9140013609253,-7.009771958060695,4.517553064396376,4988115.039599673,-7.186890188414061,904.5224197365337,-7.015583228979598,4.511066647200934,5061021.874103788,-7.197027320630276,901.3864170268945,-7.013058248719791,4.515151711253665,7950140.978088329,-7.2001407178997106,902.9555865207343,-7.007582454667596,4.519771324768561,4537508.642692235,-7.175197032599311,906.2598458825549,-7.048539152150889,4.4919830571119626,562770743.636447,-7.2294942880834,880.2713296976411,-7.028786405363169,4.49248930788703,223664.09597672385,-7.228348574017092,880.8690432103267,-7.006567107933162,4.518672535994667,213793.60908021868,-7.183589697117211,903.8490248964346,-7.006567107933162,4.527737074627362,213793.60908021868,-7.183589697117211,903.8490248851651,-6.987622759072623,4.536730135921631,1149.822861469372,-7.183589697117211,903.840923406529
conf_cube_axis,3,"11,23,27",1191654363,1e-08,1000,-8.053103189598362,3.5099243520238397,461886.35866808286,-8.763498592079586,373.73509757085543,-8.076214161595166,3.5048298851786264,461472650.2477127,-8.762164568931896,372.83439005288943,-8.053103189598362,3.5099243520238397,461886.35866808286,-8.763498592079586,373.73509757085543,-7.388504381108966,4.149777380217461,441146.2122907036,-8.167724708320328,194.66119636038454,-8.732634962300978,2.873252656823613,325778.22139699006,-9.404737677866493,730.0576078633504,-8.019270501446819,3.532750238059709,21573.540604612026,-8.623858005167726,352.24703494206204,-8.036111010260422,3.523986824838662,433556.00554113305,-8.674837785409142,359.30456501894696,-8.038851916316295,3.5216818388735893,454505.4093736233,-8.687439319759214,361.2302137547086,-8.059567736041739,3.503948533274821,415338.4963074122,-8.775133639154358,374.26497324330177,-8.02723846981279,3.530258135324143,370255.2610720961,-8.639118093174913,355.0557289250489,-7.884531618259098,3.6688313930872107,535425.889122176,-8.535404601352866,411.79611343904696,-8.109485169935521,3.457351327634257,499504.9462853542,-8.838570124803262,362.88337788830955,-8.053103189598362,3.5134377898136178,461886.35866808286,-8.763498592079586,373.7350975708511,-8.041182639998837,3.5204855894927287,5028.845196415916,-8.763498592079586,373.73508526372,-8.038321771979078,3.523149933666766,5006.405197815762,-8.763498592079586,373.4354107447644
conf_cube_axis,3,"16,21,24",545970953,1e-08,1000,-7.052767122724577,4.474832145663549,4416822.736199686,-7.265785624526202,858.4266648745464,-7.085550000078563,4.470838437037617,537433039.6429822,-7.263751155353464,857.600620926615,-7.052767122724577,4.474832145663549,4416822.736199686,-7.265785624526202,858.4266648745464,-6.385121935821449,5.134445606011436,4392046.384352839,-6.611372691467802,424.80976551604545,-7.733890842263425,3.8031247515938014,477487.7731261074,-7.947765316957803,1723.5205188167242,-7.08311551289901,4.463366290664901,541890099.4351825,-7.299078562719381,853.1169400044398,-7.058123837993234,4.468686084867522,7351254.559014228,-7.273921904178445,856.2915164606031,-7.058369568937995,4.468366095093194,8377657.831858366,-7.275408831736215,856.0897133371402,-7.054312930793032,4.474528970447643,8741702.557037778,-7.26486068511741,858.3168723965562,-7.050242668895105,4.4756264866838045,4484448.121511818,-7.24377926467411,860.8428267033229,-7.026781886604204,4.4998043213430625,2375253.37539118,-7.2173791185756055,884.6416039309,-7.07478040379817,4.4533327183312545,4596634.156986479,-7.305284486275165,836.6172487076414,-7.052767122724577,4.4793114571211365,4416822.736199686,-7.265785624526202,858.4266648745228,-7.037567909651972,4.4882970140128595,1334.4766564370425,-7.265785624526202,858.4266616696565,-7.032811805362882,4.492353671583664,1232.2875976429543,-7.265785624526202,857.4719271904092
conf_cube_axis,3,"27,30,31",1934242242,1e-08,1000,-8.614731389921964,2.9834109650629665,9997.09160060992,-9.430095819865775,273.8119801719856,-8.630041279781492,2.9786013730104663,98368640.37854639,-9.42928685676796,273.22925091316927,-8.614731389921964,2.9834109650629665,9997.09160060992,-9.430095819865775,273.8119801719856,-7.9252160071854725,3.6146585583191704,5029.171214152007,-8.739490011273526,136.52697127251926,-9.321153015180977,2.3760293143499975,45482073.24141215,-10.133891677127904,550.6403172542427,-8.625309205706014,2.9777080122740065,10559.647745615575,-9.501438677461069,286.5869786341306,-8.627072498604836,2.9741628039688477,10773.586642408618,-9.509741033440866,287.8262575032077,-8.623401715972992,2.9780368955294554,10370.920005151478,-9.47984979053268,282.3290668899681,-8.646365258725782,2.974749968471212,862425549.6948049,-9.441723441266483,274.7049690666782,-8.622010404579704,2.979770991396801,24109.47551944592,-9.39983247300002,267.69670422350436,-8.807866798163953,2.814871073294243,12745.735683465202,-9.675835120512367,257.87002796249806,-7.02025279503056,4.502747402585484,138535.7994255085,-7.212462405607772,885.9490979343219,-8.614731389921964,2.98639736242537,9997.09160060992,-9.430095819865775,273.8119801719832,-8.614731389921964,2.9923881294500805,9997.09160060992,-9.430095819865773,273.8119801718915,-8.611794868843612,2.9950204354942516,9959.131794575265,-9.430095819865773,273.66919696791143
conf_cube_axis,3,"6,19,25",833832838,1e-08,1000,-9.711939771310817,2.1186240661749522,103535.7775626926,-10.793858946824454,216.96555724536125,-9.711939771310817,2.1186240661749522,103535.7775626926,-10.793858946824454,216.96555724536125,-9.735708956183457,2.122378137260541,1031233800.4619433,-10.794584927593178,217.41097327485213,-9.024789541838002,2.6625377148257785,92640.93079570045,-10.134691258245889,111.56345995131275,-10.403170644140701,1.6548811898925573,80794.52451793812,-11.489173464134181,434.4736164489088,-9.720430861326387,2.125006585605849,1740821.511192605,-10.837407402767791,224.79000212400015,-9.66678340017895,2.187748899794612,44156.07944396789,-10.966303739069852,253.32999529907886,-9.697775604479604,2.1433793790204283,41803.462024070104,-10.879937637296909,233.896419510445,-9.73129817695868,2.10547398459162,494512972.34692276,-10.726118600198346,204.71370830063822,-9.688368109313359,2.1500100248785925,26918086.794151917,-10.83631537496838,226.89533610074295,-9.80998922327787,2.054177999455465,92193.79639625137,-10.917540305228126,214.66313739164679,-7.054656626170556,4.461921244242279,4995.024451300674,-7.278736470614267,847.3519531041427,-9.711939771310817,2.1207448110014284,103535.7775626926,-10.793858946824454,216.96555724521403,-9.711939771310817,2.1249990633806632,103535.7775626926,-10.793858946824454,216.96555724517432,-9.701544545811434,2.128700670880065,38938.72377790314,-10.793858946824452,216.95329615132707
conf_cube_axis,3,"0,5,7",35302897,1e-08,1000,-6.977767814129714,4.535997269684353,2800.5609196304235,-7.763015652660324,944.917065190844,-6.9694027288564735,4.532379517243404,1171.8231055128708,-7.761570865965686,943.9715461906194,-6.977767814129714,4.535997269684353,2800.5609196304235,-7.763015652660324,944.917065190844,-6.3100457197203434,5.204491016371523,151660621.97560436,-7.067065076770073,470.9791749996848,-7.673717427559008,3.860339367073001,8138.575616495169,-8.45702353684842,1890.8505684378322,-6.983807013573215,4.541347796220793,782906.8275326919,-7.776546687265204,949.068754298616,-6.982714831074528,4.5366804759003205,43705.89458133307,-7.776003286633297,947.5168106087327,-7.003740034128821,4.533232269774778,630950024.4540732,-7.7673155067404025,944.6720870602961,-6.974681213308203,4.538668860993523,2291.1570392734643,-7.770195176155748,947.1836153641706,-6.979651163065604,4.529082996256259,2068.1592666268116,-7.754123664584098,941.033232373324,-7.032267562484235,4.502735921731145,354868573.608362,-8.010606528263668,924.7258506603222,-6.9550962079001115,4.5579517832633645,2764.577252596262,-7.576496116859983,960.1433089873025,-6.977767814129714,4.540537807492408,2800.5609196304235,-7.763015652660324,944.9170651908129,-6.977767814129714,4.549646208309557,2800.5609196304235,-7.763015652660324,944.9170651907248,-6.969619301652562,4.554939046157053,1171.849979415857,-7.763015652660324,944.1441028108466
conf_cube_axis,3,"1,10,18",1842434421,1e-08,1000,-7.066129886919606,4.460855977137788,4186169.4209481,-7.290934392695777,848.6248824408567,-7.066129886919606,4.460855977137788,4186169.4209481,-7.290934392695777,848.6248824408567,-7.066740228135682,4.464169783091437,790209.5462918316,-7.292651526847363,849.3724546659349,-6.429905653756199,5.12697413721,811689060.7291728,-6.578636460880579,423.29991391898346,-7.750539337127241,3.7902724462259445,14521278.914052857,-7.985257597345542,1700.7773884565104,-7.062618966869211,4.4650090113242165,6106729.550760055,-7.270468909425726,850.8819717886589,-7.053268525013785,4.4586734474688345,9601.981173116506,-7.297688199939503,846.8836818253982,-7.074059025701284,4.45493200442926,26970096.028460562,-7.314013255265286,844.6053230876805,-7.059670562199741,4.467247845303118,4286111.191500428,-7.2612171539132575,852.3583244791537,-7.040372631068406,4.462515006268035,1247.2048393096597,-7.280919950080108,849.3058825674368,-7.093255895872492,4.4344195121832675,4392396.100237532,-7.339037869641078,822.369511594377,-6.971015536417982,4.546914861462512,94621.2406210429,-7.110475414950627,939.3135138197179,-7.066129886919606,4.465321298454967,4186169.4209481,-7.290934392695777,848.6248824399431,-7.066129886919606,4.474278813585203,4186169.4209481,-7.290934392695777,848.6248824373955,-7.0421013931658285,4.48325977780534,1252.1846085980903,-7.290934392695777,848.6237981962192
conf_cube_axis,3,"20,26,31",437497300,1e-08,1000,-7.560286846784658,3.9673867719084184,2771.4255869019553,-8.100933423635333,514.5086258209573,-7.5702375386372625,3.963293479169033,4676093.1915812185,-8.099573018063474,513.5381523115735,-7.560286846784658,3.9673867719084184,2771.4255869019553,-8.100933423635333,514.5086258209573,-6.907623826468284,4.610994529217482,476418486.8477485,-7.449233414840075,257.60846775671564,-8.251649012971557,3.3075304620565893,5327.332634604404,-8.791747309944359,1030.6273211626635,-7.566635106493383,3.9664885213604584,20073.34344656946,-8.111762787995826,517.9916986205643,-7.547276628926568,3.9946937256422297,705689210.9993998,-7.983946182039833,506.5118768964857,-7.562773370340846,3.967742528453319,4565.85959286418,-8.089161679337614,513.5794630021685,-7.558741888178236,3.9734454691388845,20985.754332702752,-8.062936896582109,511.2317697892605,-7.577539000861456,3.9570041630966304,32159.266680001238,-8.121495573550348,514.5295517985394,-7.684802874072732,3.8479719227414098,3280.9125816585465,-8.274262232951076,467.1290907412197,-7.61939040846585,3.922147187192355,506418.2308469924,-8.167565327052055,495.354236317619,-7.560286846784658,3.971358130038787,2771.4255869019553,-8.100933423635333,514.5086258209491,-7.560286846784658,3.9793247461474195,2771.4255869019553,-8.100933423635333,514.5086258209326,-7.555330155140958,3.9833614497259693,2617.8459719123252,-8.100933423635333,514.040575108241
conf_cube_axis,3,"9,21,31",1021142993,1e-08,1000,-7.202783150448087,4.309303699649876,1713.710727786398,-7.548693640415593,711.4871377698503,-7.202783150448087,4.309303699649876,1713.710727786398,-7.548693640415593,711.4871377698503,-7.218576930861318,4.313642666753183,17698325.817629397,-7.550230460894876,712.4364274134277,-6.495723071445669,4.974688850083079,777.0489839539968,-6.837694480278146,354.75402752406467,-7.8999912559468966,3.644563395823209,3441896.396782592,-8.234460525990329,1429.7319337677507,-7.209729796908273,4.305035079132222,4529.315972217948,-7.559896503175208,709.9363090207274,-7.1947549087867,4.321015241237861,1612.7435724403651,-7.5224425293138975,714.9971317725842,-7.224730474612323,4.302865765416333,5566458.848452115,-7.5753867908299455,710.2812487950658,-7.1902560283622385,4.320625195249594,1544.2340998066052,-7.510900178125351,713.1306216682384,-7.214162670851111,4.321235861850959,561931370.2296087,-7.523183346510096,714.7234877638788,-7.257365285916005,4.256218647142612,1851.8287931915975,-7.631635165116336,670.9330118883599,-7.217377059133449,4.304958094967684,33388.565327829005,-7.555535979896492,708.0430425166497,-7.202783150448087,4.313617317726925,1713.710727786398,-7.548693640415593,711.4871377397718,-7.202783150448087,4.322270511965309,1713.710727786398,-7.548693640415593,711.4871377376611,-7.198112008033823,4.330417278482323,1574.5645100653464,-7.548693640415592,711.4552440326188
conf_cube_axis,3,"4,13,17",1032685027,1e-08,1000,-6.950491889596103,4.554886486029234,1080.6497904458236,-7.088929684557005,944.9540059219903,-6.984537363308866,4.551348675777072,312651669.2826259,-7.08742550792535,944.0333721197668,-6.950491889596103,4.554886486029234,1080.6497904458236,-7.088929684557005,944.9540059219903,-6.250325031198372,5.225792546962783,535.0516361371758,-6.375948092563657,471.9228294429681,-7.648083823549128,3.8785845279985773,2176.14746710961,-7.7981719819576645,1889.498463633495,-6.96450063568822,4.553716203841962,38385782.84388675,-7.075119577775623,946.254565414626,-6.948979228694153,4.556361585722424,1077.435793340027,-7.080332648675775,946.2740303541121,-6.950103828849441,4.550701701302197,1080.8886625179866,-7.091524721117255,943.4765397230356,-6.9900204182200945,4.549366916465747,850277024.5040145,-7.098923222224126,942.2644940380752,-6.987388616882098,4.548937614822618,300296825.5753315,-7.101551513865762,941.8939013104449,-6.992577360230328,4.5335890743991945,5370838.381109297,-7.140502378531682,919.567681750077,-6.95148093583884,4.581519505986163,14496509.92411099,-7.014522345843835,975.0049039534724,-6.950491889596103,4.559445931987778,1080.6497904458236,-7.088929684557005,944.9540059205224,-6.950491889596103,4.568592262844697,1080.6497904458236,-7.088929684557005,944.9540059204913,-6.950352755874711,4.5733171613610795,1080.5312228816056,-7.088929684557005,943.978190909029
conf_cube_axis,3,"9,27,28",2098419871,1e-08,1000,-10.844111077219054,1.6300519391128603,193047.74614390128,-12.42524239136729,226.2902284218867,-10.856221413012909,1.6260120306127355,11378022.59355445,-12.424533987125391,225.83524037809306,-10.844111077219054,1.6300519391128603,193047.74614390128,-12.42524239136729,226.2902284218867,-10.213601203520039,1.899731599600389,8958193.575930832,-11.626191157400067,102.11810353589743,-11.579342743647327,1.3027209868456142,20961229.368551973,-13.05232686134863,424.49444902678704,-10.903381020433546,1.5468412948072825,28592301.608543143,-12.304722149513776,202.07489226428206,-10.877657366615724,1.5802387032917884,188154.9582557924,-12.367402088970826,213.7067761296907,-10.920972099194525,1.5427905939593847,678952231.9405769,-12.304688907661491,201.60774625604995,-10.870735882757156,1.611616171953588,287313617.3333371,-12.409710629937466,222.54365064451173,-10.87383575791777,1.5904492002663098,187845.62439477892,-12.38215539929966,216.78233490414976,-10.930343581826035,1.6055929364620352,215574.43808596072,-12.535492141233437,225.513867217205,-6.98180553454207,4.5435143655796475,3302523.7856787257,-7.140719193032393,931.21274314365,-10.844111077219054,1.631683622736758,193047.74614390128,-12.42524239136729,226.2902284218752,-10.844111077219054,1.6349568095427665,193047.74614390128,-12.42524239136729,226.29022842187402,-10.839393259895203,1.6378202044559693,192027.50589320422,-12.425242391367282,226.2810826535165
conf_cube_axis,3,"4,13,16",162866930,1e-08,1000,-6.938996756142064,4.585510778772583,43651327.132173665,-6.9822703221317175,982.0547725208971,-6.938996756142064,4.585510778772583,43651327.132173665,-6.9822703221317175,982.0547725208971,-6.93897866884142,4.58937788250042,83874272.37483509,-6.983963084159386,982.8519916330073,-6.23727326723961,5.247764034865174,21555.235825916167,-6.288301231311619,488.0968333416305,-7.623489189426262,3.9122009842873915,42537688.945593074,-7.684893550567347,1967.1506860735021,-6.921388328134083,4.589671856201869,1541.423998403335,-6.987781228329163,983.839994463926,-6.921632383564221,4.589055819718905,1341.8598833856913,-6.997423910413725,983.1848498437835,-6.937868913393068,4.5857995501848725,27409984.120102383,-6.9832479899682,982.3920708081773,-6.920653362504725,4.589812404166335,1262.3643661648975,-6.98255674608822,983.6394511793466,-6.943662254082743,4.585768279925854,441979622.6259348,-6.982466675737329,982.5307764955999,-6.949058168939909,4.575732392980017,45394781.49023833,-7.019271585636053,971.3040739609754,-6.937839943014693,4.57965320806236,46558.01787047338,-7.005682138920392,975.5824101907488,-6.938996756142064,4.59010087999773,43651327.132173665,-6.9822703221317175,982.0547725009334,-6.938996756142064,4.5993087052170125,43651327.132173665,-6.9822703221317175,982.054772497031,-6.914597503804439,4.608442372586967,1016.6553111404866,-6.9822703221317175,982.0458479166488
conf_cube_axis,3,"6,16,23",1149834700,1e-08,1000,-7.215281471298128,4.313005497030276,305107.67514356755,-7.53725897249317,709.2620584495193,-7.250454141458105,4.308490538377702,643717171.3500059,-7.535610790503764,708.2050216987532,-7.215281471298128,4.313005497030276,305107.67514356755,-7.53725897249317,709.2620584495193,-6.531285396338513,4.984152483887858,267438.61300869216,-6.837353341694743,353.9890795912642,-7.898607927860196,3.645682127075216,197934.83708337214,-8.22302222398479,1423.6664061645097,-7.224707032882273,4.303410357113878,205399.48874027297,-7.577530828482149,707.4225630937532,-7.258123635197326,4.301029008152971,648348490.124903,-7.570960278942259,707.7104326565036,-7.205596424733411,4.301531894529771,1596.5279269429682,-7.570047513122003,708.0323495226719,-7.2347505789556745,4.310764254987703,814277184.7738365,-7.532737908026789,709.8514341479043,-7.22314087581087,4.304598168944084,158471.5446615666,-7.571865296696223,707.2570846916428,-7.27757598309376,4.2523569038095825,334940.3253844975,-7.630578894828231,662.7958880890574,-7.259967715918524,4.269491516215899,326620.9554107969,-7.60448762530527,675.4422197807953,-7.215281471298128,4.317322819849856,305107.67514356755,-7.53725897249317,709.2620584494657,-7.2029308600159885,4.3259831162662765,1624.2485012468842,-7.53725897249317,709.2620257477305,-7.198854922497182,4.329628803260365,1569.8470865845095,-7.53725897249317,708.4479785955396
conf_cube_axis,3,"6,25,26",1231449497,1e-08,1000,-7.539723262506104,3.9868695253493462,2651.6371003535264,-8.051802694552096,517.8637456388802,-7.535064928293836,3.9826830168930245,2521.4494766961743,-8.05056902190705,516.9148439546161,-7.539723262506104,3.9868695253493462,2651.6371003535264,-8.051802694552096,517.8637456388802,-6.842805004924781,4.654844140241846,1296.4409972714504,-7.349006661542918,257.8935116029471,-8.222372136525266,3.3339203145999137,5015.882667825008,-8.70815010707474,1032.1311810962336,-7.521465478281271,4.0008493624628825,2785.6996716171293,-8.003459264002968,517.3532223823264,-7.552380971473231,3.9804768928192007,31095.073183887205,-8.073705133838091,520.4591258593331,-7.53007425782028,3.9955733213166167,2520.8796106476634,-8.020553750543412,515.951149370925,-7.552150631831921,3.9991535715879976,838329911.0012958,-7.999587373764575,515.399200573094,-7.52384035591218,4.001640860647446,2526.016350222817,-7.99150397636793,513.3919315723367,-7.614771423438309,3.9298385544821115,17835924.594516404,-8.134635012578434,493.1313727408455,-7.526105447054025,4.012045918350445,458594.1927712856,-8.015085059289216,529.5129025085018,-7.539723262506104,3.990860385735122,2651.6371003535264,-8.051802694552096,517.8637456388788,-7.539723262506104,3.9988661237166463,2651.6371003535264,-8.051802694552096,517.8637456383582,-7.53494461914971,4.002824149399162,2522.2270588293645,-8.051802694552096,517.3757897197106
conf_cube_axis,3,"1,12,26",743656697,1e-08,1000,-7.3603238168271155,4.173843626273563,328441199.0796233,-7.731285372541567,604.2268923486387,-7.3586432065396385,4.17064432832234,167178845.9574261,-7.72936628063775,603.3719171771368,-7.3603238168271155,4.173843626273563,328441199.0796233,-7.731285372541567,604.2268923486387,-6.683263208686876,4.831942885808881,1487258366.0118937,-7.033928173179307,300.6228650616626,-8.05589572209432,3.4939554453897146,5878242.648038127,-8.461678116015708,1206.4730932282198,-7.376811369869688,4.158966712961879,955253710.7922782,-7.764229641798884,599.4966366074347,-7.373966904689134,4.1424017569535705,2032.3738168976272,-7.833622932250617,601.6480867302861,-7.367246021587483,4.148848704048322,2006.8672830926262,-7.816825489568082,602.998344946439,-7.391353259378032,4.157738837298644,720400052.4770359,-7.759816900817302,599.6396557613957,-7.358632393725617,4.152838152715684,1963.8145853814246,-7.778988844181454,600.0249207335104,-7.4013674005784,4.134019701515564,347711453.8738939,-7.788350629563298,578.9746369102763,-7.055090069247542,4.457298189234332,1302.3500280003068,-7.2889822710576775,837.9371166695981,-7.3603238168271155,4.178021647923646,328441199.0796233,-7.731285372541567,604.2268923485694,-7.3603238168271155,4.186402834779972,328441199.0796233,-7.731285372541567,604.2268923485335,-7.3407004486746255,4.190994428628027,1897.6591364691058,-7.731285372541567,603.609825381368
conf_cube_axis,3,"8,19,27",2054297428,1e-08,1000,-7.020109181240608,4.505048207201986,1204081.657607109,-7.216360126980933,889.7565791931712,-7.056645688636181,4.499605629426795,631912731.1150273,-7.214996325878064,888.5667154362602,-7.020109181240608,4.505048207201986,1204081.657607109,-7.216360126980933,889.7565791931712,-6.310230908415226,5.1669221438805595,591.5393537172938,-6.5361697016040905,441.50574561873066,-7.706132840388861,3.828154384863654,47962.22782218172,-7.9164511010187,1780.9574286226862,-7.015580122636921,4.5064466446138525,915640.8493324998,-7.185522094992736,893.7451136433705,-7.003307133605681,4.503237732433144,1177.9550876065143,-7.21373844621495,889.3683838240113,-7.0360126919216315,4.501610753299736,475876108.5598975,-7.213853643563801,889.7115046504765,-7.044930621213894,4.498694555370907,828353604.0352534,-7.22124657221041,887.9547289150007,-7.049972258542685,4.505053851775818,503431929.92743236,-7.1938352599764235,892.9997281673938,-6.937348923139831,4.58660561198627,1768472.4213732944,-7.008710805078583,979.3400172028836,-7.030075453156546,4.495338324129425,1266418.7136289065,-7.235922017179111,879.5754376329379,-7.020109181240608,4.509557764965926,1204081.657607109,-7.216360126980933,889.7565791929286,-7.006181518277171,4.518603935710128,1194.8675782670173,-7.216360126980933,889.7565679898105,-7.003192509219129,4.52144109752383,1178.311073758068,-7.216360126980933,888.6228755004337
conf_cube_axis,3,"19,20,22",1563235745,1e-08,1000,-9.83260279474651,2.0449614698507195,47618.2706336105,-11.006241940617608,221.57573643583518,-9.834176591939393,2.041578462864729,47645.69209894442,-11.005869781896328,221.2876330163615,-9.83260279474651,2.0449614698507195,47618.2706336105,-11.006241940617608,221.57573643583518,-9.13556310955065,2.5612393689855706,23325.322461772827,-10.288524084313307,108.45047979423909,-10.52250793131866,1.6204600964286555,337617.0199040318,-11.717022196652707,451.1588092476725,-9.835666688509814,2.067446409917452,29232729.145064622,-11.07183574416801,234.75331483828597,-9.85239301511335,2.0280404159357945,183123.88987676968,-10.970888838169516,214.33329329668115,-9.838972033681,2.044926934829951,352717.4752171434,-10.99129658069571,219.14479147432226,-9.844722072118524,2.0310430071235492,47229.16482256477,-10.990251274807488,217.7377528233563,-9.833325107326408,2.062990212997242,206583.10648757283,-11.05390994920705,231.186551045537,-9.49805237054431,2.276643265317758,506421.9545051452,-10.570806549899096,231.00829420871844,-6.955531833158053,4.554686460693248,1108.632826427113,-7.101366659408624,943.5951893652015,-9.83260279474651,2.0470084784298908,47618.2706336105,-11.006241940617608,221.57573643485296,-9.83260279474651,2.0511148143946376,47618.2706336105,-11.006241940617606,221.57573643485136,-9.831423257009574,2.0542545005598063,47605.57633700763,-11.006241940617606,221.55144468472898
conf_cube_axis,3,"0,6,11",234220179,1e-08,1000,-6.94834412764668,4.585078655510177,62040164.95228863,-7.246387740087234,983.8504601656795,-6.94834412764668,4.585078655510177,62040164.95228863,-7.246387740087234,983.8504601656795,-6.930198821919526,4.59099575658615,135781.80213118583,-7.247584953141154,985.1717376090129,-6.246675430545894,5.26387656664575,178254.391410315,-6.555935299154964,491.27531599646966,-7.62799785224585,3.9126075872213937,237597533.4759266,-7.942371788918995,1972.1118073644457,-6.93239549908265,4.5894127945835415,185676.20325388302,-7.238700291007225,984.5805285632456,-6.9334705291387735,4.584717786683072,78090.88880613148,-7.244593536321259,983.3860085048502,-6.936784470678086,4.584894240321369,716971.5517837545,-7.236716985465007,983.6944358487393,-6.932384245756996,4.5891061984435275,142552.65620843886,-7.238362336123764,984.1341281285837,-6.933879481912176,4.585316270401315,148544.91958861033,-7.247506788572445,984.0122045692939,-6.9896573519817595,4.545532621104977,101573910.74949093,-7.698870963022154,953.5590885229831,-6.937509186270983,4.595738503381902,65041765.050711125,-6.986669200877287,993.6939668515249,-6.94834412764668,4.589668323923381,62040164.95228863,-7.246387740087234,983.8504601605028,-6.94834412764668,4.598875281403272,62040164.95228863,-7.246387740087234,983.8504601514308,-6.9149694616561925,4.608119230125245,1021.6747441854263,-7.246387740087234,983.8504566161531
conf_cube_axis,3,"17,21,27",513017839,1e-08,1000,-7.274843318640465,4.245528314674926,4080.763905477442,-7.627458956333785,655.2024912085902,-7.274843318640465,4.245528314674926,4080.763905477442,-7.627458956333785,655.2024912085902,-7.274843318640465,4.245528314674926,4080.763905477442,-7.627458956333785,655.2024912085902,-6.569452248249786,4.912357885725483,854.2356186761821,-6.9249307867423955,326.06356470726365,-7.967116276159035,3.57414113465827,4642.590126710701,-8.32913669095758,1312.4499474377856,-7.266294534651761,4.2508809881161564,1721.40159352167,-7.623963080926975,657.4841553973893,-7.281324802282074,4.236411878061903,1774.459312113186,-7.671770568079677,654.5534469234009,-7.282632409010975,4.235194699011701,1783.9718568498536,-7.674680868695247,654.4034594504217,-7.269714134963347,4.247626369695801,1738.302527918697,-7.629210681670268,656.0516110636983,-7.254178657958502,4.262542059076261,1678.3753528594643,-7.582266721809826,659.355158578511,-7.390215193273505,4.146141927320464,924017.2821771502,-7.773496619131019,588.6652753283884,-7.2937918818319165,4.245744404021002,276924015.8752041,-7.627153641984011,655.3707562130508,-7.274843318640465,4.249778092779104,4080.763905477442,-7.627458956333785,655.20249120818,-7.274843318640465,4.258303224360399,4080.763905477442,-7.627458956333785,655.2024912080618,-7.2670542301789744,4.262895422244188,1719.3124075482554,-7.627458956333785,654.516542627212
conf_cube_axis,3,"16,30,31",1635016938,1e-08,1000,-7.40013783546108,4.126292411998051,12903.056444791408,-7.804816152295116,580.1075830015566,-7.40013783546108,4.126292411998051,12903.056444791408,-7.804816152295116,580.1075830015566,-7.403861283703748,4.130674105812015,1333834.4739461066,-7.8063196232961,581.1465660755082,-6.695363613199503,4.799503744412641,1125.2760646808615,-7.091728369478074,288.5783780642474,-8.103901712909261,3.4520700314942094,1992176.7395324553,-8.548757646581711,1166.7532608427432,-7.416121008090241,4.1112127912184215,13172.803622558607,-7.8815998877886155,585.523771737551,-7.402155344353453,4.12182482261093,3252.3744863907764,-7.829125670282109,581.735187150619,-7.4089726728968355,4.11755705897783,10691.300917887173,-7.8451117029317405,582.3623493263592,-7.408188808306847,4.114061676262767,2247.2798790447023,-7.871109614275991,583.4280538585697,-7.421197499395841,4.106625266779163,15311.368936820276,-7.887430303947421,583.5693843231835,-7.231840424414319,4.290442789103357,15335.915196637101,-7.55982083918022,692.5124585271408,-7.3920611720603056,4.134232740613241,13560.628134116083,-7.793247084683364,584.8561678574631,-7.40013783546108,4.130422835030175,12903.056444791408,-7.804816152295116,580.1075829954242,-7.40013783546108,4.13870853776873,12903.056444791408,-7.804816152295116,580.1075829900162,-7.3862944331326394,4.146670795628735,2027.8272915096536,-7.804816152295116,580.0901456705458
conf_cube_axis,3,"17,20,21",1144238480,1e-08,1000,-7.243176117126471,4.269429166604203,1699.546643459305,-7.655228624433676,688.4149761171296,-7.262116195063682,4.265810875789157,431860079.3082105,-7.65401077597287,687.4289099078507,-7.243176117126471,4.269429166604203,1699.546643459305,-7.655228624433676,688.4149761171296,-6.550864565224625,4.930788325899162,853.4950296975194,-6.968049280042311,341.74386116563915,-7.924478176067431,3.613564269650045,3297.5989009424898,-8.292087276829902,1381.5793148434007,-7.2325354941220095,4.290024710274254,5663147.271890393,-7.553000403390426,690.2816865684392,-7.2206886275286815,4.292273247053386,1925.9966673984518,-7.545345019267373,690.7454538291535,-7.2495305041684075,4.282136788793921,445116884.3304649,-7.59323226757243,688.1847468360415,-7.240518515029179,4.2882667973527315,10351943.501105703,-7.571174124662539,691.8550568850646,-7.215821462832706,4.295734613545511,1602.8642592542158,-7.556444141138534,693.7312330966431,-7.3429212334309275,4.1726214049167885,1960.3326266395502,-7.808088256224369,624.3571985538208,-7.294081045754621,4.22446858105301,1859.9664661811773,-7.7290507958760415,656.6903980252623,-7.243176117126471,4.273702869663587,1699.546643459305,-7.655228624433676,688.4149761099013,-7.243176117126471,4.282275994778633,1699.546643459305,-7.655228624433676,688.4149761098872,-7.242761993800037,4.286985500942715,1699.132460921825,-7.655228624433676,687.7236658053718
conf_cube_axis,3,"2,21,30",129642847,1e-08,1000,-7.1843380153247764,4.332165022477873,1888.0907826174457,-7.498819230052551,723.2989473474794,-7.217642364429558,4.328368267138451,1071412174.2467705,-7.497356011394979,722.286227736971,-7.1843380153247764,4.332165022477873,1888.0907826174457,-7.498819230052551,723.2989473474794,-6.514322965931606,4.986412497126172,5119228.388261265,-6.813218987174337,358.6923478600656,-7.8915654252104,3.651337388537141,212631.4974920585,-8.226463648026895,1442.3450867657227,-7.201636705143643,4.323051012467502,590809.2129567865,-7.517427380709447,720.2121933533832,-7.204833483204952,4.318849916885869,208085.81813404508,-7.540604439329833,720.177834161096,-7.211441971635936,4.3116287349594895,13459934.40612864,-7.561412469952036,717.6456578452985,-7.176428784329219,4.32976002104271,1515.0367969785027,-7.491413649694778,722.5614980574446,-7.189927021999388,4.326321814750762,1740.3333886688574,-7.513551621079983,720.0694759802387,-7.20739475108122,4.325767504920901,28203025.692048468,-7.509122803498036,717.8529889279379,-7.241173832754023,4.290197203626513,4162612.7436676873,-7.565034721444626,688.4620978582221,-7.1843380153247764,4.336501524002057,1888.0907826174457,-7.498819230052551,723.298947347471,-7.1843380153247764,4.345200624348778,1888.0907826174457,-7.498819230052551,723.2989473470354,-7.178364235640628,4.349640392187317,1520.9867895003022,-7.498819230052551,722.517816201508
conf_cube_axis,3,"13,15,21",1497625301,1e-08,1000,-6.9529546235554855,4.5698059234280155,355136.855188216,-7.058881650287964,960.6814793560833,-6.954499762513188,4.565139468916301,201149627.53815088,-7.057007264070294,959.8066520761091,-6.9529546235554855,4.5698059234280155,355136.855188216,-7.058881650287964,960.6814793560833,-6.2793090046620605,5.236794804742427,482103521.6370349,-6.361488093860955,478.4913456906666,-7.639985461686088,3.894493225596173,244991.51901068777,-7.756879828406016,1924.6652229749375,-6.954930306734619,4.570412886007006,637544916.9833353,-7.0507901881804385,962.6078352975928,-6.949837406783535,4.565478446240615,12783.712149829322,-7.05923155578006,959.7122765883103,-6.95740719365029,4.563625018264571,359299.6936839252,-7.066789743874169,958.3037046362551,-6.9527534714216825,4.570084188465058,374418.3203330328,-7.055280225369905,960.9349122852603,-6.948941910922319,4.572396210073286,103711.27276462271,-7.049268785351386,963.0431077784086,-6.933328391708417,4.58949675502255,512977.30909685424,-6.990087911362765,982.6203583762458,-6.9621913045863195,4.560783209044879,364098.2751308248,-7.083829720086948,950.6843753813066,-6.9529546235554855,4.57438030373162,355136.855188216,-7.058881650287964,960.6814793560492,-6.940186341754424,4.583556309378317,1093.3046499781694,-7.058881650287964,960.6814417935026,-6.936441331427877,4.586987063985706,1056.049209115611,-7.058881650287964,959.5795572091388
conf_cube_axis,3,"24,27,28",798165917,1e-08,1000,-8.319022442200621,3.260619134740725,7403352.554927044,-9.000409229430295,300.85609871838807,-8.319022442200621,3.260619134740725,7403352.554927044,-9.000409229430295,300.85609871838807,-8.31478203095153,3.265929160106945,6738339.573694046,-9.002509797143121,301.8620962987569,-7.63700222904047,3.9077743387974975,6094860.029149614,-8.275978827286888,147.32278414764724,-9.02073383465665,2.6216590180922505,14198527.253814302,-9.733725144967199,611.5218177246486,-8.347160949325417,3.238578352269077,14568202.853487527,-9.104094162259663,316.3469612823347,-8.303720421798166,3.2681183107469103,224281.60996101543,-8.943136382195116,290.873325402861,-8.322697518153689,3.258194186473212,10712339.851088159,-8.985456523886509,296.3148462345508,-8.350761353780989,3.2353202835970323,9531236.663331445,-9.091229860633833,312.1844180079718,-8.356118374597136,3.246274064112417,622811862.9654847,-9.081189045720901,313.60132327299584,-7.957051830469497,3.597764439607079,1999198.3740103089,-8.537988570966563,368.07840108009,-7.1387037691197595,4.383298804673323,86226.54440965284,-7.407867895802207,769.5151414341568,-8.319022442200621,3.2638830178486224,7403352.554927044,-9.000409229430295,300.8560987171132,-8.319022442200621,3.2704304261144204,7403352.554927044,-9.000409229430295,300.8560987170384,-8.299144882210937,3.2768967218320966,6562.1342784017415,-9.000409229430295,300.8530475301152
conf_cube_axis,3,"20,21,23",326648875,1e-08,1000,-7.234639461754478,4.297035281768736,9222409.411020258,-7.533541800259349,687.9257494628237,-7.238184940987416,4.292446313902204,137835587.6765783,-7.532060444071421,686.9330955552101,-7.234639461754478,4.297035281768736,9222409.411020258,-7.533541800259349,687.9257494628237,-6.546149239988529,4.946512956658594,1030.4243770272003,-6.892153556405983,340.3866162482073,-7.924970491549476,3.6215774307007096,2606707.410366689,-8.24570084378374,1376.3802338960757,-7.245040141417263,4.274994858403367,3479.7656669734242,-7.599619679619482,683.8858859445185,-7.249460102366059,4.270527231516863,3096.363336961964,-7.6195381542404785,683.7092529421075,-7.250907099530132,4.282078691238728,739356320.4560807,-7.570339884993493,684.9325359963677,-7.249322760758539,4.27076504037415,3265.330529971672,-7.614365636312458,682.9562492562816,-7.229969722247715,4.286465250667879,1660.3574633192538,-7.573830559807343,686.4117629150353,-7.3431567820149,4.191365097238144,10763491.19607135,-7.688064668733775,609.8454559102573,-7.25855339971091,4.273724784629083,9547883.094814317,-7.56822531657706,669.4740903755925,-7.234639461754478,4.301336618387103,9222409.411020258,-7.533541800259349,687.9257494628207,-7.218884109196129,4.3099651663925265,1608.0121043037377,-7.533541800259349,687.9257481599402,-7.216001825014661,4.312698441051755,1591.7395104066609,-7.533541800259349,687.0238605169
conf_cube_axis,3,"11,24,30",390717647,1e-08,1000,-7.845048062428888,3.7095306461257005,216359553.13871226,-8.383611160361196,400.12059843374414,-7.845048062428888,3.7095306461257005,216359553.13871226,-8.383611160361196,400.12059843374414,-7.840950216269853,3.7129751829385014,8993462.29517909,-8.384371905820409,400.71589698064014,-7.143723312652561,4.366596899464254,5361.3935641722455,-7.711283550790909,201.10069437534278,-8.531990175796299,3.0480901872853092,9551.485225262424,-9.141564758781197,820.0876533651052,-7.859128297547969,3.6854444512239,7945.460641210133,-8.50810435552968,417.4199163507745,-7.8550583353020444,3.6880787154043446,8464.55701854103,-8.482661659070239,412.2027877570675,-7.8405509061917735,3.7014245590843653,7244.337114772161,-8.434377782005786,407.5954170220181,-7.830904870644122,3.7095799382923182,7035.647312340039,-8.39092723700623,400.80481341764204,-7.862123640798644,3.702703451737968,892972526.9193723,-8.401568538630332,401.09729535958695,-7.729345549138753,3.8145661674870732,586219.000672708,-8.239194340957038,434.4116961359035,-7.765922692044997,3.7780043530366445,220113.99579886836,-8.289320782647314,421.7049152628577,-7.845048062428888,3.7132438900266145,216359553.13871226,-8.383611160361196,400.12059843352665,-7.845048062428888,3.720692724265435,216359553.13871226,-8.383611160361196,400.12059842931257,-7.8197501884344245,3.728133322375141,3570.7004406128635,-8.383611160361196,400.1190843374895
conf_cube_axis,3,"17,20,28",108142738,1e-08,1000,-11.039198682605532,1.5225385689468787,221730.4314528073,-12.547667113708416,208.5952561264206,-11.039198682605532,1.5225385689468787,221730.4314528073,-12.547667113708416,208.5952561264206,-11.040261736845554,1.5260137992641785,242072.66902290256,-12.548169208430762,208.93055397378913,-10.38557156907349,1.794042696484675,107250.18145957809,-11.802795634557508,98.78464129251115,-11.711996466135139,1.2966377673768283,454126.4426046138,-13.275473881020654,431.8599191748098,-11.015580329583104,1.5630387682062086,230757.0331022672,-12.600924837296311,219.43801656611885,-11.073930226387986,1.5120687556213865,795806258.6622355,-12.552278972953175,208.60600526210783,-11.056057365595116,1.4950872311125298,216296.37590737498,-12.512821442011163,201.56837043118728,-11.049146622919674,1.5088780527157162,219736.8650310889,-12.532986838316798,205.38359978052185,-11.066659843757138,1.48316695591023,214794.36817032413,-12.502519365285016,199.37165569245732,-11.228420202556507,1.4757799309621642,281196.50389904034,-12.785297902985418,207.37539017252564,-7.404076485204908,4.122063097548614,7742.899323090097,-7.83240269112118,583.0264996689878,-11.039198682605532,1.5240626315791093,221730.4314528073,-12.547667113708416,208.59525612641468,-11.039198682605532,1.527119928699366,221730.4314528073,-12.547667113708401,208.59525612467,-11.037351070848333,1.5299608624690653,221559.8750304401,-12.547667113708394,208.5907066978713
conf_cube_axis,5,"2,8,18,30,31",391945721,1e-08,1000,-7.053691884196337,4.463204113781381,6083.860024269279,-7.278635405233571,849.1996547278037,-7.053691884196337,4.463204113781381,6083.860024269279,-7.278635405233571,849.1996547278037,-7.056193280504782,4.468110255394599,239341.93923349786,-7.280212307604619,850.3079128428835,-6.412358741643696,5.128466858928574,1643444454.6819584,-6.567146249423398,422.95291370117457,-7.747597389546506,3.7877482384644083,8065.8206648147225,-7.996101023980638,1696.886314719272,-7.060529410240934,4.464939302974654,643059.9288119228,-7.29253802285655,848.5179706331063,-7.079370430356284,4.460564634431266,686676939.8457242,-7.290484191481805,848.010172560086,-7.055532218021653,4.461819018450791,7313.288843625051,-7.282973816291137,848.2078700584802,-7.058016996010427,4.459598909838058,8069.676411383336,-7.293212839531504,846.9366154956804,-7.07599887998762,4.460328351376832,355708554.1940457,-7.293634712467401,847.6469740021453,-7.058676259071337,4.458375047995657,6225.2951528172825,-7.287489714752684,844.2892364911285,-7.072319385104831,4.444967755929419,6043.556012052014,-7.311594694583664,830.7328470650336,-7.053691884196337,4.467671785618613,6083.860024269279,-7.278635405233571,849.199654725286,-7.053691884196337,4.476634015793304,6083.860024269279,-7.278635405233571,849.1996547087153,-7.040056201363432,4.4852440892180185,1245.975123288819,-7.278635405233571,849.1732547475102
conf_cube_axis,5,"0,2,3,6,17",467661270,1e-08,1000,-6.943083348386495,4.596340080525835,260102010.47212872,-6.961884821946085,994.2805847862338,-6.943083348386495,4.596340080525835,260102010.47212872,-6.961884821946085,994.2805847862338,-6.919196177911967,4.601699869152718,121996.27953703575,-6.963014425004476,995.479153137387,-6.245971800503962,5.2596041627434245,238251.0589356621,-6.264523095154548,494.6238854882085,-7.607029899569756,3.9237408482716765,22177.008302525894,-7.657501543195467,1993.3319979384742,-6.921483827953989,4.6007597413082095,286666.6324761984,-6.962861173613292,995.464878171277,-6.921918387307579,4.600663606288168,414073.34737538797,-6.961763326001857,995.3240075899638,-6.919538033370548,4.596329007379541,25703.248130807493,-6.962151431794745,994.0022005340426,-6.9214820839136415,4.600530332167548,178463.0677011564,-6.959531176423412,995.4240217994166,-6.919315170431447,4.596661488992673,32285.111049602565,-6.9610453408882975,994.3244048446143,-6.963405813139388,4.577311275485756,250772114.7091219,-7.362442720985456,977.3277954769729,-6.96252634666255,4.576039784890288,290913703.9555513,-7.021927541947015,971.8964069043758,-6.943083348386495,4.600941021544989,260102010.47212872,-6.961884821946085,994.2805847856281,-6.9236868265827045,4.610170591906241,239982.85902879253,-6.961884821946085,994.2805847057226,-6.903442951199269,4.619396627840251,996.34825890762,-6.961884821946085,994.2769526352777
conf_cube_axis,5,"9,13,18,21,31",81224454,1e-08,1000,-7.016413824284898,4.507503950904986,1913906.9857921042,-7.1905720420091805,896.0283337660888,-7.016413824284898,4.507503950904986,1913906.9857921042,-7.1905720420091805,896.0283337660888,-7.01241838756436,4.512264537048617,800382.2576104315,-7.192493392061447,896.9547114663585,-6.369489339509488,5.169309390996021,465159727.932504,-6.497277317770681,445.40750616785294,-7.696711729332847,3.840115163870251,1236722.9015548911,-7.868063476663395,1802.5780710587828,-7.017193326273912,4.506071565427072,1198079.7812638201,-7.197158225197215,894.9065979547684,-7.013791464186253,4.504737398185671,78184.27074835495,-7.206991170960202,893.7012363559626,-7.011345396420037,4.506829539596745,65724.33305043768,-7.1964362722036554,895.1064853231015,-7.033062290005235,4.506055318141354,859094582.0758852,-7.199994812312691,894.5797334017733,-7.011283689295534,4.513210955010158,715252.1314104156,-7.189016089065806,897.550035273813,-7.035639727572545,4.48875321890745,1986433.0122093288,-7.227762788570922,875.9362910261802,-7.026352845481827,4.491952165608247,12219.692547399703,-7.221668684969883,879.2830977186567,-7.016413824284898,4.512015966933219,1913906.9857921042,-7.1905720420091805,896.0283337629023,-7.016413824284898,4.5210671523819,1913906.9857921042,-7.1905720420091805,896.0283337537742,-6.994352543473665,4.530110526655945,1160.9878188796938,-7.1905720420091805,896.0247784618732
conf_cube_axis,5,"13,14,22,28,30",1084256463,1e-08,1000,-7.290182033318657,4.249544050749489,60346450.4428455,-7.652062083543043,668.2705940868273,-7.290182033318657,4.249544050749489,60346450.4428455,-7.652062083543043,668.2705940868273,-7.277145874612276,4.254868024662343,3543075.311557833,-7.653124587292516,669.4263305335849,-6.547732542909329,4.943619605880292,830.78381561757,-6.888112179368486,335.0642753949737,-7.965819897520776,3.586244259043953,58739318.004565105,-8.333892920515428,1341.044922449854,-7.272261416850665,4.245691949868433,1809.5048445532402,-7.684320468805012,668.615636700637,-7.265565250015216,4.266150585663071,4105068.4750996996,-7.609260251441324,670.8218006483651,-7.262300427113634,4.251435345246595,1858.8422833169113,-7.652453578513785,669.877138194314,-7.262073375649406,4.269644224030668,4669802.71622642,-7.599966475801348,671.9486395077906,-7.260170171340595,4.257190022753495,1748.5196598552022,-7.632546193348995,668.5069644606177,-7.094723117529968,4.441315913643216,86739532.59488133,-7.333447016845482,829.479715312475,-7.163192701241103,4.373658174208598,59851538.24731474,-7.451354855689273,766.6739099582891,-7.290182033318657,4.253797848619595,60346450.4428455,-7.652062083543043,668.2705940860354,-7.2725982477665365,4.262331042213163,9044.3687766936,-7.652062083543043,668.2705938679201,-7.259820231902717,4.270165629284629,1723.26294364339,-7.652062083543043,668.2279856281499
conf_cube_axis,5,"2,3,4,19,27",941229020,1e-08,1000,-7.347002964363352,4.216749497398707,753431040.954732,-7.706243362127195,647.0353183894259,-7.347002964363352,4.216749497398707,753431040.954732,-7.706243362127195,647.0353183894259,-7.308349681423639,4.222644220234867,517391.8070666501,-7.707411131543943,648.2163602174875,-6.622299466876722,4.891478782779482,1308122192.6968317,-6.963102247368706,322.93914420463,-7.993399086843685,3.5560372856182365,600938.1251355704,-8.392543627690719,1299.3144255193336,-7.326347204534184,4.215653231192464,122819531.88030164,-7.709066510683654,645.7976900402717,-7.310886963039439,4.218162069105114,808371.0406646371,-7.701124208618761,647.0729592926934,-7.326352680888098,4.215109609608071,37141548.359337986,-7.71458309527385,647.3028904070824,-7.323618554783083,4.224007899748246,584757345.7571067,-7.685913475106849,648.6879945087965,-7.298082631098874,4.229776795500379,520261.4671413291,-7.654937996148757,647.5947199028041,-7.339485725870372,4.224062154173719,742784214.3173679,-7.695193013729096,652.0583240026369,-7.04692368512446,4.510037591279897,848272217.3478992,-7.199576690352101,900.2316784119074,-7.347002964363352,4.220970467867064,753431040.954732,-7.706243362127195,647.0353183894092,-7.327120760069752,4.229437810629595,121927614.64080517,-7.706243362127195,647.035318360759,-7.292877365568511,4.237939184742763,1808.1973949257392,-7.706243362127195,647.0353173807157
conf_cube_axis,5,"4,9,11,17,21",632003328,1e-08,1000,-7.243162773804751,4.292297165806941,146840926.77433348,-7.592754866405335,699.0711386635855,-7.225826599559915,4.2883456740983785,2572.502366909856,-7.591608953877414,698.1802060773637,-7.243162773804751,4.292297165806941,146840926.77433348,-7.592754866405335,699.0711386635855,-6.617064372592074,4.948356745370835,1497155128.6612802,-6.899697743530718,347.0713995933822,-7.9095308722897215,3.6293308409236853,4729.473880842183,-8.25927398456065,1405.4371807323312,-7.235072127916175,4.315192618195866,887061357.053105,-7.50267406623066,706.9032507806965,-7.269245007322864,4.285120546775168,450434763.2990789,-7.608030740398928,698.4053961664803,-7.208070231227956,4.30845318138654,1736.3886852463318,-7.536632734036928,703.838327039277,-7.2142026535250805,4.303288692378689,2071.364481332324,-7.552915825618217,702.2892439747998,-7.213858856100766,4.303008007352401,1796.7887112782635,-7.556016739753253,702.4021620597644,-7.278322957619359,4.258108335717803,155160465.4190084,-7.646656267055918,673.84348095729,-7.241446654127585,4.288819135126016,839116.8371011573,-7.5984826668998044,696.3825373663417,-7.243162773804751,4.296593759566513,146840926.77433348,-7.592754866405335,699.0711386635849,-7.224639765755645,4.305212803532165,1749.9691961630017,-7.592754866405335,699.071138566876,-7.219766589083024,4.309302299863614,1629.6671398091364,-7.592754866405335,698.3158076240588
conf_cube_axis,5,"5,10,15,26,27",323564150,1e-08,1000,-7.056709141929942,4.463264942117303,28104517.9796023,-7.288477926480902,851.2806247476033,-7.056709141929942,4.463264942117303,28104517.9796023,-7.288477926480902,851.2806247476033,-7.054261788687379,4.46876845630934,69442.54549571089,-7.29006356463542,852.4599287976935,-6.3417160963303765,5.125625788836167,621.1764696274084,-6.591715976508681,423.433131006675,-7.74218300976565,3.793590039917646,5641262.473011597,-7.979596264303905,1707.563191719388,-7.07505627766083,4.460114925115515,136244260.61255568,-7.3077921998533455,848.8614098356461,-7.081014723585067,4.461155437605187,709883853.4310504,-7.295732679295338,849.6506343775342,-7.061545172969474,4.459308214984185,88596.443728443,-7.306408185851663,848.7712082500456,-7.072846610234297,4.46219311027655,130772172.4853834,-7.298249213742587,850.1162171610079,-7.061007419466992,4.472883666331703,114981686.90062287,-7.2522556952964115,856.8422053414648,-6.969836229249627,4.548166324261454,26907023.601868838,-7.108154696393033,941.3515933568964,-7.0096148276675105,4.509275641626565,27329495.870809384,-7.197117558134784,899.0770156933576,-7.056709141929942,4.467732675227369,28104517.9796023,-7.288477926480902,851.2806247263292,-7.056709141929942,4.476695027738561,28104517.9796023,-7.288477926480902,851.2806247212815,-7.039625287998723,4.485693406112258,1247.876000275313,-7.288477926480902,851.2806241642321
conf_cube_axis,5,"7,8,11,18,25",421388821,1e-08,1000,-7.008314313273606,4.516551673078451,688550.290256422,-7.188109241838813,902.9235996135499,-6.989392184122462,4.512316761039172,1152.969951833427,-7.18662702963477,901.9207670583249,-7.008314313273606,4.516551673078451,688550.290256422,-7.188109241838813,902.9235996135499,-6.33217565232171,5.183181681956192,745691.3943870523,-6.502690621107179,448.8228347234623,-7.692948363870222,3.8442596891402343,677897.0541111669,-7.875432169773122,1811.8982442717372,-7.005810593688819,4.518569095174676,611308.0805152141,-7.180661803282161,904.1656287248966,-7.020553826261282,4.51186501188362,114714981.13024843,-7.194255986258428,901.2250761869385,-7.019169575404403,4.517931844939298,585909306.4440666,-7.161518462240228,906.257413224533,-7.00913958282695,4.515594720954606,793383.8692407442,-7.197175609737866,902.0845470998049,-6.992810450357438,4.5135148375628695,1159.8762255017361,-7.200161802014507,901.1223877624483,-7.030621450437376,4.494759587385973,719771.4681349122,-7.232470215316709,879.7510800397808,-7.019466431697169,4.505656759688034,704231.6200600311,-7.210636422532958,891.2677505341087,-7.008314313273606,4.521072745824099,688550.290256422,-7.188109241838812,902.923599613505,-6.994936216000772,4.530141953159296,1253.0160076590964,-7.188109241838812,902.9235804726917,-6.990204697137699,4.5341897115398595,1154.033104176677,-7.188109241838812,901.9288734002034
conf_cube_axis,5,"2,3,12,14,17",1447941120,1e-08,1000,-7.234602160099479,4.282402092678099,1740.816630264894,-7.596706702739355,687.9833367449818,-7.25004721344856,4.278082003227625,928618524.2831001,-7.595872337319979,687.0523786886373,-7.234602160099479,4.282402092678099,1740.816630264894,-7.596706702739355,687.9833367449818,-6.564096845585016,4.928923577168425,1042.5405691599528,-6.982094874389382,341.4778964871595,-7.93191043023915,3.611173071685003,7686.518592043991,-8.291348898455581,1377.8089218789469,-7.245792901966022,4.27499689240326,4431.060712611837,-7.61109892378461,686.6726609910779,-7.240873557942062,4.282188916601614,24885.968797339665,-7.584213040353868,688.2861469333493,-7.2364055383973325,4.286680415306777,31067.49163965996,-7.569311869833846,689.543047864525,-7.2446585769739595,4.273010393401971,1846.1990634361848,-7.628137520939567,685.9311976616517,-7.259745583396727,4.2826492404717404,438464369.1053114,-7.57797385130602,687.5648143153926,-7.2701234856143975,4.261585317431393,2502343.197541567,-7.6303285256385776,672.3927000419328,-7.3810524871528385,4.152307141378768,734697.2037104397,-7.79910597276151,600.0735850961892,-7.234602160099479,4.286688781461396,1740.816630264894,-7.596706702739355,687.9833367449115,-7.234602160099479,4.295287956549514,1740.816630264894,-7.596706702739355,687.9833367448938,-7.229979276435289,4.299248713949892,1645.8159664200928,-7.596706702739355,687.2282847469918
conf_cube_axis,5,"6,7,13,21,30",521463349,1e-08,1000,-7.040526446413255,4.4924265062589805,55839530.581000604,-7.2189908925086765,878.8803124638462,-7.040526446413255,4.4924265062589805,55839530.581000604,-7.2189908925086765,878.8803124638462,-7.0260560246703605,4.496848903963141,101335.2953039044,-7.2204312517296145,879.898052272321,-6.377291721224115,5.157316300719121,64885276.26282158,-6.510866730322441,437.63010953592476,-7.7276394882645665,3.8150158235944858,67502412.88040781,-7.943736404825147,1753.5538630866902,-7.0525278809139875,4.481106025763004,72927370.94760987,-7.272142543878399,871.2219170430834,-7.04082879475424,4.4917681937831535,77759559.8128642,-7.223289878165687,878.2444007726577,-7.044234799525092,4.488881850861288,57931800.65124221,-7.231832922220472,876.0479861685809,-7.028231389622515,4.494887583290151,122060.77989367073,-7.225492876344791,878.0136138959472,-7.03184971062798,4.4920654501025234,167621.3997016805,-7.235100729479195,876.5329813626729,-7.058642703272858,4.474399839391177,49378187.704235524,-7.253139751818942,859.6767012144891,-7.0557409911245035,4.477588365313032,57444058.14069242,-7.247035068465506,863.1036538615211,-7.040526446413255,4.4969234297095015,55839530.581000604,-7.2189908925086765,878.8803124627876,-7.02277001727246,4.505944337407328,3330.5151285171373,-7.2189908925086765,878.88031214628,-7.010284442259793,4.514459235627593,1189.455300302622,-7.2189908925086765,878.8420059301416
conf_cube_axis,5,"5,7,8,27,28",713819134,1e-08,1000,-6.972132382670215,4.552858495874093,2712627.843733966,-7.102139200432099,941.0602250746604,-6.989887536495764,4.5474436728192105,438609025.1755033,-7.100750461747374,939.8830245348938,-6.972132382670215,4.552858495874093,2712627.843733966,-7.102139200432099,941.0602250746604,-6.292538180206899,5.2242220215398465,2998187.5075692846,-6.405706261592117,468.7446692911742,-7.658805572825892,3.874027135895037,15383.273824850081,-7.806590452999353,1881.5487986704957,-6.972116983510731,4.552405025345592,1758618.6984478002,-7.106239590805346,940.4253536137835,-6.971686480110629,4.552916441039062,1851805.9814651632,-7.100635994969857,941.0263667518022,-6.968506206619845,4.547438672163532,8014.4168689615835,-7.10366526961075,939.8028412160952,-6.972929845850279,4.552572890697121,4638893.163081434,-7.105015621747533,940.6599665266034,-6.970480134575943,4.546503453557676,13983.046471230142,-7.106574942274826,938.9264351045039,-6.937068641397707,4.58722031090195,2569986.2262972905,-7.0028854890036,979.8326513374758,-6.982615363209932,4.542607741974609,2778711.3629390495,-7.125997859175181,929.5911129455058,-6.972132382670215,4.557415911786232,2712627.843733966,-7.102139200432099,941.0602250746394,-6.957341367366337,4.566558133311797,1105.0379981373899,-7.102139200432099,941.0602195529458,-6.9543431754920775,4.569400269190293,1087.9911164713815,-7.102139200432099,939.880854539477
conf_cube_axis,5,"4,15,22,23,24",1768969357,1e-08,1000,-8.170076648816723,3.39778080436356,70033.28238022431,-8.932725779540915,356.3951029448238,-8.170076648816723,3.39778080436356,70033.28238022431,-8.932725779540915,356.3951029448238,-8.171703453224032,3.4019596147135194,2414751.0171409715,-8.93389862492015,357.1908045219541,-7.493210893059398,4.042794983428757,79697008.37559135,-8.288864672163399,182.95572409201662,-8.847232290023559,2.7748042160237527,4048080.9749298184,-9.567721704908063,695.200369270505,-8.145781102620061,3.4234446369384757,6312944.097394352,-8.791255105958156,333.39624651351835,-8.149298752432722,3.421397427377549,8879738.393645773,-8.82986643028535,340.93089755899365,-8.147164173446253,3.4153751736147826,41702.37525101953,-8.826570295318255,339.1866937333286,-8.148778715281761,3.421867122637038,6358565.449666499,-8.834845874135103,342.2306417700427,-8.165012430075647,3.4080182193366273,6225909.653162961,-8.892102835206245,350.0855556423792,-8.203507037431994,3.366996168909436,73389.43810513568,-8.977362487080386,350.95192338284704,-7.022741726137368,4.494527017686808,7505.8176612617135,-7.2390817364166,884.6406348443421,-8.170076648816723,3.401181986466557,70033.28238022431,-8.932725779540915,356.3951029427976,-8.170076648816723,3.4080048188646797,70033.28238022431,-8.932725779540915,356.39510293686783,-8.155060062879638,3.4147003928286477,5893.963462433425,-8.932725779540915,356.39007882788667
conf_cube_axis,5,"3,4,15,23,28",1014206812,1e-08,1000,-7.432778204276124,4.129000703123162,992697324.6858051,-7.832315318022729,589.1809168048445,-7.432778204276124,4.129000703123162,992697324.6858051,-7.832315318022729,589.1809168048445,-7.417424385528667,4.1334738921724865,413263917.7842921,-7.8338313271633115,590.275890960744,-6.784773875568512,4.791012805989327,826853152.599277,-7.133746340732879,292.995363463619,-8.091455842684308,3.467617385828413,54841155.09214311,-8.517801794627433,1182.2031047844398,-7.425761382587439,4.127137984688552,992078917.0613922,-7.855892594195583,590.7307317123178,-7.402169875934817,4.128136676679515,232331.11930223944,-7.842734821768161,591.5835505214375,-7.422434761436992,4.121013068697993,44126218.821126185,-7.863298561881111,590.1437066311886,-7.410313177339297,4.133000152800165,72849289.27661659,-7.818814129754725,589.4357921849569,-7.40151384337872,4.149893150812626,819216947.5838337,-7.769770055319427,589.2000939607592,-7.187835248502692,4.367831941874944,740218147.2368264,-7.458929687069741,760.2827835563234,-7.453141694772226,4.088040437046875,7531773.994185923,-7.893003493129953,566.1730553465806,-7.432778204276124,4.133133836938694,992697324.6858051,-7.832315318022729,589.180916801844,-7.395882316261008,4.141424974354196,7192.670467326734,-7.832315318022729,589.1809163957382,-7.385080540321191,4.148085407474826,2048.704610783846,-7.832315318022729,589.0648713231341
conf_cube_axis,5,"18,19,21,24,29",1819914240,1e-08,1000,-7.224924767625693,4.317430547278052,451255230.62673235,-7.555193636436515,722.7975815757819,-7.224924767625693,4.317430547278052,451255230.62673235,-7.555193636436515,722.7975815757819,-7.206881457335292,4.32163549547869,457120.4124919897,-7.556625604477706,723.6856593499134,-6.518707227336217,4.997220649265152,347159.3230536024,-6.825660422630937,360.8223193553239,-7.903544381146617,3.64893884945341,489355645.4612548,-8.252781194103084,1449.1953548166375,-7.1995391166557265,4.323063845788262,58716.22087923667,-7.533641222184792,724.3958349633082,-7.206943905026219,4.3348282615740965,694951168.3898054,-7.489838553271294,728.0435974462968,-7.211273495433134,4.316658780738007,989091.4205062503,-7.555106509649865,722.4474839532563,-7.203460198117365,4.325076986034987,1377620.1590746262,-7.5188981198005775,724.0647017676284,-7.1924306961556255,4.329678319192807,47495.394876674814,-7.510689053957723,726.7703949962583,-7.191484928836842,4.350262020475665,427847370.87525445,-7.500566818444692,749.4527371441791,-7.243453367909168,4.299432453274471,464915832.0246618,-7.584493367269355,708.7845666493807,-7.224924767625693,4.3217522996422995,451255230.62673235,-7.555193636436515,722.7975815731749,-7.205257509336705,4.3304218125524825,52238.583916197815,-7.555193636436515,722.7975815380294,-7.1897661545839116,4.3386762679338915,1565.8258851663472,-7.555193636436515,722.7709971437615
conf_cube_axis,5,"20,25,26,29,30",1074645663,1e-08,1000,-7.716756982935048,3.8398513221223753,267890892.93546745,-8.229791204418751,450.2549142005367,-7.716756982935048,3.8398513221223753,267890892.93546745,-8.229791204418751,450.2549142005367,-7.7031488780976245,3.843087191443454,2064572.696053354,-8.231028425895751,451.11720960090474,-7.103815538563436,4.4866646171630435,1464214646.3841686,-7.576350871178658,225.86161119989916,-8.390116153233578,3.188445439222708,148301618.4652635,-8.914502373309048,902.5372244641243,-7.736199392593841,3.822693641544971,295630470.73287,-8.312270828158248,460.19169678619994,-7.686574820637467,3.8437052683269175,6069.6610260414045,-8.204593979010529,446.7590269177219,-7.713796207141847,3.842464478209546,195542430.05395028,-8.213280680597967,447.8786466927316,-7.679700090070062,3.843122059576219,2972.5808139274186,-8.192905993494614,443.88944986568623,-7.720312293742802,3.8370325385563064,228879997.2217723,-8.23053789892424,449.14157030842154,-7.796396237941451,3.7637159435244993,297291659.74422586,-8.336136992129228,424.0035436975675,-7.734620581286177,3.822770869472807,274359298.49139893,-8.25364956349825,444.0842388495421,-7.716756982935048,3.8436950173474758,267890892.93546745,-8.229791204418751,450.25491419575656,-7.698106128127308,3.851405538561621,49441.315144463435,-8.229791204418751,450.2549141589164,-7.684303120841947,3.8584327162961998,3035.6319974466423,-8.229791204418751,450.2252064386243
conf_cube_axis,5,"6,8,12,18,23",87151681,1e-08,1000,-7.041336112966867,4.513221045605882,673067201.2198161,-7.19068781074266,902.5847201605415,-7.041336112966867,4.513221045605882,673067201.2198161,-7.19068781074266,902.5847201605415,-7.024097199799921,4.517823691607061,421526217.24555886,-7.192103788593355,903.6275032466232,-6.365407439263786,5.187549351120053,979009179.6336321,-6.4949484744611095,449.99152683646054,-7.702237038098382,3.840464958925757,107990540.25897545,-7.8916419899607915,1808.24779204158,-7.023490475932943,4.518563109628824,593222923.398712,-7.186609447225893,904.0037087140198,-7.008108011387564,4.512226891888074,111672.75725840709,-7.191197488771338,902.1915256874616,-7.024701524953463,4.5179959253564395,803734579.0040723,-7.1877294755297765,903.7610406644009,-7.027179988073909,4.513058002921102,422614203.3691519,-7.187306508925373,902.8481925501584,-7.023224887637836,4.519464319852364,691974275.8464705,-7.182889599926191,904.8701369105055,-7.056579851294184,4.497272543372846,651449355.0653565,-7.223910819403129,885.5907346242303,-7.048979473170074,4.505744262543726,688210375.018244,-7.20644551293804,894.6177188251357,-7.041336112966867,4.517738784408972,673067201.2198161,-7.19068781074266,902.5847201595618,-7.00314975299126,4.526801448466079,14946.33337350784,-7.19068781074266,902.5847198953568,-6.98924231901353,4.535145633029876,1153.3872835186016,-7.19068781074266,902.5281303136469
conf_cube_axis,5,"3,16,20,21,29",1697850155,1e-08,1000,-7.065662567164943,4.472815730580946,808445748.5395812,-7.262824820200445,859.7215458593944,-7.065662567164943,4.472815730580946,808445748.5395812,-7.262824820200445,859.7215458593944,-7.0472067969708085,4.477148294518608,252432.83271399728,-7.264679614185348,860.6556889636237,-6.365506566710999,5.149652548322326,637758.6705803862,-6.551958566203214,429.8238640817021,-7.735947913862045,3.8060058272000052,20770950.65921576,-7.942072556427508,1729.1706867204884,-7.0509783846995555,4.468316525653983,65191.04301930668,-7.28385533571788,856.6828226674838,-7.068662017767695,4.4694045972022725,789489561.5750346,-7.278082027812827,857.5009375159071,-7.051499913284708,4.47096430999581,404076357.66697043,-7.270195817388366,858.6759768096239,-7.065545427322938,4.47234123092748,637368751.0540069,-7.265532168262597,859.4377598324231,-7.053244312882015,4.466382022004125,79204.12543231904,-7.295822701744378,855.9227462310268,-7.024405899191963,4.513185616286529,800587463.0411885,-7.182629410131648,902.3948257632954,-7.076100871264696,4.462643853224585,823944614.1716005,-7.281814251869837,849.2940860697682,-7.065662567164943,4.477293023646382,808445748.5395812,-7.262824820200445,859.7215458573266,-7.045250633499274,4.48627455417893,13739.306198611244,-7.262824820200445,859.721545833376,-7.030063346082571,4.495058780603446,1227.8914335171894,-7.262824820200445,859.7053868932485
conf_cube_axis,5,"2,11,22,29,31",1432213730,1e-08,1000,-7.661221537406922,3.882129938207392,394584.7370018274,-8.198750086264015,472.5602051689848,-7.662245905637919,3.8782426399379877,199031717.9053855,-8.197325951451603,471.60930882908457,-7.661221537406922,3.882129938207392,394584.7370018274,-8.198750086264015,472.5602051689848,-6.9855292902905886,4.539964917232428,251358.77143390634,-7.501489838248767,234.08542528442212,-8.34750352699724,3.2232170798080264,171030.0572283586,-8.885766755859771,942.8250156221262,-7.649324422672802,3.8921455667716627,220966.50534809663,-8.149330732601921,466.6882519783592,-7.6523866885467235,3.8897123276272185,213657.52307076592,-8.154719381590512,466.5897283931805,-7.664369811419055,3.878727872854511,229507.22343765007,-8.206713131594375,472.4793235627224,-7.659658523083311,3.883521773057415,286568.9414296224,-8.169752363436665,466.7190795948201,-7.657962732706445,3.8788935785087046,33065.93741213794,-8.182362130005366,468.40776580323006,-7.626102884820038,3.915191926152127,185049.01056489412,-8.15119428312637,485.51568736236595,-7.012949093829461,4.511360251078071,577219.3331632046,-7.204804317453371,896.6585510045927,-7.661221537406922,3.886015954161637,394584.7370018274,-8.198750086264015,472.56020516898315,-7.6490630643777475,3.8938111155745756,3195.5566133225298,-8.198750086264015,472.56018747528196,-7.64357774837486,3.8979681003146687,2912.745092872448,-8.198750086264015,472.15283081441567
conf_cube_axis,5,"5,14,17,24,28",1283973707,1e-08,1000,-7.196225407439534,4.3567099598964765,612541200.4174024,-7.478446802340735,751.239306633051,-7.196225407439534,4.3567099598964765,612541200.4174024,-7.478446802340735,751.239306633051,-7.163793188164528,4.361379478672468,56599.22868359509,-7.4794789926768175,752.3248140093693,-6.521394785832579,5.017782667830613,1170821656.5661807,-6.795221487345869,373.7009070518664,-7.854699374400909,3.6917015097482127,11208531.281429846,-8.159437941452849,1510.4686809985774,-7.1506031578138955,4.37567958070966,225519.29898367083,-7.421491199806038,758.1233432172078,-7.156703055894284,4.362701242317213,12887.420108963519,-7.457399210412058,753.9864672973539,-7.153074306249311,4.3727490387922225,148270.46413910898,-7.4307767788233265,756.2006775264591,-7.1551319224980405,4.3707918798921765,155249.66963613385,-7.445795206018699,756.3696276874443,-7.172334526532995,4.365749800981765,221842467.07967016,-7.44181032844083,755.2178876310551,-7.04032487015378,4.509971884752795,543874127.8695092,-7.198251107768539,898.7359383276722,-7.2011142499762695,4.352000353232695,611400138.5257704,-7.486309724816906,747.2784394840529,-7.196225407439534,4.361071030913873,612541200.4174024,-7.478446802340735,751.2393066306115,-7.160947202939359,4.369819399844946,3282.544599241311,-7.478446802340735,751.2393043213589,-7.150231877081717,4.3772897588162145,1471.9195504882887,-7.478446802340735,751.1422710277819
conf_cube_axis,5,"17,19,25,27,28",1511337927,1e-08,1000,-10.138210395059232,1.8608854684733582,68823.41593573327,-11.37261159966934,210.41918248332837,-10.138210395059232,1.8608854684733582,68823.41593573327,-11.37261159966934,210.41918248332837,-10.151664470235662,1.8653414960121744,19649727.577204082,-11.373889398909926,211.04864113782705,-9.487086441959185,2.3123805122043524,1714872062.4073462,-10.58435470051168,96.51893087560492,-10.848824993195839,1.4655708419258786,140323.51742219084,-12.064522776247081,419.23531438922726,-10.131042915987534,1.9045607611946616,1350181.340012887,-11.463613344459528,228.83688087966888,-10.152275623273821,1.8716912890754074,74394.58883968202,-11.429412572670854,220.5577557428845,-10.179513931803587,1.829959266115062,15705507.807066187,-11.328972235277824,201.38015906937753,-10.143566321921202,1.890968468602784,75706.34075913759,-11.483493295118944,231.25628329534766,-10.163770243703729,1.8347406607368157,94623.24483949108,-11.325095625754672,201.0995402279061,-10.238263227550501,1.8085375162758068,77956.67630524839,-11.497286906650753,208.7380403085767,-7.0804217532797065,4.423404021874025,1322.5336615056947,-7.347900588912108,809.3373355793112,-10.138210395059232,1.8627482536249274,68823.41593573327,-11.37261159966934,210.41918214566883,-10.138210395059232,1.866484960799965,68823.41593573327,-11.37261159966934,210.41918214067007,-10.138210395059232,1.870236689360892,68823.41593573327,-11.37261159966934,210.41918214047348
conf_cube_axis,5,"1,3,18,20,21",133447182,1e-08,1000,-7.032360073376253,4.495128884207641,1572854.9834598065,-7.23823093283519,881.6832295270682,-7.063232908286181,4.491508639002077,719556690.5007672,-7.2365618354354995,880.769301091723,-7.032360073376253,4.495128884207641,1572854.9834598065,-7.23823093283519,881.6832295270682,-6.351162633894002,5.166604982770218,930202.4786682166,-6.524099322916003,440.1983296477435,-7.720006687572064,3.823019115329209,257144182.62059587,-7.921704272931432,1769.4327115757135,-7.039650527682523,4.494148435133843,268438091.14370173,-7.229525949066401,882.5322577436195,-7.035840222476801,4.498311927834955,200902574.3787614,-7.2079320355536804,885.4736458413818,-7.058239847729998,4.495119460589274,581607326.113978,-7.224427567364842,883.2287089275493,-7.042535336812503,4.496036819680594,990410819.3023325,-7.2177546199011084,883.9738643769048,-7.023681803052448,4.500835316190143,372277.7484927652,-7.215508978862391,885.5136735144233,-7.0465184255777125,4.481312984601241,1616741.8569862377,-7.265755493069541,867.4712374788853,-6.93046862075422,4.5945177739955705,2736325.801242799,-6.969231299138093,989.0297020133853,-7.032360073376253,4.499628512720117,1572854.9834598065,-7.23823093283519,881.6832295270086,-7.01817691145618,4.508654784780332,1862.6403095834826,-7.23823093283519,881.6832208713494,-7.0115319493659545,4.513266853938529,1195.0932555555212,-7.23823093283519,880.7504633304945
conf_cube_axis,5,"2,3,5,21,22",1726884598,1e-08,1000,-6.957217285584507,4.573857648881374,72719767.98052546,-7.036887387989248,969.1734820557823,-6.957217285584507,4.573857648881374,72719767.98052546,-7.036887387989248,969.1734820557823,-6.944027816745436,4.577777976005813,138910.4008909939,-7.038274766248594,970.0959472658235,-6.299897361107012,5.237335755993397,847260187.697985,-6.338173236813709,482.128598610484,-7.638066693575093,3.901552288669308,108403447.92346749,-7.730769434881851,1943.811686731943,-6.946208918265864,4.577554927304081,351809.78485575574,-7.036838539245228,970.5974292677611,-6.942430437839086,4.579883627473935,204751.89333123845,-7.022997877530764,972.4329913372924,-6.983660847119543,4.573105055430157,1390791624.583362,-7.0396122628176485,968.7927912942177,-6.971737994194824,4.576328783082772,873272046.5218681,-7.044466481984272,969.4156255980818,-6.962791855260318,4.573347665682186,833562721.1474893,-7.037562771252051,968.941088246989,-6.962590828611236,4.5685345672474105,71619629.35016564,-7.05391279683762,963.254561647047,-6.9664872025897315,4.564842781003155,74799018.60724868,-7.064859007593102,959.2383033392397,-6.957217285584507,4.578436085212879,72719767.98052546,-7.036887387989248,969.1734820417556,-6.939112342963507,4.587620509298073,2330.4089400955118,-7.036887387989248,969.1734817850963,-6.92699355950659,4.5962759533422615,1039.9463840008714,-7.036887387989248,969.1301617664174
conf_cube_axis,5,"6,16,22,28,30",558518094,1e-08,1000,-7.639973644453493,3.9061816576509254,16613458.762557967,-8.100507909954265,463.6516191157354,-7.639973644453493,3.9061816576509254,16613458.762557967,-8.100507909954265,463.6516191157354,-7.648854577761778,3.9106192819856815,457413784.66956145,-8.101676012661091,464.57982021897357,-6.947432979505092,4.577773085885258,1041811.4187953996,-7.389208913145015,230.30906701680294,-8.339452672473554,3.2333476893193196,27764888.851742223,-8.848464323640028,937.5953631854236,-7.66048537624357,3.8805142838010074,409369015.84225196,-8.18735291329188,470.2391147935894,-7.676692674362572,3.8759498278160627,80704381.4999643,-8.203832315321627,471.3922106618064,-7.677065146516653,3.875881748299883,101540920.16178876,-8.216424396045644,473.9080961250683,-7.649851019119619,3.892682501947311,1265732.3113885657,-8.146060241305594,465.60501044546385,-7.656362017468171,3.894862076082883,82673849.77996479,-8.133147885094376,465.4835219071599,-7.676360355873528,3.8712169837709833,17248771.040436093,-8.148553522452444,449.5908613410848,-7.670154913768155,3.8771855801211066,17304390.153919827,-8.140213677072293,451.8884453234329,-7.639973644453493,3.910091749415068,16613458.762557967,-8.100507909954265,463.6516191153837,-7.6240345288785365,3.9179354579815895,3410.4432109465865,-8.100507909954265,463.6516185981364,-7.61536971144053,3.9243176839409664,2719.2645773851063,-8.100507909954265,463.57571794529827
conf_cube_axis,5,"6,9,19,20,22",1672563364,1e-08,1000,-10.034856812322802,1.9475190651469378,268544159.7134414,-11.263609451083067,222.8865211038488,-10.034856812322802,1.9475190651469378,268544159.7134414,-11.263609451083067,222.8865211038488,-10.024457499328362,1.95105872368822,210711683.29279548,-11.264101359866427,223.23563792919592,-9.316183241076212,2.447822714314771,31695.63419878907,-10.609039831353433,115.12195728074828,-10.72070207568224,1.5373622244473273,387845726.57459885,-11.947216089998987,441.89043813677864,-10.034730334393094,1.9280218446657544,4706814.046554442,-11.219756042333813,214.06858026584405,-10.052709406629864,1.9236921393926736,197137901.24372527,-11.228485695640689,215.34262990915303,-10.045496129120528,1.9080055962196136,236032812.77009323,-11.16427353731583,203.60733806143068,-10.03082185124466,1.9143879784506486,58335.655073399306,-11.193813426600055,208.86933343666692,-10.04205409632955,1.89837346099331,7497937.640982123,-11.142202069732997,199.42681939649657,-9.984322537859383,1.9763845630203718,270182458.98629826,-11.198931510724956,223.81939991739574,-7.191786321412456,4.347333902850881,305493761.549738,-7.490356660030842,743.1398053384064,-10.034856812322802,1.9494685336966366,268544159.7134414,-11.263609451083067,222.88652110369182,-10.018528979450455,1.953379202393479,153990.5497840746,-11.263609451083065,222.8865210852662,-10.008062792739686,1.9568629357328686,61101.57436942232,-11.263609451083065,222.87701771455752
conf_cube_axis,5,"6,7,12,23,30",323323571,1e-08,1000,-8.941361481835893,2.7195796441021236,31995875.347945787,-9.839400997807502,256.71847971716386,-8.941361481835893,2.7195796441021236,31995875.347945787,-9.839400997807502,256.71847971716386,-8.931269181576894,2.7230258395484417,1935652.78440207,-9.839980540342125,257.12570630421175,-8.228632635505086,3.3332103507530175,7234.567500317476,-9.077147315219396,121.41568539472043,-9.625632278274246,2.1522630163860383,45804177.18367948,-10.560315501667642,524.7020671964281,-8.937707733971042,2.718576843448338,2474590.0109450035,-9.852501363155314,258.8472120957457,-8.917107830230414,2.732074199478496,52612675.744562246,-9.679870266352903,229.67590923883765,-8.926600322921628,2.7279353168577862,42275405.98777195,-9.749525896183941,241.32239983478456,-8.916707582368979,2.7266085359313776,15159.125830369549,-9.859526173472695,261.20270435794265,-8.950614451655794,2.721032512296544,89209029.40565942,-9.892967913545814,267.1111314163108,-9.008237534429302,2.6639505907486183,34817459.268821,-9.924531185097772,252.68111616995643,-7.041353130335383,4.511177154679885,840111237.0158043,-7.189110778127471,899.4017982587886,-8.941361481835893,2.7223019460472133,31995875.347945787,-9.839400997807502,256.7184797170955,-8.926070669348132,2.727762929739825,18228.37292734304,-9.839400997807502,256.7184795580301,-8.916690835629158,2.7328125330504625,14897.021813609126,-9.839400997807502,256.7079430762143
conf_cube_axis,5,"0,6,16,23,24",1607746083,1e-08,1000,-6.964984403196378,4.567238712758155,53231355.35630661,-7.059349448294744,961.3789558376519,-6.964984403196378,4.567238712758155,53231355.35630661,-7.059349448294744,961.3789558376519,-6.967551818284672,4.57208086827977,204154689.4714162,-7.060796070152715,962.543264260069,-6.31266636339932,5.231299150319473,1004569588.6902653,-6.349591743410504,478.94226085666116,-7.64654183022793,3.8936523548159903,73675598.76934268,-7.760574213579731,1926.1184345161778,-6.972306879165535,4.566944409777331,423095106.3155862,-7.054376834882134,961.9011439602618,-6.963413908383016,4.569002814031549,65161297.96293347,-7.04720391975955,962.9700066555965,-6.969984413499501,4.570903911662103,535716111.96520394,-7.066133596712455,961.7740394644417,-6.964695533819286,4.566975956787921,32366181.67079858,-7.062013267087727,961.086167865967,-6.963260752606785,4.568023128368364,33340994.945995804,-7.054630870181865,961.9867242794373,-6.935972101350165,4.596554313436069,81409114.0955846,-6.918717680502156,993.5686541120158,-6.973557958024007,4.558889288956151,54509472.12911889,-7.082901654150251,952.1282397891083,-6.964984403196378,4.571810523320286,53231355.35630661,-7.059349448294744,961.3789558354617,-6.947200290854478,4.580981655866803,8899.6919364589,-7.059349448294744,961.3789554912616,-6.9342965946352555,4.589104377661907,1053.276639135594,-7.059349448294744,961.286077758181
conf_cube_axis,5,"1,6,11,21,27",153954384,1e-08,1000,-7.268644171071406,4.262428610610585,1565836.975332484,-7.62876020801503,672.9727314505843,-7.286331500935593,4.257357026221426,729337591.4339459,-7.627271364859252,671.8565723518338,-7.268644171071406,4.262428610610585,1565836.975332484,-7.62876020801503,672.9727314505843,-6.585562724940678,4.933924463653718,1418641.267845063,-6.918905241127079,335.1232562919389,-7.9715490174803625,3.5923448146380372,487549109.6499533,-8.318606456850684,1348.0707661299941,-7.252633580271538,4.2775377120816644,1263847.7289025434,-7.580307736856575,676.2818760160606,-7.267487673546761,4.263178876792677,1227930.9380001733,-7.626484629936586,672.5603988825958,-7.2547109400406935,4.276655509429915,4014323.5062412843,-7.584732334777685,676.3904629852443,-7.280565994110396,4.280779423845121,932517971.8978647,-7.553141111053354,677.6942921008939,-7.30569414324683,4.244077333266015,650242642.2107975,-7.6803872036140275,670.5001795351762,-7.286053938613485,4.2423342929569445,66464.93375164572,-7.659745174981508,658.4432981300249,-7.312080583644598,4.2201903945632635,1670102.4925568227,-7.693228898391143,643.1299522386494,-7.268644171071406,4.266695305916707,1565836.975332484,-7.62876020801503,672.9727314505772,-7.254702405403862,4.275254309468037,1722.8593602309766,-7.62876020801503,672.9727246987528,-7.251357283700326,4.278371821564008,1696.9716376812887,-7.62876020801503,672.1636462433372
conf_cube_axis,5,"0,23,26,27,29",103900852,1e-08,1000,-7.02513713230308,4.510072521331067,858375662.4775343,-7.184498298071965,897.0040578303706,-7.02513713230308,4.510072521331067,858375662.4775343,-7.184498298071965,897.0040578303706,-7.006387080133043,4.514923082906144,36183.14676785535,-7.185982012049855,898.2132409261023,-6.322371055377378,5.186436540216456,46069.560427636636,-6.487507174256911,447.50628441050594,-7.697784341160742,3.835312964558474,9933.842414728171,-7.891787911675855,1794.2457610757785,-7.008656006058673,4.506490066223052,5905.2484446015615,-7.200497711776559,894.2399782171958,-7.011522438155588,4.5106673269689415,60248.77987295059,-7.194991690983862,895.378892341015,-7.01242382190416,4.50966626385629,65728.21155107033,-7.207427800126318,894.3560173635003,-7.018884810331318,4.500931377520044,80485.12703016866,-7.222031693463629,890.8899650944165,-7.009502035155466,4.511912022527253,35368.68060915524,-7.19402298248195,895.944627189123,-6.952474854355009,4.5815800674916645,755163017.6804868,-7.006850940515286,977.0407735436321,-7.035228945273539,4.500223998288853,875713817.8830997,-7.203997234278631,886.2915075803093,-7.02513713230308,4.5145871084064275,858375662.4775343,-7.184498298071965,897.00405782357,-7.004624430906817,4.523643451493221,4509.795509546925,-7.184498298071965,897.0040577922151,-6.993027622824775,4.531403762382414,1157.7643289624834,-7.184498298071965,896.8887533027756
conf_cube_axis,5,"8,23,26,29,31",1138251627,1e-08,1000,-7.12683175444596,4.413604625197143,529801342.8944282,-7.390825052717385,805.294766873786,-7.12683175444596,4.413604625197143,529801342.8944282,-7.390825052717385,805.294766873786,-7.1070740537483115,4.418613298089044,289681.2901726992,-7.392584616665963,806.3675488562274,-6.433397448257182,5.081053919686198,272963.4067479472,-6.713816866346424,399.84234221509354,-7.79876211457164,3.7478237605381066,98455247.66715711,-8.070000174646157,1618.4498264989165,-7.098252154866119,4.427134752507934,280897.80729952944,-7.353912065705267,810.1229223468888,-7.105975355146351,4.417930788278438,451341.98184460227,-7.37183503559483,807.2333391319305,-7.105635217778824,4.420947255221935,444563.54332213174,-7.372487997557997,806.9090245776648,-7.10472424463304,4.420940723823687,313281.70512586506,-7.379584501220131,806.9609899951397,-7.097657404003001,4.427708961236376,284918.7643871182,-7.352035238952668,810.4135540369213,-7.022335339519514,4.51598826408128,595268296.976921,-7.19044632029843,907.0537573083627,-7.1368224141449685,4.403878324813692,539017487.9881175,-7.408070723367718,796.362169915219,-7.12683175444596,4.418022648322917,529801342.8944282,-7.390825052717385,805.2947668519031,-7.12683175444596,4.426885281495323,529801342.8944282,-7.390825052717385,805.2947668471982,-7.090558624346982,4.435783536119294,1351.9398637212314,-7.390825052717385,805.2947658142272
conf_cube_axis,5,"0,3,27,29,31",2052759554,1e-08,1000,-6.97559968537673,4.543247024374704,83864.68413357272,-7.112231096915092,935.1169462068465,-6.97559968537673,4.543247024374704,83864.68413357272,-7.112231096915092,935.1169462068465,-6.971393677019354,4.549309910211226,39116.77615220152,-7.113800994624325,936.4785691177722,-6.258392941900073,5.217860372282045,542.2784177348034,-6.39758291056848,467.5404624352581,-7.664053299945935,3.8699091509098973,94746.99417197784,-7.816541458216856,1872.254412205467,-6.978246452955466,4.540649505433875,81206.59908751084,-7.127791186266738,932.9473399007609,-6.99959175359263,4.539640697411274,466005902.19919324,-7.133635435231618,932.102651499705,-6.972147632851267,4.548924007527301,55486.994870149174,-7.115816209923561,936.1533926215878,-6.978589640114592,4.539994756728237,67088.11163129103,-7.131254540529658,932.3560586912864,-7.0095594752120824,4.545171071336159,1279756865.0614684,-7.107491563028654,935.8495952578131,-6.928782290729882,4.589546447565223,114406.01003806197,-6.970597119979501,986.8855414430836,-6.984506192332193,4.534560679942459,85563.22532589857,-7.1321768355405295,925.4250006131908,-6.97559968537673,4.547794819264762,83864.68413357272,-7.112231096915092,935.1169462029786,-6.97559968537673,4.556917777796446,83864.68413357272,-7.112231096915092,935.1169462010874,-6.957884113572868,4.565928644591211,1095.0230738986374,-7.112231096915092,935.1056903719017
conf_prism8,3,"2,18,21",46154317,1e-08,1000,-7.238890336615038,4.300689943954652,80850.26656302833,-9.564328577086053,847.5873891609219,-7.238890336615038,4.300689943954652,80850.26656302833,-9.564328577086053,847.5873891609219,-7.238890336615038,4.300689943954652,80850.26656302833,-9.564328577086053,847.5873891609219,-6.6063615932074695,4.9518766533493075,1556121288.3449483,-8.863630326262669,420.625146201788,-7.914233021278666,3.6539201626328457,100855.16367084027,-10.270028660964448,1709.3185055742615,-7.210965184632412,4.327446704131798,96953.53004057024,-9.568564249307276,860.3245864616989,-7.22023052235538,4.318859366124825,98236.13234499464,-9.576749282294951,856.0864794754125,-7.2382495024456155,4.301974537904789,105228.6443355233,-9.564388315864035,848.5633019284622,-7.217078039329056,4.322263882621095,132956.63810784637,-9.58278195789513,858.1124187370317,-7.231904704372096,4.307839161561207,96922.07066021056,-9.565101502057226,851.0235602869066,-7.26396840547097,4.295382717418044,433936059.4587498,-9.589193767503057,844.8250719482779,-7.240451023482326,4.299247717237734,81212.82337816192,-9.568826451896953,846.5845482244265,-7.238890336615038,4.30499493889805,80850.26656302833,-9.564328577086053,847.5873891607037,-7.238890336615038,4.3136308364133225,80850.26656302833,-9.564328577086053,847.5873891501876,-7.21965835189456,4.322281952572261,3053.698200441071,-9.564328577086053,847.5857373650282
conf_prism8,3,"1,18,22",609115064,1e-08,1000,-7.32073512631292,4.23043375278058,8999610.398735112,-9.888661819419443,800.1647848718377,-7.32073512631292,4.23043375278058,8999610.398735112,-9.888661819419443,800.1647848718377,-7.314420332508528,4.230475203042984,99683.57625199672,-9.888919804143526,800.1256774212204,-6.649039332333199,4.874223932618412,1633334.9291832226,-9.166333616503199,395.63301735962017,-8.008520499251487,3.5752376221161093,5825757.904321784,-10.597328246513024,1602.1620224716496,-7.333826864597876,4.215615102890203,2194796.5440152157,-9.895576153567967,794.2397964199017,-7.296326570592796,4.239290751482956,12538.004032238756,-9.895611601443251,803.7125852700614,-7.3073218561183175,4.24707806078704,678020307.4716815,-9.889694292274584,806.5401546743417,-7.322848001425463,4.228005700495368,9022817.570440356,-9.881104032905458,798.7207340202681,-7.34039096638076,4.212585406825721,21230728.865744796,-9.88151942118226,792.3501104076006,-7.32591454794787,4.225640144683279,9102542.65731007,-9.900034786491185,796.6632848160888,-7.123344987206627,4.401026727392279,22885.55502342847,-8.88728813222405,874.8288149169871,-7.32073512631292,4.234668421235693,8999610.398735112,-9.888661819419443,800.1647848702962,-7.32073512631292,4.2431632425457,8999610.398735112,-9.888661819419443,800.1647848700737,-7.297156672860277,4.251666981993961,3855.7978211943164,-9.888661819419443,800.1628514869195
conf_prism8,3,"1,13,22",1640704512,1e-08,1000,-7.075822777226779,4.4520863910777635,3259042.935959761,-8.622787341262523,906.4695703947825,-7.075822777226779,4.4520863910777635,3259042.935959761,-8.622787341262523,906.4695703947825,-7.089743442500678,4.45238415507409,501547410.3456201,-8.622999789546173,906.4836151229696,-6.373625960300195,5.134926020703964,648429.9119339631,-7.945522423839818,457.45431346114566,-7.752913711103645,3.7910352067311544,1032480.2173146742,-9.32635111125251,1826.0267218831968,-7.056601690852497,4.46851530840214,697729.00050431,-8.642204932767251,916.5880436093132,-7.064729312856053,4.462535490145392,2348375.6102779466,-8.636878158902311,913.0773306238459,-7.066222699041136,4.460681453985967,1943333.769040597,-8.63861648897004,912.1046291339811,-7.081664151586308,4.447211267927421,3299839.4775385526,-8.616705215951402,903.3681486238112,-7.074696874259309,4.4589195394339365,416983248.77499735,-8.633757541892647,910.8425172348566,-7.094483738624151,4.4501663027642335,255170904.00639677,-8.631544615265922,905.1235297528146,-7.083878503007764,4.444005314727858,2675211.9071011604,-8.657744819041366,900.7024531531958,-7.075822777226779,4.456542934020327,3259042.935959761,-8.622787341262523,906.4695703943341,-7.075822777226779,4.465482839598318,3259042.935959761,-8.622787341262523,906.4695703928124,-7.054248034277551,4.474353508541743,1593.5901560238215,-8.622787341262523,906.4616600671817
conf_prism8,3,"0,16,22",1053594263,1e-08,1000,-6.993692648274129,4.542561133248105,567968621.5353125,-7.878016963505175,952.800688179278,-6.993692648274129,4.542561133248105,567968621.5353125,-7.878016963505175,952.800688179278,-6.98764757070199,4.542715390372589,13260513.77319311,-7.87814167396686,952.8230120243127,-6.3331799626484555,5.203863687409889,615524369.0075965,-7.1736765204799315,472.7539728228014,-7.663998777652816,3.869258848482567,15944.036640755921,-8.571216914759772,1907.9358310207726,-6.997759939871907,4.539256590159242,899959373.8060648,-7.875132984029753,950.276320597655,-6.994262206248525,4.543310506822474,898264137.5732329,-7.879205894438751,953.4715805448257,-6.9961409284651985,4.54038284062686,679042677.6478385,-7.874720595487937,951.1146228875834,-6.994925098382692,4.5430908144634214,830162155.6030259,-7.878666570439368,953.259742786592,-6.995383605321282,4.541820212579202,519142569.5006422,-7.877040446064009,952.2874027610318,-6.986025641802142,4.549744143681781,324475795.53728396,-7.641183970609306,952.8655094873711,-6.996469112843924,4.539320017847551,374492541.8514279,-7.923281618378979,951.2633515647991,-6.993692648274129,4.547108241500878,567968621.5353125,-7.878016963505175,952.8006881786484,-6.973562646024016,4.556229822551108,14279.26148552426,-7.878016963505175,952.800688142977,-6.959890082552705,4.56449647867895,1154.5306626824986,-7.878016963505174,952.7285976808729
conf_prism8,3,"9,28,31",561259261,1e-08,1000,-8.07975455192113,3.7123319439919342,112898.94551970508,-12.785328868744127,594.3737518399602,-8.07975455192113,3.7123319439919342,112898.94551970508,-12.785328868744127,594.3737518399602,-8.09104122813812,3.7123463678308943,1241369.9885391046,-12.785365560046047,594.3661890007194,-7.335456866188818,4.337484426847301,98286.82286724195,-12.046468192411458,296.1759296412476,-8.700469373790988,3.1833480759621633,178439.58824807548,-13.529807039318474,1219.7293676701486,-7.943001518047195,3.810334582375519,151116.71066893672,-12.853577084420959,619.1897200484492,-7.9897431021414285,3.7866148799726496,140326.65704353814,-12.933451598055541,626.7261415536441,-7.98461114539324,3.7858228773985703,138585.87608240586,-12.898830651726195,620.2722798169198,-8.035854755444761,3.7491017702771385,135018.95531214433,-12.887691560473199,611.3742753687671,-7.943386482891014,3.814058911506595,129666.57575334555,-12.907103347588242,627.1596182227663,-7.908539425212905,3.759977416028669,54371.672363922116,-11.749889982857125,590.7614554533632,-7.266760359093578,4.262482174431016,12069.792307370864,-9.129501308180384,771.6259842618534,-8.07975455192113,3.716047991997765,112898.94551970508,-12.785328868744127,594.3737518395172,-8.07975455192113,3.7235024513557144,112898.94551970508,-12.785328868744122,594.373751838859,-8.062888999568935,3.730962897096911,64130.701260825066,-12.785328868744118,594.3722961769531
conf_prism8,3,"21,22,27",1578098428,1e-08,1000,-7.294692378344664,4.24883327955739,671467.0565416074,-9.792092008001086,798.336066885827,-7.294692378344664,4.24883327955739,671467.0565416074,-9.792092008001086,798.336066885827,-7.309069115388178,4.2488509465591395,80053436.59810635,-9.792235864327601,798.3059941608805,-6.636284982020138,4.887267971671342,462326.9421684886,-9.072964549660947,393.7550929612336,-8.00933727616452,3.5697654119289735,1280730.7803265508,-10.473513453667014,1579.280757470355,-7.307745207540022,4.238311884412325,3184673.7901816466,-9.808264347432784,794.9329957319543,-7.327275661272035,4.218817901068575,997420.0863541557,-9.766609859091755,785.7368712866287,-7.3208138368011575,4.223961596868772,377264.9665457232,-9.788684007191627,788.5890241029151,-7.298587431537548,4.245606641023674,1122296.9909017282,-9.806305383527745,798.0768741259621,-7.298289517833366,4.246151871077708,1291196.2841477399,-9.774640506592787,796.5597747104966,-7.277200996237491,4.282060467797164,468250236.6983831,-9.801757155962365,831.4928473680503,-7.314350876145612,4.248098855485039,615510097.6235913,-9.79805531483753,798.1834170190658,-7.294692378344664,4.253086365933765,671467.0565416074,-9.792092008001086,798.3360668853534,-7.294692378344664,4.261618133918284,671467.0565416074,-9.792092008001086,798.3360668760902,-7.275202607817107,4.2700736499315814,3443.887233719057,-9.792092008001084,798.3286490649299
conf_prism8,3,"0,16,25",1049028521,1e-08,1000,-6.994552495686899,4.54073423550026,428359817.80632246,-7.884955280742838,951.6945089782338,-6.994552495686899,4.54073423550026,428359817.80632246,-7.884955280742838,951.6945089782338,-6.994552495686899,4.54073423550026,428359817.80632246,-7.884955280742838,951.6945089782338,-6.333470618165175,5.205151123365498,564168102.3308842,-7.187939995649966,473.54909035521445,-7.680410793133086,3.8625040228398686,346846599.5827693,-8.56454137784687,1897.3678713587835,-6.998753271281831,4.538239884657301,705859013.6076734,-7.882335120932683,949.7722621147338,-6.998509194872492,4.538213694297573,631846173.7254529,-7.882907209120254,949.8298362902839,-6.9814713895326905,4.535755266702151,30513.807370582545,-7.875381065704047,947.8036740180909,-7.003602486561005,4.531156413443145,258117746.36197057,-7.861871832255855,943.9875239917025,-7.004151923529487,4.533104342243643,884759940.6774647,-7.870783785959679,945.6431836980844,-6.987136885444371,4.548263577387186,433825362.06732804,-7.687271188126962,952.7428919537534,-6.994775688238343,4.540531930022686,430124912.45103586,-7.8890669436307705,951.6620652051756,-6.994552495686899,4.545279515040915,428359817.80632246,-7.884955280742838,951.6945089768052,-6.974706299101489,4.554397427574575,7238.393218738282,-7.884955280742838,951.6945089301994,-6.961768089582545,4.56267950438847,1160.7943802084583,-7.884955280742838,951.6244438336774
conf_prism8,3,"0,5,27",2142467119,1e-08,1000,-6.98691685476752,4.549976505744711,554736732.9121583,-7.721653864011842,955.6514653884097,-6.98691685476752,4.549976505744711,554736732.9121583,-7.721653864011842,955.6514653884097,-6.98691685476752,4.549976505744711,554736732.9121583,-7.721653864011842,955.6514653884097,-6.328854379735086,5.208863198217378,1076531626.0268927,-7.004471188255773,473.1038498925003,-7.663752716405411,3.878858384823943,407679153.0479316,-8.416994364511357,1916.9737546266203,-6.986602122139924,4.548961893662379,469039811.4124896,-7.710839878113323,954.3107874380067,-6.966382482844175,4.551225970464488,26450.5937844789,-7.721281563259261,956.6481194671165,-6.988637783142086,4.547040702130333,511728319.4327194,-7.710411411503683,952.8167637112799,-6.987396536331232,4.54855306947304,481309278.4626435,-7.709036182789363,954.1031952560456,-6.990142329114251,4.546405272698344,558209334.5466342,-7.715421773163768,952.6227991529313,-6.9874773681621445,4.5488771187352,303737184.04772484,-7.580555946314928,951.4024644262213,-6.9859486117290155,4.550647500931159,416191010.2999935,-7.721224425662355,956.3256771427494,-6.98691685476752,4.554531036781459,554736732.9121583,-7.721653864011842,955.6514653884013,-6.96680370695703,4.5636675080680895,17912.65806287257,-7.7216538640118415,955.6514653473412,-6.9515088435695285,4.572525719572788,1118.2492111968218,-7.7216538640118415,955.6278960037495
conf_prism8,3,"1,11,19",1712784603,1e-08,1000,-7.641719658076976,3.9717403372510423,6046189.050716219,-11.282504689689967,688.060273173346,-7.641719658076976,3.9717403372510423,6046189.050716219,-11.282504689689967,688.060273173346,-7.641719658076976,3.9717403372510423,6046189.050716219,-11.282504689689967,688.060273173346,-6.967412017585039,4.599871301017424,19097164.045099948,-10.595755619593053,342.9066727942827,-8.313750440411253,3.363456292981718,8007179.378372868,-11.987717755679238,1386.9876105275055,-7.636725508778675,3.9733052817452763,4563513.793256228,-11.249617913604189,684.4119835975342,-7.639089657962201,3.972609428340366,30401405.724246293,-11.212351839269358,681.937627209672,-7.666125349944814,3.9549788653600007,35473880.599951535,-11.306995231915996,686.4235983362364,-7.647005731723403,3.965779997739527,9948103.264862109,-11.236024866180665,681.9415100450099,-7.6822489589938705,3.9390470406069524,29679845.819095574,-11.238197799803286,676.4646639552632,-7.6690777955126475,3.9613351930221534,421749948.31300235,-11.304987762450658,681.8080588194142,-7.552228336755202,4.030246912870395,24686.547928793832,-10.876433719855353,707.2641642302899,-7.641719658076976,3.9757160533055798,6046189.050716219,-11.282504689689967,688.0602731732996,-7.641719658076976,3.983691411481417,6046189.050716219,-11.282504689689963,688.0602731723853,-7.61994964399946,3.9916457346044822,12996.168117446847,-11.28250468968995,688.056952500878
conf_prism8,3,"16,20,26",265537823,1e-08,1000,-7.312727098148891,4.249738470868342,962964976.5634202,-9.868232034763796,817.9560536135499,-7.312727098148891,4.249738470868342,962964976.5634202,-9.868232034763796,817.9560536135499,-7.312727098148891,4.249738470868342,962964976.5634202,-9.868232034763796,817.9560536135499,-6.61484240535555,4.934464477482348,1138253582.4779894,-9.208004509119377,413.45911020280505,-7.977843776956849,3.600018254275559,24462.637455175045,-10.573678686379383,1642.9877349493706,-7.339114394341231,4.20567846117772,13319.716241579843,-9.847985126472068,799.4529334235574,-7.255940353844299,4.282801012255087,11451.168487734589,-9.875788790188027,831.9557829492081,-7.310348884295873,4.2509714044740425,866208484.2548511,-9.87819737105394,818.7590301399771,-7.334371809872322,4.228475071548197,729761295.466112,-9.862585989890011,808.8064326172031,-7.248582810010036,4.308284153112522,956207850.4799739,-9.892026659370583,842.2934896243759,-7.271979243825417,4.284255009466666,58197224.62750845,-9.716457580890292,837.2454490521619,-7.314705310249928,4.247914485656689,967464291.0176046,-9.872871712104155,816.6061636801057,-7.312727098148891,4.253992463331459,962964976.5634202,-9.868232034763796,817.9560536135011,-7.292387545553444,4.262526048905376,19124.68790949581,-9.868232034763794,817.9560535937756,-7.2772212640581175,4.270911111241531,3777.848613643491,-9.868232034763794,817.9437748451321
conf_prism8,3,"6,10,24",1818786961,1e-08,1000,-7.39440667458303,4.158568228950591,15959.753535139214,-10.215874227484761,771.4588839674401,-7.398493512917166,4.158586490924107,625452.5323826973,-10.215742733009577,771.4874989642312,-7.39440667458303,4.158568228950591,15959.753535139214,-10.215874227484761,771.4588839674401,-6.773114921652774,4.787448573057335,1380625897.9036293,-9.519881438029413,380.78852140759835,-8.082118192799674,3.516131766896861,34683.17003597953,-10.915118936708135,1550.2987776734133,-7.373847182965538,4.17795569334401,18519.694393783888,-10.229677596644475,779.8034150055696,-7.362570424393513,4.186857135172376,10859.478630736305,-10.202158502383142,781.3767970507204,-7.382095049288598,4.170189630258201,20689.22658170415,-10.199478989734672,775.6314687728412,-7.330293186819801,4.217662539202089,16356.638874123084,-10.265112771990726,795.10805903249,-7.383540634857781,4.168534416882716,21285.4204455621,-10.196270106284613,774.0852606230052,-7.4401098495754905,4.134786816068825,801081654.5722276,-10.276304253976251,755.775598086021,-7.400133679182773,4.168219631262633,193371627.63855028,-10.113579348448612,770.7862187858092,-7.39440667458303,4.162730959907814,15959.753535139214,-10.215874227484761,771.4588839669104,-7.39440667458303,4.171081473261028,15959.753535139214,-10.215874227484761,771.4588839486569,-7.380896658663801,4.178996556376733,5199.819092617776,-10.21587422748476,771.4294499033967
conf_prism8,3,"1,2,14",752018398,1e-08,1000,-7.656821051660614,3.916527071814197,1174140.5806986778,-10.428914724568083,609.9212749475181,-7.656821051660614,3.916527071814197,1174140.5806986778,-10.428914724568083,609.9212749475181,-7.656821051660614,3.916527071814197,1174140.5806986778,-10.428914724568083,609.9212749475181,-7.0502335540157715,4.4936374075620105,2174126.6673698802,-9.701244849801649,293.7545700737458,-8.32700854809655,3.296014835576365,6479312.831128211,-11.130266602012671,1230.074501022596,-7.6077855412717685,3.9513800897546325,10942.529707139774,-10.49734670221494,627.5639112550543,-7.612001024840966,3.95964847969102,5260427.485858411,-10.481111589401763,626.9819967754017,-7.631849688147545,3.9405128582001447,3734084.6797392126,-10.452653500425921,618.5097641885893,-7.6485123634193055,3.9272187743299756,2627281.964035548,-10.48803391749452,621.2926582810429,-7.630233903049825,3.9303347241145667,12304.161586026798,-10.446181048104314,615.0185077053353,-7.682627410053854,3.8931367848699434,1224776.1816811268,-10.471141851085434,598.5991018952332,-6.984493828708013,4.551561113060306,318557966.2384208,-7.539724775475401,953.4125420823217,-7.656821051660614,3.9204475193351707,1174140.5806986778,-10.428914724568083,609.921274947464,-7.656821051660614,3.928312007834546,1174140.5806986778,-10.428914724568083,609.9212749467201,-7.637619216537603,3.9360842683270083,6851.734330922353,-10.428914724568079,609.9147674969877
conf_prism8,3,"9,17,19",1035014727,1e-08,1000,-8.025302916113704,3.642809725816065,10205373.88587963,-11.76181268099277,525.3302508214624,-8.025302916113704,3.642809725816065,10205373.88587963,-11.76181268099277,525.3302508214624,-8.053726010556877,3.6427778988428807,679664329.2103899,-11.762312018167668,525.2980760502186,-7.369543994645313,4.242927218379171,3258500.4348553508,-11.072769354151172,262.05121530805997,-8.705714026725573,3.0404110145814536,9242596.855675815,-12.432967818740563,1041.897300949485,-8.101955287523598,3.5816436773252014,8967290.558059672,-11.736583784989167,511.432539379768,-8.108528648981112,3.5726524871932086,5753225.159507222,-11.69067081582264,502.8389814263398,-8.020008572739284,3.6414566494805305,10492854.995183038,-11.699472980535315,512.8053496186744,-8.074651358195522,3.6010638605808944,6938571.4417283945,-11.70356196469416,509.23418604332164,-8.066247702354751,3.625244608668421,602758988.1763266,-11.73850559620286,518.0741293504501,-8.024709515164027,3.624324710592808,8917701.448933238,-11.50198642597836,512.8641364458604,-7.047338356595234,4.493715625714516,948182914.976811,-8.274919858209763,921.8286485873962,-8.025302916113704,3.646456182056239,10205373.88587963,-11.76181268099277,525.3302508198559,-8.025302916113704,3.6537710389872573,10205373.88587963,-11.761812680992765,525.3302508193301,-7.998291490797406,3.6611150703547315,27459.773607403204,-11.76181268099274,525.330232861702
conf_prism8,3,"3,24,31",1915397449,1e-08,1000,-7.243713939696704,4.29043182192348,442693.1376453134,-9.321497206214891,808.2524915013797,-7.243713939696704,4.29043182192348,442693.1376453134,-9.321497206214891,808.2524915013797,-7.243713939696704,4.29043182192348,442693.1376453134,-9.321497206214891,808.2524915013797,-6.576705834304088,4.935798654483962,487547.6417778877,-8.61994288101506,399.10362225811775,-7.935549047422466,3.625696676114072,183615.84530042688,-10.017709722132146,1615.134759051094,-7.196324226932875,4.334814539948185,288316.63210532215,-9.355565426730449,829.6117072895604,-7.229356068145403,4.303411058164022,245967.24078360514,-9.337926389969995,814.4333010930703,-7.26281869720087,4.271124805164491,159726.29544321686,-9.294703627744347,797.7898758975763,-7.197243195299158,4.333266059690093,181243.603005653,-9.3288243278094,827.3762855410439,-7.243626001908339,4.290192308245191,246955.41435053645,-9.352690895606047,809.8158102119463,-7.176550584343827,4.372156217539815,902782503.0836556,-8.92957530459016,852.3393282344399,-7.2416164227762705,4.292149894791595,435705.61943066114,-9.29689786412601,807.536214710344,-7.243713939696704,4.294726548472483,442693.1376453134,-9.321497206214891,808.2524915013546,-7.243713939696704,4.303341847456616,442693.1376453134,-9.321497206214891,808.2524914994142,-7.227250345553478,4.31098512656547,2628.921885850062,-9.321497206214891,808.1790531022625
conf_prism8,3,"1,9,21",1746992801,1e-08,1000,-7.198917803203193,4.33951824510801,434068.0412545675,-9.48743748682859,864.2218616269623,-7.198917803203193,4.33951824510801,434068.0412545675,-9.48743748682859,864.2218616269623,-7.211460469777412,4.339587781016977,6185375.165053309,-9.487478954284878,864.2206076804458,-6.552119814942477,4.968160027863825,467485.237709307,-8.766587542105883,423.0309189310266,-7.8951543050112365,3.6699093074321274,300048.3621491289,-10.168440618994248,1722.1860673980798,-7.2178997973711105,4.321467701388033,424906.01033031946,-9.458870352887269,854.9635741443001,-7.258277184267537,4.282742133551784,261927.75684558347,-9.441602245625905,836.4395784380841,-7.233864987355996,4.306464709032179,318430.090583664,-9.46888440683471,848.334124455512,-7.239835199109762,4.300333132364389,344270.2643479205,-9.464240536693605,845.3592069830787,-7.209881181628413,4.328871963083435,338899.9925676305,-9.470524105766465,858.9396836029566,-7.2014039745109155,4.33721050263472,437428.31332501,-9.495157149602768,862.5900001103275,-7.206186082028689,4.331695902132323,213297.1199711369,-9.51978392265373,859.317129491315,-7.198917803203193,4.343862107215326,434068.0412545675,-9.48743748682859,864.2218616269578,-7.198917803203193,4.352575972996112,434068.0412545675,-9.48743748682859,864.2218616207296,-7.177480338452781,4.36131179361837,2707.387053312632,-9.48743748682859,864.2207100856392
conf_prism8,3,"0,12,27",1174597304,1e-08,1000,-6.957739124817481,4.562064791571966,271243.536729814,-7.631337632412327,966.099113003444,-6.957739124817481,4.562064791571966,271243.536729814,-7.631337632412327,966.099113003444,-6.971461641751432,4.562085269743337,9990239.545976007,-7.631364151146461,966.1009539289468,-6.274148069424376,5.226451951209461,103624.82729884618,-6.935282287284126,480.72472437751344,-7.644931312066593,3.888311527554828,113941.3331149649,-8.32130797148312,1933.6184412045263,-6.958839579640406,4.5590076365313905,87183.52249827326,-7.623085020672766,963.2504580924436,-6.958916467921992,4.559404481608106,110924.12512340082,-7.622701785469672,963.6805940930633,-6.957237607962351,4.561058211159303,123711.89798195678,-7.624774314790131,965.0456385579328,-6.958868945113258,4.559076839166497,120091.21231668165,-7.617186400473501,963.0956276921199,-6.958763092592482,4.5593376509537435,115319.17329334677,-7.6232130371826505,963.5295649279005,-6.985430561476176,4.553644804416233,331973575.4752109,-7.548061738890714,955.659599230594,-6.9802624823484125,4.557456121719956,578449083.7112664,-7.694948054586443,963.0132575241639,-6.957739124817481,4.566631422993693,271243.536729814,-7.631337632412327,966.0991130031248,-6.957739124817481,4.575792168032913,271243.536729814,-7.631337632412327,966.0991129937144,-6.938895313715078,4.5848272550393965,1086.3959173898713,-7.631337632412327,966.0865804220326
conf_prism8,3,"0,4,31",1143112664,1e-08,1000,-7.004239028075301,4.535990147278712,855091018.7730725,-7.788674378314409,946.2795049725221,-7.004239028075301,4.535990147278712,855091018.7730725,-7.788674378314409,946.2795049725221,-7.004239028075301,4.535990147278712,855091018.7730725,-7.788674378314409,946.2795049725221,-6.336517613188682,5.208543065024039,636195228.150037,-7.109831767035048,473.95185687339824,-7.66287102979283,3.8722124723551867,1196413.6731774763,-8.505582221749597,1911.343923022249,-6.988656020669535,4.551794781430261,616525897.7972882,-7.82852725608656,959.5076010495761,-6.997189537761393,4.543621183526537,756300970.668235,-7.808960196324464,952.8226489671877,-6.972232073753092,4.547394482582812,625621.8432482833,-7.817544602988508,955.874623277571,-6.978775617668735,4.5421735204944,1834057.0621475012,-7.807089828498962,951.7729490018781,-6.994444692444673,4.546240516954132,797586606.8319825,-7.814905689716906,954.9617825880068,-6.972294932625451,4.545030318691134,70183.02972349802,-7.617466741285915,948.8737653894391,-7.0044557263596445,4.531187823087979,216007279.51362595,-7.821364402480488,942.7858108604423,-7.004239028075301,4.540530677956854,855091018.7730725,-7.788674378314409,946.2795049725104,-6.9837098249178595,4.549639064332059,528108.1778644122,-7.788674378314409,946.279504943553,-6.967231163822124,4.5572909380076,1168.203726941528,-7.788674378314409,946.1361902063968
conf_prism8,3,"1,2,20",1322786017,1e-08,1000,-7.75517293122799,3.82732908840648,190525.27960887042,-10.714473487417147,571.4230032726565,-7.75517293122799,3.82732908840648,190525.27960887042,-10.714473487417147,571.4230032726565,-7.75517293122799,3.82732908840648,190525.27960887042,-10.714473487417147,571.4230032726565,-7.106344604601676,4.4389312790224205,1250374.6370781094,-9.950049342720916,276.97003295495176,-8.466587628542808,3.1811090266270177,253629.04937539576,-11.391800509097267,1133.8887295978761,-7.733476686513684,3.8466219444217256,351211.2176181115,-10.71185421640219,575.3018364234183,-7.746515832697806,3.835741550458767,440134.5367207569,-10.682802945152806,569.5122203102503,-7.752280523535065,3.8307393862874557,229690.87305071633,-10.710050173442095,572.706576152038,-7.765384602046615,3.821241294597864,412643.3578801226,-10.721244593277985,573.871824747466,-7.752673545907603,3.831580907880711,419887.2190127909,-10.713873992609615,573.8780325538029,-7.771544085987185,3.812689686289704,195644.68383558386,-10.741008884784705,565.4242902024681,-7.040954980346019,4.497025607449807,223301307.45216691,-8.285649137123198,927.8162707228669,-7.75517293122799,3.8311602486585987,190525.27960887042,-10.714473487417147,571.423003272551,-7.75517293122799,3.83884562528623,190525.27960887042,-10.714473487417147,571.423003272523,-7.738779888863598,3.8463176753531125,8413.578510741312,-10.714473487417141,571.4112675029523
conf_prism8,3,"3,6,12",1972530740,1e-08,1000,-7.0607829735153205,4.482164732866926,360851787.10033095,-8.301550790643873,915.3879982315289,-7.0607829735153205,4.482164732866926,360851787.10033095,-8.301550790643873,915.3879982315289,-7.054092273942983,4.48221352001178,6287850.746905221,-8.301632562133141,915.38014632174,-6.400660156055353,5.143058662965018,254105233.9255163,-7.598775740940866,454.872968648258,-7.733664140673372,3.8158267704450894,286386438.3372824,-9.007409786181771,1840.0556234453486,-7.059216170678556,4.482622456501362,302313675.86691517,-8.300660991142182,915.680202252086,-7.057301285920684,4.483576332483224,195986749.20475224,-8.30599086624109,916.4454034873169,-7.066658049461067,4.475475936458414,247010154.53457686,-8.299732762410565,910.8904943221355,-7.059228578976466,4.483559969372056,358908719.63373685,-8.304125189898684,916.4345554716072,-7.054071489757188,4.486495342113632,183068891.86971217,-8.313173644189538,918.48366897682,-7.0345554862194914,4.506503357096105,443458017.8707664,-8.159063280811022,932.0734898940068,-7.025985584434072,4.516202445693197,334943621.78159964,-8.064183543682413,936.6888632647701,-7.0607829735153205,4.486651384250674,360851787.10033095,-8.301550790643873,915.3879982314029,-7.041175862401735,4.49565168762086,237742.13307868657,-8.301550790643873,915.3879981720901,-7.022041927715775,4.504594805833414,1386.9659079041944,-8.301550790643873,915.3808260298778
conf_prism8,3,"2,7,14",315541281,1e-08,1000,-7.7674155997275,3.8211764909194885,6857587.585248968,-10.63244759322545,575.0076070551443,-7.7674155997275,3.8211764909194885,6857587.585248968,-10.63244759322545,575.0076070551443,-7.780028935080506,3.821087216725486,501570900.9926435,-10.633555335343901,575.0362793397417,-7.146589061851778,4.456514569207034,2136849954.5289133,-9.912043990968462,283.56550456948224,-8.433572574950048,3.2079644156735587,3575076.94188969,-11.323612818175347,1155.8083058715797,-7.727193923541105,3.857060091799797,6998723.051252823,-10.658980585612081,584.9727603163967,-7.71369556902468,3.8665879787755344,3710554.156907759,-10.636803270362073,583.3786524214291,-7.739482133327498,3.8423833618295924,2839952.5359527427,-10.598912948887886,572.0568224814839,-7.698419705967459,3.8839246908043115,2974713.323603945,-10.755695101917695,608.6487886839666,-7.725992852981183,3.854493312921464,3372750.3730550287,-10.605926497911021,575.6194473077802,-7.561216167194232,4.002483204155778,219349.86674913537,-10.22043882619028,656.8166677959183,-7.05171780914598,4.489287572897076,320735424.73673075,-8.258822402136802,922.354380033438,-7.7674155997275,3.825001492411939,6857587.585248968,-10.63244759322545,575.0076070551432,-7.7674155997275,3.8326745144328225,6857587.585248968,-10.632447593225445,575.0076070510709,-7.745347045262502,3.8403432364501326,8411.906854082235,-10.632447593225445,575.0056634239705
conf_prism8,3,"8,10,26",1951359022,1e-08,1000,-7.111796549302288,4.433679843968253,406401174.35930187,-8.700983733402229,896.6929746399791,-7.111796549302288,4.433679843968253,406401174.35930187,-8.700983733402229,896.6929746399791,-7.111796549302288,4.433679843968253,406401174.35930187,-8.700983733402229,896.6929746399791,-6.445846651059124,5.098458087474066,281020252.01412565,-8.007993006974056,446.9849491246365,-7.77290841492702,3.7810664805346037,390759675.265592,-9.420330115926555,1816.991633258006,-7.117242535762137,4.427748036702625,295015261.9203697,-8.69723480713906,893.0362357617314,-7.083070592772929,4.460835824151538,379068433.83037,-8.736563083200434,913.5395386101704,-7.103760483408697,4.441208484771566,493735219.0917098,-8.71416995325902,901.6798988540036,-7.0981933946493445,4.44613231335061,367111772.7173163,-8.720024694878527,904.7033196208672,-7.106177746041758,4.438604381117555,376977438.0864871,-8.7108169154203,900.012211200494,-7.069587499822488,4.473686183345049,468836196.4920402,-8.421929679142758,915.8334981614152,-7.112645343074227,4.432877227821333,407764021.13111895,-8.704330808745945,896.137495663817,-7.111796549302288,4.438117961951009,406401174.35930187,-8.700983733402229,896.692974638896,-7.0921224857385585,4.447020906461612,718073.7368058197,-8.700983733402229,896.6929745925377,-7.0743392725816285,4.455252281820143,1697.6299571528639,-8.700983733402229,896.6408248910343
conf_prism8,3,"4,18,22",1136417920,1e-08,1000,-7.315606610805173,4.229982963499588,152090.7780515285,-9.780909785863678,796.018402833473,-7.315606610805173,4.229982963499588,152090.7780515285,-9.780909785863678,796.018402833473,-7.329096462798395,4.230003188444551,13005565.23223664,-9.781117068958425,795.9851899068198,-6.662575801890055,4.856143081353179,54313.00930516868,-9.061859042910928,390.13661173836414,-7.988101319872955,3.5890651950371972,221976.1456991714,-10.485183775216639,1608.1776220284205,-7.292843974401594,4.251853396409569,308738.98991942423,-9.811406079368476,806.6547143099895,-7.321007083402617,4.242915028630973,862645900.6924655,-9.785716593338483,801.8313567681197,-7.315457692181445,4.231736417113612,303570.135401738,-9.768363172958194,796.3163237978497,-7.324081185472992,4.222325804389888,282809.69103063096,-9.774140515417582,792.9892569176844,-7.343406550426901,4.222163282083931,956591678.2255263,-9.745847799923636,791.8146547827926,-7.30588659895212,4.237470343801674,85902.69626057151,-9.712128374643468,796.3839053083055,-7.146410443483089,4.3972723276307075,236880039.36655346,-8.853299496472976,871.4219259463703,-7.315606610805173,4.234217180699996,152090.7780515285,-9.780909785863678,796.0184028325829,-7.315606610805173,4.24271109677467,152090.7780515285,-9.780909785863676,796.0184028261633,-7.295947454498476,4.251218323890495,3649.9874241900898,-9.780909785863676,796.016762139221
conf_prism8,3,"5,8,9",58982427,1e-08,1000,-7.008413821063448,4.512158100955237,35390.35059486968,-8.019848124180387,929.7384320946372,-7.008413821063448,4.512158100955237,35390.35059486968,-8.019848124180387,929.7384320946372,-7.0212801898960935,4.512319015222229,2530260.298096741,-8.019872676593637,929.7534839308945,-6.329683846568689,5.1780404325707865,144841.1275305016,-7.316580720307726,463.65949158779244,-7.6979875976702745,3.839375664137827,53665.18048926661,-8.716756866540827,1860.9216079973614,-7.007235460291251,4.514014523346208,48058.18019765485,-8.033496682530155,931.5453072307201,-7.010830932615815,4.510289871104376,49733.89410750769,-8.022172377702718,928.5961603764197,-7.010980502997446,4.509846962227329,41025.735659790305,-8.023984602064884,928.3454309123877,-7.004447885816651,4.517293488213539,69209.46971989762,-8.037418180708851,933.9528226142473,-7.008905822302431,4.512208326619413,44303.981782061244,-8.01948593691887,929.76495198538,-7.027577484708511,4.511356292531062,53399739.10909996,-8.036278387833079,929.727531606314,-7.005455910914143,4.514400280173644,34633.14465478131,-8.044278325472556,933.1718314734984,-7.008413821063448,4.516674775730791,35390.35059486968,-8.019848124180387,929.738432094591,-7.008413821063448,4.525735306828246,35390.35059486968,-8.019848124180387,929.7384320844092,-6.990465859951502,4.534784184213895,1243.0765792763286,-8.019848124180385,929.734373284144
conf_prism8,3,"1,9,26",1210405524,1e-08,1000,-7.397821575131755,4.169469641273179,265253.75036112074,-10.49494686225355,796.7611751644725,-7.397821575131755,4.169469641273179,265253.75036112074,-10.49494686225355,796.7611751644725,-7.409531862786565,4.1695693470048445,5890073.70945311,-10.495004502988616,796.7572745950569,-6.742599426337171,4.794261864103198,267408.2727531293,-9.80096644701191,393.1641610258615,-8.061864204219129,3.54665240968129,171291.67309321085,-11.180577783403447,1608.9384272488487,-7.439911855954365,4.130973165277262,202748.3715016391,-10.452152809318399,781.5674678083465,-7.375106781147509,4.193825195149325,41146447.10236112,-10.469846460382005,803.8499481764372,-7.4441770425660705,4.127346228160086,297116.4994086187,-10.4531015152409,780.2934617730446,-7.429197569236357,4.140604898162044,205733.68913018596,-10.461186520628832,785.3812630971044,-7.407944533093292,4.160295779888884,339439.43175579654,-10.475244867570265,792.1962596289161,-7.403213820263253,4.164677549209513,268234.9707305743,-10.5074514197371,793.3966279592486,-7.383593828513598,4.1769006270778375,22611.32855385798,-10.41189303511975,796.3802470194679,-7.397821575131755,4.173643284557733,265253.75036112074,-10.49494686225355,796.7611751644704,-7.397821575131755,4.182015688307372,265253.75036112074,-10.494946862253547,796.76117515878,-7.377124518238508,4.190410718254067,6248.170522091169,-10.494946862253546,796.7602525392062
conf_prism8,3,"23,27,29",1161106515,1e-08,1000,-7.741758062967158,3.91932018821305,34983.49189978101,-11.926096991379486,685.457948140363,-7.741758062967158,3.91932018821305,34983.49189978101,-11.926096991379486,685.457948140363,-7.741758062967158,3.91932018821305,34983.49189978101,-11.926096991379486,685.457948140363,-7.1215986964978475,4.509688155077869,947898128.1051731,-11.22224316919808,338.5539865167849,-8.402952374129091,3.3381723441832762,58763.61273720148,-12.634136827816649,1385.287535129847,-7.762907436396396,3.9033819995611574,34480.15075006833,-11.933468792323243,681.9725050430524,-7.821991895345183,3.8568797882257506,39742.719351611784,-11.919179669254687,670.6401363115158,-7.784270090616095,3.8884784083159674,40337.751010450535,-11.951355964610652,680.8177467157474,-7.707817446393589,3.9483148900757916,40848.661974835755,-11.954604776420634,694.5489590337824,-7.801942531770448,3.8727046222473276,42933.34294144549,-11.898782314201204,673.349831082189,-7.787628164490177,3.899107455387875,40516.647478553066,-12.18785048421208,680.7781054185456,-7.705291460592935,3.9423360935073744,157810599.24222985,-11.554512377448486,685.4533697103989,-7.741758062967158,3.9232434316445772,34983.49189978101,-11.926096991379486,685.4579481403392,-7.741758062967158,3.93111352871126,34983.49189978101,-11.926096991379477,685.4579481266586,-7.727386834341436,3.9388966338363005,24324.410470209452,-11.926096991379463,685.4508408806803
conf_prism8,3,"6,15,26",489243729,1e-08,1000,-7.5094605407924755,4.075511445100046,3382525.5089758467,-10.731222475909869,749.8726775533489,-7.5094605407924755,4.075511445100046,3382525.5089758467,-10.731222475909869,749.8726775533489,-7.5094605407924755,4.075511445100046,3382525.5089758467,-10.731222475909869,749.8726775533489,-6.818749021682244,4.72410167282652,1115486.5157359962,-10.046586520024038,375.1268838684087,-8.152903291898857,3.477606132377316,1913453.9711552223,-11.435652883082028,1526.258426645264,-7.5015947325107515,4.080329983456254,1185451.5115660082,-10.72635658978741,750.9465982432762,-7.483836270268052,4.096325213877293,1252910.0411239795,-10.740724972426527,757.0337433510741,-7.463691962796779,4.118504138210505,19666666.39589214,-10.722105289422919,762.9538992884617,-7.53589510311982,4.049774901904318,1576972.5798053944,-10.69431770960554,740.0581877375944,-7.476289043475301,4.104164030595716,2300668.219710106,-10.737735005529744,759.4820478006276,-7.529366027316002,4.057678541671819,2152436.236936379,-10.777479883130798,738.1987359263252,-7.502410465121109,4.090844320778453,290323440.8943152,-10.571045291924078,749.5545364702058,-7.5094605407924755,4.079591036136897,3382525.5089758467,-10.731222475909869,749.8726775533183,-7.5094605407924755,4.08777476938746,3382525.5089758467,-10.731222475909867,749.8726775494966,-7.487328162385571,4.095964075056872,8350.935832223964,-10.731222475909865,749.8707155429664
conf_prism8,3,"7,15,20",2095076722,1e-08,1000,-7.542915071820426,3.3516859220712933,5163536.720443809,-39.69620997889867,460.0165479078911,-7.542915071820426,3.3516859220712933,5163536.720443809,-39.69620997889867,460.0165479078911,-7.559940483215567,3.3516800288004673,767848940.9305532,-8.515419566359828,460.0184596384953,-6.911719356171556,3.9445412867158924,28011604.95588463,-36.68052465890842,228.67467365521054,-8.256946935898041,2.8281018195039302,8272954.629516032,-9.195962491651965,918.4699074681904,-7.580397138053373,3.3877437297837867,6045352.762348129,-8.467577668901166,451.94391512398755,-7.593054701839873,3.3994990023793306,404909319.2215829,-8.756061674527562,459.4336741578869,-7.560077361741175,3.3422464109887695,12840136.958766308,-31.91864747218544,447.61644591142306,-7.59719440776467,3.353799297554762,551111489.1157484,-39.90903429163526,451.1622479031655,-7.5862456689969,3.3569926386087543,373479319.07543916,-39.20063422929565,452.02764295604834,-7.621099101009124,3.3089458164739027,1141017315.0635924,-39.746564015524555,448.46622771387393,-7.1780667802085265,4.367188692943177,562696727.6260256,-8.685165725946321,827.2609946026305,-7.542915071820426,3.3550409630343285,5163536.720443809,-39.69620997889867,460.0165479078911,-7.542915071820426,3.361771235778631,5163536.720443809,-39.69620997889867,460.0165479078911,-7.542915071820426,3.3685285648957746,5163536.720443809,-39.69620997889867,460.0165479078911
conf_prism8,3,"1,7,24",878567706,1e-08,1000,-7.751695578566701,3.93422504354054,258262254.86686823,-12.080027126762273,698.0657546755797,-7.751695578566701,3.93422504354054,258262254.86686823,-12.080027126762273,698.0657546755797,-7.743447991179441,3.9342485695783544,761241.8914787236,-12.080174986637441,698.0399050481833,-7.131762893046027,4.467223257428048,48071.60630709168,-11.364844566693865,338.94330098709963,-8.428074718394454,3.3412204314362026,307596914.33356404,-12.795606660390916,1405.4806097241108,-7.782227842034409,3.9120690840233827,633147703.802834,-12.102522477626435,694.757021094221,-7.744253197510227,3.9289983774364963,219760.11779404047,-12.104468722688903,698.5355605378332,-7.747854578854994,3.938167119963071,219695048.4108083,-12.110747922541558,700.9889034544785,-7.749815492915208,3.9361482702064023,278316707.1293126,-12.076808670451198,699.0865337288996,-7.760281321492252,3.91214473847153,64013.566830513206,-12.03818735174743,690.9881457853459,-7.760287294498193,3.927343812957097,262332089.42188853,-12.095663576675554,693.3069125878716,-6.970800038714315,4.546842802877158,80636.2231120808,-7.810882556710574,955.4591817930914,-7.751695578566701,3.9381632067623675,258262254.86686823,-12.080027126762273,698.0657546749969,-7.751695578566701,3.946063233254,258262254.86686823,-12.080027126762264,698.0657546747439,-7.724349992704277,3.9539877472083034,27822.056139831042,-12.08002712676225,698.0652026547863
conf_prism8,3,"20,21,30",1424306402,1e-08,1000,-7.3293524828938335,4.21454822243961,459111.90316338604,-9.721574770128953,781.9556181924668,-7.33885063107179,4.214421803925854,218303652.32700267,-9.72086619291222,782.020735450445,-7.3293524828938335,4.21454822243961,459111.90316338604,-9.721574770128953,781.9556181924668,-6.691572022538797,4.829441168402962,515180.7791263648,-9.002826887300872,381.0810381185517,-8.000765043289427,3.5755721713830972,361944.62734844134,-10.440056660636314,1583.2918675092862,-7.306800497201362,4.235695255055731,243808.25262945733,-9.754566284591784,792.7269251498727,-7.294920511130878,4.246640233139638,311674.1185646454,-9.717350283114985,794.7863888122387,-7.309193644127157,4.233559591605954,457666.0405325359,-9.75261265100547,790.930301825326,-7.319173999042538,4.224292928634992,293833.49054096686,-9.753203798029626,787.5499578344696,-7.3123854737157234,4.231985935982992,805499.4315993427,-9.751710517643554,790.7186857003495,-7.375772198276922,4.170942524939708,358996.3230396309,-9.820309494466414,751.5494612379816,-7.332191849315884,4.211899821490786,461810.40533599345,-9.727438601203755,780.0418106671019,-7.3293524828938335,4.2187669894289535,459111.90316338604,-9.721574770128951,781.9556181924487,-7.3293524828938335,4.227229912099821,459111.90316338604,-9.721574770128951,781.9556181789543,-7.311574247289127,4.235384276688174,3614.8870658106925,-9.721574770128951,781.9341627338888
conf_prism8,3,"0,13,29",1088739220,1e-08,1000,-6.989481539160584,4.528190539684061,34313.355398944856,-8.096850007072886,945.7601844323929,-6.989481539160584,4.528190539684061,34313.355398944856,-8.096850007072886,945.7601844323929,-6.989481539160584,4.528190539684061,34313.355398944856,-8.096850007072886,945.7601844323929,-6.318571042356775,5.179062823291464,21293.083843461278,-7.372198066138923,465.3436932916062,-7.6880580252960025,3.847210461734465,30905.628400539048,-8.775819940179368,1881.381121140535,-6.995098206581861,4.522450869762602,25966.946157323593,-8.088819423897995,941.4556867531945,-6.99386885366947,4.523597552446315,24955.99144790689,-8.090196047989751,942.2674536979937,-6.991317755531826,4.525846797489836,20891.006974189626,-8.09176429640493,943.9580510875103,-6.999669161517036,4.518304570994016,33540.03383193461,-8.082909723278346,938.4304875404375,-6.996689514295508,4.52122748255593,34420.50311115371,-8.086065028481547,940.5768384838557,-6.9746464545315625,4.542622072444222,43212.25573534347,-7.872808933259823,951.5677682740622,-6.9892229762638225,4.528442983311907,34380.73547096475,-8.09507562088519,945.945890613676,-6.989481539160584,4.532723262955006,34313.355398944856,-8.096850007072886,945.7601844319502,-6.989481539160584,4.541815987648291,34313.355398944856,-8.096850007072886,945.7601844303659,-6.975026499375681,4.549987331683384,1219.3880908199649,-8.096850007072886,945.6818628943395
conf_prism8,5,"13,15,18,20,24",107450613,1e-08,1000,-7.218210503680915,4.327345060086705,64105709.38873979,-9.18654559683145,840.5169044274687,-7.203705927225663,4.327308064530282,92960.41307671802,-9.186257525123844,840.5550319896219,-7.218210503680915,4.327345060086705,64105709.38873979,-9.18654559683145,840.5169044274687,-6.553953351088345,4.983097381941109,64306543.33733782,-8.48447872295132,417.1585266263409,-7.861141434669781,3.7004537531871664,94673806.59921896,-9.907351569044648,1722.1965204108888,-7.2005363011474675,4.345015513673965,80026939.44103464,-9.205224222199389,849.971920636925,-7.177136877446983,4.367703761138807,113630086.06828363,-9.199977722885098,861.2302079749722,-7.181734041975911,4.36659482436867,404520377.45504946,-9.214895937761867,861.0297895381691,-7.182814423579198,4.362441809269623,119622755.02002202,-9.207498668363275,858.5527603576577,-7.208214140910431,4.338381561042611,113986227.34159891,-9.199036021389531,846.5012310807757,-7.156258610119296,4.384660992835532,33550581.127458446,-8.899050344971426,869.7994301796997,-7.219413048359617,4.326210922546339,64303194.040298134,-9.189621404667415,839.6805917752403,-7.218210503680915,4.331676736839802,64105709.38873979,-9.18654559683145,840.5169044266826,-7.200493871597929,4.340366157010063,6710.153656405819,-9.18654559683145,840.5169041749404,-7.187968525394975,4.348423201620198,2426.5460757097785,-9.18654559683145,840.4705991131082
conf_prism8,5,"7,13,14,18,23",329452518,1e-08,1000,-7.181227414906779,4.364951671157014,149835142.45961684,-9.0867445683557,861.0759267562461,-7.181227414906779,4.364951671157014,149835142.45961684,-9.0867445683557,861.0759267562461,-7.1769221192546775,4.364970860021338,13408725.882821545,-9.086826181965193,861.0628793086056,-6.501854310260135,5.0332383405125745,55794174.927836426,-8.38173126057084,430.1724624315993,-7.840952031940303,3.7191412904023964,128455556.65220328,-9.800150139223195,1746.4583278740724,-7.205521308747453,4.340917201358054,108230200.98315182,-9.05429833100996,847.4858773908052,-7.163810250677516,4.380346247783513,93845770.75341983,-9.100002449893966,869.3625030555344,-7.165970499719295,4.380220605635301,184765454.6148542,-9.081277580077895,868.8073533819079,-7.183529401316652,4.36348266039528,194104380.35631987,-9.081989086346631,860.3327237800049,-7.164941239906825,4.3815786269066885,286653487.44831365,-9.08703303157046,869.5422475447594,-7.186555969883934,4.359672574683689,136969953.73598865,-9.10265982153711,857.1781123800307,-7.136087481523334,4.405837947899727,79296020.02672179,-8.846519679715255,880.4661245242097,-7.181227414906779,4.369320992147502,149835142.45961684,-9.0867445683557,861.0759267558744,-7.162622269993087,4.378085928246764,36379.02967523023,-9.0867445683557,861.0759266359402,-7.1477673663881,4.386305113622974,2177.3633252281943,-9.086744568355698,861.0354265414986
conf_prism8,5,"13,14,18,23,30",1691311873,1e-08,1000,-7.21692082396651,4.330101329142269,112466922.99255092,-9.146471301029049,838.0778900392039,-7.21692082396651,4.330101329142269,112466922.99255092,-9.146471301029049,838.0778900392039,-7.213626206931646,4.330102747367815,7910280.774604173,-9.146499493821612,838.0722155734801,-6.5200734661937,5.018132815682464,84033242.61007535,-8.450540561115874,423.9658290273637,-7.869801903449028,3.6916151569560105,86779078.66920653,-9.84708333489096,1704.5682198680217,-7.19474452303268,4.349581851533698,77193915.67385468,-9.155842939356551,847.7694153505633,-7.185196866407099,4.358782638409274,72806823.18984295,-9.162184908117137,852.4063231490471,-7.179812253429435,4.36391499243315,80986212.33326776,-9.167112048832593,855.3176215582102,-7.203299714075281,4.341157410895563,66503043.19889642,-9.156903387119309,843.3939651580014,-7.183507151837778,4.360848429645939,79565296.05496718,-9.176101966908115,854.0487110936457,-7.151155060623005,4.392102309024208,111419755.19906995,-8.860066216320789,872.9255771115811,-7.215604651760252,4.331049910130307,91741136.43836612,-9.133990597326662,837.7344857735516,-7.21692082396651,4.334435764909218,112466922.99255092,-9.146471301029049,838.0778900391057,-7.198639142898133,4.343130720412307,18703.084704807865,-9.146471301029049,838.0778898914272,-7.184436713240496,4.351346260088752,2359.6568365088374,-9.146471301029049,838.0431332096592
conf_prism8,5,"7,12,13,22,26",481867306,1e-08,1000,-7.189123459964118,4.358616400672147,683493464.4768503,-9.074121535832843,857.0577781276664,-7.189123459964118,4.358616400672147,683493464.4768503,-9.074121535832843,857.0577781276664,-7.201226289677771,4.3586767487837985,408790042.3543152,-9.07435131019218,857.028337266694,-6.4822804340351405,5.025494177652621,144253.817572482,-8.37833054754862,428.35454781168755,-7.8614309544404914,3.6916192055694994,24555.18335678911,-9.763620829339137,1713.8592092717392,-7.1612262664141895,4.383125044406064,185915336.16490757,-9.09202070321126,870.3377446913125,-7.154935359402958,4.388588372592048,227599737.9172316,-9.094140630908663,872.908094074117,-7.162375714321193,4.3810729673003745,172711803.25786757,-9.078533184005245,868.8420055734166,-7.171027193518755,4.375367901809864,466979777.8087645,-9.101464487638152,866.8092967434822,-7.16284126163181,4.384556082946206,991443508.952721,-9.103376539711727,871.2915161220832,-7.19656169126361,4.351404039774495,661798182.1535258,-9.09522038024439,851.7264067440109,-7.1388671989166275,4.402996272336943,71532880.45437038,-8.821530559765627,878.1969066779898,-7.189123459964118,4.362979380052978,683493464.4768503,-9.074121535832843,857.0577781276276,-7.1690037802032816,4.3717315953089155,25141.083662182788,-9.074121535832843,857.0577780998971,-7.154156146470014,4.380096239209674,2195.401137959045,-9.074121535832841,857.0289473909788
conf_prism8,5,"4,7,14,20,30",1123261394,1e-08,1000,-8.982115192874659,2.789980121261843,427339121.19236976,-11.548548959978888,341.4252913593535,-8.966900036858803,2.7898145771473817,61125827.02554488,-11.54683100449654,341.06364493690245,-8.975247803972357,2.7899591967434705,300750781.3147635,-11.548799623583315,341.4431841113101,-8.32970187067562,3.3568063099634617,1175900348.5226493,-10.852252190015522,168.63890276645077,-9.637331175604283,2.2818574738558173,476958675.486728,-12.298215748957277,713.2031054876708,-8.967455194407735,2.778746378907528,14076399.759042058,-11.534308716417687,335.38633100472725,-8.951151786424075,2.799281879551929,17234462.34201414,-11.55837984980923,344.67232728283506,-8.920696028141188,2.847719004692461,889413982.756338,-11.63748355835093,367.3653535125703,-8.859809078661659,2.8848309275323483,16781874.674249068,-11.685000515334693,381.7977170037962,-8.892701297255321,2.854375893722419,10815222.949265437,-11.648534307057732,370.2865056104248,-8.91854217536719,2.8312602696579097,447063023.7018899,-11.031478183623818,342.90887353031326,-6.991815232392161,4.544368766632089,160360599.7723114,-7.723750854131544,950.4779531075305,-8.982115192874659,2.792772894156002,427339121.19236976,-11.548548959978888,341.42529135935405,-8.982115192874659,2.7983752470002443,427339121.19236976,-11.548548959978875,341.42529135911724,-8.950307266895805,2.8040001097107954,83482.68955169994,-11.54854895997887,341.4252906115589
conf_prism8,5,"6,8,12,19,29",328866786,1e-08,1000,-7.1425505512250815,4.3985975520046905,163238790.8740718,-8.776804762461227,868.2037300944443,-7.144897251546465,4.398604065381307,358890548.39388406,-8.776504605808473,868.2382569147367,-7.13695291720788,4.398619234565643,1315010.9602159434,-8.776834245799469,868.1993606612398,-6.468106814979751,5.0756172079679365,797054271.1203551,-8.079965632913549,436.5713235175634,-7.816810869396155,3.7379757762218344,243377624.38866583,-9.482502841335357,1747.7604095889394,-7.140592307227393,4.400762871961109,233676606.47579527,-8.777423460637875,869.5261986025995,-7.125476426899676,4.416450204556766,378151932.48714346,-8.807348759408839,879.1648533605329,-7.1122281543969,4.428283087133828,240548159.14956245,-8.792878041968972,885.4462877995173,-7.141497459876079,4.399448701472021,137211087.6563896,-8.782608635834732,868.7700512481798,-7.149176586345842,4.393263267258737,333000389.22773355,-8.7514565503735,864.6468466904925,-7.149894471161888,4.3909606152017755,106382326.98889057,-8.799777605237818,862.3295264483228,-7.148810535447479,4.3924822030917134,126409091.30886143,-8.808515988829386,864.8011054332759,-7.1425505512250815,4.4030005525818545,163238790.8740718,-8.776804762461227,868.2037300932135,-7.123820488598524,4.411833050561824,8978.36840664165,-8.776804762461227,868.2037299852198,-7.111017457579406,4.419830676630332,1829.0224187947329,-8.776804762461227,868.1388879404931
conf_prism8,5,"9,13,24,27,28",1412511929,1e-08,1000,-7.204904156872369,4.341291735594794,475288917.28655255,-9.190398871614951,832.0905538759599,-7.204904156872369,4.341291735594794,475288917.28655255,-9.190398871614951,832.0905538759599,-7.198329322244664,4.341300949387257,834150.0894021856,-9.190417718443884,832.0861731388705,-6.533309353012397,5.009414459944493,815347354.1836303,-8.505979493945205,416.03583267508156,-7.884740802168828,3.6778156231373633,445686984.92542344,-9.885461381097485,1668.2181132012702,-7.234618219604809,4.312897073697065,526282940.4276572,-9.190347334602688,818.3222960070851,-7.235585110842831,4.311691885005212,409880370.3321402,-9.15497039606874,816.5893531995288,-7.22690494274921,4.320457732126271,453073117.22346663,-9.182162132681992,821.8903296472334,-7.230734821706434,4.31697232296178,623118497.4996624,-9.169030316189533,819.3860525615214,-7.231342027458703,4.316984196658481,780604497.6009613,-9.203804313729368,821.1245953272845,-7.208015498682487,4.338113816774413,463448993.47013664,-9.184801324892907,828.4794772224794,-7.208222678005527,4.3378468071057465,293902304.89035434,-9.213300433564974,830.6474979326745,-7.204904156872369,4.345637372968366,475288917.28655255,-9.190398871614951,832.0905538759297,-7.18516467397873,4.354354799783202,8610.562831157402,-9.190398871614951,832.0905538386478,-7.172163660088933,4.36246564859761,2238.2567669072614,-9.190398871614951,832.0465779609616
conf_prism8,5,"5,14,18,25,30",688724759,1e-08,1000,-7.133710347857113,4.405541425882122,144121810.03735477,-8.62769266546054,864.3506260343569,-7.134339466065943,4.405530315023254,179835654.6918942,-8.627428192311319,864.3927880996459,-7.133710347857113,4.405541425882122,144121810.03735477,-8.62769266546054,864.3506260343569,-6.496194277449279,5.047219311979744,1581026438.696023,-7.916326261825359,424.0588897553627,-7.810218066078589,3.7425802759280558,286095399.694298,-9.338609348038062,1738.7841133307986,-7.147843656789176,4.393112971392083,445477679.38099736,-8.637941320001532,857.3996261608061,-7.134406294371767,4.406707395722485,575683276.0837686,-8.638345821096884,865.3423379501072,-7.151554156184508,4.390514549134131,729843311.1341422,-8.609799173333808,855.0516611633875,-7.12517446957435,4.414737349095505,258327482.32627037,-8.65254818458057,870.503123858211,-7.1441247649027355,4.397032847464968,423096739.3470741,-8.64023889486542,859.5410120490341,-7.073135059778928,4.463824426071713,134070832.95843755,-8.36290198917391,903.9500940477855,-7.101966407247818,4.436109229432905,134057985.47234242,-8.503639735197321,885.9416811065149,-7.133710347857113,4.4099513772468635,144121810.03735477,-8.62769266546054,864.3506260317666,-7.115096326636463,4.418797818608403,4785.88085598419,-8.62769266546054,864.3506259075962,-7.102931613032182,4.42690786290072,1720.9022222941026,-8.62769266546054,864.2947801558055
conf_prism8,5,"4,18,22,24,29",135238755,1e-08,1000,-7.473120384322642,4.113130710438934,195972880.8238468,-10.49864923008081,761.1719331435199,-7.473120384322642,4.113130710438934,195972880.8238468,-10.49864923008081,761.1719331435199,-7.468265972208891,4.113135010577178,44942115.87499458,-10.498800648759158,761.1417997784906,-6.793590179197614,4.774836374699542,674851324.0064776,-9.813635330084505,382.04157316581745,-8.14975465840822,3.4769322803488785,324056699.07113266,-11.177693930811566,1525.6758687860688,-7.515161097161982,4.074492210325035,246029918.5366664,-10.457399247874381,747.0808123306455,-7.4135865122812366,4.165991004173933,243139442.1626949,-10.521732990474938,779.7967967046982,-7.470904934276955,4.114233998774969,255259337.09268638,-10.477014250656588,761.3763328840404,-7.458024553411983,4.125851491467832,338347128.27650064,-10.494648867088637,765.655520483639,-7.433303109643201,4.147766039361125,282399229.0768838,-10.48459824037786,771.9824803684643,-7.458904854153466,4.122813618268161,104529848.94289446,-10.404379041515371,761.3879890603592,-7.074846950034847,4.4637336134978645,124260367.4855136,-8.372683468116646,901.0307138343305,-7.473120384322642,4.117247958421829,195972880.8238468,-10.49864923008081,761.1719331424694,-7.454539111958126,4.125507231630691,115938.95131362935,-10.498649230080806,761.1719330602676,-7.437996550016806,4.133567848270365,6716.283422459888,-10.498649230080806,761.1576235209446
conf_prism8,5,"1,14,16,20,25",473825270,1e-08,1000,-7.370803688759454,4.175155183566443,637775.5103214867,-9.73038108767642,749.8022721642275,-7.372151296556089,4.175083812765856,858070.2002236797,-9.730063118922729,749.7919166848009,-7.38421001252332,4.175239434569764,76357629.61357617,-9.730809546685865,749.7487545976954,-6.678347699608148,4.84396118593993,1200287.9611851026,-9.021089196091454,375.4468508658131,-8.03440385754462,3.542959828786215,515583.64014534454,-10.43151154154441,1519.1993751766988,-7.353391516762501,4.191631505422356,722516.2804244726,-9.73314704406777,756.1783075532854,-7.342904918976595,4.201418904757913,574212.0871899474,-9.766974752733562,761.9176332773604,-7.32996269649716,4.213765506756123,708804.9852908319,-9.770277131258908,766.3562056673478,-7.348466913853141,4.19584685315517,467501.65413875086,-9.750737384623314,759.0640690733438,-7.341848716922858,4.201578649626881,400025.1807181086,-9.703845312817883,757.5974387412984,-7.375293320207685,4.170966232970961,643415.8241304172,-9.73918923820756,746.9943812259854,-7.111740121907945,4.428025797985418,375977315.20801276,-8.568702667535922,882.2809404115852,-7.370803688759454,4.179334518089646,637775.5103214867,-9.73038108767642,749.8022721640117,-7.370803688759454,4.187718338579238,637775.5103214867,-9.73038108767642,749.802272162516,-7.3521992155319476,4.195928872568492,3739.7705833269415,-9.73038108767642,749.7896288068312
conf_prism8,5,"0,3,14,25,27",1701865294,1e-08,1000,-6.9944981272916085,4.542410244424186,484279906.7840041,-7.817809421527114,951.910534074622,-6.9944981272916085,4.542410244424186,484279906.7840041,-7.817809421527114,951.910534074622,-6.988686364328006,4.54251578474908,6446320.980505647,-7.818026977226752,951.913037341932,-6.322047440873248,5.211736826746849,210578741.46460313,-7.128238315755349,475.06847120808817,-7.673598515658904,3.8688678133177,81901387.87225792,-8.504671295136685,1905.0515169223145,-6.99923676216863,4.535623542656051,86455546.31099986,-7.7965945518526425,946.1617646916637,-6.992271856830698,4.544445405759005,643049012.0195869,-7.815057759678564,953.2868521906546,-6.997360842674817,4.537377278461008,104011104.26377518,-7.8060373549445625,947.6931085149745,-6.991534479782266,4.546291466206203,614375733.3870598,-7.821874272474709,955.1204912112269,-6.995527633449646,4.540517624503809,234040500.55257857,-7.810229552332387,950.2648514095498,-6.977898287167452,4.5584376887016385,334906003.2240197,-7.634989423204768,962.4739245004868,-6.999656395035606,4.536850604118393,336251426.3735494,-7.862087013034587,947.7674959329388,-6.9944981272916085,4.546957201624433,484279906.7840041,-7.817809421527114,951.9105340742786,-6.974528829607478,4.556078479632376,18893.49981777638,-7.817809421527114,951.9105340278626,-6.959497357257097,4.564830569089821,1148.4086412283812,-7.817809421527114,951.8802932472253
conf_prism8,5,"9,16,21,23,25",1249193755,1e-08,1000,-7.303187093908507,4.25458541274276,255729884.86376616,-9.668272639976982,814.6501458440305,-7.303187093908507,4.25458541274276,255729884.86376616,-9.668272639976982,814.6501458440305,-7.314836889313714,4.2546729061854505,485799796.05411655,-9.668422984254935,814.6279755675954,-6.592148848297833,4.957626281227856,553035981.4831462,-9.015206326767487,415.9258331918259,-7.94282682086783,3.6264246621667295,34210.67460794455,-10.376186302747914,1657.4717058373317,-7.261613571973744,4.2942652902876945,376533407.2993804,-9.705014612384069,832.5278609015783,-7.280178742067668,4.27787173056504,636664763.9824628,-9.688501655705837,825.0592584538794,-7.287940032274652,4.270415808545691,626244785.5221014,-9.663173325318958,821.6127922813165,-7.273978420971892,4.282012473873719,217438349.31213376,-9.707260955161862,827.6562779748632,-7.271378721267666,4.284946394779871,446123803.8812208,-9.673623793600475,827.2278413650517,-7.30652555415943,4.2510851617578,258192705.56853932,-9.669285028162879,811.2755672418072,-7.057215241601962,4.478660149556301,51012448.40530666,-8.30939696310788,913.6605694020539,-7.303187093908507,4.2588442569945055,255729884.86376616,-9.668272639976982,814.6501458429661,-7.284167926473707,4.267387575042955,22668.651110796596,-9.668272639976982,814.6501457720635,-7.269413032289529,4.275639474441646,3402.957773026597,-9.668272639976982,814.6288975261484
conf_prism8,5,"16,17,18,20,29",1293748040,1e-08,1000,-7.332009821709273,4.2299123945350345,182544604.18337324,-9.911126051132147,805.9732362682263,-7.332009821709273,4.2299123945350345,182544604.18337324,-9.911126051132147,805.9732362682263,-7.326679877172356,4.2299268814348885,1964116.0378712032,-9.911178535640616,805.9615195394736,-6.664368295979087,4.885214904684588,180839396.82365835,-9.205097013550779,400.78845229202585,-8.020812596076722,3.5704007477933986,145750355.44708264,-10.61544528566523,1609.2366632339294,-7.3703902342350975,4.195277172976628,184564759.66869536,-9.943411368295871,793.9872273189612,-7.323197431557149,4.237524809375094,138376764.6708735,-9.908108168096932,808.8230249136367,-7.34337099142865,4.219103810022961,210360425.7563837,-9.91688868686158,801.7848224147813,-7.31859071890943,4.2424533582505894,206860402.5002738,-9.942576426864193,811.8830878592236,-7.317221347516235,4.243201959035607,205871709.51788285,-9.922164995500397,811.3520375971037,-7.3074237110632145,4.252596168905762,229025259.74139726,-9.821440202365164,819.3098592057473,-7.3405963791892015,4.221887848390214,180384674.78554505,-9.933750803282923,800.401485677301,-7.332009821709273,4.234146541095787,182544604.18337324,-9.911126051132147,805.9732362673243,-7.313357699371215,4.242640314947764,15091.07066153733,-9.911126051132145,805.9732361772119,-7.298952266575032,4.250907514827264,3977.2963434928124,-9.911126051132145,805.9562328094062
conf_prism8,5,"3,7,12,18,23",138549850,1e-08,1000,-7.21150786665059,4.332698925108116,30345537.067556173,-9.116953778111531,835.9755843755088,-7.21150786665059,4.332698925108116,30345537.067556173,-9.116953778111531,835.9755843755088,-7.207479616756256,4.332714321114308,1295606.8649166261,-9.116994293678607,835.96777461524,-6.527085899908363,5.009967476542497,61037420.547385536,-8.424470632711458,420.1121383787457,-7.864895762491561,3.6957998116294797,75288668.2200904,-9.828187262690745,1703.7137861721444,-7.186065185537047,4.3582343544080455,73655772.00326772,-9.141197145150295,849.4639200624757,-7.196221678691308,4.3471488072766284,30008644.073958002,-9.126226716451724,843.2933981142058,-7.1804680432496975,4.364102935494149,93769219.49327795,-9.132704463540595,852.5788763197186,-7.194689284313612,4.350234853306698,87302840.99397992,-9.12720021374394,845.2978125561872,-7.192123037971165,4.354152736263786,201436958.42878854,-9.132652944042684,847.3060982706232,-7.135768975187718,4.403631575849314,32871286.693359204,-8.73798235822905,871.5737231637072,-7.213519186108455,4.330792644172665,30494182.929287758,-9.121840235470396,834.537469438528,-7.21150786665059,4.337035961062671,30345537.067556173,-9.116953778111531,835.9755843741693,-7.194534881394245,4.345736130175848,10299.502514464773,-9.11695377811153,835.9755838633116,-7.181607556058653,4.353688145473506,2306.2269402143156,-9.11695377811153,835.9201477726778
conf_prism8,5,"6,11,18,20,31",1408672161,1e-08,1000,-7.475188932679673,4.107012857255273,161953454.4515158,-10.497089688206039,749.5445154639349,-7.475188932679673,4.107012857255273,161953454.4515158,-10.497089688206039,749.5445154639349,-7.475188932679673,4.107012857255273,161953454.4515158,-10.497089688206039,749.5445154639349,-6.754003275205698,4.805042446178628,263597451.76943624,-9.80233338400336,381.3066567080097,-8.154027771521811,3.4702908209857806,248992525.94881958,-11.196191385197176,1503.9376054626175,-7.493095643883235,4.089240634107103,152714520.03979447,-10.448402731564784,740.1113267117191,-7.444194059658947,4.133402524229411,174737574.89954123,-10.47360674925325,755.7994920877372,-7.469463748544157,4.110508902171809,160170834.62555626,-10.436737248962773,746.5138216006281,-7.498148260325572,4.085563722513393,206951227.12424436,-10.449836018120566,739.9375745283135,-7.507412330726788,4.078244059957143,297843687.1270835,-10.432586692936844,736.133055306551,-7.50591888398069,4.096598037965219,691725626.3713173,-10.526548273499413,743.2122050484936,-7.484572399806443,4.113986320361073,915257210.9184893,-10.420341937450225,749.2123607328493,-7.475188932679673,4.111123981249932,161953454.4515158,-10.497089688206039,749.5445154633703,-7.456800492934211,4.1193709695276475,17742.795180694276,-10.497089688206039,749.5445153643731,-7.4430632693391265,4.12728826499978,6566.8889326057215,-10.497089688206037,749.5224275388773
conf_prism8,5,"4,8,10,20,27",1802623469,1e-08,1000,-7.099142114795269,4.439539191835501,97376667.41732651,-8.548284181220641,889.7408667584114,-7.099142114795269,4.439539191835501,97376667.41732651,-8.548284181220641,889.7408667584114,-7.099142114795269,4.439539191835501,97376667.41732651,-8.548284181220641,889.7408667584114,-6.422948284355093,5.111966948073981,102623662.61599846,-7.863934565339844,445.7791172751976,-7.769359858994282,3.780022461503094,61255266.61478954,-9.246609369181485,1794.1707499106556,-7.098512666582186,4.441298968761665,130652019.04943432,-8.54393241132615,890.6841675156272,-7.084945137030842,4.453339526071912,81218003.7861268,-8.540216614236261,897.9275753810134,-7.091871347561615,4.446584696425017,113287735.94985461,-8.543548592258597,893.9578300444251,-7.09222220833485,4.447111459146796,146548782.9963406,-8.554627857336879,894.31634484564,-7.089949201641393,4.448623111163241,97445445.57128835,-8.546322339505409,895.0776141023987,-7.100636146148787,4.438056602987486,92970226.83831169,-8.552120912289144,888.4814587364417,-7.108445571093836,4.430536275786637,93216059.66554922,-8.579541993435528,882.7982615113424,-7.099142114795269,4.443983175007625,97376667.41732651,-8.548284181220641,889.7408667577587,-7.080886735654047,4.4528978844352345,9293.091284855238,-8.548284181220641,889.7408665746391,-7.06727370610295,4.46130243665898,1589.3428956399184,-8.548284181220641,889.7018640509418
conf_prism8,5,"17,22,23,29,30",46840304,1e-08,1000,-7.828759673285983,3.8545181976640257,118092677.56134343,-11.925141449406395,644.2871229462216,-7.828759673285983,3.8545181976640257,118092677.56134343,-11.925141449406395,644.2871229462216,-7.823648507863597,3.8545161125781098,1138853.4366186096,-11.925204910397959,644.2749188893423,-7.221354539154135,4.415977355202645,137648695.3656615,-11.238399754602957,317.61403623139535,-8.480071657997321,3.2798166381107556,98328655.5040598,-12.66660709535223,1315.3365621856562,-7.763503284533069,3.90370226154961,122907816.52339728,-11.90835112112336,652.9193207295631,-7.76065922640608,3.9061536238784518,97859439.75026421,-11.925180667176473,655.1408573397812,-7.897900127173776,3.803333736040776,192044658.24540314,-11.941262230698715,636.2913744223893,-7.796063569592661,3.881097962101868,169337995.1260251,-11.920230725908304,650.659035397957,-7.828784500995158,3.8571464394457697,179796781.77405164,-11.95402768125112,648.4643545915224,-7.836255824204812,3.8416489808384893,71993368.74531153,-11.86651941005057,633.6541181969026,-7.072817077278388,4.463359634989525,91327612.83424096,-8.242542660580614,890.059553941007,-7.828759673285983,3.8583765742790166,118092677.56134343,-11.925141449406395,644.2871229447865,-7.8110428453212375,3.8661165464946707,35032.51450131941,-11.925141449406386,644.2871228351465,-7.796936687937511,3.8737619921721453,25046.843270164954,-11.925141449406375,644.2800246191997
conf_prism8,5,"5,8,10,11,31",116160478,1e-08,1000,-7.059344002420175,4.4827678591440145,431783062.52613497,-8.478069106244767,921.5271910764319,-7.059344002420175,4.4827678591440145,431783062.52613497,-8.478069106244767,921.5271910764319,-7.059344002420175,4.4827678591440145,431783062.52613497,-8.478069106244767,921.5271910764319,-6.411830430061353,5.12645216735239,94487413.58994536,-7.7588369801803765,451.7856308240686,-7.754937549979435,3.79544375934064,222399684.19155207,-9.15576734943677,1823.215693206892,-7.069850534022222,4.470777491576081,177762962.7178058,-8.466699993006541,913.55607442174,-7.0816326960345855,4.459234500769813,190703712.56110543,-8.458981270745056,906.084163200641,-7.0763908999380725,4.465324680689002,312185951.62642735,-8.464849877631837,910.2083884981296,-7.073628487036178,4.4676486173292345,232453021.067354,-8.471790090994377,911.7052022669637,-7.060677499746895,4.479775224378085,178783237.74302024,-8.486754601451182,919.5601091426124,-7.0382491188499765,4.50248110839361,529551928.0953095,-8.32101837789889,932.3881989911723,-7.059111535460994,4.482931090647036,414293747.061854,-8.474132358147285,921.4297127351845,-7.059344002420175,4.487255114257351,431783062.52613497,-8.478069106244767,921.5271910762068,-7.039555450148589,4.496256628782985,283660.71744123916,-8.478069106244767,921.5271910282315,-7.022400559396903,4.504683960659392,1434.8546794071403,-8.478069106244767,921.4820071015805
conf_prism8,5,"0,14,16,21,23",616873122,1e-08,1000,-7.048661458647258,4.488774560662834,200967342.31430805,-8.291478055144022,921.1538089895229,-7.048661458647258,4.488774560662834,200967342.31430805,-8.291478055144022,921.1538089895229,-7.048661458647258,4.488774560662834,200967342.31430805,-8.291478055144022,921.1538089895229,-6.379454603808293,5.154692834126463,101340361.22464393,-7.588917394817554,458.8196023052138,-7.726640755547416,3.819378837552239,66063329.19574053,-8.98828871202353,1847.7210985543404,-7.050296656817064,4.4861483687880375,109482015.85714835,-8.284011612452128,919.2281396712079,-7.046461050825111,4.489956421964154,106058008.11704221,-8.28932681811052,921.9445494686703,-7.040460049306058,4.495373825252764,83232156.50459984,-8.291459185711576,925.510356923501,-7.046856376468331,4.490778331541996,167126988.41600838,-8.292979034938519,922.564522225249,-7.046802213034703,4.487956468862225,24745137.498472087,-8.291088833425196,920.496541626134,-7.009234259562627,4.526917315003659,209593618.45720375,-7.98253086413238,942.9188616778358,-7.048581865459174,4.488827976069233,197233154.6333912,-8.28906697035681,921.0408832689528,-7.048661458647258,4.493267828489056,200967342.31430805,-8.291478055144022,921.1538089889877,-7.029628693788602,4.502281404368328,15736.900861041844,-8.291478055144022,921.1538088946978,-7.016218261088043,4.5102920222170795,1374.031094950546,-8.291478055144022,921.0688454652627
conf_prism8,5,"4,5,9,18,30",955318029,1e-08,1000,-7.070350844803444,4.4676790314283545,229520854.0027249,-8.561992360402762,909.5065636761728,-7.070350844803444,4.4676790314283545,229520854.0027249,-8.561992360402762,909.5065636761728,-7.064415653398958,4.46769280888096,739569.1524343479,-8.5620039633306,909.5056335557874,-6.4168011894474075,5.119189570684577,208952886.9464723,-7.8614739900043515,449.0524592362728,-7.774191600287044,3.77580122102321,197864972.10357022,-9.230343244888726,1792.9008519488755,-7.099266671195169,4.43959843337266,206293137.58417806,-8.537516952851524,891.784025656441,-7.08827187771446,4.450147024726696,325589400.6176825,-8.542955801424553,898.3780505024356,-7.090170881548838,4.448781022741809,202857196.4914945,-8.537786633323394,897.1160403806584,-7.083737615557844,4.454246801842363,159194583.01440907,-8.543464303104553,900.7178261902033,-7.09481270038613,4.44443727070468,234689697.04917157,-8.524865457898947,894.2678572852981,-7.071159849339742,4.466677115184076,183073773.28987476,-8.563442355313674,908.535757606997,-7.0518316494649,4.485508475490097,195469641.07102063,-8.45793630082352,921.5878640359971,-7.070350844803444,4.472151182599171,229520854.0027249,-8.561992360402762,909.5065636736072,-7.051206533067231,4.48112239815339,6451.5387145158975,-8.56199236040276,909.5065635883467,-7.038137585583295,4.489509762976626,1493.5926323066994,-8.56199236040276,909.4609739640276
conf_prism8,5,"0,1,8,27,30",1468137337,1e-08,1000,-6.9957248894485105,4.539292163983649,153734492.69514552,-7.861571780056488,950.7591080212643,-6.9957248894485105,4.539292163983649,153734492.69514552,-7.861571780056488,950.7591080212643,-6.9957248894485105,4.539292163983649,153734492.69514552,-7.861571780056488,950.7591080212643,-6.3266848456033555,5.203339210730155,71330433.91139548,-7.16070053758084,472.6813434283215,-7.672817064129326,3.8695342370070884,114887093.12782776,-8.56140360877973,1909.0419523755302,-6.9975505467857095,4.538130837361974,201588972.43907794,-7.858970455145725,949.874128537617,-6.992596219558298,4.541634914001822,94331417.00157915,-7.866824030585138,952.567514682995,-6.999246468795878,4.536225981307248,143375137.80736762,-7.854914155338564,948.3349229911695,-6.989746559113769,4.5443487735606904,120003259.6001573,-7.872489702711854,954.7222859954314,-6.983999282367769,4.550096387767153,128976093.84279373,-7.884527977453922,959.2528261940284,-6.986048463303194,4.549226567393999,215046349.75839013,-7.703019496334662,955.0652942961227,-6.99928707558555,4.535738655784051,143247438.2432353,-7.895306804560017,948.5019598910665,-6.9957248894485105,4.543836000002559,153734492.69514552,-7.861571780056488,950.7591080202105,-6.976907737908131,4.552951016399348,10140.953587880873,-7.861571780056488,950.7591078967409,-6.962898530850886,4.561571338918208,1163.0379997568375,-7.861571780056488,950.7190692806124
conf_prism8,5,"2,8,14,17,30",857179777,1e-08,1000,-7.078878808534547,4.461445291289216,180070110.2551945,-8.436998204953696,900.0364470226848,-7.078878808534547,4.461445291289216,180070110.2551945,-8.436998204953696,900.0364470226848,-7.090796345512551,4.461492810644029,137233015.37092802,-8.437081529165887,900.0282356122692,-6.428017970095805,5.109821485688797,128214709.239057,-7.721505522148554,442.96129748501596,-7.764588099681604,3.784782561841026,88708123.6833503,-9.123134648327467,1793.4933488297397,-7.081602132765299,4.458009424910372,129681433.90683153,-8.435323693748407,897.6986340002944,-7.073440385528492,4.465029424072464,91427426.11869012,-8.443333662332426,902.2500469994294,-7.082740484074396,4.4559166674606185,109669392.01672152,-8.430551839249093,896.121073092281,-7.086499591328092,4.452930730753768,147759077.44369823,-8.43069084297943,894.2911238499406,-7.086481434297242,4.453045899770798,111520577.50676483,-8.425582090710623,894.3711190274116,-7.086550872611791,4.451976447240258,68947708.9043287,-8.493823745854328,894.0671196419145,-7.036488905524642,4.502452131550773,194438110.3040129,-8.229518703417181,930.0403089559418,-7.078878808534547,4.465911202489446,180070110.2551945,-8.436998204953694,900.0364470221635,-7.059986580440597,4.4748699004195265,32422.84490965239,-8.436998204953694,900.0364469188053,-7.043784871501182,4.483658393799725,1470.9103747157656,-8.436998204953694,900.0215946299066
conf_prism8,5,"11,17,18,26,31",365972838,1e-08,1000,-7.447638013542839,4.134183380748746,226062419.93320805,-10.409212494549715,773.9909100519816,-7.447638013542839,4.134183380748746,226062419.93320805,-10.409212494549715,773.9909100519816,-7.441440560092441,4.134215149784659,3633310.2388631734,-10.409264379682709,773.9815225060394,-6.793768517394495,4.771660181563547,487070896.649933,-9.712989988259691,384.0988176776845,-8.108069039251395,3.5107802262694032,203876618.37324116,-11.12506958638417,1564.8538690821167,-7.424561457102719,4.155057682465473,181088194.49895597,-10.421193442041341,781.5544334214788,-7.422243443387431,4.156815862485524,204755368.27392003,-10.39455305286253,780.9873561770505,-7.398153485107684,4.178704283370694,198554326.59364393,-10.425343918940289,789.0805736841485,-7.451302193256105,4.130086078050495,210492005.43248346,-10.372465067090928,771.1557895372182,-7.418796782161364,4.160175315121696,254330833.17569566,-10.408667819872997,782.6407800106986,-7.438575546633434,4.140743876794542,67146226.73620951,-10.37495548171018,776.7675521121467,-7.454834423519923,4.1269404824438105,131235441.43930672,-10.426877098319796,768.984945151396,-7.447638013542839,4.138321702468705,226062419.93320805,-10.409212494549715,773.9909100512172,-7.428887511000564,4.146623250062312,42072.661154847956,-10.409212494549713,773.9909099788887,-7.4135614841453785,4.154693728331132,6274.649746461992,-10.40921249454971,773.9743740049596
conf_prism8,5,"0,2,4,26,31",1177302405,1e-08,1000,-7.040566410081701,4.497747971011262,207388772.8308478,-8.213255498488786,923.5041116242287,-7.040566410081701,4.497747971011262,207388772.8308478,-8.213255498488786,923.5041116242287,-7.040566410081701,4.497747971011262,207388772.8308478,-8.213255498488786,923.5041116242287,-6.3828348627135165,5.152288026542927,70243905.47998229,-7.496909870609879,455.82645296535645,-7.718651010790661,3.8270044925091744,86615306.63071539,-8.909748596568818,1850.9568767262758,-7.044085359260905,4.492531035628399,108619843.97808246,-8.201645990375948,919.4049153478651,-7.040609761606205,4.496286396911309,101051209.81435367,-8.211657797810275,922.3036993335148,-7.052676135572996,4.484495034182159,80656403.01456338,-8.204730297041051,913.9961333129003,-7.042583598562917,4.49416226870436,79459219.83278596,-8.210899136913216,920.7204800978044,-7.041111865594668,4.495133053708983,72391027.38172576,-8.202092336550013,921.2127118126868,-6.996739936320093,4.540728021705829,295346962.67887664,-7.881240612207713,951.8964032450118,-7.044279880111825,4.492870581396624,94674980.88964027,-8.233956038628556,919.5544962855743,-7.040566410081701,4.502250221242471,207388772.8308478,-8.213255498488786,923.5041116236931,-7.0214941792124925,4.51128181597811,57788.767632500654,-8.213255498488786,923.5041115316667,-7.006722192180482,4.519294138449143,1322.6436159030286,-8.213255498488786,923.4171748532079
conf_prism8,5,"6,11,15,25,31",1756820620,1e-08,1000,-7.82386126586752,3.8635115629805186,153725953.66054004,-12.049588980343954,647.1087007814991,-7.82386126586752,3.8635115629805186,153725953.66054004,-12.049588980343954,647.1087007814991,-7.82386126586752,3.8635115629805186,153725953.66054004,-12.049588980343954,647.1087007814991,-7.195177258625542,4.437291970178,232639902.37511247,-11.289990629110541,313.988771331479,-8.547883694305119,3.2343251322614455,302223013.17739123,-12.702303743511505,1272.8043308524486,-7.809805540491831,3.873391119135058,286347827.83764946,-12.014602435755213,645.5319209137597,-7.860591625507348,3.8351932626754586,203668978.23268014,-12.026135799293224,639.6078391145738,-7.832613172976477,3.8550558300207967,157972967.5664231,-12.008759456251564,641.8260992446334,-7.828801929287923,3.86224242241315,464829921.43225694,-12.056699278309766,648.2926974389177,-7.830610240522557,3.8594341581976064,259059762.48205912,-12.05201150979626,646.8469135133855,-7.847691056507734,3.846152571456272,162895797.2686177,-12.111707578869895,638.0891916910604,-7.042226343872557,4.491963421401848,32893011.78736171,-8.133794639384337,912.0851017939807,-7.82386126586752,3.867378941923108,153725953.66054004,-12.049588980343954,647.1087007814756,-7.805874943997758,3.875136973217317,32489.86274413769,-12.049588980343943,647.1087006911401,-7.792811595257139,3.88273066203569,26911.62400346644,-12.049588980343936,647.0979056244846
conf_prism8,5,"12,15,20,23,29",294186201,1e-08,1000,-7.788161925333294,3.9005751390144447,169006399.9533479,-12.026952251855638,678.2764466047147,-7.788161925333294,3.9005751390144447,169006399.9533479,-12.026952251855638,678.2764466047147,-7.78287534166158,3.9005860391843834,1639691.770818328,-12.026998694506457,678.2680673644553,-7.176686356653844,4.4545215085142615,4580147.428015176,-11.29976700654381,329.91235881098896,-8.453185880021332,3.309742808841123,140544199.42999494,-12.690795705154326,1357.7213828180502,-7.718729209355906,3.952854681213982,154763035.86623558,-12.016489872005705,688.5087754911251,-7.809595784453486,3.8801604972875903,127282910.08686881,-11.965318815501883,668.2851588654574,-7.727199156734674,3.9486351104667783,633822171.8250937,-12.007713811199835,687.281260524561,-7.735517358294692,3.939579105417479,123680275.26886614,-12.01470912313015,685.6458017670909,-7.752022385632065,3.9243628426084936,94547313.87373872,-11.980179571643735,679.2476292309962,-7.799223510214325,3.889503065083283,13549616.72912255,-12.052473023277338,671.4813998301026,-7.791145915892244,3.898193388141437,169938741.93506616,-12.032452152036392,676.8052164206214,-7.788161925333294,3.904479618644745,169006399.9533479,-12.026952251855638,678.2764466042785,-7.770044751417729,3.9123120746543973,36554.775380891326,-12.026952251855631,678.2764465220365,-7.75584820680184,3.9200544571446896,26844.276455905518,-12.026952251855619,678.2692352616453
conf_prism8,5,"1,11,12,14,15",1069568068,1e-08,1000,-7.742130209933457,3.888152301028466,7249998.294636937,-11.358733028832555,634.0388717694528,-7.747795606415972,3.8881666562699024,272780726.2848751,-11.358609277557685,634.054380458092,-7.759299165979342,3.8881463002896215,274260580.4063499,-11.35886637061135,634.0215495381415,-7.077016186042906,4.490820097058602,638885.7857949255,-10.664745315243728,313.459990513299,-8.4250468244959,3.272827875546345,235404764.12319806,-12.052325565918274,1271.8655608552458,-7.806143579954903,3.8369426205351576,503420139.67442715,-11.29747822084738,615.6928828777328,-7.716968130013501,3.909906039207137,363875950.222678,-11.306457493989024,632.249054127949,-7.7830689585441135,3.8569857299563197,560460142.5676479,-11.31848878270962,623.101395570359,-7.748338970763727,3.880640876417234,67796566.08846879,-11.240209830572176,618.9600939559263,-7.7094923337589005,3.9197462464319046,825147855.254687,-11.348444469355849,639.5601611653251,-7.749432914070962,3.881910763310071,7342614.094976755,-11.371427018532842,630.8263445682651,-6.9823528342420245,4.54875722814427,5434148.929333549,-7.800914405548421,956.8315793010942,-7.742130209933457,3.8920443453708833,7249998.294636937,-11.358733028832555,634.0388717689736,-7.727139408210573,3.8998518425054423,103080.10358916369,-11.35873302883255,634.0388702327169,-7.710050541866173,3.9076215418093745,13988.037657345301,-11.358733028832546,634.0349042841858
conf_prism8,5,"3,15,17,24,31",192438929,1e-08,1000,-7.290199897074116,4.260351257690207,162766312.12303317,-9.492113077532458,785.6627745408421,-7.3117098836410355,4.2603900246427004,813076740.0046433,-9.491890561209527,785.7006484608748,-7.284075256982246,4.260407937105676,1414833.4460667288,-9.492185488928698,785.6519424990372,-6.619805155710566,4.923587303652382,118637251.86245532,-8.80201922890009,392.1065146126338,-7.976651679714163,3.5962629937170405,155512079.98617733,-10.169418012109174,1568.3253123825723,-7.293856086687622,4.256855141575448,106517941.78370273,-9.463323115613056,782.6058585565809,-7.301439597203144,4.250930804698783,112893669.16450624,-9.500505646777942,782.1007954587276,-7.305631288723348,4.245786980296014,121378144.49884205,-9.454522449376578,776.9344691295469,-7.292983052340361,4.257383771003259,104319865.9893546,-9.461948288942045,782.943896107995,-7.30968723336849,4.242220798178356,143207282.94526792,-9.491736434990331,778.4861703847256,-7.1734983623250566,4.3692175127803,200628039.5500963,-8.957848128927981,843.7475174822838,-7.121201568880436,4.41906942021836,216919686.4692818,-8.725829523154717,875.397993705044,-7.290199897074116,4.264615873561639,162766312.12303317,-9.492113077532457,785.662774540408,-7.271620836543919,4.273170769369696,9138.912650781785,-9.492113077532457,785.6627744408992,-7.259594022782063,4.280671471383207,2857.4486804133103,-9.492113077532457,785.583587756056
conf_prism8,5,"5,6,14,25,31",274397288,1e-08,1000,-7.123150868904568,4.398503213068962,12139.302901154497,-8.649475585959815,853.8292306941116,-7.123150868904568,4.398503213068962,12139.302901154497,-8.649475585959815,853.8292306941116,-7.137001572719249,4.398550834974267,8375302.136066866,-8.64970986430685,853.7910924019358,-6.449770151051366,5.049951894528219,12036.804760688196,-7.924029708264887,421.21047939039494,-7.802820778347701,3.740007195490846,10023.354518934486,-9.349776491022036,1722.69929650897,-7.110568123038998,4.409562458745026,5086.7045631999445,-8.661430620612363,860.6937869979454,-7.109333268152751,4.412873471637704,33383.2006355609,-8.66644631173299,862.5245583477483,-7.120950762575837,4.40073989607791,13081.965911289872,-8.657448850962666,855.485198059876,-7.1132754107708855,4.407089259027997,6108.356777874409,-8.645518603214233,858.4167101702,-7.136825071354675,4.385736084453543,16217.842359736303,-8.642418748270549,846.3823627769915,-7.070967831617149,4.466065715545875,55773901.97502642,-8.399944008550449,904.9372168765603,-7.069406198421546,4.468583880179176,135840520.1410246,-8.397397335007684,907.5274534665849,-7.123150868904568,4.402906119196235,12139.302901154497,-8.649475585959815,853.8292306937151,-7.123150868904568,4.411738428337782,12139.302901154497,-8.649475585959815,853.8292306887668,-7.1103546721905335,4.419497309737276,1721.8716221820853,-8.649475585959815,853.7423001052432
conf_prism8,5,"1,2,3,10,12",82284044,1e-08,1000,-7.097275800916812,4.425297360598339,20066.460785971067,-8.649302327463406,887.688050549543,-7.097275800916812,4.425297360598339,20066.460785971067,-8.649302327463406,887.688050549543,-7.110527574625904,4.42535405302934,4230959.849873343,-8.649375450940553,887.6825336462724,-6.411547129366311,5.132139592344346,1377848431.1271641,-8.000688817181508,455.3531312921051,-7.779470961521126,3.7638427035577005,18043.619914076928,-9.34891010897008,1786.6221344291582,-7.103732604887505,4.438085193151911,580462861.846584,-8.655824538760966,895.2653687221546,-7.083679563989066,4.458480099365417,916751015.7804664,-8.674701844529396,907.8126615609224,-7.1043533818246445,4.4375918714807305,525078019.163733,-8.645104248534661,894.8390583433546,-7.09960148390681,4.442186202474994,533652856.97187454,-8.661796473123808,897.8335615328923,-7.12457478852659,4.418129930022777,739155597.2411678,-8.62734590459077,882.5994735808185,-7.116731490420428,4.422375850404802,24432145.475191344,-8.659610532425207,885.5213500077635,-7.000631475518774,4.536883409944251,629872222.0225703,-7.789648274777371,946.0109551120012,-7.097275800916812,4.429727087727656,20066.460785971067,-8.649302327463406,887.6880505474048,-7.097275800916812,4.43861320014475,20066.460785971067,-8.649302327463406,887.6880505287145,-7.082490357711953,4.447117803056833,1698.1631117554662,-8.649302327463406,887.6587305876633
conf_cylinder_r03_d12,3,"3,20,29",1091000647,1e-08,1000,-7.243605481357249,4.321023052926447,367684020.3455694,-8.624725775428844,819.013616202552,-7.243605481357249,4.321023052926447,367684020.3455694,-8.624725775428844,819.013616202552,-7.243605481357249,4.321023052926447,367684020.3455694,-8.624725775428844,819.013616202552,-6.580425135689549,4.993594929394548,246786278.2069716,-7.95308351209574,410.4775400974127,-7.9187696590777845,3.6543634049195663,267438225.8119268,-9.320686863152545,1638.1857776805814,-7.259446554647203,4.305644558833797,260087000.95266584,-8.621072824815652,812.6426520040295,-7.257434068153278,4.306157223053751,242756236.94482678,-8.78437341588154,807.9526048080801,-7.247147361083609,4.317480989006728,269229239.6163658,-8.62615619609642,819.4174816847312,-7.251891893702683,4.313543568953558,269015051.9288659,-8.886623816760414,821.0055333610084,-7.236815352936943,4.326613706273839,251577981.5261976,-8.637847416455568,822.649919820908,-7.174099635846235,4.382291608488597,218334381.33674613,-8.384786296592154,855.0317352283519,-7.248238539346685,4.316026619256398,284623748.4976887,-8.63697917289374,815.3893985320452,-7.243605481357249,4.325348401327879,367684020.3455694,-8.624725775428844,819.0136162025469,-7.2061085588093166,4.334025127218118,9095.059346287288,-8.624725775428828,819.0136160219623,-7.193836353271051,4.34167620223172,2345.066587421403,-8.624725775428827,818.9344374789371
conf_cylinder_r03_d12,3,"7,20,25",1076064975,1e-08,1000,-8.377439158237681,2.641115345599139,15282140.05231748,-42.79087094778621,344.44735793667866,-8.377439158237681,2.641115345599139,15282140.05231748,-42.79087094778621,344.44735793667866,-8.377439158237681,2.641115345599139,15282140.05231748,-42.79087094778621,344.44735793667866,-7.852286780623257,2.951541939006084,17768203.347461086,-42.20374643554773,157.55835059216074,-9.192517363809609,2.164769913564475,85578816.72886501,-43.79742027711748,667.4670334117786,-8.65691348078816,2.5065099103815442,34433720.25535438,-43.445861395143694,323.5114162759503,-8.468205446099288,2.64063736121256,26251966.462025143,-42.789490000583775,340.8985003893941,-8.516679938414002,2.5964204648284723,43563596.06075859,-42.94908928425105,336.4494133022373,-8.522832982162447,2.6279577713014333,59297560.69318184,-42.62367379962673,347.6788082097283,-8.578531325399622,2.5763535256441736,48070323.72927127,-43.007298824258946,340.9516580956011,-8.383366424767566,2.6356191278463363,13783633.354932904,-43.03123994842412,341.8423976114813,-6.969361751487515,4.55882312785539,5680830.350464474,-7.355212370846741,960.822748659506,-8.377439158237681,2.6437591047038436,15282140.05231748,-42.79087094778621,344.44735793667866,-8.377439158237681,2.649062533198737,15282140.05231748,-42.79087094778621,344.44735793667866,-8.377439158237681,2.654387282009186,15282140.05231748,-42.79087094778621,344.44735793667866
conf_cylinder_r03_d12,3,"1,2,18",86069548,1e-08,1000,-7.313282682852898,4.270810532775535,728647419.2656777,-8.928196328556192,818.1919962579066,-7.313282682852898,4.270810532775535,728647419.2656777,-8.928196328556192,818.1919962579066,-7.3070059370861244,4.270872600544374,285965219.61194295,-8.928286677879425,818.1935091930101,-6.725845597020105,4.87217950574185,742584333.6515224,-8.59679497138379,399.05273628658455,-7.9944178485344,3.6011723148879424,91008781.19938397,-9.633116390972859,1628.802727460108,-7.355684501753817,4.235941246941336,841471323.0901556,-9.281865406935689,806.5705639811744,-7.335424485915767,4.252133009691888,767657968.7346654,-8.911174753784639,811.8977539530875,-7.340564025288141,4.24834232846238,765465781.509771,-8.917090823326411,810.0569220612543,-7.341704823159385,4.249106401715028,813408873.8443711,-8.931694287545126,812.4695412872646,-7.337495618919975,4.252236052761989,823743081.8221602,-8.937339563948578,813.9469953331769,-7.3200138562325,4.264366061699591,571283622.2299393,-8.949566710077573,814.5794307060447,-7.139750189694377,4.413761559295008,181111186.80592507,-8.28468848820014,877.0388032126073,-7.313282682852898,4.275085618394106,728647419.2656777,-8.928196328556192,818.1919962578985,-7.275485311923987,4.283661515930746,43926.47341343178,-8.928190200439353,818.1919960341082,-7.258998639491107,4.2921389671898185,4640.902886125678,-8.92301601220698,818.1829297011378
conf_cylinder_r03_d12,3,"1,3,8",808018103,1e-08,1000,-7.048614864808771,4.488308931744674,4649627.108461996,-7.826663609817711,915.4972023128786,-7.048614864808771,4.488308931744674,4649627.108461996,-7.826663609817711,915.4972023128786,-7.044115357893896,4.488534436539987,287252.71845380723,-7.826713699617268,915.5422598117062,-6.365354679501905,5.1680638321347026,4429442.285540448,-6.988528122606788,460.62701951412987,-7.717767282845787,3.8280880645151063,4451113.23139655,-8.375271764044884,1847.4126674101515,-7.041495270599564,4.495079960784655,4540087.723683043,-7.6649598498776275,918.6368481421667,-7.044220034401005,4.492686559798943,4650229.286279936,-7.66976507988962,918.8830475333966,-7.0352080011693054,4.501434368838611,4872642.408550209,-7.67678717084237,924.4917829124602,-7.041842863403695,4.494744259615758,4523167.166774744,-7.67279542096281,918.2973926252754,-7.035603599188901,4.500597438148284,4442039.556899252,-7.670685487080341,921.9014180740146,-7.041841859699884,4.49440176751644,3156454.577743002,-7.839028841488935,920.7743883602059,-7.037138211951638,4.4966338231140925,1179921.4242272505,-7.863496672640299,923.6497799962084,-7.048614864808771,4.492801733478405,4649627.108461996,-7.826663609817711,915.497202312864,-7.033367949482276,4.501814353063492,38292.627328770504,-7.822224249096669,915.4971990418059,-7.015659663073763,4.510800914119122,1370.5720876363773,-7.817684212216223,915.4921604737939
conf_cylinder_r03_d12,3,"19,29,31",1600128597,1e-08,1000,-7.7576323118758115,3.895035768656277,2734514404.1289916,-10.548030304413174,681.552582733435,-7.7576323118758115,3.895035768656277,2734514404.1289916,-10.548030304413174,681.552582733435,-7.7576323118758115,3.895035768656277,2734514404.1289916,-10.548030304413174,681.552582733435,-7.079089774816372,4.494185716669351,1347020492.594377,-9.8077422673757,335.41875112311857,-8.371557051803515,3.286773063369682,6996837.560220908,-11.223170691989043,1373.5961669862227,-7.688187309263033,3.901129040596629,1371707407.7207134,-10.517637231583665,681.8846587149138,-7.626775655927302,3.9392291595176054,10937441.835474387,-10.337351320488139,696.4467958141273,-7.70735419994822,3.914920503975007,667145352.1169151,-10.490234398444985,684.5683065562881,-7.7084515491169645,3.915182087827729,2791669534.8955746,-10.538017808450855,696.4114241129336,-7.652985384604962,3.929069094242745,2733058031.7950172,-10.511641414749441,693.8278262256017,-7.803755212351208,3.860274791839429,3167686635.87196,-10.695278664589832,667.8611221081701,-7.748252619264973,3.9071967492634583,47987954.78405415,-10.77626916826535,679.4295375948227,-7.7576323118758115,3.898934703359636,2734514404.1289916,-10.548030304413174,681.552582733435,-7.7576323118758115,3.9067560367665766,2734514404.1289916,-10.548030304413174,681.552582733435,-7.7576323118758115,3.9146088127198766,2734514404.1289916,-10.548030304413174,681.552582733435
conf_cylinder_r03_d12,3,"5,8,12",1731090286,1e-08,1000,-7.01753401671663,4.510675616208993,282647.36089683714,-7.569415797363405,929.296995455726,-7.01753401671663,4.510675616208993,282647.36089683714,-7.569415797363405,929.296995455726,-7.01753401671663,4.510675616208993,282647.36089683714,-7.569415797363405,929.296995455726,-6.379673688375502,5.181447081399391,1889831644.9337716,-6.888219563775083,463.4948221563702,-7.701903385852235,3.839006369556774,274938.87559994985,-8.272047137948285,1861.9115950875982,-7.0148737167232476,4.513259617472687,283710.8608317033,-7.57873086187954,930.6453247015926,-7.021561386158479,4.5068525834356095,284451.2650911019,-7.588090917761036,927.1350183567635,-7.016430291419302,4.511729423144347,280322.69218282524,-7.57703658231665,930.2887960835069,-7.009632639619137,4.518470135063259,300301.8280695345,-7.455223626967428,935.5366797970752,-7.015662026729751,4.512399782538259,277874.27556740056,-7.587040445654571,930.2871247332392,-7.0424446374439835,4.504050683759657,53373584.056357294,-7.601013287287332,924.3377745754193,-7.014026439370928,4.514135511503818,285254.6170164287,-7.579012811113915,932.604617528127,-7.01753401671663,4.515190807016051,282647.36089683714,-7.569415797363405,929.2969954557236,-7.005071688525174,4.524248000272912,4277.330841791735,-7.569415797363403,929.2969499258418,-6.993879665970515,4.531786800675767,1288.0010675654075,-7.569415797363402,929.1487162611962
conf_cylinder_r03_d12,3,"3,9,17",142391509,1e-08,1000,-7.09168275604523,4.452226518295668,97518323.89213422,-7.912958822980187,877.4208193219208,-7.09168275604523,4.452226518295668,97518323.89213422,-7.912958822980187,877.4208193219208,-7.09168275604523,4.452226518295668,97518323.89213422,-7.912958822980187,877.4208193219208,-6.422664983374828,5.125624765044534,103769366.53326961,-7.067349479364136,439.2574663032715,-7.758355153242053,3.7924734273468954,103947374.62036082,-8.61508065726323,1775.4195548137104,-7.088718163537156,4.455127768889491,98031837.03418584,-8.059593138734655,882.3323469832479,-7.097137224491522,4.446895859025944,95361984.77517138,-8.082510865699133,874.2005870897439,-7.0790463766227445,4.464250386450873,94377851.27530417,-7.897993087455466,885.856218038792,-7.08998193430088,4.45409808327903,105385277.81640014,-7.915230493852698,879.693626771794,-7.091187815582692,4.452674459340331,95156358.79466364,-7.909248525425968,876.6485863660951,-7.057378695751252,4.485097477391017,20363624.55686586,-7.844484499340548,913.9911425785274,-7.02310040853767,4.518784852815574,23010068.27798294,-7.644633880749029,938.1955646390028,-7.09168275604523,4.456683201497178,97518323.89213422,-7.912958822980187,877.4208193219208,-7.063382799503594,4.465619623739009,1797.2680766998142,-7.912958054454616,877.4204457614022,-7.055521293990347,4.471993566326468,1479.6339534476867,-7.912047515121431,877.1202010859931
conf_cylinder_r03_d12,3,"7,22,25",178259174,1e-08,1000,-8.686421500312306,2.509390651568383,1202588148.3219721,-43.18230313607811,323.66436267628546,-8.686421500312306,2.509390651568383,1202588148.3219721,-43.18230313607811,323.66436267628546,-8.686421500312306,2.509390651568383,1202588148.3219721,-43.18230313607811,323.66436267628546,-7.976547033961332,2.979498548324015,2395161586.2198606,-42.45805270014612,166.83312412555622,-9.331158905319713,2.1363820634597204,205415038.2904255,-43.94590510858699,657.5783931446736,-8.64780383443181,2.541604680418269,1284704223.6962576,-43.10288337107663,325.5884287874134,-8.634216704108791,2.4469572273100173,1175961782.008845,-44.04419197505443,305.38564221718417,-8.585025900981988,2.567050207598611,1376191197.6672094,-43.17130542409535,339.5028689261851,-8.819163633844877,2.4606678886603146,1101557024.3554034,-43.28263731946463,310.1598402227926,-8.701349671872013,2.5501501508006887,1100935092.9784176,-43.037720171682416,328.27609329460375,-8.753368710474437,2.5241552939372647,95141712.71127467,-43.152689275944674,326.47434756270013,-6.970903896485806,4.556564699869355,3087553.1216342123,-7.353557711487503,958.0306210273225,-8.686421500312306,2.511902554122515,1202588148.3219721,-43.18230313607811,323.6643626762852,-8.686421500312306,2.5169414759963824,1202588148.3219721,-43.18230313607811,323.6643626762852,-8.686421500312306,2.5220006548426075,1202588148.3219721,-43.18230313607811,323.6643626762852
conf_cylinder_r03_d12,3,"13,18,24",1711446342,1e-08,1000,-7.185723620663579,4.377124134026141,959947480.3235348,-8.43494990471213,859.499004656085,-7.185723620663579,4.377124134026141,959947480.3235348,-8.43494990471213,859.499004656085,-7.185723620663579,4.377124134026141,959947480.3235348,-8.43494990471213,859.499004656085,-6.570787522499699,5.004856209625471,1023444804.6082579,-7.986180950693311,418.5899430044507,-7.860109183705294,3.701881064080818,8784833.520508895,-9.13612273640102,1714.94513418711,-7.197616929061374,4.366580268418199,979748163.243843,-8.45772470711212,858.5997479048748,-7.216097672332017,4.349259918170955,987548556.4783996,-8.701909282183008,848.9492733847358,-7.175140328073748,4.368514259172948,9104197.59337155,-8.4492624965861,858.256228949138,-7.21388630022722,4.350281883375227,959723387.5967265,-8.709344699868653,845.8293233285764,-7.175860663180451,4.3865906012636255,963272409.4665682,-8.459303093475363,866.3018221063531,-7.146302757674978,4.4112046466867945,238304338.05259812,-8.266836394530904,876.5466457785947,-7.174559342971079,4.378594536268123,263785890.7204067,-8.437912049509606,860.1632062615674,-7.185723620663579,4.381505639665816,959947480.3235348,-8.43494990471213,859.499004656085,-7.149527638443822,4.3902950073584,13380.461548159414,-8.37986320337033,859.4990029314669,-7.136311150954416,4.398265167418947,2273.991278477596,-8.194413364095654,859.4360566791843
conf_cylinder_r03_d12,3,"6,21,22",1593291289,1e-08,1000,-7.288498471430784,4.269307080639303,4652447.516964475,-8.895633431998348,811.3782331145604,-7.288498471430784,4.269307080639303,4652447.516964475,-8.895633431998348,811.3782331145604,-7.288498471430784,4.269307080639303,4652447.516964475,-8.895633431998348,811.3782331145604,-6.66315319555576,4.924900084269205,1870477617.369545,-8.190419281116586,403.3778921850065,-7.993870245810971,3.5951622712931357,5218695.309907569,-9.57807381131607,1609.410078833475,-7.3100836735065275,4.251021943390161,5286636.619842671,-8.87015296649563,803.1634493195614,-7.324720618851134,4.23722178905319,5113297.721606843,-9.189072349901572,796.0594213186997,-7.291402779217618,4.265952925889476,4610610.971921135,-8.865819972417654,808.3035083574118,-7.328336603411578,4.234480904284239,5330838.615602272,-9.230853709209581,798.9640543744666,-7.298445946618014,4.261232821059026,4812183.277947922,-8.882014160589655,806.3679458515697,-7.3030102526719265,4.252812513917635,421771.69748342334,-8.949429379921028,801.3492482773519,-7.308346908932139,4.264333741108517,31645667.306501456,-8.914664667400299,808.7237989368534,-7.288498471430784,4.273580661300585,4652447.516964475,-8.88779126440668,811.3782331145561,-7.273519893602541,4.2821535188108495,166994.8133154928,-8.885949005440969,811.3782301110937,-7.257529953648745,4.290082731600429,3990.7065807466597,-8.885949005440958,811.3324678080133
conf_cylinder_r03_d12,3,"3,8,31",1780540725,1e-08,1000,-7.063694996726831,4.47213944818726,9631314.178018926,-7.959674015604615,907.9014276608177,-7.063694996726831,4.47213944818726,9631314.178018926,-7.959674015604615,907.9014276608177,-7.063694996726831,4.47213944818726,9631314.178018926,-7.959674015604615,907.9014276608177,-6.450600431702288,5.123275815850584,1769880806.5065742,-7.455703686752196,448.61675628602853,-7.747859447861505,3.7998954389751294,9626213.361397486,-8.655598063232784,1816.8964942655243,-7.058171291235695,4.4774836656675285,9476995.54215237,-7.819296837565446,911.1351437243562,-7.085644536352559,4.451372191517004,10037695.218523167,-8.159625587265888,896.2887040194971,-7.059009362854169,4.476486890003682,9252665.988968391,-7.959775312345228,909.1401091632681,-7.07378983178245,4.462523209931479,9636046.10849834,-8.172217079557003,903.1354975471532,-7.080325598933912,4.456166184900323,9551401.275351226,-8.116887381976369,897.974024259419,-7.070266063246034,4.480310388027918,51512714.30345443,-7.904850290242434,913.049453864537,-7.073009966479676,4.473189824664322,248880607.8178447,-7.966132549928751,908.6809564085277,-7.063694996726831,4.476616064251533,9631314.178018926,-7.959674015604615,907.901427660816,-7.047727016129422,4.485596226380126,24186.442054052633,-7.959674015604613,907.9014260232034,-7.034047396977192,4.493472790972409,1483.590856312051,-7.959673830663758,907.8066194252485
conf_cylinder_r03_d12,3,"1,19,25",784202055,1e-08,1000,-8.436636937472045,3.289519072075191,123377029.93906929,-13.137238079076917,468.1474495480925,-8.436636937472045,3.289519072075191,123377029.93906929,-13.137238079076917,468.1474495480925,-8.430416172533759,3.2894421212878395,68184855.49353532,-13.20207855881007,468.10360312623385,-7.828295100668176,3.891665244359105,131474247.11938088,-12.477459772670796,242.85127088270843,-9.19128977119283,2.77688579696116,184302557.88196552,-13.885693472897174,947.0643608990022,-8.475433474392664,3.3059755512406457,152311994.01685977,-13.206665449426872,467.3337639183413,-8.52234255817552,3.3077980797613016,165528353.597152,-13.210944868628841,469.7832290985896,-8.580782746496471,3.265393704619589,145419290.49787408,-13.480329029743686,461.2893660478529,-8.496020391400968,3.3138324951459497,140911431.17526752,-13.22981487378082,473.1985809296203,-8.49282778423842,3.270576556910165,125892162.52001052,-13.182323129959606,460.21228527514825,-8.462986416832837,3.26915662516463,85664064.13363594,-13.160761138665665,457.86348351400585,-7.085912875267086,4.464452982896408,288824844.8014674,-7.935771104836054,893.2291481229273,-8.436636937472045,3.292811883959269,123377029.93906929,-13.137238079076917,468.1474495480891,-8.436636937472045,3.299417324047451,123377029.93906929,-13.137238079076917,468.1474495480891,-8.436636937472045,3.306049318668653,123377029.93906929,-13.137238079076917,468.1474495480891
conf_cylinder_r03_d12,3,"18,26,28",658545827,1e-08,1000,-7.424827478839486,4.156561444726399,4742657.684453475,-9.341445371087046,768.8676245055815,-7.424827478839486,4.156561444726399,4742657.684453475,-9.341445371087046,768.8676245055815,-7.424827478839486,4.156561444726399,4742657.684453475,-9.341445371087046,768.8676245055815,-6.774401181530226,4.792026112727663,6055170.085839975,-8.633925045779252,383.96317852963466,-8.129050774173752,3.500117354753833,5240279.200519192,-10.038959725336696,1533.0284734678698,-7.392548715399492,4.1840855459438115,5438394.785280326,-9.344631523300322,777.1237119820806,-7.410873492603438,4.1682782515372185,5081676.2927640695,-9.324166348420569,770.2621157556106,-7.413853028007002,4.167224088655117,5129754.917702345,-9.326170975806336,771.9921162867763,-7.427486717621458,4.155989936587708,4997177.232376544,-9.302053641705367,764.4767669736668,-7.4313704990665155,4.15113150628857,5094718.238237139,-9.326813293523832,764.2202474867419,-7.374871658098608,4.208028405452954,158861625.948041,-9.140758149717739,789.0433726054222,-7.448263191768648,4.153502899995935,858618345.8992199,-9.349461451457028,767.0234876711643,-7.424827478839486,4.160722166893324,4742657.684453475,-9.341445371087046,768.8676245055794,-7.409933174033712,4.16906862939498,16171.21742952965,-9.341443814923908,768.8676217913488,-7.395775513833062,4.177259368819505,8844.46625773896,-9.339432729362827,768.8554948086735
conf_cylinder_r03_d12,3,"6,7,8",566068311,1e-08,1000,-7.027938351539976,4.512602958348963,154191935.46742374,-7.72092997801468,935.3213959260225,-7.027938351539976,4.512602958348963,154191935.46742374,-7.72092997801468,935.3213959260225,-7.027938351539976,4.512602958348963,154191935.46742374,-7.72092997801468,935.3213959260225,-6.367401116767004,5.175043266007225,150697926.56513634,-7.018881244611199,464.90878750915414,-7.717543501940903,3.830805519152563,165321180.19284174,-8.41005074304426,1859.614893963272,-7.041351643697887,4.499820036640796,183631142.46969026,-7.712415755824654,926.963051630019,-7.037345004870192,4.50360373595159,170965233.1476407,-7.7081632932462645,928.8572762471003,-7.040920028710654,4.499959216029594,166179740.96765447,-7.701639212150206,926.4785044716996,-7.02553956714614,4.514475567435799,131965583.203421,-7.5688057362718615,936.6431751199895,-7.037937228694477,4.503073220813232,164062471.88637817,-7.712203859143244,929.6980781196536,-7.03066935969619,4.506967959387212,41766385.42831728,-7.78746434127771,932.7081249237565,-7.033275682842775,4.51460518458349,635238957.3697208,-7.738327953696972,937.0332667323296,-7.027938351539976,4.517120078427409,154191935.46742374,-7.72092997801468,935.3213959260216,-7.009154052487639,4.526181502201866,551186.5810527201,-7.720929300155593,935.3213958041649,-6.991172324202357,4.534711365755868,1312.1354035528025,-7.720929241614047,935.2791302300922
conf_cylinder_r03_d12,3,"3,5,17",984055096,1e-08,1000,-7.021485461760768,4.525002473874069,90908871.87064776,-7.604022588411913,941.182228804381,-7.021485461760768,4.525002473874069,90908871.87064776,-7.604022588411913,941.182228804381,-7.021485461760768,4.525002473874069,90908871.87064776,-7.604022588411913,941.182228804381,-6.360063480324827,5.1956006032764215,85164956.92310235,-6.9067660700563085,469.9691336290361,-7.695858487286018,3.8534374869006243,85894310.11177328,-8.304679061689454,1886.216082525468,-7.022589983079858,4.523594118997781,83292560.8025205,-7.612201161188833,939.7481878432837,-7.035416185827296,4.511413059925685,89057487.68986802,-7.779281544103336,932.0477337453385,-7.015073276656216,4.531001314449926,88662184.63522597,-7.612026031438287,944.7973404592468,-7.023810256010426,4.5226002440836,85982949.0861933,-7.610379100180739,939.7272161212687,-7.018322635183518,4.527907916530508,85638764.76627856,-7.611537660951955,942.7703360140501,-7.016821309929939,4.525247060009392,21909219.04424781,-7.591932142858725,940.321232181715,-7.023702396870528,4.5229548213929025,93230358.67450322,-7.645991420676648,941.1350989612513,-7.021485461760768,4.5295320058799335,90908871.87064776,-7.604022588411913,941.1822288043768,-6.989410712875954,4.538618234982788,2527.599124356555,-7.604022588411912,941.1822155840724,-6.979511142752263,4.545760241991889,1247.2536778105693,-7.604022588411912,940.9669009277138
conf_cylinder_r03_d12,3,"11,17,29",1247415753,1e-08,1000,-7.596957014122208,4.027122849972894,18774774.611172616,-9.932579871598186,722.7388421417637,-7.596957014122208,4.027122849972894,18774774.611172616,-9.932579871598186,722.7388421417637,-7.596957014122208,4.027122849972894,18774774.611172616,-9.932579871598186,722.7388421417637,-6.899209400297949,4.693161363600353,19693752.35645819,-9.245432794318422,361.59255085590644,-8.246499086550857,3.417960108598451,18664143.33275991,-10.642905109180347,1460.5596559167386,-7.582401047871668,4.04103738676445,18424061.923927825,-9.963803413958146,732.3898838986253,-7.577295868113182,4.0422446802680785,18523232.444896664,-9.954313124633694,726.6910463838731,-7.594077330680593,4.029430981138305,19342744.38978949,-9.970808980143726,724.0831241852743,-7.619235813595769,4.004062111907316,18048226.765428457,-10.436080623197467,710.4065541734108,-7.5557293946699,4.055244708339744,19413365.965032768,-9.936562248478603,725.0033764946104,-7.554377235180741,4.050982308495059,2769979.174190036,-9.804616646633178,727.7278048854071,-7.5698582345121785,4.045306447411609,17490739.383272573,-9.830612463224936,727.4169965576251,-7.596957014122208,4.031154003976886,18774774.611172616,-9.932579871598186,722.7388421417637,-7.569440633433891,4.039239994965416,15626.608576855857,-9.93257987159817,722.7387862576329,-7.5583679037435525,4.04692772017868,14525.784934751116,-9.932579871598156,722.7132214066654
conf_cylinder_r03_d12,3,"4,16,29",1915745901,1e-08,1000,-7.337882893863754,4.23334420615879,24180183.453869946,-9.08496543383825,799.8199593086791,-7.337882893863754,4.23334420615879,24180183.453869946,-9.08496543383825,799.8199593086791,-7.337882893863754,4.23334420615879,24180183.453869946,-9.08496543383825,799.8199593086791,-6.693763467133723,4.871502072431914,25036158.8664535,-8.39609477292151,394.9247053148262,-8.031072894177022,3.5685296697994917,23569211.071907397,-9.775542092874261,1593.5915840378664,-7.31971425217912,4.248716064513332,22981667.903155703,-9.077498503558662,804.7486467014083,-7.3485311513100005,4.226095189582436,24022276.91473879,-9.064348320831263,799.5612273709821,-7.37427282892485,4.198581116137292,22537583.688461144,-9.4391682849806,786.6856540497708,-7.303102245143767,4.2636304727995755,24442595.562182657,-8.772755659599419,811.4217252227787,-7.344715463972347,4.227576296380589,24456675.469185654,-9.0823814210411,798.3268145959444,-7.323997263675236,4.240724409791967,4754404.21610733,-9.061716453819523,799.6192559884382,-7.338207821172302,4.2312361399338245,3897345.316971551,-9.087716663446091,798.4010974841559,-7.337882893863754,4.237581787946798,24180183.453869946,-9.08496543383825,799.8199593086778,-7.309474894264518,4.246081940542315,5211.761272306565,-9.074820872816781,799.8199042603599,-7.299842731359063,4.253642928631381,4789.439914244554,-9.07482087281677,799.7553702749467
conf_cylinder_r03_d12,3,"2,8,26",616186750,1e-08,1000,-7.101593342442595,4.4502151848091875,454751617.72140414,-8.139533766644046,896.6051881739579,-7.101593342442595,4.4502151848091875,454751617.72140414,-8.139533766644046,896.6051881739579,-7.101593342442595,4.4502151848091875,454751617.72140414,-8.139533766644046,896.6051881739579,-6.465386629025639,5.096492759005136,427903867.15797645,-7.434349404024421,442.4212597014326,-7.785995414140285,3.772626523980558,429176070.7151104,-8.829788352293438,1788.638393698981,-7.113999652198993,4.438730479936083,451849681.2616017,-8.14183039389661,892.0118333174404,-7.116444264744458,4.436341321349813,427127528.3691851,-8.121343194779238,889.4541123435304,-7.128135523990704,4.424944664889801,423203104.09208363,-8.351095141776717,882.5326359443079,-7.11963817043209,4.43273705643014,440977684.1694521,-8.12828376717941,885.6583543566579,-7.124968540572621,4.427829235681283,439702587.51129544,-8.152957001129577,883.5629593991222,-7.102937321379661,4.447422212504805,245492581.90031415,-8.157517608205165,895.191123135116,-7.100965207090314,4.450473453824995,300422669.79482263,-8.147204978494246,897.3777210751466,-7.101593342442595,4.4546698546638455,454751617.72140414,-8.139533731170983,896.6051881739563,-7.069252003299531,4.463605696141921,5418.5884476887395,-7.987959345113561,896.605150301432,-7.057672012790089,4.471241124688316,1634.0119156989847,-7.938470077926578,896.4892147715422
conf_cylinder_r03_d12,3,"19,21,28",431145366,1e-08,1000,-7.414307423317144,4.1619717090966315,29195171.407827627,-9.122603909314112,758.7345678350762,-7.414307423317144,4.1619717090966315,29195171.407827627,-9.122603909314112,758.7345678350762,-7.414307423317144,4.1619717090966315,29195171.407827627,-9.122603909314112,758.7345678350762,-6.763379645199591,4.801367329797778,30190006.256708425,-8.755100097608413,374.8853008878456,-8.060909863309082,3.540023491046414,29007000.87904172,-9.829009467535222,1544.1312565396147,-7.3919476813300165,4.184938389347307,30510127.33877135,-9.162461939176847,773.5789428345539,-7.441268993194547,4.142742107806426,32725703.459401928,-9.477714956493916,756.6812058193292,-7.424511807971437,4.150024527530786,29171398.237382617,-9.44971238485947,750.9221976162594,-7.389063668620629,4.18247481053915,28149932.1961518,-9.129553856380952,764.9576158638627,-7.389741684547341,4.183767942988859,29177206.29497449,-9.138932203388123,767.2253878416032,-7.483260504173273,4.115937211382955,533636460.7808836,-9.267723233058174,735.5553450923433,-7.414139761396965,4.163650799795601,120580393.31009267,-9.118443044063016,755.6711626956114,-7.414307423317144,4.166137846943676,29195171.407827627,-9.122603909314112,758.7345678350728,-7.39766607305471,4.174495190914538,2502852.2926366595,-9.12081865065881,758.7345673115101,-7.37861985790739,4.18244574722998,5938.210427906707,-9.108585191555346,758.7075321654936
conf_cylinder_r03_d12,3,"5,12,28",1025503992,1e-08,1000,-7.059414097020937,4.473276966853271,15758313.386938833,-7.891669717902579,904.7999721175872,-7.059414097020937,4.473276966853271,15758313.386938833,-7.891669717902579,904.7999721175872,-7.059414097020937,4.473276966853271,15758313.386938833,-7.891669717902579,904.7999721175872,-6.383488904962872,5.14172350772977,14253510.448735066,-7.189279672840416,450.05166478203125,-7.7372866088698995,3.8073529250724554,14335754.017770484,-8.57572401353852,1815.7708063552043,-7.048079186995684,4.483795490045761,13727687.053198075,-7.884957022299347,909.183242526515,-7.0594944569184594,4.473127934173399,15489238.743115654,-7.893353081183982,904.2001571862571,-7.060729347393814,4.471833169321754,14763109.296913939,-7.8776342894478875,902.7842020936532,-7.054604286994943,4.477554255131494,13408716.405374877,-7.860716189115078,905.6190317822092,-7.066975649690998,4.465996447926029,15971412.216239465,-8.053783335943805,899.5180064109786,-7.036434566542767,4.512106612440143,611675818.4042906,-7.707060635108315,935.3866267505094,-7.0749290645896945,4.457313714087084,5653728.381897072,-7.946793039494798,891.5997838707789,-7.059414097020937,4.477754721574817,15758313.386938833,-7.8916697179025785,904.7999721175776,-7.042945622626021,4.486737172005776,2347.418547179988,-7.891669717902575,904.7999710998837,-7.033353320061717,4.4938841698153,1452.4268925217991,-7.891669717902573,904.6128285891369
conf_cylinder_r03_d12,3,"8,20,23",2026697283,1e-08,1000,-7.092537988709817,4.444980651552937,8704459.945256678,-8.049837339404535,890.9128356575568,-7.092537988709817,4.444980651552937,8704459.945256678,-8.049837339404535,890.9128356575568,-7.092537988709817,4.444980651552937,8704459.945256678,-8.049837339404535,890.9128356575568,-6.422480744416587,5.10958872544273,7679014.040502936,-7.539037714788041,442.89944079079226,-7.766320353849407,3.7831459944294332,8794762.779319774,-8.75117072658888,1794.9599308927384,-7.084639000475336,4.452655674792186,9083500.901253948,-8.056657750593457,896.5594369957207,-7.0962630685078745,4.441379764817001,8918406.450093288,-8.033877176303815,887.3357599956609,-7.086249706848928,4.450851494617809,8588076.158588327,-8.046151325465248,894.1357004925773,-7.087929958384794,4.449423052879232,8832832.64713615,-8.045035566046518,893.4801501658933,-7.089148514158967,4.448225691020413,8723346.288304992,-8.058501168675345,893.2945134309806,-7.06041468104617,4.474463028626854,2610223.246298978,-7.907904280711039,911.7295329952849,-7.095969574617745,4.441656111681195,8539695.38284753,-8.06075657547123,888.3044601141789,-7.092537988709817,4.449430081634622,8704459.945256678,-8.049837339404535,890.9128356575528,-7.076702542296246,4.458355707109092,40173.39500395162,-8.04201176844257,890.9128338967872,-7.062651241548256,4.466108224466302,1614.6838571988626,-8.042011768442565,890.8116746373886
conf_cylinder_r03_d12,3,"17,24,27",989524419,1e-08,1000,-7.896080934887866,3.765897282162724,972315.6415421473,-10.898417723470937,604.3890735371001,-7.896080934887866,3.765897282162724,972315.6415421473,-10.898417723470937,604.3890735371001,-7.896080934887866,3.765897282162724,972315.6415421473,-10.898417723470937,604.3890735371001,-7.159159416226176,4.443200435889436,1151407.5159813191,-10.26497877300144,312.5016910915515,-8.584913994867334,3.160974662664841,1043631.2040293047,-11.602628864352827,1218.197686527965,-7.882830358947389,3.776309277971929,856767.5069998783,-10.878772144830261,610.0063777773349,-7.824807174010774,3.8241817728452556,1045397.0970461878,-10.372120150420029,626.367353443973,-7.906969665918167,3.7589737328395336,1114444.5626943456,-10.89094512376675,601.082124422827,-7.934535791441489,3.7470753690320766,1136971.6731168951,-11.574794323333919,609.3547977093451,-7.914647496116123,3.757720346196391,1133322.384119892,-10.950416141294326,611.5273847646276,-7.932840928963504,3.7267054219390747,915114.7784440458,-10.980318151828985,579.6816846253577,-7.79948431835654,3.839859960315173,17010221.39279521,-10.482714740202102,624.6021165615977,-7.896080934887866,3.7696669491117896,972315.6415421473,-10.898417673012602,604.3890735370926,-7.883274631689814,3.7772288626449178,28031.684040024902,-10.89841762853379,604.3890637505044,-7.871054890782924,3.784601050880753,24884.164394134623,-10.898400225282726,604.3776070320062
conf_cylinder_r03_d12,3,"7,12,24",163193595,1e-08,1000,-7.790112827082155,3.8865260249407982,9445002.337361148,-10.572443559642466,655.1457494705274,-7.790112827082155,3.8865260249407982,9445002.337361148,-10.572443559642466,655.1457494705274,-7.790112827082155,3.8865260249407982,9445002.337361148,-10.572443559642466,655.1457494705274,-7.15997078309822,4.467141942372007,7938529.7288006395,-9.86370683136121,318.8393607709755,-8.502839901110152,3.25620995166528,8634380.989625815,-11.270758406922324,1313.298627536574,-7.78155760689979,3.8885865878456007,8240550.201965986,-10.590559599571177,661.8539150017618,-7.828407482705018,3.8595879811797285,7872070.559840437,-11.20204788814184,651.5547130136931,-7.755093882554289,3.9096868588180214,8997264.90161468,-10.244037703215,662.5389179433467,-7.823238652737897,3.8594720432189007,8258203.535865308,-10.594139645370449,649.9957269268518,-7.8288732060217745,3.859820381151158,8986413.38355921,-10.600004708402382,650.8739127739226,-7.849727813338236,3.8521361625506843,235912104.86209154,-10.649572584765245,635.7171512161317,-6.97971890222822,4.546907648258616,1771856.185173332,-7.5063337015738085,955.428374414817,-7.790112827082155,3.8904164413821545,9445002.337361148,-10.572443559642466,655.1457494705222,-7.774896178419617,3.898220676278784,53154.71870592595,-10.572443559642455,655.145748245577,-7.759634387278235,3.9059917020842403,38489.67140179727,-10.572443559642439,655.1418141174358
conf_cylinder_r03_d12,3,"7,9,13",1524838656,1e-08,1000,-7.070063500591718,4.4636936212717035,9483681.364263192,-8.015264761275931,907.8641900722874,-7.070063500591718,4.4636936212717035,9483681.364263192,-8.015264761275931,907.8641900722874,-7.070063500591718,4.4636936212717035,9483681.364263192,-8.015264761275931,907.8641900722874,-6.41861697587646,5.107892819317355,10322340.618658945,-7.552727422972233,446.98075743991797,-7.748577888472776,3.7991152244027915,9824571.614972759,-8.667065205690553,1827.079220491161,-7.081727500628912,4.45286145880779,10647449.484623594,-7.999164945770128,902.9367671497955,-7.062659310228588,4.470725809585555,9394850.448158795,-8.018062647209032,911.5823103987098,-7.081815190446394,4.4527945784886285,9813925.792014286,-8.015542266058752,903.7252316844002,-7.092037165875796,4.443359264725224,10532472.97827708,-8.262630770151778,899.9284566986912,-7.075042502374656,4.4588889811532635,9400014.979789933,-8.013132475523319,905.0762454130609,-7.07823657825671,4.455895594123051,8973487.01907392,-8.057972493968151,903.2002754010409,-7.063659660711098,4.4820290422009705,164423745.73327276,-7.901494899802905,916.3817122085624,-7.070063500591718,4.468161783054713,9483681.364263192,-8.015264761275931,907.8641900722754,-7.054115154251873,4.47712498562939,2578.0326705900593,-8.01526476127593,907.8641884194479,-7.043816232867475,4.48476960451834,1601.2349077370534,-8.015264664888972,907.7486444173719
conf_cylinder_r03_d12,3,"0,12,16",8134474,1e-08,1000,-6.982130356718929,4.542099925769045,180262.214857017,-7.448721905436609,949.2717238717202,-6.982130356718929,4.542099925769045,180262.214857017,-7.448721905436609,949.2717238717202,-6.982130356718929,4.542099925769045,180262.214857017,-7.448721905436609,949.2717238717202,-6.308347913054676,5.204880646784874,182660.01326923736,-6.738374355113574,470.7731481905265,-7.669648694104722,3.8675393206301583,179687.81541611618,-8.150689855835116,1900.441217569373,-6.9858351978609186,4.538605646528262,191439.80531894733,-7.4583040340137305,947.7610939784308,-6.987471688408905,4.5369645615052105,183006.21011577177,-7.460481797591142,946.1915141360654,-6.979697187129284,4.544377530422175,175580.7475075964,-7.462902901902183,951.0968564147034,-6.993159692594733,4.53144036177797,182899.0281772234,-7.598372211730537,942.0312826816522,-6.987881462868886,4.53664137793835,196253.38691220112,-7.4514448709954895,946.1426467259549,-7.005783647183006,4.538601783103382,344215806.8415326,-7.556784020075425,944.1762059400957,-6.979868354870499,4.544338163836732,181890.88963064144,-7.458363047775875,951.6015358881251,-6.982130356718929,4.546646572341375,180262.214857017,-7.448721905436608,949.2717238717169,-6.970076371975762,4.555766665575104,1432.0480835939031,-7.448721905436607,949.2716539507453,-6.9618027017067945,4.562633057457519,1159.9142032228951,-7.448721905436606,949.0261829835035
conf_cylinder_r03_d12,3,"14,17,28",247635020,1e-08,1000,-8.576189669675806,3.192113396811039,417329651.7839947,-13.020411740257478,444.2670640125076,-8.576189669675806,3.192113396811039,417329651.7839947,-13.020411740257478,444.2670640125076,-8.576189669675806,3.192113396811039,417329651.7839947,-13.020411740257478,444.2670640125076,-8.114587120362575,3.590078460816003,468876463.0534737,-12.99135754802802,207.53405606730854,-9.391550831716525,2.607906349575563,427444648.7430151,-14.196230096958999,853.8944430958433,-8.715022318724419,3.122430752790029,468509292.0317446,-13.176586763541406,427.62686758153495,-8.831395391405854,3.0604124702548035,492690053.64135,-13.717856005053473,410.73817499586494,-8.74730160911115,3.111171572256856,431834272.31562805,-13.755485455401047,422.83195438517566,-8.777039088731508,3.1143113152939157,448728205.3780455,-13.710108683703366,428.53782017707147,-8.809351245082874,3.112058738101558,477261926.18456006,-13.82651811885772,434.5547533678605,-8.677881669019563,3.1357782518641093,165414329.02883643,-13.259304760868556,427.17490682299905,-6.97711076507373,4.550729013958374,5532554.644911962,-7.324640392699696,954.6971712262806,-8.576189669675806,3.1953087055169056,417329651.7839947,-13.020411740257478,444.2670640125001,-8.576189669675806,3.2017185524687943,417329651.7839947,-13.020411740257478,444.2670640124997,-8.576189669675806,3.2081541676496363,417329651.7839947,-13.020411740257478,444.2670640125001
conf_cylinder_r03_d12,3,"3,4,31",37260850,1e-08,1000,-7.192409904830697,4.359530341696047,539304631.9384824,-8.507637818852652,836.6428967420982,-7.192409904830697,4.359530341696047,539304631.9384824,-8.507637818852652,836.6428967420982,-7.192409904830697,4.359530341696047,539304631.9384824,-8.507637818852652,836.6428967420982,-6.555137217045683,5.002794427604006,628165124.2293335,-7.836621837721103,411.9134518246309,-7.881985077319992,3.6726479246287074,110090.11220455269,-9.18748848957974,1651.8824095744,-7.210862743455027,4.342401102217326,562178861.5158615,-8.488657855954637,827.9978800769682,-7.2096359256333065,4.343560295574121,581552007.0753597,-8.502614277963588,829.2270920651866,-7.211704531648845,4.341550210937772,560580604.2001444,-8.484660332405122,827.1383134059047,-7.21374533469568,4.339973942252453,582562623.6601413,-8.506124583058739,828.7615398406126,-7.2152038598948725,4.3381815423565335,566716561.5929577,-8.483350604968416,824.9913904910339,-7.128918340504499,4.418332133784639,81261917.45634574,-8.273986304729275,874.87478690189,-7.197396292679012,4.349746156484918,2858440.119720178,-8.551665846142818,831.9727642312386,-7.192409904830697,4.363894235931993,539304631.9384824,-8.507637818852652,836.6428967420982,-7.161254274185414,4.372647297741991,2236.2682383221677,-8.507637818852647,836.6427918840961,-7.152986773865798,4.379617430851602,2022.5484143072113,-8.507637818852642,836.4974849311719
conf_cylinder_r03_d12,3,"6,17,27",1222508182,1e-08,1000,-8.877159758828832,3.0978566582555436,45357125.117896155,-14.575931284855315,429.2069613208371,-8.877159758828832,3.0978566582555436,45357125.117896155,-14.575931284855315,429.2069613208371,-8.877159758828832,3.0978566582555436,45357125.117896155,-14.575931284855315,429.2069613208371,-8.370298302154238,3.5388421131671084,1064899239.8157935,-13.514092936373055,204.71673150292486,-9.608147693028105,2.5898647116538105,66704823.529164694,-14.865663434352632,856.7927214024127,-9.116180192526743,2.9802110784869313,153658529.31969878,-14.942864773108825,406.146862106763,-8.881088552638355,3.096730644253649,1090840801.1213992,-14.181564534824409,428.35707093790404,-8.932964579231962,3.052701251425536,1090845361.0673249,-14.821598335577985,420.2814977306517,-8.985911760460372,2.9719371345079497,45163544.72547222,-14.8650469849255,398.4289879203289,-8.96673650713165,3.0383770089912905,166814713.1611084,-14.133354575604313,408.934851092931,-9.138705379736912,3.1227140725534164,6014943.761278428,-14.325662292198896,433.8373591949163,-7.070376596791318,4.459710021526038,1174975.350435388,-7.934504371137955,889.6798947235137,-8.877159758828832,3.100957615871469,45357125.117896155,-14.575931284855315,429.2069613208363,-8.877159758828832,3.1071781928341,45357125.117896155,-14.575931284855315,429.2069613208363,-8.877159758828832,3.1134237771413042,45357125.117896155,-14.575931284855315,429.2069613208363
conf_cylinder_r03_d12,3,"19,20,23",1164296183,1e-08,1000,-7.944325753672946,3.6446710698155127,312069977.78272694,-11.250893813294157,580.8722188158196,-7.944325753672946,3.6446710698155127,312069977.78272694,-11.250893813294157,580.8722188158196,-7.944325753672946,3.6446710698155127,312069977.78272694,-11.250893813294157,580.8722188158196,-7.318034639800518,4.178568190347212,300184322.0483499,-10.527795339231853,280.6074205709715,-8.642790023589617,3.0618584334953582,309018767.83274436,-11.933753131787183,1168.1300509045716,-7.973540217345545,3.5731385234094746,303411809.1290433,-12.077647253479366,571.1670304612514,-7.956245472469249,3.5893184996410548,303783400.26371527,-11.250517512855593,572.2440701557251,-7.936704329942806,3.573511812609899,302353063.6560513,-12.062693247066964,569.5414644638953,-7.931239604189429,3.6118861482018083,313516712.83386916,-11.228738357200001,570.6902004054001,-7.91577181342416,3.63471151008356,326944198.08567727,-11.265836231888278,584.7389097093914,-8.005626956318952,3.6227017654635985,200561912.86498764,-11.492932853887982,579.3220306043632,-7.0267216597220905,4.529142123724971,1020640404.3823495,-7.613741907736596,939.2022096709985,-7.944325753672946,3.648319389204787,312069977.78272694,-11.250893813294157,580.8722188158175,-7.944325753672946,3.655637983766883,312069977.78272694,-11.250893813294157,580.872218815817,-7.944325753672946,3.6629859998146563,312069977.78272694,-11.250893813294157,580.8722188158175
conf_cylinder_r03_d12,3,"15,17,21",1088723348,1e-08,1000,-7.313280100822896,4.256744130248968,160887751.39989468,-8.912422654738602,804.3465497441424,-7.313280100822896,4.256744130248968,160887751.39989468,-8.912422654738602,804.3465497441424,-7.313280100822896,4.256744130248968,160887751.39989468,-8.912422654738602,804.3465497441424,-6.639507718477441,4.927628128803756,144901853.49615046,-8.213277017514637,402.1217781875785,-8.003236101400162,3.5891698236700393,154068458.84199706,-9.622074458913307,1602.9459197309693,-7.293191241524348,4.273949341224746,150403189.23035517,-8.932500966443463,810.6915142089853,-7.294280141578127,4.275391127189754,164752211.48340812,-8.924513368717925,815.6472409206555,-7.3166442061067105,4.252036611684492,145616593.22012052,-8.901867225190278,799.577997623449,-7.285773380338259,4.281914497119788,160617116.48250905,-8.94119601855237,816.6542582758818,-7.322647447027744,4.2478096946610036,149466458.46045363,-8.957375624030194,801.4756556714136,-7.359157958350856,4.214292013550547,147104334.68426505,-9.044443375467774,779.5006981916725,-7.332241721341813,4.239200492820677,146335916.73602706,-8.961932999744175,793.2361730512638,-7.313280100822896,4.261005135384402,160887751.39989468,-8.912422654738602,804.3465497441409,-7.281945213947307,4.269552594812163,5442.753050029132,-8.912422654738586,804.3465273678306,-7.271120906387724,4.277210722961762,4030.59761256762,-8.912422566344576,804.2821122332201
conf_cylinder_r03_d12,5,"0,2,17,23,31",1956680227,1e-08,1000,-7.047973078328797,4.496222911176572,81785592.904367,-7.771706436519304,915.3496829188889,-7.047973078328797,4.496222911176572,81785592.904367,-7.771706436519304,915.3496829188889,-7.047973078328797,4.496222911176572,81785592.904367,-7.771706436519304,915.3496829188889,-6.389823303877529,5.160967066565624,78848847.52277844,-7.221539271122906,454.9692873905014,-7.721169737512209,3.8277356036684096,83307884.67097318,-8.474229369282858,1838.4755617681792,-7.061485198892929,4.4834407563109675,85524346.91209507,-7.908584934591421,907.352127497878,-7.052369907304743,4.492012756168528,82455930.45496564,-7.765764710271004,912.0505819754098,-7.044366499064448,4.499763311128481,84118987.12053812,-7.772822910657932,917.6595329358319,-7.0476205354869474,4.496614462329755,84498131.18219411,-7.772617549881812,915.657204254672,-7.054395442140016,4.490309483082127,87027688.11384457,-7.762077655492975,911.718074714392,-6.991265464227085,4.551073228683715,39356031.10490236,-7.448413332866433,957.5162901860925,-7.055673718856029,4.488769649183088,81117893.03869796,-7.798898406848321,909.1420314369136,-7.047973078328797,4.5007236348114015,81785592.904367,-7.771706436519304,915.3496829188873,-7.017606955348332,4.509751727757193,1613.3652219433918,-7.7717064365193025,915.3496289305943,-7.009484454674428,4.516399896298667,1309.0707418683874,-7.7717064365193,915.0820687444334
conf_cylinder_r03_d12,5,"2,7,18,23,31",2034922729,1e-08,1000,-7.54754463709348,4.066886434027805,60664630.634290054,-9.65659626329583,728.0752932771336,-7.54754463709348,4.066886434027805,60664630.634290054,-9.65659626329583,728.0752932771336,-7.54754463709348,4.066886434027805,60664630.634290054,-9.65659626329583,728.0752932771336,-6.949182808899946,4.652646061831021,63465609.809176125,-9.373344362282802,353.2653350980814,-8.199011441706654,3.446286100057025,56054495.90413572,-10.3282415251987,1469.5252561216587,-7.58719972051772,4.032291126841618,59456875.41212337,-10.05650684735733,717.1669108819056,-7.555661706103272,4.058144604084945,57340324.59517989,-9.624605465426368,725.0961775937938,-7.559105421506008,4.055410318340741,60353189.119941354,-9.681340073918609,727.9750883443443,-7.589148985846094,4.03314694450183,65149195.30434851,-10.05393105669051,720.88012281688,-7.577241893749412,4.0390034370905665,60946371.12064582,-9.878109284188364,715.2976303698567,-7.519717774756999,4.083218739061866,32989988.693800107,-9.582235873656895,732.6677259396794,-7.551934985555118,4.062985886226052,59359577.96237939,-9.665732225519065,725.7726270333451,-7.54754463709348,4.070957391419192,60664630.634290054,-9.65659626329582,728.0752932771264,-7.5155618810867635,4.079123781474552,22791.146481050295,-9.656583969680756,728.0752903488435,-7.5015158120296155,4.087070313282688,11562.905627769154,-9.602985590245762,728.0601744107595
conf_cylinder_r03_d12,5,"1,12,16,26,28",668226958,1e-08,1000,-7.438513409923339,4.14492980469541,50619975.38732858,-9.530512828729481,755.2911801485664,-7.438513409923339,4.14492980469541,50619975.38732858,-9.530512828729481,755.2911801485664,-7.437386665814605,4.14492301552731,19083355.729033746,-9.530549040889634,755.2828822083945,-6.78247258385086,4.793510859999649,55678925.70034169,-8.843644211153991,377.0351362116944,-8.089569415420426,3.5256356559236273,52329077.5713621,-9.869505330417939,1543.2199633363587,-7.410568759114173,4.175127713353308,58813003.808392756,-9.213335799073217,774.2807049343079,-7.425114598913414,4.160235247815594,58265755.26722281,-9.194825327099498,763.9931420883651,-7.383544781854212,4.194102833297393,56223428.20104956,-9.166525027957642,774.0303960369805,-7.411842958241729,4.168497894747286,50734311.93386046,-9.143116053200133,764.2308307861326,-7.395798205815742,4.183374984059609,52882069.915075056,-9.160753794859941,769.5362187012038,-7.44335230477976,4.140526853427124,51121440.55000557,-9.540410158122093,752.3779013050888,-7.435679552362316,4.145380441494343,5948427.969319102,-9.525700289966032,755.234132341638,-7.438513409923339,4.149078883578882,50619975.38732858,-9.530512828729478,755.2911801485436,-7.409320780428969,4.1574016090583275,7439.742054348258,-9.530512828729472,755.291138581969,-7.398409481572251,4.165122941645976,6301.814738822261,-9.53051282872946,755.2515318274459
conf_cylinder_r03_d12,5,"11,13,20,25,27",1311875616,1e-08,1000,-7.238281568199924,4.317981199314921,26847059.818691224,-8.525389548667691,816.3797647339671,-7.238281568199924,4.317981199314921,26847059.818691224,-8.525389548667691,816.3797647339671,-7.238281568199924,4.317981199314921,26847059.818691224,-8.525389548667691,816.3797647339671,-6.557629237383566,4.99914128401175,28336766.02115405,-7.834276364727189,410.06105437905063,-7.911835810401467,3.657102712073072,26411783.923026953,-9.187484109285615,1631.799808298043,-7.239312058424811,4.3162646502766435,26969391.534044504,-8.484327825394196,812.1681166463404,-7.21515603790178,4.339451384022503,26536311.819820516,-8.508225329204835,826.2493141257112,-7.230108365582062,4.325244228844692,27087342.722942684,-8.50355902168763,818.5379491149183,-7.2474299753290605,4.308744623965866,26651997.510922704,-8.725660699803695,810.0379903198731,-7.217934522472448,4.336513611891011,26424872.754658595,-8.50053688077501,822.7741299578549,-7.2573849914257185,4.300110802529308,23372499.37821115,-8.619244274305764,810.2510333870385,-7.242721777152945,4.313752676187885,26980483.434111882,-8.53204276893409,812.8506810297127,-7.238281568199924,4.322303502817712,26847059.818691224,-8.523018330787693,816.3797647339607,-7.2089145490428805,4.330973854448382,3656.4334861927523,-8.515078761809255,816.3797340334999,-7.199043115760631,4.338152307157307,2556.382241291953,-8.515078761809253,816.2527836317207
conf_cylinder_r03_d12,5,"6,7,17,20,29",1852225881,1e-08,1000,-7.725294813660484,3.9108939090591055,98008895.7343037,-10.358183158457232,647.8147404589375,-7.725294813660484,3.9108939090591055,98008895.7343037,-10.358183158457232,647.8147404589375,-7.725294813660484,3.9108939090591055,98008895.7343037,-10.358183158457232,647.8147404589375,-7.160354900145172,4.468408507204236,124994114.99950592,-10.271443544523725,317.16397884628947,-8.476748074784044,3.241867470030623,106052998.96264651,-11.594340544279946,1271.8747201139588,-7.773780244685174,3.8759148687228495,104192461.8792134,-10.369871733221604,639.7037748288249,-7.749515052882975,3.9007768025055385,108849488.47509956,-10.352254689050005,646.577490854175,-7.796794475355554,3.8669516291048556,117121447.71157917,-10.432348249056238,645.6341101522737,-7.801193542633015,3.858948461696155,107814266.48455316,-10.91275356354509,634.9945608995646,-7.7784478718123555,3.8778390596396113,106712867.68176082,-10.411467571855496,643.2460776448282,-7.746428931399731,3.8917106525452745,69361824.35689534,-10.411433389335308,638.972574733739,-7.033679891731525,4.512809394510266,82391270.61849941,-7.725500133893436,926.0140009533272,-7.725294813660484,3.914808717777215,98008895.7343037,-10.358183158457232,647.8147404589266,-7.69322828612759,3.9226618697739664,16884.806204684985,-9.955394503141687,647.8147377467621,-7.681978396954452,3.930193871670166,15541.867548741506,-9.893452212728503,647.7956081634306
conf_cylinder_r03_d12,5,"3,7,9,19,26",480028446,1e-08,1000,-7.2422542124789775,4.311115422299217,39881181.79103998,-8.66711966247174,815.6799811466564,-7.2422542124789775,4.311115422299217,39881181.79103998,-8.66711966247174,815.6799811466564,-7.2422542124789775,4.311115422299217,39881181.79103998,-8.66711966247174,815.6799811466564,-6.610863180456554,4.943358799573094,38492235.72589592,-8.21157092992483,400.27576653278675,-7.935327901288209,3.6350299059736026,40974810.44084739,-9.367760765178781,1620.8160987538529,-7.2486744696932615,4.3060782915312545,41669845.80683202,-8.689918768892419,815.476511770386,-7.230443417426476,4.322321721531887,40454305.00330541,-8.691080204263638,821.8897787473804,-7.227022861362834,4.325427922884971,41044977.11972222,-8.671956686646167,821.6738089046195,-7.246962971253064,4.307260730886106,41080971.08073975,-8.706790918172464,816.683280452957,-7.238106164628821,4.315516221882616,42817791.15033125,-8.68623796121774,818.7008857400484,-7.174387035910061,4.37358034294718,10320890.941992218,-8.41580118872039,849.6806544894126,-7.1058211662349935,4.439926979325648,32326507.594890006,-8.11488392418594,887.7695693674722,-7.2422542124789775,4.315430853152368,39881181.79103998,-8.66711925639775,815.679981146657,-7.214185620550277,4.324086248901433,2776.0101415422205,-8.667119256397738,815.6798365446728,-7.205522497231058,4.331182114053182,2482.0115828730623,-8.66061995959789,815.5578542932634
conf_cylinder_r03_d12,5,"5,15,19,24,29",252450438,1e-08,1000,-7.198970462257637,4.358764096086093,143698790.59792697,-8.372897576896282,838.3688958418808,-7.198970462257637,4.358764096086093,143698790.59792697,-8.372897576896282,838.3688958418808,-7.198970462257637,4.358764096086093,143698790.59792697,-8.372897576896282,838.3688958418808,-6.583964067367335,4.983165505602494,138129803.29573792,-7.820238928606945,406.85666970122077,-7.887904685876356,3.679750876760674,138964220.11708787,-9.240500039224912,1665.8499269339563,-7.21294164168805,4.345454842421164,140568278.1155963,-8.542312772531378,831.9631492754296,-7.20648693915332,4.351334443149428,141400749.945944,-8.543014551291947,833.8655934372426,-7.223288889938983,4.335587976196787,151922375.51292267,-8.556193684807026,827.1976119804503,-7.236431573537179,4.322301210137985,136420645.77968776,-8.512792510127376,815.46912843982,-7.217303916557985,4.341277228337434,145785410.32854027,-8.540118739453321,828.8411683551079,-7.11076797551384,4.441010910713241,158775282.4735171,-8.019336596409293,887.7775973519953,-7.192562650121736,4.357392201854492,36685163.290115535,-8.377489804078005,836.6574081051488,-7.198970462257637,4.363127223309411,143698790.59792697,-8.372897576896282,838.36889584188,-7.165385476444882,4.371879712206573,6055.45096151158,-8.342494066741638,838.3688926387447,-7.154008566161018,4.379292308615571,2105.5337861054263,-8.339519464480318,838.2543711179378
conf_cylinder_r03_d12,5,"0,11,27,28,31",1202300903,1e-08,1000,-7.087015278968582,4.46227257729311,227148527.2396285,-7.906031048232081,889.3939314032151,-7.087015278968582,4.46227257729311,227148527.2396285,-7.906031048232081,889.3939314032151,-7.087015278968582,4.46227257729311,227148527.2396285,-7.906031048232081,889.3939314032151,-6.4227546081999645,5.135831347581948,225824087.54673338,-7.196092555883581,445.0834364618489,-7.760131542501493,3.793136516873305,234056285.68809158,-8.577396503451821,1783.880724512306,-7.081089578231512,4.468157592077785,233864767.10174668,-7.887278238025397,893.1243501506043,-7.084939401308673,4.4641295574272934,230477727.16823277,-7.982422791234975,888.9313705032598,-7.0753771966674925,4.473480484784982,242171558.78772202,-7.8917738850151204,895.9926685360007,-7.074830288069432,4.474069102273688,230944145.5817056,-7.759069610411939,896.8639161214312,-7.082395537265476,4.466737082964087,230650686.28255165,-7.886370736484989,891.5174788717858,-7.008089870247381,4.537104185402328,41155548.82813419,-7.55070738750689,947.0903187879479,-7.08927432422638,4.4600098021297505,211304366.06653875,-8.008047038634707,887.3314664284337,-7.087015278968582,4.4667393166098455,227148527.2396285,-7.906031048232081,889.393931403208,-7.0558345489020144,4.475699174723885,9625.236696438846,-7.882329535981433,889.393872099507,-7.044039606329387,4.482906701266662,1418.8261448558849,-7.879435274560671,889.2138396667382
conf_cylinder_r03_d12,5,"8,14,20,23,27",694334428,1e-08,1000,-7.143160325424442,4.394406928851299,4217306.830638105,-8.281317959879468,848.2832513142414,-7.143160325424442,4.394406928851299,4217306.830638105,-8.281317959879468,848.2832513142414,-7.143160325424442,4.394406928851299,4217306.830638105,-8.281317959879468,848.2832513142414,-6.476942108324243,5.053981659420927,4564629.2839178555,-7.604039474817955,422.5730167429988,-7.8456823402292395,3.7086714068840974,4895791.9648547955,-8.960861082437205,1679.2108215449268,-7.174766827077739,4.3647809079579165,5031229.837331522,-8.44291270018762,832.5061971637004,-7.160061047213649,4.3785284902684705,4777336.991972592,-8.264877888757614,838.325962761452,-7.174610312777043,4.365307120614862,5530462.982744183,-8.46067155877562,833.1611236421174,-7.164902634174528,4.374294999758524,5114514.1168473335,-8.275522085736545,838.2584569039708,-7.160533683806222,4.378321627796392,5004291.920663443,-8.254078753528372,839.6518791454442,-7.085591185629072,4.468044198032112,161781048.2949995,-8.01427237655926,902.7968407272623,-7.164932212099305,4.388510363175642,133154565.51284897,-8.312422200519714,845.4172036967634,-7.143160325424442,4.3988057345856735,4217306.830638105,-8.281313342649694,848.2832513141916,-7.128102328996167,4.407629794361625,18860.948365989327,-8.281310922503813,848.2832479899788,-7.114989755769457,4.415265591578856,1770.962251499396,-8.273454764473115,848.1844091626305
conf_cylinder_r03_d12,5,"3,6,15,16,27",862948415,1e-08,1000,-7.213977005469582,4.342258721683744,67922617.99955744,-8.518878057088203,830.3817302198207,-7.213977005469582,4.342258721683744,67922617.99955744,-8.518878057088203,830.3817302198207,-7.213977005469582,4.342258721683744,67922617.99955744,-8.518878057088203,830.3817302198207,-6.578597122529131,4.983109062775544,69429551.09627518,-8.051359129940234,407.5122119685337,-7.908643204579455,3.6606923821725514,68520978.5654393,-9.206431929017146,1644.5441864074455,-7.2280795760700975,4.32901881842381,66075225.283140086,-8.497087754873942,823.2645969485585,-7.245807392511581,4.313207218434746,73425137.76001272,-8.738731459882526,817.8979992354662,-7.234470559634969,4.322540489745857,68550606.34366491,-8.517791183502807,818.1584130056801,-7.216618345840791,4.340753793811156,69431606.455152,-8.520580608636472,833.131315431082,-7.211806523757867,4.3442788977585245,69613909.23134069,-8.523731403455882,832.5424578205005,-7.147026300081591,4.404730958973679,53329911.10733975,-8.271015044378686,865.9007549278707,-7.210199047823454,4.33965033141742,38418964.12518955,-8.523570738153365,826.8010774908754,-7.213977005469582,4.346605327010783,67922617.99955744,-8.518878057088203,830.3817302198185,-7.182581068274774,4.355324601867346,3811.4653878812746,-8.518878057088193,830.3817184419424,-7.171506485674076,4.36313261834465,2257.0569427522328,-8.518877999071707,830.3134723083004
conf_cylinder_r03_d12,5,"5,19,20,27,31",588596909,1e-08,1000,-7.2310471181839215,4.329538905032998,322348363.20889646,-8.416666852472796,809.2949223696131,-7.2310471181839215,4.329538905032998,322348363.20889646,-8.416666852472796,809.2949223696131,-7.2310471181839215,4.329538905032998,322348363.20889646,-8.416666852472796,809.2949223696131,-6.599691513911682,4.9726492223773775,312393809.1683842,-7.889021751061161,397.52756882541235,-7.900406857250353,3.667064411133713,315379436.1040742,-9.135920855448607,1624.2487969146728,-7.2358759754482165,4.32442828120814,317279718.19398934,-8.431991585591952,804.360328976377,-7.219882881949487,4.33991841539619,307079935.9002526,-8.30425698959889,813.897518142164,-7.224581108832326,4.335139948280424,309495067.71483684,-8.432676275954089,810.1750598337603,-7.246525696291433,4.314081970019395,327580221.7314488,-8.416235495743594,796.6996885840958,-7.22190573312433,4.337843692274803,311027522.9675827,-8.442045702783576,813.4169564923494,-7.12437901334394,4.429479852029608,216640615.49180412,-8.068583632498887,877.5718568725351,-7.234501068754892,4.3260907197428375,292010413.0327523,-8.423585914916469,806.3652199853228,-7.2310471181839215,4.333872777810836,322348363.20889646,-8.416666852472796,809.2949223696123,-7.195763047121037,4.342566595921409,11427.336385389402,-8.410261739719813,809.2949211018721,-7.183424075489363,4.35004851218377,2113.8140810455548,-8.410261739719811,809.1973821246379
conf_cylinder_r03_d12,5,"13,17,20,30,31",45794256,1e-08,1000,-7.27368102296179,4.284713870349756,139721089.023019,-8.876974309027466,794.2087513820345,-7.27368102296179,4.284713870349756,139721089.023019,-8.876974309027466,794.2087513820345,-7.27368102296179,4.284713870349756,139721089.023019,-8.876974309027466,794.2087513820345,-6.583000535987911,4.977143268437022,142552946.47246313,-7.764393193527916,404.1291411494847,-7.9314049909767865,3.6389208391619396,131586035.23724122,-9.313807841808071,1605.0156033298495,-7.262431427083322,4.295390840427293,140708796.07456517,-8.626026421634487,800.9615173695307,-7.237283508581312,4.318359504142748,133384598.17745814,-8.551000553884057,810.5020874473335,-7.260315624949021,4.297042282523798,136454079.8511192,-8.630548839445776,800.8877357216772,-7.2862116875842515,4.272941281965979,136865753.4920922,-8.846752341700904,788.7890262242736,-7.260652592852234,4.295911758538302,127925420.85442068,-8.593528714388983,795.9734581392088,-7.185358077845476,4.3691925574781845,183912069.46869218,-8.614228478517504,852.0727347910373,-7.286066281540408,4.272832744023539,119490540.09088387,-8.907625688233695,786.1322701303903,-7.27368102296179,4.289002873222942,139721089.023019,-8.869039723507962,794.208751382026,-7.243053738366304,4.2976063215740234,3404.871305816759,-8.696091314321322,794.2087111936917,-7.233731280968142,4.304629558001755,2675.3668186533214,-8.636880342110693,794.0763351454381
conf_cylinder_r03_d12,5,"1,3,5,21,22",1790026521,1e-08,1000,-7.081423056378537,4.466813397487751,37349316.38986418,-7.962098717911029,906.6408873076431,-7.081423056378537,4.466813397487751,37349316.38986418,-7.962098717911029,906.6408873076431,-7.0800578937748595,4.4668312291804835,34416596.27239298,-7.962129508849583,906.6451565897495,-6.436526120890515,5.119647702599572,39343423.218069695,-7.437389871923102,448.9650799343703,-7.752746706891684,3.801188480118995,37253127.51716337,-8.671793589190296,1823.9308953028928,-7.077348377556214,4.4705489299161,36996585.79090168,-7.965772789116353,908.9619330012654,-7.092527769641251,4.455860462406175,37097953.55008713,-8.174355806488212,899.7910337659791,-7.0899392071015255,4.458656024564345,36670026.25925373,-8.171327028838473,903.046553764003,-7.09137536301071,4.457726271763185,39005191.872230254,-7.975183344000422,904.1900488519167,-7.094237907952295,4.454520065851419,36439894.493590645,-8.177945792050808,899.7733026445926,-7.0825361032556104,4.465748014909242,37574827.54826564,-7.970778632052775,906.2545926775502,-7.085313397695051,4.463094169908717,37461337.75507426,-7.984336789932371,904.5657142449876,-7.081423056378537,4.471284682169648,37349316.38986418,-7.962098717911025,906.640887307577,-7.050346855563197,4.480254067385573,2470.852927805078,-7.962098717911019,906.6408746468567,-7.040000644987689,4.48795975118895,1530.9049922228671,-7.962098717911018,906.5320659252562
conf_cylinder_r03_d12,5,"4,11,17,22,23",1132819322,1e-08,1000,-7.791695879829523,3.8218264905752406,4616413.700822322,-10.473528599262247,599.1751798675584,-7.791695879829523,3.8218264905752406,4616413.700822322,-10.473528599262247,599.1751798675584,-7.791695879829523,3.8218264905752406,4616413.700822322,-10.473528599262247,599.1751798675584,-7.110713593821616,4.471925870717705,4674825.991708383,-9.817051906428441,302.3749593369811,-8.456507942174158,3.218244400327471,4474545.451376591,-11.193295697912534,1221.886660299687,-7.795474375239338,3.8194868302059954,4186984.130303925,-10.454699364681076,591.5311137158643,-7.771477177820191,3.841127054549814,4509907.504701661,-10.50696767003764,610.8119333488255,-7.7782774085523165,3.8364612159525957,4404918.028406524,-10.494985354155718,606.1674604493785,-7.7910181026080245,3.8272963703392238,4386774.224202942,-10.4738749090901,602.8279785627811,-7.75459229582851,3.8602950027969105,4665738.501957449,-10.52481956329416,618.7149769632837,-7.786661767977946,3.819835738400789,4489320.09173532,-10.433566241340431,591.6318977298778,-7.0201593611254,4.517263146988757,5568585.204719092,-7.64956484067112,927.934718119775,-7.791695879829523,3.825652142717994,4616413.700822322,-10.473528599262247,599.1751798675564,-7.768748593646418,3.833317383814605,11401.94556878931,-10.473528599262236,599.1745891689269,-7.7598713210575525,3.8401479904676914,10990.452655277133,-10.47352859926223,599.1300415265935
conf_cylinder_r03_d12,5,"3,9,22,25,29",330472980,1e-08,1000,-7.312629716404667,4.2419284413032345,21137680.164612737,-9.003540674296877,765.3503724819581,-7.312629716404667,4.2419284413032345,21137680.164612737,-9.003540674296877,765.3503724819581,-7.312629716404667,4.2419284413032345,21137680.164612737,-9.003540674296877,765.3503724819581,-6.6297382928664526,4.919954570792964,20805116.50556369,-8.054545762970331,382.220641070375,-7.9698173704049795,3.6008320956277786,20633385.787987903,-9.453746449587909,1551.2757668798345,-7.297222583405036,4.256808560517044,22030591.589978836,-8.816298305305107,774.659998771785,-7.281305996515147,4.271337809166723,22228400.792547,-8.778769580460956,780.3212558569579,-7.289195284770055,4.263568438806514,21198848.22547173,-8.771004849284862,772.958362992837,-7.307447916786967,4.247156906284424,21915317.848007206,-8.78245986716159,770.0855415256394,-7.315140442240072,4.239507130031839,21102203.396245405,-8.988996679994603,763.0153822146741,-7.2051655261236975,4.342675233566806,10326754.759926097,-8.632001837915041,823.7761952665646,-7.314155311325058,4.239110369594437,3316599.461772414,-9.027367562994748,765.9798395883963,-7.312629716404667,4.246174615919126,21137680.164612737,-9.003540674296874,765.3503724819512,-7.286536020747778,4.254687789285795,3066.834336720647,-8.99382866840003,765.3499660608403,-7.278597565972514,4.261279598860508,2825.1164774390472,-8.954842544372818,765.1938382211315
conf_cylinder_r03_d12,5,"1,4,7,15,19",1622195327,1e-08,1000,-8.249245780982681,3.4824709887136054,237551549.77300948,-11.751375747534135,520.667380198568,-8.249245780982681,3.4824709887136054,237551549.77300948,-11.751375747534135,520.667380198568,-8.244963706383345,3.4824016107861864,67423509.50388461,-11.751524034891913,520.6222119128519,-7.6261865783022795,4.050626520031371,214685333.25855064,-11.090710905005897,254.12524273711946,-8.893831978628246,2.9258154549762234,215684242.56965125,-12.451765518205846,1038.617342948798,-8.226488892554704,3.5014071003337475,211436958.5745165,-11.747666103494128,520.8944346531513,-8.255937318890526,3.478447093752333,227288968.09399062,-11.832393122598068,517.3145327154632,-8.26503330391793,3.4724089462445287,216908819.0063281,-11.824923288228357,522.8854212816901,-8.183992844307587,3.5374335455362607,218599442.16419986,-11.796886106222964,533.5296370059016,-8.220989813179573,3.505732217205186,222502557.2758334,-11.796761157010659,522.3688343745728,-8.269709536003303,3.466156763170943,243678851.24223253,-11.78070599337062,511.93620878155207,-6.999127216538429,4.543565360669389,146365955.61031845,-7.579756694653074,951.8736351002143,-8.249245780982681,3.4859569456592183,237551549.77300948,-11.751375747534132,520.6673801985611,-8.215512531590125,3.492949834199645,30699.7646536559,-11.751375747534123,520.6673798002142,-8.20412361736921,3.4997783393193536,28440.942948099782,-11.75137574753412,520.6584510383066
conf_cylinder_r03_d12,5,"4,8,14,25,29",461803424,1e-08,1000,-7.1548155601956624,4.39092717522143,47517793.68986145,-8.394088674331277,854.4338503518717,-7.1548155601956624,4.39092717522143,47517793.68986145,-8.394088674331277,854.4338503518717,-7.1548155601956624,4.39092717522143,47517793.68986145,-8.394088674331277,854.4338503518717,-6.505029143811667,5.042250355443381,49508726.588034146,-7.75365878303522,422.7664279083522,-7.818508730434835,3.737916088617285,45467481.68686286,-8.941344601149655,1732.8598069122074,-7.145013059977345,4.400392516100864,49560506.75677283,-8.254330803397714,861.2017416105214,-7.14958047783444,4.396243252062745,46534515.53847496,-8.269862372848646,861.3998823884153,-7.134381902700603,4.410885717813178,47625950.58720586,-8.270936062437928,868.6085925588102,-7.126659737745487,4.417865426023134,45418177.02912092,-8.253446749549978,870.9697606014194,-7.146308228841419,4.399380167946818,48750643.39426602,-8.256055644660753,861.2861785615318,-7.155518903179384,4.389673453766058,46086364.28390462,-8.389317878017273,851.696742243358,-7.159808137109894,4.383813413876239,3605227.2075346797,-8.423533547795557,850.4612633932333,-7.1548155601956624,4.395322497719181,47517793.68986145,-8.394088674331277,854.4338503518701,-7.128276740599567,4.404130261316485,2083.68983060548,-8.243071358489193,854.433016699938,-7.120383121880381,4.410784895645431,1870.1253123774068,-8.238614794726589,854.2302617378101
conf_cylinder_r03_d12,5,"0,17,19,20,24",1673000463,1e-08,1000,-7.044307000526781,4.5044479818954315,562134725.329332,-7.707239376817121,920.0418933655955,-7.044307000526781,4.5044479818954315,562134725.329332,-7.707239376817121,920.0418933655955,-7.044307000526781,4.5044479818954315,562134725.329332,-7.707239376817121,920.0418933655955,-6.386967109285607,5.173620682770805,573179646.9204227,-7.006170119944547,458.77123160757435,-7.7045230786791015,3.8361758554944054,4139439.403477115,-8.404066358442018,1848.8098732067372,-7.0423736571985325,4.506119206395895,527688378.04151833,-7.707402706758018,921.044575755121,-7.053095298919331,4.495877289406804,545358915.7259022,-7.7225093965407225,913.4777827816656,-7.041339364093152,4.50723931738661,528864939.8484026,-7.6866861728755405,920.9441893233266,-7.0411267497426255,4.507346493836685,505347092.02239794,-7.697741963267853,921.2322381486027,-7.0435107279436355,4.504847554559572,500257505.5253203,-7.704084756143064,918.5119413872098,-6.992934719072391,4.553427272413538,137725274.68444532,-7.428593293550379,960.2160191682735,-7.021103173955552,4.522667245710893,112765093.27036953,-7.645239552126762,938.3059107840193,-7.044307000526781,4.508956938834207,562134725.329332,-7.706072331231546,920.0418933655783,-7.009068639489189,4.518001964189788,1583.2969580552945,-7.701432067261789,920.0418898075973,-7.000908080251709,4.524686222587887,1279.1723932020304,-7.701432067261787,919.7773439387968
conf_cylinder_r03_d12,5,"13,15,24,26,30",1990402091,1e-08,1000,-7.252291306064586,4.307023406812139,36796610.16107583,-8.726450776398268,819.3454348551141,-7.252291306064586,4.307023406812139,36796610.16107583,-8.726450776398268,819.3454348551141,-7.252291306064586,4.307023406812139,36796610.16107583,-8.726450776398268,819.3454348551141,-6.605946801397447,4.9551982633175475,35919019.396556735,-7.993364726385741,402.6558648316905,-7.953546127547284,3.6252452058528117,37319359.98433114,-9.416900421256491,1624.1413433124774,-7.282199091914376,4.281339965998195,39656252.03409192,-9.024005089688503,813.9423366467859,-7.284785506015447,4.277496949473743,39364733.25071372,-9.011463142534902,807.81676729167,-7.291479768031303,4.272254710632644,39246112.636139005,-9.023382124253539,809.2613250625984,-7.267984764905719,4.294157674315565,39670898.21202894,-8.764102909179659,819.0893536447427,-7.275882462580667,4.2867532736273475,38123929.63926542,-8.730537247728883,814.4049832132542,-7.1762670881952575,4.377805009277492,36735524.09546875,-8.437504372939918,858.2784750211246,-7.254458497993137,4.304983450094643,36962183.3952605,-8.731905480123487,817.9605733838443,-7.252291306064586,4.311334741553715,36796610.16107583,-8.726450776398268,819.3454348551134,-7.221854794014874,4.319983234254417,4036.1413339441297,-8.726450776398265,819.3454199059871,-7.211509087079526,4.327415006455245,2767.400277316296,-8.726450540492747,819.2490557668181
conf_cylinder_r03_d12,5,"1,17,18,20,21",737515564,1e-08,1000,-7.309445267865644,4.259895704689233,30858809.62267694,-8.904147677987956,808.5003326902598,-7.309445267865644,4.259895704689233,30858809.62267694,-8.904147677987956,808.5003326902598,-7.308336600473733,4.259889241160965,21396255.08134552,-8.91404999650055,808.4923972591615,-6.677657391808118,4.892334709169869,29922096.00345114,-8.534064320428568,397.909973157312,-7.981945426173974,3.607673711434254,29400712.77824671,-9.571936625082015,1618.8998020066365,-7.295109229588903,4.27369766635402,29572295.561123565,-8.898219130882394,813.5061899357114,-7.316163548320741,4.255617250478474,28456821.20852009,-8.874802838731629,806.9208080252976,-7.292154403406875,4.277458773932742,29336247.839359287,-8.905296228438097,818.0657631632502,-7.308893947308335,4.263313045168037,30728429.712929923,-8.893651195782072,813.0405643917443,-7.326830337022094,4.245223360818253,29732068.33346603,-8.896726618183246,801.5059870038527,-7.312837733079893,4.256754762494065,31098457.49204483,-8.91191441296227,806.2305248515248,-7.0462691035775595,4.497505900251424,39021664.47933717,-7.826283397000467,922.44468669596,-7.309445267865644,4.264159864554241,30858809.62267694,-8.904147677987956,808.5003326902397,-7.279136028229864,4.272713742093271,5810.074825772902,-8.901736167119983,808.5003199867618,-7.2679108068321145,4.280484900421568,4042.7019604103893,-8.901730666539537,808.4441943358992
conf_cylinder_r03_d12,5,"1,5,11,12,31",391500241,1e-08,1000,-7.140883334233661,4.40663964112092,42536298.43648009,-8.206793224922492,864.5505491022841,-7.140883334233661,4.40663964112092,42536298.43648009,-8.206793224922492,864.5505491022841,-7.138937951387827,4.406632371670648,6521522.264704352,-8.206837496898522,864.5417308494907,-6.465710358346107,5.085603232848623,49185033.52198423,-7.534658142691562,435.5199955780473,-7.822698894954685,3.734818622474952,41273566.479039304,-8.928004020978689,1728.4581710184623,-7.137890066960189,4.40961818870089,43195576.90217334,-8.207644489140495,866.2190512485483,-7.132773360462959,4.414601736947891,42713171.41965413,-8.227391055752193,870.9039849911602,-7.137294443341771,4.40998161296324,42429062.23171811,-8.215275275607908,865.9478562071347,-7.146189869263792,4.401844200893821,41926252.49621675,-8.212755205407738,862.9017493064936,-7.12883206043301,4.418253661257924,42586392.399278656,-8.212905434813193,871.6466153860384,-7.14388458297046,4.403768989022931,42830715.90665204,-8.214829484837662,862.3150382788481,-7.14882169884335,4.3984155346214,22419357.91658903,-8.24170030177377,859.8686475396487,-7.140883334233661,4.411050691812411,42536298.43648009,-8.20679322492249,864.5505491022074,-7.112155570471606,4.419898366334405,2202.365327926129,-8.206793224922487,864.5504425122086,-7.1034311841218845,4.426824430863744,1771.3519540295608,-8.206793224922485,864.3661167601791
conf_cylinder_r03_d12,5,"1,6,18,19,27",290550291,1e-08,1000,-7.55547409347205,4.038195967131135,5210799.652972373,-9.855491492451614,699.6371036424044,-7.55547409347205,4.038195967131135,5210799.652972373,-9.855491492451614,699.6371036424044,-7.570633316161822,4.038192670871882,54377211.987646505,-9.8555518803594,699.6187836208187,-6.905962066041548,4.700611673386855,1601546248.592787,-8.966560493749204,348.65097269912104,-8.212194616438858,3.42378318688706,5310081.804567626,-10.210742387253518,1425.151399286478,-7.519908390583721,4.067148547303684,4413120.323239922,-9.51366512566342,710.9938093382764,-7.50893214160213,4.079873282913689,4788429.597090742,-9.537392049253725,717.3330934278003,-7.505620278608088,4.079440610166655,4184279.531523475,-9.537174876172227,717.3920879447078,-7.4961694442900715,4.0898937230435255,4735676.851651322,-9.404285604560027,720.1317906899422,-7.494659128111276,4.087999188593813,4022548.294177245,-9.483691806697099,719.3337859651349,-7.562111773250981,4.032165242427033,5253856.39817323,-9.86689830834601,695.4464694500293,-7.575053673205281,4.020369681072904,5286809.94385175,-9.893734872220396,688.8360297422803,-7.55547409347205,4.042238205335638,5210799.652972373,-9.85549149245161,699.6371036422479,-7.540656702553957,4.050346987942846,222454.00451488438,-9.8554914924516,699.637101274161,-7.524024807318866,4.058158200412409,9790.34540795224,-9.855491492451593,699.6182894681456
conf_cylinder_r03_d12,5,"0,2,7,11,30",1862669138,1e-08,1000,-7.009004958169545,4.535144211260458,84984234.17907707,-7.630994362100571,946.1877525385245,-7.009004958169545,4.535144211260458,84984234.17907707,-7.630994362100571,946.1877525385245,-7.009004958169545,4.535144211260458,84984234.17907707,-7.630994362100571,946.1877525385245,-6.363970357791986,5.188828899207164,81592419.9946162,-6.953618360356252,466.83952981208455,-7.67563444043397,3.8712684735297826,79496009.40262674,-8.198616367799733,1909.6209342891934,-7.008019758938201,4.536081094252507,90686822.29738136,-7.634980423052125,946.340873491918,-7.001379724038578,4.542317127980144,81316024.60509509,-7.494092492883663,950.578194449984,-7.002715362738557,4.541242852456119,82312491.53774303,-7.496957818720128,950.7281328876383,-7.005065161226437,4.538879281000027,83736981.48950435,-7.642579175342706,948.5436419203397,-6.9969531709220565,4.546657451001092,80998355.30032699,-7.506437345133879,954.2970842847501,-6.987077502374076,4.557046629701883,77971802.72922996,-7.425284136925008,961.9341525691927,-7.011535200005132,4.532681578131548,83987479.12220484,-7.640320059338881,943.8331448984578,-7.009004958169545,4.539683895155632,84984234.17907707,-7.630994362100571,946.1877525385228,-6.97875240436562,4.548790029620993,2602.536586507067,-7.628490195014904,946.1876837256392,-6.96902361745133,4.5557036820656185,1190.0109595844078,-7.561625356532899,945.921392565392
conf_cylinder_r03_d12,5,"9,10,17,21,22",745163672,1e-08,1000,-7.314158434287848,4.248486387627082,3734120.0521770115,-9.199543217771035,797.661358409517,-7.314158434287848,4.248486387627082,3734120.0521770115,-9.199543217771035,797.661358409517,-7.314158434287848,4.248486387627082,3734120.0521770115,-9.199543217771035,797.661358409517,-6.630395839600003,4.9244386229746935,3839292.15420318,-8.163996940541427,399.17580390502945,-7.984228033773109,3.600847173566652,3680150.423220084,-9.547363130658438,1603.852519722697,-7.289129731129141,4.269074680392659,3867658.7203687867,-8.837944369852641,802.4469959989418,-7.297545565770963,4.263430819270945,3646914.8405943546,-8.85255103961218,802.1081697846678,-7.301760415404018,4.259929355488725,3616714.0855483087,-8.848405595814281,800.4151816949218,-7.2955366589233,4.266196181046447,3877573.931783671,-8.864328429120718,805.8838692927379,-7.311854123014834,4.250939724028011,3523284.991185539,-8.823550320364209,795.8197873299864,-7.322629822633308,4.239127796163552,3700161.640458671,-9.219869087152084,788.5074267699707,-7.196216298737176,4.352641812877783,4286155.19152285,-8.72710744518261,844.6400504981619,-7.314158434287848,4.252739126753822,3734120.0521770115,-9.199542931947759,797.6613584095127,-7.288683587323878,4.261268653634441,4575.089491235038,-9.18611088267094,797.6612060339119,-7.2787264920251715,4.268752545694374,3849.1956709050255,-9.184542124522546,797.5852639050163
conf_cylinder_r03_d12,5,"6,21,23,27,31",825210900,1e-08,1000,-7.4727086378249705,4.1233223126482255,113388257.66705929,-9.491920367200567,746.7587662157976,-7.4727086378249705,4.1233223126482255,113388257.66705929,-9.491920367200567,746.7587662157976,-7.4727086378249705,4.1233223126482255,113388257.66705929,-9.491920367200567,746.7587662157976,-6.795424023238684,4.793895286925992,121279784.76388204,-8.811541330276542,376.0949283711182,-8.164516617405669,3.4622863097650174,110402748.03347188,-10.166174352501518,1473.5508148174745,-7.501372404668122,4.092946785423728,103527992.87244901,-9.463322762288438,727.1809905730588,-7.475453434634097,4.115299631276699,106895621.24867414,-9.469377419571645,735.1503303535375,-7.4891887768578655,4.106916220231709,103882609.34682932,-9.486071727457302,738.0142189032824,-7.51906940704457,4.08608385057318,114435615.42502329,-9.474459885215971,730.4847491352729,-7.499544321353458,4.101705085504118,117132795.86117461,-9.492421254419046,737.3179903149517,-7.483525116547411,4.113211637096482,111789702.70606078,-9.52008566394066,741.2809870587583,-7.4604462373178455,4.125332453304834,47779791.18158886,-9.48399810865886,745.039225128803,-7.4727086378249705,4.127449762410677,113388257.66705929,-9.491920367200567,746.7587662157963,-7.440610844986223,4.1357294547529655,35451.311862087125,-9.491920367200562,746.7587606973713,-7.426074961509776,4.143632083904822,7503.560334406613,-9.491920367200551,746.7338888600847
conf_cylinder_r03_d12,5,"1,2,3,18,20",667501940,1e-08,1000,-7.173919647879398,4.380720035308485,191190605.3791492,-8.397362322981326,855.6569324256643,-7.173919647879398,4.380720035308485,191190605.3791492,-8.397362322981326,855.6569324256643,-7.169304603043047,4.380740153129143,4059627.6517308936,-8.397412200817193,855.6522327879079,-6.528083353086084,5.032897599798922,187874687.66419935,-7.709169585007099,423.1267326878763,-7.856188110795088,3.709155527190781,196465129.27872664,-9.094087981456028,1711.2497421498022,-7.185627401947043,4.369862984925785,187701786.4216226,-8.394807559644837,850.8361865380725,-7.182282195260267,4.372729000406331,200786710.87037182,-8.386159556379013,851.2049159444935,-7.204314930953893,4.352442549637936,195561600.32830375,-8.63909146647107,842.8984061495191,-7.18835434282576,4.366876714368439,194658980.1186412,-8.384513873380945,846.9900377550673,-7.180414724101698,4.374950098192516,190159331.5527699,-8.411468425926756,855.0400805942475,-7.169059978262384,4.3780930931887285,4871784.941490508,-8.405407119509505,853.5016579061798,-7.010167343056776,4.533351374651746,10544547.839510625,-7.593554495874592,945.982298410957,-7.173919647879398,4.38510514044892,191190605.3791492,-8.397362211217219,855.6569324256596,-7.142321748343251,4.393901506395833,3989.753704583365,-8.397355175861984,855.6569041804635,-7.130921310823988,4.401808303491867,2049.6025322620894,-8.397353715522835,855.5885868373846
conf_cylinder_r03_d12,5,"1,3,28,30,31",733322388,1e-08,1000,-7.382421441813571,4.183894165134734,351783047.11527747,-8.935676934413628,728.0595313493781,-7.382421441813571,4.183894165134734,351783047.11527747,-8.935676934413628,728.0595313493781,-7.3783216730150105,4.183878787778774,83642797.66673864,-8.935724320820373,728.0421072622458,-6.724591886740719,4.845362435744944,301005151.3928761,-8.404894961833142,361.6033105511792,-8.046530111646572,3.5344597359080363,318083527.47458076,-9.622581703607624,1467.6702348987985,-7.359327965053915,4.204961329028174,319388698.44949454,-8.865036132949996,734.9053912168589,-7.389278511949101,4.177332227525982,309970434.7773947,-8.93410008226788,723.8983674558701,-7.390907897162485,4.176111333742108,343124658.32077825,-8.94889334245929,724.5871576921467,-7.383119061019923,4.183480099475336,320739653.4051428,-8.922680613315423,727.7959395117765,-7.362649516174041,4.2022747676927334,308633002.6259453,-8.733970726390407,734.7109668988486,-7.3879882124014395,4.178582541805557,353518891.6778994,-8.94521756410805,724.1131386089515,-7.049801522649859,4.496605678052468,49724017.217390634,-7.7612398365681585,914.706759048622,-7.382421441813571,4.18808224738228,351783047.11527747,-8.935676934413628,728.059531349371,-7.348492783209669,4.196483588184464,4795.807000711849,-8.935676934413626,728.05952802522,-7.338193225935628,4.203591657182627,3025.6599040590513,-8.935676934413626,727.9635401754458
conf_cylinder_r03_d12,5,"0,1,6,10,24",907395920,1e-08,1000,-7.017810717135764,4.529486507065874,253685333.11139622,-7.622578254411838,942.2955815772093,-7.017810717135764,4.529486507065874,253685333.11139622,-7.622578254411838,942.2955815772093,-7.0141976076817745,4.529506528925601,20509670.641010255,-7.622612421459027,942.3009962974954,-6.361774418495766,5.1963432628718,247176149.58824405,-6.928118051630583,469.6247003341291,-7.698191735051721,3.851636368553357,248763778.91167834,-8.314807807210144,1881.0726496127847,-7.022411334198167,4.525119260665713,251593372.04811606,-7.7579758673101855,939.1074458213836,-7.024010515422452,4.523611682833807,255573203.26533756,-7.750962320869123,938.6006369778125,-7.0216762718998815,4.525802710277552,249295639.0481921,-7.616307906534921,939.7115946586517,-7.020100929033991,4.527386505702912,244219469.81349117,-7.616951134207323,940.9399697159835,-7.017523887246035,4.529784726429658,254917745.87686405,-7.627901769885902,942.5341983985459,-6.998711279847766,4.548643716108651,248039001.17450103,-7.412252008441786,954.6571275810353,-7.020965020997729,4.526175874343668,259902459.4699422,-7.647692550787358,940.0639654449244,-7.017810717135764,4.5340205275933565,253685333.11139622,-7.622578254411838,942.29558157718,-6.9862239254604255,4.543115425438719,8220.129525453429,-7.622578254411837,942.2955274208631,-6.974467043956506,4.550440234447851,1208.6726065163773,-7.622578254411837,942.1045114585731
conf_cylinder_r03_d12,5,"0,1,6,21,22",15362582,1e-08,1000,-7.004076633652778,4.523338542974122,920781.267347307,-7.75945762844249,939.656066230915,-7.004076633652778,4.523338542974122,920781.267347307,-7.75945762844249,939.656066230915,-7.020615238510312,4.523351089815218,51654345.80091951,-7.780769134093823,939.6589033063739,-6.3781594926902505,5.181936900840504,1127582976.9511828,-7.070455551262712,464.845392034216,-7.689877328860907,3.850217954855194,967063.7148619983,-8.329238659545666,1882.955162926138,-7.00190752387013,4.525413282578272,920249.156273826,-7.630485006599897,940.6644281939921,-7.00745818729334,4.520231910676083,985088.1162370867,-7.623965063544688,938.1545341643265,-7.002828467323291,4.524576240110804,924477.2809379258,-7.624463647843274,940.5625374293263,-7.006072579873658,4.521374458778797,922938.1084710974,-7.786474108034787,937.9809775852103,-7.013617676619159,4.514226965036435,940510.2283908686,-7.78460096799824,933.8468597039695,-6.9976679955622005,4.546920447982648,124018273.76890223,-7.527355169264817,954.0382843881099,-7.025004696092594,4.518161216969053,17802272.12704679,-7.793498752732462,936.1256046984946,-7.004076633652778,4.527866409383681,920781.267347307,-7.75945762844249,939.6560662309042,-6.9904029885813035,4.536949281685447,1869.4376887234573,-7.633429662566053,939.6560510555252,-6.981105064630158,4.544124598539897,1242.2995062246657,-7.630913980437701,939.4555166717739
conf_cylinder_r03_d12,5,"5,9,23,24,26",218024225,1e-08,1000,-7.186536875724815,4.364328107043495,89355671.92365281,-8.487075280586012,842.6535382736014,-7.186536875724815,4.364328107043495,89355671.92365281,-8.487075280586012,842.6535382736014,-7.186536875724815,4.364328107043495,89355671.92365281,-8.487075280586012,842.6535382736014,-6.531664799504988,5.022128719836329,90714579.26419652,-7.784094995878492,417.8617696614129,-7.879657599330147,3.685644622536623,96697706.11295317,-9.19801849342838,1682.6053584012193,-7.206992617640296,4.345906532782663,98331955.58113629,-8.657974449164112,838.1079163596863,-7.211140977797228,4.341200584291007,92578420.79163778,-8.490804221526318,831.1014833005477,-7.193258977068826,4.358913421127887,96134305.25970922,-8.511894429856,844.5308510525454,-7.201835345808644,4.350615794321829,94015775.83349836,-8.512425626495142,840.1735596818987,-7.208690561742455,4.343877173754312,93509226.83648984,-8.502965762466012,834.969777709368,-7.1061333789916405,4.441077950676734,102399472.86840735,-8.138328838452534,886.9084748016392,-7.145107734423954,4.402917177819203,40064022.33444013,-8.317464570624288,864.3876827124433,-7.186536875724815,4.368696803847304,89355671.92365281,-8.48707522910341,842.6535382735924,-7.157276125335065,4.377459392187789,2486.0661071938302,-8.487067894138333,842.65342213336,-7.148327251174999,4.3845690334312115,2058.963864084423,-8.461745475756526,842.511048164693
conf_cone_r04_d12,3,"10,19,20",500294585,1e-08,1000,-7.312417445194515,4.265258934293277,635508898.7013774,-8.70418311550537,783.3232117283438,-7.296172765571547,4.263575461137852,48819401.97687942,-8.71429088949875,782.9153552251237,-7.308830011095342,4.266301311544894,607787237.3826185,-8.717903433391825,783.5525146983915,-6.685850870595837,4.908605515907614,1562343289.2806401,-8.09933137575487,387.55399339295303,-7.971093698519886,3.6030327261273425,28066957.665589925,-9.45702204835499,1567.3591592368214,-7.335531810584713,4.243363292324133,573063023.6323255,-8.788791573887757,772.342490506797,-7.34223836866414,4.238925139506968,846366409.2286842,-8.841408538104721,772.4600182754812,-7.316876155822221,4.25925420659568,765251617.9532702,-8.752392899387486,777.2442068406149,-7.326875272630702,4.251937794598663,877717674.5713985,-8.77546400580703,776.4354344882454,-7.285054199913972,4.272547033010437,38254178.25006512,-8.788660750243727,789.8940256133649,-7.233268924284424,4.339958774345903,305282337.3116974,-8.484450723648928,832.2413866428903,-7.3008462309025,4.265549935052789,116951436.07458416,-8.699403568553873,781.9948145837697,-7.312417445194515,4.269528462776208,635508898.7013774,-8.70418311550537,783.3232117274512,-7.275799740777748,4.27809320999881,55388.155536581806,-8.679159985822562,783.3232111568741,-7.256246269498757,4.286683718029932,4397.132406283771,-8.648037531287237,783.3224490095138
conf_cone_r04_d12,3,"10,20,22",1631562338,1e-08,1000,-7.335001883471627,4.2350046230663905,119969707.71891882,-8.857514324104699,763.4510373177638,-7.336934311775488,4.233871650773033,122636391.70248024,-8.857280036062818,763.1567501649706,-7.328945179216245,4.236309829707794,82108617.93658902,-8.853615906129638,763.5534552546574,-6.66036493160233,4.916582790154081,143309062.1200785,-8.120810056607956,387.9617050585124,-7.978697779333318,3.600379434375371,103900189.56835704,-9.482276364642749,1553.9893776844099,-7.310814216339944,4.25756757500292,146710188.1837302,-8.809506772882497,775.3226665252735,-7.321277791942127,4.24657011565267,98550873.1756997,-8.763568626527412,766.8253160863787,-7.3470917799599285,4.2415801979260195,881065773.1130838,-8.81140217442961,764.2397639422795,-7.328278503717845,4.258944330358535,651680215.6908523,-8.715513128695033,772.2863844669868,-7.2881389597445905,4.2741508239251305,83768803.429825,-8.664356705783256,783.0197191610745,-7.248434934367929,4.317276338426019,34315994.14989635,-8.627390449393014,818.6454168209507,-7.292782875864294,4.270841312255902,48998777.57174025,-8.782015805673696,790.8188379297751,-7.335001883471627,4.239243866915744,119969707.71891882,-8.851619395696,763.4510373145822,-7.303628960407299,4.24774773345379,30940.350212934634,-8.842662965607012,763.4510222683506,-7.286744649773558,4.25622554867231,3945.563454952794,-8.830524763266423,763.4468313850767
conf_cone_r04_d12,3,"4,10,25",686017386,1e-08,1000,-7.312127804395498,4.272631701866195,805762666.3223687,-8.715656341597324,788.3345713405429,-7.313155276252124,4.272179522334225,735421382.9217066,-8.715427445992415,788.2914634968139,-7.283788022630282,4.275182422287113,38541683.19015681,-8.716710755042875,788.754776225427,-6.668138995083184,4.939725687436192,696490427.8096452,-8.067448170127326,395.3540749735366,-7.9458889820099925,3.629021374439857,49136956.32345921,-9.366971463709788,1592.1472822869155,-7.283101822039821,4.279539726992936,54399007.745277435,-8.66830401544616,787.64461237757,-7.282556831131866,4.2989795914502436,714841227.6665138,-8.694135968273104,801.0372159380508,-7.287774235965484,4.273934274046825,45937041.86136909,-8.713201101437548,787.514237659532,-7.287361748479613,4.277834509869064,51457009.14966681,-8.701369820699934,792.7323493541015,-7.276708089900061,4.283257779426916,43719748.09330798,-8.69908811189043,792.285001925204,-7.319265570780339,4.261477178818967,802685011.9898627,-8.729492790812571,776.0234878892247,-7.274614189688868,4.303653303441282,717379961.1648453,-8.645184275646306,813.4566435976074,-7.292062589992819,4.2769086103450515,45281296.16950434,-8.712068478297246,788.3345713180622,-7.263683014286079,4.285487083913539,28954.19113709061,-8.702498450573776,788.334463319539,-7.2471948913693565,4.294011090570595,3522.5763026249906,-8.690712197640035,788.328284761608
conf_cone_r04_d12,3,"12,24,27",2138654199,1e-08,1000,-8.006578217514537,3.496336338572674,84551570.09861645,-11.908679533942115,539.9953739557425,-8.011563165579656,3.495585498613946,99005009.26933335,-11.862380774890479,539.7340360084734,-8.019436165739274,3.4977648821295526,1129345589.3662884,-11.937080810204774,540.2168876399475,-7.376458889739893,4.04516190733134,750926547.0358285,-11.34333964061533,270.7065648352556,-8.726083504103258,2.9279554458554324,84185747.04171722,-12.442788044553112,1068.26035146618,-8.091550620004208,3.470766174006695,93848192.69218074,-11.698116166791317,524.6855714716191,-8.063862106044908,3.4744788792473713,85682742.70420203,-11.704187909195852,533.0999483932429,-8.003450026538289,3.5122057852378457,56698439.69842204,-11.710078027244336,539.4840097030136,-8.105278896136456,3.45879147931342,78350921.75415233,-11.894935370274169,522.0118485261029,-8.069129337498675,3.5343936006192522,121249250.91916129,-11.871127114804567,555.8948010637381,-8.122818910473722,3.4081212739011453,97062809.88656655,-12.125874983920355,497.7983256168418,-7.0872736461219334,4.467621488201063,137438563.07470757,-7.93149986875391,905.5129681474459,-8.006578217514537,3.499836174796497,84551570.09861645,-11.908679533942115,539.9953739543415,-8.006578217514537,3.50685690934975,84551570.09861645,-11.908679533942115,539.9953739543415,-8.006578217514537,3.5139058679615087,84551570.09861645,-11.908679533942115,539.9953739543415
conf_cone_r04_d12,3,"1,6,21",1465362281,1e-08,1000,-7.339117528593212,4.251565578633622,381222586.4009375,-9.052942491713397,819.4752800318266,-7.3430862863823805,4.251218565909881,449209675.64440715,-9.052918860673289,819.4448224477406,-7.332449115051892,4.253990183286468,180312398.87269217,-9.053617179253136,819.9752862438586,-6.784472894765968,4.853601545945998,932399031.7874647,-8.91686503903382,405.14703128534154,-7.977822778334879,3.629463002530502,379125010.1434718,-9.576618328437739,1666.7651616211522,-7.324221900460952,4.2647700714014425,426493825.13116395,-9.008335018313202,826.8361763997068,-7.303949184762826,4.280701415882631,637759210.7501577,-9.025887805361334,831.3370423413518,-7.303351415678454,4.282552827657906,502461035.1006771,-8.77283425830687,830.2545371401891,-7.34869676978293,4.24228913335029,480736615.48599386,-9.061475821243866,812.9175944047192,-7.33715836205778,4.255068974698781,512556895.1965166,-9.064599592741954,822.1988929749324,-7.31115006260034,4.265228222730282,119179476.42463739,-9.01987767451441,821.8731934024513,-7.239181681796175,4.318703843901212,19132461.651794337,-8.759613398047586,834.2028420132225,-7.339117528593212,4.255821400013145,381222586.4009375,-9.052916163331052,819.4752800278789,-7.308159172063664,4.2643580199679345,18226.758819553135,-9.03627344343486,819.475211705593,-7.292727366195077,4.272836551785114,8244.32577164742,-9.032029510187355,819.4685135946199
conf_cone_r04_d12,3,"0,14,26",1177318933,1e-08,1000,-7.046688345084234,4.490861864396547,734338.9718632718,-7.7857536011470785,920.5486202289466,-7.046688345084234,4.490861864396547,734338.9718632718,-7.7857536011470785,920.5486202289466,-7.034630993296511,4.494551429100962,587186.314869128,-7.786556257294617,921.4745195668021,-6.4640317990987315,5.1470384323294835,1325453534.4090242,-7.203523069474207,457.58169290562074,-7.713953486867488,3.831159560907323,552325.0915264124,-8.4692390711081,1857.481605854279,-7.033631971945979,4.501470607522864,548644.070994621,-7.800800765836711,927.1345291855471,-7.037367082266656,4.497851941097377,595177.3167124216,-7.774247254622784,925.1188195204726,-7.020954918760395,4.508900232458207,526203.5965823869,-7.685373231003749,931.0066564028954,-7.0376753973696715,4.497131820589406,557101.3220254682,-7.792064258699227,925.5400528845526,-7.023765556659614,4.509919595005103,618709.8678213301,-7.656421459152739,932.4268876429693,-7.044329142573737,4.511335275512241,77304944.10187896,-7.589447506857384,931.1779788802243,-7.066882335474816,4.48208682309169,26756784.81361104,-7.87579070420334,915.6352022675127,-7.046688345084234,4.495357221880173,734338.9718632718,-7.7857536011470785,920.5486202149123,-7.033508179542363,4.504374818153429,148203.1664452264,-7.778186059191074,920.5485976052456,-7.014703130574887,4.513346872525569,1782.5811779460282,-7.766457185978146,920.5421867826958
conf_cone_r04_d12,3,"9,12,15",1960562202,1e-08,1000,-7.897450679103806,3.741205610394918,297111325.1272922,-10.783368237763984,567.4716383619527,-7.901655830698676,3.740565652768245,344713953.3757765,-10.78368308655652,567.4338702083998,-7.893277030004056,3.7429005878132005,284026888.6123307,-10.781352444370743,567.95319307566,-7.331995520182068,4.298067731868769,336521974.46884376,-10.63704761269743,276.24050537893197,-8.645842887726042,3.068026598093179,368017847.1656147,-11.679050535367619,1085.7136146306327,-8.01352794605816,3.639890775330145,315769506.2681929,-11.020525845596202,532.6315475258871,-7.9697912285466055,3.6764149226808507,325352139.89942855,-11.011794745512356,537.9724817454612,-7.974894720108616,3.6725754441529563,410506285.00915086,-10.923548185722698,536.1031452940236,-7.994068030081747,3.661172936119313,338493655.4567753,-11.098981056541016,541.9807789845543,-7.933187450870896,3.7066822004466937,183831687.04612502,-10.875200721561527,548.7438851426748,-7.885948425458721,3.736076247978709,112513895.38138922,-10.696030536056938,550.9026929291671,-7.510359319088502,4.068951871101488,29340553.755597275,-9.425047671067531,682.2491689300385,-7.897450679103806,3.744950560898399,297111325.1272922,-10.767053204246173,567.4716383545084,-7.867108799960162,3.752462699917058,19911.780683034027,-10.753191312839636,567.4716141314419,-7.8540733198444315,3.759790596528207,13048.163369383743,-10.748078177476636,567.4611349158029
conf_cone_r04_d12,3,"6,13,15",1524765394,1e-08,1000,-7.211705224898671,4.377954413986913,1541481406.4386888,-8.408951391754059,866.6634714300534,-7.19522022627468,4.376685982290826,996589550.9046229,-8.42083391636269,866.2224856760935,-7.184367506508984,4.379214068204285,134503719.81850186,-8.409515144404121,866.9170214310267,-6.488988868048091,5.065083650989299,1077860.1354531131,-7.623820742765864,437.40369302711804,-7.831922271696333,3.731173007594679,493711.08332045854,-9.07052387800973,1751.5684355710828,-7.156376672374234,4.39584621741326,754076.3405669279,-8.394775657937055,875.8298357733889,-7.164506837152486,4.385447127850739,449476.8251093,-8.38686747713561,866.7564774614457,-7.153118132399437,4.397242809778397,582680.3420117487,-8.314503549883865,872.854947374491,-7.181144126192431,4.388592575037422,439495238.2933647,-8.40052896052853,868.6122509691645,-7.17961598855276,4.389930609785948,441787946.3517561,-8.405589946907263,868.8307188088459,-7.211238760030056,4.375667820802212,733135555.411942,-8.41860933783825,865.31223448347,-7.2054163531834,4.373037127229158,688719910.6420112,-8.431646492512735,863.6948109589908,-7.191276090697458,4.382336750636484,552588722.971869,-8.407715136191364,866.6634714109097,-7.15888331997464,4.391127501462201,161719.76363908863,-8.404117054167338,866.6634359226579,-7.137228538036708,4.399949674541791,3200.1902666548526,-8.393514825659876,866.6630101569734
conf_cone_r04_d12,3,"8,13,29",2129491495,1e-08,1000,-7.165900573327497,4.40158759617967,406086848.4598783,-8.249329060532391,871.1708628098528,-7.169524679432904,4.400411355677996,417309378.34752977,-8.249105467605442,870.9456482724288,-7.1633285020043775,4.402767850331437,371224707.1522177,-8.249771380633,871.4711056139552,-6.5035511243994115,5.077149527563337,382672274.14914966,-7.510923599035765,438.9937263222694,-7.82926944267605,3.7417956153940573,393994193.62391454,-8.947694478461507,1758.1011875817173,-7.156104422807213,4.41376143025054,353122781.431036,-8.235529996643228,881.2625257341587,-7.188934699130839,4.402538160995409,1033594815.4528906,-8.234171908585997,876.0670060734656,-7.158218684482654,4.415153192410338,393307258.97137696,-8.186819498236597,880.7249406787644,-7.16346959132475,4.405899520594149,391329581.99916244,-8.281686969603689,877.0466810037613,-7.171011930414737,4.402955062567145,370876627.9815825,-8.262171413017231,878.916847601899,-7.150786031187138,4.41271239847947,40539670.635547444,-8.165489320607378,877.0020556738081,-7.15030452988219,4.405085114026003,97887538.34479639,-8.263365557794769,874.6557292312758,-7.165900573327497,4.405993589831271,406086848.4598783,-8.249329060532391,871.170862806747,-7.1314334414275935,4.414832063602083,122222.02912634291,-8.240749298251647,871.170858726155,-7.110062286199559,4.423701633200298,2339.093798592406,-8.235519444480351,871.1704044535284
conf_cone_r04_d12,3,"4,30,31",1261100923,1e-08,1000,-8.142423701163928,3.661764455715938,177131.75090735243,-11.491451570746365,589.2570528838359,-8.163429665601624,3.6608760378101044,460751033.4470025,-11.559896580467349,589.1043174801896,-8.15433555535894,3.6635254950810188,66939068.985588714,-11.500645329755121,589.6738354171662,-7.405128424691514,4.3200917136068275,695015178.5089226,-10.659470934364752,302.79163734019465,-8.696290640606891,3.1540978674198183,271050.1750086161,-12.007734524650258,1231.001492872136,-7.972007790529339,3.7695117524441977,131097.18744285358,-11.178520397960224,616.566194720847,-8.029026399184387,3.7589642076681744,670692687.4568393,-11.34226113794874,617.3271623724838,-7.9633594338005285,3.777421748289051,133818.186966123,-11.136821968234921,620.72417669101,-7.981663041382907,3.7713589507480667,147348.70584509888,-11.345325556311256,618.7245002454065,-8.100085031313478,3.7047276206630224,190838.7586144313,-11.580293445923974,602.7714348364481,-8.083412117414767,3.660248135098727,330313229.76295507,-11.343672993582024,579.2041934026871,-7.720586759714967,3.9099339378045515,20835681.373363536,-10.103097367735767,653.9027419194937,-8.142423701163928,3.665429885698448,177131.75090735243,-11.491451570746365,589.2570528807669,-8.133936053347716,3.6727766569024536,160994.12858855707,-11.450855416897348,589.2566462170863,-8.118981443544644,3.68012193399586,148661.28011234375,-11.434373907040786,589.2544345475771
conf_cone_r04_d12,3,"9,16,18",172650396,1e-08,1000,-7.288466314836551,4.29815717333014,628352236.5214385,-8.734331526648566,830.9668583507444,-7.288466314836551,4.29815717333014,628352236.5214385,-8.734331526648566,830.9668583507444,-7.2616370691506225,4.301024945245712,9980270.434698995,-8.731931888790362,831.6297235880031,-6.6839177520670106,4.924097082390306,867973643.5697925,-8.374603709813558,408.08711792081186,-7.944301316974542,3.641913831947613,10850701.742016759,-9.494280729398657,1666.695446093555,-7.288861377419886,4.298110405702228,669084586.4812626,-8.816334895965687,830.4749032131994,-7.27451119400905,4.293140545154149,11588697.349770147,-8.881609876093918,830.1773561060596,-7.280905050551264,4.303768747346176,392268737.0070989,-8.911102351959201,837.3690709107074,-7.264652847789496,4.299058577939176,12834772.699772261,-8.865258032246416,829.9677516294912,-7.250962705958787,4.313546043941317,11575269.605699401,-8.748829691886568,839.0180311339102,-7.2768338047061345,4.303366058542734,633260218.4702587,-8.744248003735539,830.6951661557216,-7.320289971636852,4.267612890696764,577538370.9926572,-8.848911091237353,813.0508189170905,-7.268584565856298,4.302459632801223,10004159.427456155,-8.73024450744761,830.9668583219494,-7.2426606675770255,4.311087550160699,14676.11457973582,-8.719475849534431,830.9665783256291,-7.227875085445932,4.319552521079241,4181.439317279498,-8.696970832562005,830.9529532937706
conf_cone_r04_d12,3,"7,22,23",1527788683,1e-08,1000,-7.896946230021088,3.7911544331067106,42320154.363137916,-10.843627387315491,613.2866019212147,-7.90058743423853,3.789792791271588,42192371.78362539,-10.854524712119812,613.0396971746787,-7.892576774348949,3.7923426125700868,36595611.13012598,-10.85316620999442,613.5931938115692,-7.260803275611768,4.3912873812640845,42724479.6821368,-10.267238366141301,304.1462775382887,-8.548526347473597,3.2033666372334433,39820237.441770956,-11.49722218561226,1247.9333599186127,-7.966093696805112,3.7447272229309263,45906039.916367084,-11.151961661565416,609.4076004580464,-7.8522333599199685,3.829675838783717,38874954.0356729,-10.845782310526268,626.45326428182,-7.860196168442116,3.818772133553994,41765652.31936383,-10.688166710400822,623.6618047796543,-7.857461606455135,3.8199019030465213,45495411.72393434,-10.737564608922082,628.4486898783255,-7.915229912382629,3.7795157624390736,43287959.0728587,-10.901675966501264,611.8898148207729,-7.96528491366562,3.7372785836481848,47913835.13372409,-10.99772741917865,588.7739314542943,-7.605880627646041,4.000483496900712,8327874.616692341,-9.828732928290197,680.0140827702229,-7.896946230021088,3.7949493826444245,42320154.363137916,-10.843627387315491,613.2866019160612,-7.870933038437358,3.8025589310113284,42261.4458104191,-10.81565735581834,613.2863705179512,-7.855792550475489,3.8101603184698902,32191.435595050072,-10.786781628031603,613.2838026723688
conf_cone_r04_d12,3,"7,21,24",1656445291,1e-08,1000,-7.425448987241257,4.182135625458731,684312362.8227942,-9.353856358968477,784.7513518977767,-7.43279201460227,4.180551889499939,930570751.6934528,-9.354572149477708,784.4524078350095,-7.42339865741397,4.183128607819727,927961214.6627595,-9.354227470807745,784.9635926100235,-6.903938635721992,4.755894121815551,1738623431.0294707,-8.857479231912107,375.6646108633798,-8.11238845862683,3.518183713505693,2424126.371844939,-10.147797065059395,1552.8934880461652,-7.468520629739594,4.134071563742004,3202656.4765964737,-9.522710272586226,765.3433384113333,-7.472740413836226,4.140413451194497,626450337.597692,-9.463501887646359,762.5120900868251,-7.486993642733099,4.137004828303994,995763725.1958951,-9.547248368009136,771.4715012871442,-7.43204688394761,4.169665724941751,3316038.50282932,-9.492858981358566,782.5263083044775,-7.440582909009579,4.170329947371632,616154887.4377744,-9.282687567405011,777.5065492485792,-7.492797590576817,4.138962013508999,1106130775.7604976,-9.482302107291046,759.5694195363885,-7.4243063645272205,4.186015962889878,691521463.319335,-9.342967846641546,784.475301251398,-7.425448987241257,4.186321947318236,684312362.8227942,-9.31506149035594,784.7513518825508,-7.391465840386836,4.194719737734033,30392.784835643364,-9.253952950103674,784.7513460597329,-7.3747012197290855,4.203112404400519,12220.435566671355,-9.214303732455258,784.7484058025611
conf_cone_r04_d12,3,"13,15,27",1023069137,1e-08,1000,-7.195635023887172,4.369985845638227,786977644.657956,-8.444780692526887,856.0511023490778,-7.198052488854534,4.369370937241756,678456945.9226657,-8.44563241305878,855.9378339917317,-7.18972653762309,4.371987897723138,95171620.50423832,-8.45170339485642,856.4783984886661,-6.539086732724652,5.035217618980967,288172601.2096252,-7.704622647024592,429.4646784411874,-7.8778710567651515,3.6953141266537783,472602955.37456125,-9.199638989736224,1702.1440922180084,-7.202819681562494,4.360793306492029,211596397.34258127,-8.519310733937928,850.0668276688912,-7.195354862971471,4.388888953009166,1568382729.0356617,-8.289084750063402,865.7593186021248,-7.194139427161208,4.370015509177561,164544758.0883531,-8.488129310843217,857.647272212857,-7.2120016019417275,4.373705313057444,1339228558.7752173,-8.456814473231494,857.7667372602316,-7.214786478937781,4.352330835157847,818377071.5537888,-8.519097519150321,849.373606502053,-7.161921287976903,4.401413402281991,253638096.81928226,-8.320438285847775,877.7614187356436,-7.193189395687229,4.363482163565977,6645754.751768267,-8.464504880330546,851.0117677600873,-7.195635023887172,4.374360205945263,786977644.657956,-8.444780692526887,856.0511023441,-7.16451105089232,4.383133772340338,56812.69078839423,-8.43678907955534,856.0509472025674,-7.144550952632876,4.391936425401743,2769.4065394917643,-8.409758330338173,856.0502070227716
conf_cone_r04_d12,3,"25,27,30",166960169,1e-08,1000,-8.313286078929396,2.7588415744650465,130227989.16623229,-42.57103805010144,378.3833070460935,-8.345685100408515,2.7581537706424357,452429201.9469353,-42.59832321376942,378.0728179064271,-8.313286078929396,2.7588415744650465,130227989.16623229,-42.57103805010144,378.3833070460935,-7.64868499172371,3.2379452519739815,481639535.1657014,-41.75818357140774,189.87085900777896,-8.985183925267474,2.2962636146000777,142283930.34223986,-43.25747952869036,745.0213580019051,-8.428972866631504,2.7843035090416977,145292209.38967678,-42.10895177704033,383.5404232720545,-8.32753020420131,2.690537262814115,137632313.75598243,-42.92728227382784,368.8452693899388,-8.379694188451133,2.697097622270904,178132271.1280719,-42.88995403594679,368.05532547488804,-8.29884343404022,2.725236345354242,161756368.95796847,-42.70315981927702,379.89005377989633,-8.499330215582773,2.6829591298671276,145017202.7710454,-42.45813199827515,364.93183116001205,-8.433521335445096,2.702647052872793,79648779.28429349,-42.718445335867635,363.7149508472063,-7.126871623335897,4.447901986850746,690648296.5671332,-7.9682532253088185,881.6558751570108,-8.313286078929396,2.761603177642689,130227989.16623229,-42.57103805010144,378.3833070460938,-8.313286078929396,2.7671430034754736,130227989.16623229,-42.57103805010144,378.3833070460935,-8.313286078929396,2.7727050999648717,130227989.16623229,-42.57103805010144,378.3833070460935
conf_cone_r04_d12,3,"3,23,26",343860764,1e-08,1000,-7.489571002311857,4.153060705722369,1017805654.3044772,-9.564946917783178,774.2711442883619,-7.489571002311857,4.153060705722369,1017805654.3044772,-9.564946917783178,774.2711442883619,-7.460124480686696,4.156133933459279,259202953.52497485,-9.556839704842629,774.8471531442223,-6.876360283859384,4.7458565876293015,289860576.62978387,-8.966426655911055,377.8091882147686,-8.159066703203592,3.496443451673093,249902501.0454453,-10.26500734364753,1538.6223883052264,-7.449345105770119,4.159175450957318,275628734.0389677,-9.409434274416725,770.0963811049355,-7.495137720969568,4.1220724443697225,301930635.9446618,-9.604293414206069,760.5577375197096,-7.514564291938558,4.135972133699331,863123365.5758835,-9.655909570780915,773.5598784649845,-7.485859720791029,4.128575520894997,285777694.7846675,-9.555079229230557,762.1667687618019,-7.51172163529213,4.112008134656383,263855916.89668268,-9.549995929210638,755.8916797460041,-7.445468535907486,4.187401516898175,827880537.5170816,-9.403785510825028,789.4601216723357,-7.46694097686994,4.1566851046343904,658316391.3842171,-9.55323369440531,774.299742334634,-7.469659322054344,4.157217923517526,238995807.81203622,-9.550203724152373,774.2711442667658,-7.4395152370385444,4.165556687972638,119999.22572027524,-9.502506781273965,774.2710742357625,-7.420129676025028,4.17391546334536,21650.063872047274,-9.48085631256629,774.2699307434824
conf_cone_r04_d12,3,"6,13,27",439101929,1e-08,1000,-7.140919179672629,4.430902953006766,494859620.4380937,-8.130543630885713,892.1547834055789,-7.144541681900923,4.429723324203829,537187975.891862,-8.1304021524622,891.9820696491048,-7.133388550505955,4.433175575478361,800228819.7297661,-8.128830343404898,892.6648628504261,-6.505662230155608,5.045559939820602,47929959.739541985,-7.644587614678839,435.5325997721838,-7.806889154759256,3.754533988103663,45604996.2023512,-8.923101779529178,1778.0395618175849,-7.131033663378878,4.422949457507147,48749929.51813755,-8.210679704892888,887.4723181092993,-7.118419013001142,4.433124282014547,53967357.65998452,-8.189375903971946,892.358255751109,-7.122551388981936,4.429431609142029,50392109.17640651,-8.20189562915645,893.4837502635387,-7.168339021516585,4.406250518725645,789925475.0539495,-8.279814466587782,881.9410396796723,-7.173196097339486,4.401267761184652,857145646.7854242,-8.3197648942722,877.2765652199511,-7.14272477680674,4.428878360732823,481345505.1735733,-8.142718512604352,891.1175153048356,-7.180388472734303,4.40150341002048,962003497.9225144,-8.259129472265585,872.3892926429025,-7.140919179672629,4.435338291276873,494859620.4380937,-8.128346859544386,892.1547834011612,-7.103529108469626,4.444235657956283,247083.52491392146,-8.084545121233383,892.1547830581194,-7.08055553913249,4.453166844693734,3354.703808177664,-8.04193492261607,892.1545651725021
conf_cone_r04_d12,3,"3,19,21",628309760,1e-08,1000,-7.310084449046917,4.281095484467032,423484960.2968565,-8.89315790352519,828.927900652886,-7.313425415095326,4.27961249725852,360048820.1675538,-8.893181839771486,828.6952965366255,-7.304586575031369,4.2825788011408985,239132282.88696072,-8.882200172663005,829.3357466347987,-6.698922898110482,4.9009179675172785,1248902098.447856,-8.272670292552544,408.25528383528143,-7.98324433244405,3.620061461851172,1193150.987690047,-9.659347709507434,1659.2703632041819,-7.297402099421675,4.274529970264886,1168500.2490685529,-8.955640880184301,826.9995833152367,-7.292159935340827,4.29270329194152,309123932.98483324,-8.846058265239597,834.5988263554151,-7.312847919274417,4.282144091563772,653054459.0539885,-8.819500073676684,832.5153684571814,-7.304197449892638,4.2836949364854355,599263911.1564733,-8.834036868295707,826.1877728103931,-7.333149626511582,4.245790443992408,2105153.1303128633,-9.015418854894955,815.1825404876963,-7.285385483615472,4.312769815894144,470974232.8143415,-8.737091975496051,841.4826250197198,-7.365731629508202,4.2423379296803985,560039240.4038134,-9.045923319324368,808.0944834875044,-7.310084449046917,4.285380865306483,423484960.2968565,-8.88042881622162,828.927900647901,-7.27690544067916,4.2939773350471775,73799.10326968423,-8.864412553705582,828.9278903719934,-7.257087873906204,4.302599854298845,7953.3378580124345,-8.835413280586149,828.9271022137984
conf_cone_r04_d12,3,"16,24,30",1279063955,1e-08,1000,-7.685632693030241,3.999227794701181,106205824.10030848,-10.135424171353188,710.2020737417682,-7.6900481895757915,3.99790021895215,114273340.80991378,-10.113736471923756,709.9127290456701,-7.682032439006659,3.999974057282768,99138546.63726136,-10.136029570524178,710.4143082890738,-7.015949934370281,4.645188151163714,111589102.74668448,-9.567042187946242,358.08201158191264,-8.350174951055434,3.3716228312956225,101000956.24735379,-10.717295727348606,1412.303130996885,-7.673499696440062,4.008552744469152,99163578.5108323,-10.054025158855806,711.2949344301558,-7.692503373422809,3.992702288925886,99540236.47115634,-10.148421018859246,706.5959210565196,-7.680857655035278,3.9826289094015883,110085740.77373093,-10.188304148207607,699.3502254477236,-7.746769252790288,3.952313755569358,107772553.31128818,-10.250126477748248,692.8062123047418,-7.704940260396604,3.9773431223450912,121823984.45785841,-10.208753434221492,700.1583713440368,-7.625086205701538,4.067617262430593,82125203.53171137,-9.92524441526747,750.4149952109371,-7.374745854946608,4.19229107923743,6294389.556485436,-9.20606328191126,761.1623797454968,-7.685632693030241,4.003231025677238,106205824.10030848,-10.113822269628018,710.2020737337447,-7.65676286032709,4.011260870676094,84283.22634933234,-10.05885674852156,710.2020074086014,-7.639840310493215,4.0193001355390825,62641.00666450756,-10.010723961393921,710.2002842016717
conf_cone_r04_d12,3,"6,20,27",673206163,1e-08,1000,-8.232506411494033,2.994121997604631,518065815.70892686,-41.31087295433113,429.694094705412,-8.218854302759624,2.9920870518045057,36910484.159561545,-28.66211640728043,429.35871934786667,-8.219155703767441,2.99610143272622,40753541.45779915,-22.448130366243348,430.2466247467893,-7.570925660868069,3.4034897786114544,588883192.8961065,-40.99565409442516,210.78637818883084,-8.985991858288793,2.434910136802598,209725358.19934228,-42.240281906032116,815.8533986283804,-8.22350130481078,2.9735331283882416,209586960.88359103,-41.44647658280311,428.21701349044235,-8.247465625333264,2.9357593584686628,198558318.27772036,-41.45746159071352,418.02006803955436,-8.298206260978445,2.8979445723005823,614835471.736904,-41.693897136168204,410.6396270953117,-8.20455192603038,2.9523792301253335,801968664.8156277,-41.16043530159158,414.534953202916,-8.232161916958246,2.8879139184059657,514345955.24880296,-41.87670679311747,403.8304565057236,-8.60274038392204,2.986074439392258,57486049.750354536,-17.575662890175053,426.1931716351709,-7.0280427023587375,4.526940925388846,725934074.0986047,-7.530894466442731,943.3190592989031,-8.232506411494033,2.9971191167213527,518065815.70892686,-41.31087295433113,429.694094705412,-8.232506411494033,3.003131391779972,518065815.70892686,-41.31087295433113,429.694094705412,-8.232506411494033,3.009167836788574,518065815.70892686,-41.31087295433113,429.69409470541166
conf_cone_r04_d12,3,"0,13,25",1608174833,1e-08,1000,-7.021483659233213,4.511394963825755,262506.7213897376,-7.665723860051787,935.3888972897108,-7.023588433090398,4.510572116531039,292152.3176094544,-7.665632324649847,935.2231664713457,-7.032586599680149,4.514541799378073,135653001.2160528,-7.666248441390815,936.2393162651824,-6.333262851122617,5.1858001670063665,265066.30447559926,-6.860018369469021,469.50552167792574,-7.692165354111344,3.8510658224659537,273180.1772975549,-8.289703338409963,1887.4191526339564,-7.0203429520525615,4.512593000327639,258831.0340755877,-7.637370159269491,936.0399928520577,-7.016394612968235,4.516082126895778,266779.28480540746,-7.618030889255768,939.3125166617316,-7.032786480567958,4.520115888692154,728648367.1852651,-7.6110563179887105,941.5523854392138,-7.012713462357765,4.5161200785115385,246500.39296298858,-7.6456591398261216,938.233385844221,-7.024655960953867,4.507845398387837,280081.1795252055,-7.679118286501082,933.0634912677622,-7.033234961569864,4.519013858656779,283217034.1059307,-7.485503307452375,936.2628862338191,-7.0211157364571966,4.511706113132874,260840.22062654668,-7.6713329017550995,935.9432651113448,-7.021483659233213,4.515910874717395,262506.7213897376,-7.665723860051787,935.3888972887853,-7.009183864774665,4.524969450658578,24864.720348318053,-7.652445924861562,935.3888442679414,-6.993041305435947,4.53388002509754,1517.8070791757702,-7.648979269599558,935.3749629274399
conf_cone_r04_d12,3,"9,20,27",1051776409,1e-08,1000,-9.037550084457399,3.0115775595812555,226147001.64411637,-12.925796164178662,409.0191629342875,-9.043637428337886,3.010444530916179,309238263.8654732,-12.923358356463076,408.47991758488104,-9.032788888212858,3.012260400671028,98904257.50006951,-12.92605120614481,409.03891963811196,-8.455368604142793,3.5239949750862984,234012365.22448826,-12.508655660621235,208.08146450423075,-9.744081430073992,2.505768894645352,121193416.51665908,-13.697907404184118,817.9332504843776,-9.137687232596935,2.9573432556415042,427124373.7088455,-13.016438515514572,393.87364735156626,-9.082526360093997,2.9861706126811107,232628767.38811886,-12.91346387397333,403.70941870177927,-9.086918526858248,3.0190781371063826,63673837.75829642,-13.19553652547694,414.10725111897557,-9.134613028304106,2.97922644597563,233982813.0239933,-13.151220850858493,403.12803768843986,-9.117046486748942,2.974110663170215,465149611.3686855,-12.988827621146493,395.3917216910726,-8.661535806481192,3.12588101538535,27237460.611611016,-12.113097397106808,403.1189102906305,-7.024421767790399,4.523091698523982,204703345.69783422,-7.566133273531156,937.0898221887488,-9.037550084457399,3.0145921517340803,226147001.64411637,-12.925796164178662,409.01916293426535,-9.008272665276348,3.0206394107792227,440237.08093576616,-12.90475861431667,409.01915850613904,-8.990114035872201,3.0267073460737004,267262.04527820385,-12.885654248258076,409.0189685263314
conf_cone_r04_d12,3,"12,15,23",1572647931,1e-08,1000,-7.919242198368962,3.7505356343184064,47051872.06650585,-10.813994714478671,607.5300762079005,-7.919242198368962,3.7505356343184064,47051872.06650585,-10.813994714478671,607.5300762079005,-7.928116581596703,3.752640008380622,439720596.35012454,-10.81520338745665,607.8551857476675,-7.285764886088234,4.399842011129879,1166937505.1211705,-10.29291651632202,312.3462098130526,-8.509688324837693,3.2258831714462577,18053627.589322805,-11.377813406738078,1278.39142689182,-7.864345870033284,3.8149688305389655,634697289.0474311,-10.359483356363203,626.9048010598219,-7.852699690491216,3.8354147199451356,925050498.2638443,-10.729055384531469,644.562106042316,-7.848327167698058,3.826838569366017,22547512.136847958,-10.777531809229428,637.5524055509014,-7.8058122511246095,3.855654732411439,899355946.0913838,-10.486249061659711,645.6038900631735,-7.855066968997564,3.814699114109987,33371241.303666845,-10.542633229756055,626.2721313317859,-7.970152847343339,3.7078757929269806,49550340.15344724,-10.88620425046762,583.7995747936857,-7.707859808716505,3.932695087444972,122735440.01428933,-10.022959241905825,659.840105762052,-7.919242198368962,3.754289924242649,47051872.06650585,-10.813994714478671,607.5300762079005,-7.919242198368962,3.76182109761124,47051872.06650585,-10.813994714478671,607.5300762079011,-7.919242198368962,3.7693825470536746,47051872.06650585,-10.813994714478671,607.5300762079011
conf_cone_r04_d12,3,"5,17,22",2133223450,1e-08,1000,-7.0357083074559466,4.517917624570331,400599337.654489,-7.696305131218266,940.6310726075657,-7.0357083074559466,4.517917624570331,400599337.654489,-7.696305131218266,940.6310726075657,-7.025303145699075,4.521692825426321,387765683.2472725,-7.696957799163875,941.4738636686232,-6.4087257153275905,5.159905524942713,291600005.82080245,-7.043491073005812,463.2473628581354,-7.713679654251977,3.8489134573995907,632314738.4985219,-8.36153652540565,1885.0959350122637,-7.035530096474411,4.516640885631643,273129231.5228465,-7.6930516358226715,939.7455576387996,-7.0371661028074595,4.512977132798178,292573993.17981297,-7.679237019635264,936.97931124522,-7.030873054836782,4.520588633380275,308212943.8137468,-7.659828392621995,942.1279765654189,-7.036936915091147,4.511331602547847,227438390.0657944,-7.72620198489098,936.0649288125451,-7.04336960059191,4.509820928231833,248289171.834466,-7.745125282150099,935.4416888859755,-7.034729495049847,4.519206425542856,64244382.89318666,-7.653949281443393,941.2231516770146,-7.035465687197165,4.513076446610559,32770488.884961363,-7.736054817361601,938.2064467172223,-7.0357083074559466,4.522440064563814,400599337.654489,-7.696302461958031,940.6310725927716,-7.004086413469306,4.531511529643246,26229.3549221212,-7.6926465929005685,940.6309953604374,-6.987243657155827,4.540519719419089,2098.98480876578,-7.684147986453221,940.6230294112005
conf_cone_r04_d12,3,"10,17,18",954624834,1e-08,1000,-7.223822353892141,4.342560101076119,118704332.19921964,-8.625080043347838,844.817357406395,-7.223822353892141,4.342560101076119,118704332.19921964,-8.625080043347838,844.817357406395,-7.213714506176463,4.345742578632808,115908228.6806382,-8.622873297735712,845.4338423358997,-6.558086316052179,5.004229607140203,110299699.37556411,-7.935608707094805,422.079605026761,-7.89304915267974,3.6829681854708003,107250935.65121165,-9.289254324576307,1697.8551496764323,-7.239767625149259,4.3243845913402925,109596963.38418968,-8.702027231071048,835.38912532612,-7.226569561594603,4.339134940889331,100899526.83915333,-8.561125269858799,845.046254163008,-7.224277333136003,4.33830301284479,116457931.18686308,-8.587166328445372,842.4545824741701,-7.253934892938498,4.310643801522733,103875336.04118009,-8.699461684145952,828.506268250814,-7.237113640906811,4.328438065862755,120773353.87939878,-8.684664876370558,838.6736996249277,-7.203407548625823,4.360725269765739,57625623.27260475,-8.537089411231142,852.5719819998254,-7.207949896626068,4.352832336130828,62909507.80572887,-8.582858158109822,851.4447017153745,-7.223822353892141,4.346907007991803,118704332.19921964,-8.614761966119609,844.8173573892592,-7.193389456784628,4.355626562139691,135011.6226532207,-8.59681158581824,844.8173094091151,-7.175212942842397,4.364282485900158,3475.66503870189,-8.568503878121748,844.8102360250276
conf_cone_r04_d12,3,"13,17,21",1552638173,1e-08,1000,-7.2240102554890235,4.360150610989231,605676744.8042382,-8.514075566986065,861.1807548814336,-7.2240102554890235,4.360150610989231,605676744.8042382,-8.514075566986065,861.1807548814336,-7.193256748644551,4.363523808532426,38032777.28647642,-8.486842407698635,862.0082957122098,-6.502369935290085,5.0550633300385375,38689248.291249566,-7.63216301604756,436.3088430847252,-7.857027629427351,3.7151007652612176,40729867.526461236,-9.114264060679917,1739.311416217872,-7.162664867528354,4.394807701206429,46037601.741213866,-8.418898477760491,874.1501704992876,-7.191029281015469,4.3898724460512115,985522350.6942775,-8.379470676109495,874.1519976004319,-7.204359259230925,4.377676479880131,935489823.9864106,-8.44173612045865,867.1874758720206,-7.196091448967112,4.385677534424544,865766822.94282,-8.433743534921078,873.0380244294565,-7.200473950435182,4.362733149576847,41824275.90658563,-8.509881204720388,860.3715820336952,-7.2046595884412055,4.378464071991019,580189057.4196655,-8.396922010852647,867.9459851186441,-7.224785058958098,4.359267008166958,608893921.2159288,-8.52076488766004,860.9778796322246,-7.204151117877274,4.364515125938744,38906364.15117816,-8.488682811740746,861.1807548490646,-7.175035352431125,4.373269891395835,144601.26133288152,-8.479693653768878,861.1806940973953,-7.157155749675735,4.381915151067985,3032.6526220553383,-8.46724604954711,861.1704645500573
conf_cone_r04_d12,3,"23,25,30",584967973,1e-08,1000,-8.013276892161814,3.73720620318094,144539206.93725842,-10.83178380389639,583.8093860976821,-8.017788454432981,3.7365039136335807,180220381.02527922,-10.848573487637873,583.7115179785474,-8.003835002011165,3.7387415569309232,99033471.15819888,-10.829029004129971,583.9366687956244,-7.353904843012992,4.365778297873696,124322395.69089687,-10.224683057400654,292.8111982024944,-8.712920111060669,3.1249240507303164,145071999.93205434,-11.639335317000391,1166.6916694285865,-8.013897656894923,3.7322755777179797,159595492.86959118,-10.882023136687808,584.6034133935394,-8.069111521772241,3.708848605049873,140314371.27052772,-11.047124419259575,578.4905821547712,-8.08235648328804,3.7017969121822754,147997249.20220646,-11.179107886504951,581.9117388427057,-8.096709083805388,3.7066106453566414,927396782.447502,-11.072323687032535,582.6002359438098,-8.116970803490902,3.6826913401592183,155744013.56783065,-11.140092433553052,570.9840618906611,-7.823737816926793,3.857469865954091,14506057.2256905,-10.431594410991734,633.3159510313876,-7.087765528692217,4.462126143380986,20578422.730093148,-7.879117015563235,890.3184545122184,-8.013276892161814,3.7409471502349936,144539206.93725842,-10.792912556105595,583.8093860851592,-7.983206610562107,3.7484514066037358,326412.5250722396,-10.754941290680456,583.8093729108635,-7.962856647706041,3.755982720045051,152572.97866618904,-10.701328593792516,583.8091374505374
conf_cone_r04_d12,3,"17,27,28",255404409,1e-08,1000,-8.771345492766901,3.2957117420960267,147069363.876429,-13.285014938147194,479.4712432963299,-8.778652078319869,3.294124917630828,157756924.97481385,-13.288759112537262,478.98656560323343,-8.781143317948427,3.2966989779507,624520518.7207494,-13.28833117545583,479.58770391541464,-8.36928709484045,3.744576522279128,407469813.044841,-13.107755751995635,234.72768673080074,-9.537176620992703,2.745271068976217,159431586.16387707,-14.18303499574244,957.8958264797329,-8.795256186244064,3.2976611581888347,228514625.5046313,-13.376865274677057,473.1541269902066,-8.958109298624283,3.222764415673184,1140366876.0737803,-13.712748349697636,464.06882419479876,-8.780522142936384,3.306176799870892,983584009.0620815,-13.311630564359334,479.78078835432717,-8.771532408488039,3.3224814402080516,169917826.65150207,-13.419089159754748,488.1067172136953,-8.796618878381278,3.306191057401868,1015407368.6260086,-13.370231231528013,480.6868421892123,-8.63992629340217,3.2594762637360297,19115805.78762005,-12.700530894349056,457.0725454624478,-7.063304452062807,4.485731806070384,84473354.57088818,-7.755143286215161,906.4660795566729,-8.771345492766901,3.299010752856667,147069363.876429,-13.285014938147194,479.47124329613695,-8.754982131786573,3.3056286266487245,68539545.44484884,-13.24817471341455,479.4712431677899,-8.72645665605643,3.3122730288581455,2609693.602221665,-13.229546442113874,479.4712372895964
conf_cone_r04_d12,3,"3,5,15",913937410,1e-08,1000,-7.06862958644945,4.487141562214285,108631664.11677451,-7.873769119464276,919.8030228473643,-7.06862958644945,4.487141562214285,108631664.11677451,-7.873769119464276,919.8030228473643,-7.058094402448867,4.490460196474795,108731112.36203443,-7.8712684761412435,920.6618386729056,-6.399949716455693,5.1576123047870475,78846915.87475729,-7.146415335755172,460.1203233876108,-7.738534289400567,3.816937494539277,90328725.39905119,-8.55946520267413,1841.433495522564,-7.0701642324914715,4.479244264651569,91669906.45504385,-7.9130106059685925,914.2345751097712,-7.077167225786293,4.49739237714019,906721750.1192238,-7.758703727245651,926.7675112533897,-7.063754348327234,4.489235481717895,94652357.55054812,-7.833763601073836,922.4916403999606,-7.073424284464405,4.482784452545024,92025936.99365701,-7.874079842878646,920.1285347400791,-7.0648464565437,4.4885819171182595,86016302.09519792,-7.859736425847361,921.2624606580209,-7.071109031597779,4.48315160793567,62655933.59283412,-7.895200453971757,917.630425896557,-7.060236672635052,4.487859565241271,25744086.386725154,-7.873939103152169,920.2028236550196,-7.06862958644945,4.491633195391386,108631664.11677451,-7.870546175236882,919.8030228434087,-7.038563786620884,4.500642737127087,107659.80755486297,-7.863313514558115,919.8029335065644,-7.019563640936132,4.509640449200716,2518.63064713961,-7.856533755916796,919.7989157289861
conf_cone_r04_d12,3,"10,17,18",160137827,1e-08,1000,-7.258095924208013,4.32771514594976,679428559.5240446,-8.649437915649733,836.8136408828335,-7.258095924208013,4.32771514594976,679428559.5240446,-8.649437915649733,836.8136408828335,-7.2296306858473205,4.330866954635164,111884634.74216789,-8.650383129375866,837.4367998317068,-6.594237594138657,4.981515596653168,107192059.51040147,-7.9457062345997596,417.02070081796705,-7.902088083605882,3.6750491228013593,113915746.7883813,-9.333018763317222,1689.2449466752619,-7.231328518506262,4.3336090862961605,107948372.74439108,-8.670350007458746,840.7539390124427,-7.207344577142361,4.351883480545646,125650432.29298358,-8.617527618635291,847.0387763267881,-7.226034474646684,4.339535372575287,114136213.67179331,-8.638626376242149,845.6318131956934,-7.233402635382022,4.326999740599618,111675113.05658121,-8.641766241012867,835.6562545896387,-7.238084953378122,4.3284481710348945,107621481.30007064,-8.660389984038066,839.4313004546833,-7.233888595153533,4.350114983607118,671173111.0178328,-8.546112413533674,846.3953912538171,-7.243598442915384,4.337960210404288,616622617.8250438,-8.60954913013308,843.6554553302223,-7.238270398659031,4.33204719296639,112444147.84961751,-8.648137275192095,836.8136408513535,-7.208541968764425,4.3407365777006826,57178.9424562165,-8.637666078784433,836.8135565241761,-7.1913389852623695,4.349358645515486,3631.3926301009524,-8.633126309726812,836.8062527074233
conf_cone_r04_d12,5,"1,3,13,24,25",688475528,1e-08,1000,-7.167621653551007,4.3853887661483615,7599812.332650504,-8.356337178118173,868.2276203470981,-7.172374945829403,4.383960981546962,8293667.403697845,-8.367669503702844,867.776882138768,-7.162666280405433,4.387404228573547,7459668.878421238,-8.356955558484108,868.6277999725551,-6.507160023782916,5.050293025486637,7621658.318389938,-7.703694029346687,433.31972443031805,-7.836360401879349,3.7285570760301927,8023323.644009204,-9.017207911719353,1746.2480750807033,-7.19015099999095,4.364147431811643,7608779.933511324,-8.53824530978368,856.3910720910281,-7.172880748326111,4.37892242263179,7614294.572755677,-8.420320379409459,861.2185696243339,-7.17105179771755,4.383946728262567,8412316.061666902,-8.439096868029665,866.7557814221002,-7.172052582516706,4.382019368674634,8345818.387037979,-8.456426254502075,867.310315105934,-7.171770314079184,4.383567505530491,9348438.780316096,-8.442684127201328,866.624712600187,-7.166649169157882,4.385437140456547,7486152.1668019565,-8.357011443921971,867.6140005306976,-7.179967183977342,4.389922438757323,899873987.1896766,-8.338783838410725,866.8691056543495,-7.167621653551007,4.389778544597431,7599812.332650504,-8.33966995356856,868.2276203289262,-7.142365696904662,4.398579284453382,4927.618492031091,-8.335818163637297,868.2271197823202,-7.128974372314868,4.407214992499877,2805.400541249831,-8.320395933678004,868.2122435872476
conf_cone_r04_d12,5,"9,15,24,26,29",1706626242,1e-08,1000,-7.574634598939293,4.046545434935274,5615534.412140624,-10.063978608882396,732.182672989,-7.57661180097884,4.045938880959469,5694739.928381882,-10.067016335570484,732.0615538001205,-7.5698380429335,4.047641866232754,4863057.061820972,-10.060101967030874,732.4139484596143,-7.0140765565816965,4.596096223040281,5640941.817611642,-9.538248994740359,350.08094578263007,-8.29895915910642,3.385742143048192,5773308.1978286775,-10.889447969768362,1444.2934275100868,-7.596238753203143,4.030779234419966,6089088.881102196,-9.941645907971612,724.5834071790227,-7.594703233564376,4.031682063695294,5969568.418248619,-10.023978482968982,725.5822930631371,-7.650880334222602,3.9833266674670025,5478738.888178809,-10.190573513826104,708.3390146667138,-7.580405832551379,4.046398802108057,6134809.373741976,-10.00194040262452,729.7331098600878,-7.642006908435636,3.9908584387352066,5925683.258401324,-10.184433396310233,711.6713073608561,-7.572816652735142,4.043478606487849,5461509.236694138,-10.073825632548479,728.968912159153,-7.128472098891751,4.421162061958581,5408289.846384683,-8.230020251875494,875.1581882015164,-7.574634598939293,4.050596030948482,5615534.412140624,-10.042324597418409,732.1826729859137,-7.548505141523842,4.058720884303142,32008.959946050792,-9.970516283373682,732.1826035982228,-7.533510550219462,4.066724322623536,13989.930116698704,-9.893928103130316,732.1730663971368
conf_cone_r04_d12,5,"12,14,17,21,26",1814660668,1e-08,1000,-7.406600141063382,4.190508360525949,27598020.214960143,-9.224970686002209,787.4371923961326,-7.406600141063382,4.190508360525949,27598020.214960143,-9.224970686002209,787.4371923961326,-7.399325212882398,4.192989638294027,22202109.397086293,-9.208704826587628,787.9654825358016,-6.779286946290092,4.848430455425989,929506538.5876676,-8.630638153883774,395.1978146736255,-8.082504510591173,3.5422362910202607,26245888.95125375,-9.94619374217515,1573.1294817256573,-7.429828053907005,4.166604103365444,25748231.367962934,-9.412942771882914,774.5022356130063,-7.391458426788317,4.197963735218852,23128181.117190644,-9.124925580444797,783.3338260129811,-7.428055363686602,4.165571900054407,24243749.343151234,-9.38571352880099,772.6593697397471,-7.405068295934429,4.188798351539564,22943152.742674377,-9.276913725351388,785.3887538670882,-7.425977894883439,4.168930831472876,25202054.985270455,-9.40686236495922,775.4983988248846,-7.431332957064627,4.167958301955419,27754562.152971398,-9.280366707654348,771.7465703910642,-7.131509649189582,4.421679720980078,26155770.11769343,-8.204061901739719,883.3316254507387,-7.406600141063382,4.194703063573618,27598020.214960143,-9.208811738482106,787.4371923931518,-7.379479845255483,4.2031158743825365,35321.90470604205,-9.171563860219901,787.4370166620876,-7.36286815086816,4.211500598994317,10004.360247621784,-9.149490086819311,787.4324894431388
conf_cone_r04_d12,5,"1,4,6,17,30",1787224177,1e-08,1000,-9.824809896130263,2.601307963765725,56029450.31118082,-14.299019528358741,305.9216114889265,-9.828620235437112,2.6000756884175025,57725958.513881624,-14.297882399569543,305.707074331295,-9.838893803124288,2.6020618645552283,202616083.77173957,-14.30092777760295,306.174392202263,-9.161171391394406,3.004351528856646,43612859.402195975,-13.543442468933009,147.8313832151607,-10.438816370714656,2.182904914798083,59028728.97411541,-14.959173297558962,628.8716338131024,-9.860428527692497,2.579271651270945,62159965.879605815,-14.402373419085345,301.68056830601347,-9.682636169921688,2.6428232862915753,29555014.361722574,-14.259238292188952,321.4041396094001,-9.79073035953761,2.611310750708133,47230904.36574057,-14.29731817281593,323.9831425389552,-9.747730828708052,2.638210386889082,43147508.597748734,-14.306817248624666,322.22170711717825,-9.924407126107052,2.5504449544713403,62232402.51225719,-14.497293637789863,302.71599507321326,-9.696438254123045,2.613990794942148,13480877.251049109,-14.318775309919392,303.38347008081416,-7.011709814219771,4.526369965024182,3501863.1232511937,-7.527874267108733,934.5860456420407,-9.824809896130263,2.6039118756474773,56029450.31118082,-14.299019528358741,305.9216114888382,-9.824809896130263,2.609135369881474,56029450.31118082,-14.299019528358741,305.9216114888382,-9.824809896130263,2.614379863087266,56029450.31118082,-14.299019528358741,305.9216114888382
conf_cone_r04_d12,5,"4,14,18,19,20",1921228556,1e-08,1000,-7.402483784035958,4.192481741799225,612332440.2995605,-9.143183566164302,763.261630311627,-7.404288435567796,4.191272157443589,508635520.63709325,-9.158580286100566,762.9210897229307,-7.395316996355156,4.193954387043477,479610685.4270239,-9.144040843357677,763.5823690888006,-6.76087169959496,4.848131410561432,1156101988.2907217,-8.471783902777233,379.3655987714222,-8.081920402199165,3.5217761060277217,32730863.827266213,-9.869886875159562,1510.21100861328,-7.366056367822999,4.207455513895096,28396827.910880934,-9.016681422723382,769.37140975853,-7.4029688440880355,4.174730312788927,31435656.35415151,-9.206975728139328,756.4224349912307,-7.403325233978398,4.191884969337115,477219416.6051541,-9.136042080870135,760.6832404111805,-7.379775981733473,4.193736492913712,31931047.8431441,-9.083375471250562,761.5099006471726,-7.397050961108584,4.179762453737667,30258258.65312648,-9.198782105244499,756.7234241379256,-7.4134755220939565,4.180662386000822,609905218.1910707,-9.165368418691285,753.6369337075462,-7.325122298952415,4.2535436888777385,540113115.662821,-8.910518604069843,786.000648782415,-7.38277767119867,4.196678420047306,30855329.26769242,-9.137493096361675,763.2616302834699,-7.356538974531065,4.205091843161037,15130.988328271253,-9.116854348717117,763.2611891309226,-7.341024987938842,4.213470299860425,5733.683034716251,-9.094703512157224,763.256046462688
conf_cone_r04_d12,5,"0,2,6,8,19",1012416857,1e-08,1000,-7.028015693177662,4.516727323293817,6337748.421223401,-7.563121445776129,936.2974646326072,-7.036341094777183,4.513574738954098,6422069.174884952,-7.566679627757765,935.4840997354294,-7.047229073681092,4.516837345515874,375766566.70025194,-7.5631464657858904,936.320408470716,-6.421439991598733,5.176222265499739,242180476.01058215,-6.883407607042131,466.47381605349295,-7.702311398176188,3.848251618978391,5467147.59608269,-8.254824709520818,1877.3863135536358,-7.030593097204656,4.5136112824783545,5244529.418282259,-7.5677153108997635,933.8519436642666,-7.032814432703583,4.51469556476988,6027802.34365047,-7.581162058839974,935.0315308458089,-7.032524563978472,4.5149742798711285,5032772.507425769,-7.574978500588569,935.5922755637348,-7.02481786259013,4.518654267114189,6064458.731835405,-7.569092545509375,936.6748646438377,-7.0196346819183315,4.524267574495183,5463317.626853713,-7.559695965956302,940.9875740846909,-7.029593224403256,4.515120800647376,6342856.8361018,-7.616517480558347,932.1192022563396,-7.018097542608949,4.521403431338042,2961043.0135843772,-7.574558916007386,940.5814719491586,-7.028015693177662,4.521248571813995,6337748.421223401,-7.5602621685338605,936.2974646217532,-7.000080330878335,4.530317877895321,3434.506020658001,-7.5518416791797085,936.2974135480426,-6.986572329449484,4.539184226042241,1302.991310769588,-7.544474959560071,936.279146705547
conf_cone_r04_d12,5,"5,9,10,16,29",415743685,1e-08,1000,-7.109328160142318,4.440408500552854,7096552.548247736,-8.101936984509077,890.0416526314275,-7.109328160142318,4.440408500552854,7096552.548247736,-8.101936984509077,890.0416526314275,-7.100938883998137,4.44340418053659,6890358.16655069,-8.105635402696848,890.8519495131491,-6.520548453673379,5.078610565245436,1390595655.057943,-7.502795731532209,435.7192689511697,-7.78345129815905,3.773260765908822,6952418.025353005,-8.833893182586833,1784.807990544742,-7.110599342739817,4.439640937388469,7582402.062431169,-8.091057788813432,891.7965557946527,-7.109545013592898,4.44069238603159,7372965.9465390565,-8.153296900761754,891.9787845076937,-7.127243095994966,4.420719545050968,6695802.685561835,-8.243086857432067,879.8298306076816,-7.126416545559953,4.4440750784194645,716588948.2521173,-8.168974688021388,894.5420515675073,-7.101624805151108,4.447508980637271,7403310.845839389,-8.055203697059973,894.1508073140844,-7.071098078334024,4.477631764055728,5623850.677144035,-7.868785615552314,911.4500601584018,-7.10970569395765,4.439960726976628,7115360.694927456,-8.10616134077233,889.9038492452077,-7.109328160142318,4.44485335399373,7096552.548247736,-8.101936984509077,890.0416526269485,-7.083504988250488,4.453766693493955,20776.986267828142,-8.088276953144112,890.0413334517897,-7.067760197753606,4.462528036507768,1900.8175490625258,-8.076940671836715,890.0276015902176
conf_cone_r04_d12,5,"4,8,9,11,13",748347462,1e-08,1000,-7.099747830327843,4.451806747844389,75486527.10313544,-8.058025988601983,901.9200624712369,-7.101019857695718,4.451274269723195,75375151.53740823,-8.05797591903865,901.8210641474951,-7.092736478588388,4.454338474140137,67611702.34044762,-8.058801179412415,902.6400447304223,-6.437207138823286,5.113893132708025,53432863.67941079,-7.308105723647244,450.15820663074743,-7.774852747127989,3.7837559283455477,62348836.0720436,-8.76285832540177,1809.7159972419788,-7.111177753496872,4.441136816112606,53352657.99666185,-8.068644365417287,899.1279777471793,-7.105571267517584,4.447755374669192,67997025.9633885,-8.053685129516063,903.0693426614317,-7.10720653452184,4.445242562213343,59594575.07765649,-8.06253055901566,899.9603203147465,-7.100048100337919,4.449950340574211,56680456.94386107,-7.995198832735633,904.1759400322183,-7.089695758094317,4.459376938325739,74176979.79428706,-8.053981272396706,906.265849925625,-7.098667436719342,4.4526997678480065,76566757.19289374,-8.072797473938255,903.7755335518033,-7.0955046664776695,4.450285109583302,1450837.939624823,-8.09505080145596,900.7921263114969,-7.099747830327843,4.456263010939429,75486527.10313544,-8.058025988601983,901.9200624668341,-7.072394831818309,4.465194997982658,11156.561271183915,-8.046048402777705,901.9193572115103,-7.056962212055057,4.474038364912142,2141.5759331807744,-8.028985165614392,901.9093727586235
conf_cone_r04_d12,5,"7,12,15,22,27",799313991,1e-08,1000,-8.293437616128383,3.479802773715777,917714878.9121913,-11.777442616165104,496.20619656604003,-8.275449183608709,3.4792255971249015,5120971.791836646,-11.796912483071116,496.02653033234606,-8.290073553076809,3.4802133846121897,967887317.0519569,-11.778401076624897,496.12955672877086,-7.565164281525441,4.119443492462192,6910073.743588365,-10.593997497409097,251.25588014750886,-8.970040174618116,2.896305091846346,5200078.328269987,-12.492801263179988,986.4021751451677,-8.310391443077924,3.461463044385323,5416577.192771886,-11.939726739613793,486.85347892812916,-8.324894202263291,3.4473532379203373,5672790.331425126,-11.804610972206769,493.6945916742165,-8.267577240670713,3.4966198774044153,5280958.394196421,-11.858116931671619,495.53286550334934,-8.319497404119774,3.4457141574532417,4956262.52968825,-11.838156534725222,479.690995751592,-8.258467402439116,3.489424757162686,5762974.432591148,-11.684523114100053,493.3012813155907,-8.348395863481862,3.4437082452721226,925790255.9062046,-11.925739226878422,487.85472629608785,-7.113022587838279,4.452358699052639,415259153.74497944,-7.860355456937345,874.3038605037752,-8.27417216332899,3.483286059665873,5063855.128560507,-11.74787890808842,496.2061965538982,-8.251689855194535,3.4902676113504643,65437.65193033402,-11.73703525349496,496.20585671836454,-8.236720271952487,3.497250184060426,51140.74144191346,-11.649600738417355,496.20415675379644
conf_cone_r04_d12,5,"1,8,16,20,25",543372466,1e-08,1000,-7.253099382132514,4.326859526628526,600758457.2215133,-8.593334747050339,828.3954830495785,-7.255106404697894,4.325970943498992,357389789.2379161,-8.593059983768454,828.0855703813288,-7.226511903251753,4.328287196973896,21269395.589452233,-8.593399320629016,828.5665723607103,-6.55658995660007,4.9967470046407705,32412910.277025748,-7.861020204276338,413.8060888744331,-7.89756693088414,3.6732752400022792,42147620.50095748,-9.255259417378776,1664.0959952389378,-7.199431542445922,4.354554415807283,59568485.758059,-8.390933783554418,839.3425778290051,-7.231997925781924,4.325594621072663,40537731.630972624,-8.584694649969453,824.4665109413978,-7.242093466269478,4.318435578685487,52004505.70288289,-8.610973265276755,823.1198727318395,-7.227674236488093,4.329679160908787,53897434.795789376,-8.555899314531231,829.9532846641374,-7.2482189401772805,4.309266711760785,52615327.11172359,-8.664668228495554,819.6711041641718,-7.255625892650603,4.3240161609394985,587008171.3243389,-8.599719050092844,825.9068312334297,-7.10459835202982,4.463328316358017,478442445.4444138,-8.009720400487284,907.5718511579392,-7.23331401573724,4.331190717161214,58736661.53858525,-8.588734737833114,828.3954830170298,-7.206081674401136,4.339874216251926,21009.132913381032,-8.577388640379288,828.3950280714178,-7.190847037926205,4.348364986086098,2947.1094571281633,-8.576965432397522,828.379475214576
conf_cone_r04_d12,5,"1,10,19,23,29",1268014963,1e-08,1000,-7.368878134393769,4.200893268171481,4916093.789693559,-9.187579406668679,773.2493711828594,-7.373797694469657,4.199172038055973,4986637.796640171,-9.1977527629268,772.8460473232383,-7.384897857529682,4.202217088698728,1000858332.5281938,-9.199175825367718,773.5698463793412,-6.764170484864589,4.804959926322457,4514103.951575424,-8.787196924371814,374.5124765365493,-8.040208818479963,3.5528179776807667,4401821.129476797,-9.875439356663945,1557.268254148501,-7.394967671674007,4.1762613553145504,4030143.8021256677,-9.228909637412567,761.1208650605676,-7.413513883731075,4.161464310794934,4341161.40928615,-9.280703859901553,756.655374494076,-7.381960171773215,4.191251066645853,4385383.401820295,-9.217553704120203,770.546123926527,-7.376348540177926,4.1928325547117895,4289359.899699937,-9.217004312512781,768.5100381979537,-7.350960170075084,4.217394204622089,4726011.385899984,-9.122811513476693,781.4116262046564,-7.367570200086512,4.200566486692822,3995784.6560038463,-9.187526873800788,772.7774415975697,-7.372322960944547,4.194955496328725,2286504.7884324677,-9.20227701583148,769.2635127519513,-7.368878134393769,4.205098366559261,4916093.789693559,-9.187579406668679,773.2493711819322,-7.343072060085049,4.213532560021175,7678.520408529405,-9.145601932809555,773.2492440343019,-7.329604676506113,4.221816356925516,4580.702165395369,-9.118119851363055,773.2370891797732
conf_cone_r04_d12,5,"7,16,25,27,31",1354299401,1e-08,1000,-7.795999787370646,3.9080789986738336,6150380.532589746,-10.425322991503158,661.9520176723047,-7.798435660257061,3.907208282716307,6187606.367178581,-10.425416504967158,661.6887371859914,-7.809739075036681,3.909132389595652,331293993.6700235,-10.408722369699888,662.1936265575425,-7.173835929319508,4.530403889494014,6882447.834475644,-9.833042675099316,329.9600805946218,-8.525384050814308,3.2738194057352756,6680217.625767498,-11.208099536945445,1313.169149127797,-7.7900584713926655,3.9205828441490413,5923073.675712851,-10.198183683452173,663.0353508306928,-7.854612479511452,3.885976896844416,5826704.871288724,-10.472509679997255,653.2100026071365,-7.906835338735738,3.8507708826579345,7076591.99661909,-10.717537026509826,649.4038992640676,-7.79305963322921,3.9286732319104023,783535899.9085698,-10.132736494013688,665.3329375641504,-7.862691982359125,3.8780430563311046,6447430.100621455,-10.399061357081678,650.1545440403182,-7.840126991702577,3.872515380559691,6225965.342802077,-10.536580599153753,644.9974166188083,-7.757335689246675,3.9142305265309,995222638.8954507,-10.39145100057454,661.2882162885043,-7.795999787370646,3.9119909895642575,6150380.532589746,-10.407425814189976,661.9520176577722,-7.770049818361901,3.9198379458520045,377704.7677257415,-10.277566441599374,661.9519665132029,-7.748983784123794,3.9277146263307063,208289.06018617848,-10.227058949047992,661.9517656603017
conf_cone_r04_d12,5,"11,13,21,22,28",2050232257,1e-08,1000,-7.262975598627516,4.3220745989814455,505876349.1600089,-8.707342757857209,839.4378337310765,-7.26585635928911,4.320762148432985,528291187.8842376,-8.707889760092833,839.0579152901329,-7.23812038724497,4.323498394574597,15499165.21015146,-8.698309843225516,839.7346744463262,-6.586837623212722,4.974083742861686,15335226.967493847,-8.002086098463428,414.8265155616354,-7.9016601758137215,3.674767346632171,17521854.0102343,-9.359835175988326,1689.9018235613207,-7.281366226601862,4.28843083029971,18078997.659704898,-8.805107901506304,824.0931372751086,-7.244036170163881,4.3226014519496685,18939342.578192554,-8.721796373815307,839.3628800066613,-7.225385105988524,4.335414316385181,15352299.869240794,-8.65101690520564,842.5130877975754,-7.271063137094539,4.315548696036534,862851859.4898262,-8.690845843378018,834.1900340800019,-7.230605750030577,4.331903981239966,18395805.857824095,-8.709232838680599,839.8153737871583,-7.271199502691803,4.3140831657845755,516615537.43754226,-8.737966493975245,834.8775247685033,-7.261633995879475,4.318241817654211,507428626.2605076,-8.720092158223906,836.8096586780898,-7.243304187154636,4.326400999776538,17339779.20524416,-8.698438030557561,839.4378336946821,-7.2138533280692485,4.335079681209008,13021.406299618642,-8.666659412293209,839.437814361866,-7.198992043822342,4.343612949242025,3515.7635181607325,-8.642002915309108,839.4253371055785
conf_cone_r04_d12,5,"5,10,17,18,21",1111566169,1e-08,1000,-7.129040048740569,4.424069121405943,5188286.959693829,-8.22159609462452,885.3291034630025,-7.129040048740569,4.424069121405943,5188286.959693829,-8.22159609462452,885.3291034630025,-7.1206878913026275,4.427009124085655,5151528.692464215,-8.220790805643574,886.0784906989717,-6.509917817157704,5.086432674832887,229102344.87004295,-7.609087357334,441.4294084700304,-7.792492181229846,3.7668759544096075,5118920.998336357,-8.91846406900663,1783.6262172061188,-7.128197018694317,4.425776160764931,5836811.066165203,-8.182641567527181,886.1402037807102,-7.120274007481247,4.43446462208144,5922673.200599986,-8.16576943419362,890.2102314384275,-7.146798676538363,4.427043271560501,627984182.9657267,-8.216574407753097,886.2415927517687,-7.130303843217538,4.423524467143872,4683998.555370139,-8.211966833658746,885.9714412850857,-7.117256245611864,4.43588532681066,5689236.784418998,-8.158651886530391,890.8527561092208,-7.092398226666928,4.459495629191146,6363215.26324264,-8.008799023884501,903.6135267110174,-7.129267638909923,4.42370710427995,5198929.649872912,-8.224756650319527,885.2167205178549,-7.129040048740569,4.428497619019124,5188286.959693829,-8.216243437878907,885.3291034617264,-7.1022160263026715,4.437380458690141,27922.443654277344,-8.214981793845602,885.3290111076403,-7.085786896791105,4.446168861139302,2135.135897723959,-8.208829840537803,885.3193964314374
conf_cone_r04_d12,5,"3,5,6,7,23",1071766506,1e-08,1000,-7.099833036162063,4.447335504348315,13086522.89699845,-8.06808930554358,894.4631188736715,-7.108823344975074,4.444436672019952,13398053.851804838,-8.071979107960738,893.7518220996999,-7.099507522262803,4.447384706242749,11992974.177463178,-8.068093252053224,894.4682676920078,-6.421713306890586,5.129282104007081,13137657.673973527,-7.3567322866296445,450.52948928495755,-7.770240960351113,3.785365011805597,13372926.342465691,-8.734777936931506,1799.3429507296178,-7.089125176184892,4.460591373948873,13828922.6508059,-8.016123482106806,903.0894415760041,-7.103714893521151,4.445959177727961,14574751.674770655,-8.054692532139214,893.6176975286074,-7.095278218613908,4.4563735269761695,14924362.822253734,-8.032545779128265,901.4899052887831,-7.104063064700629,4.448806893054541,14107478.14066753,-8.072497961813058,896.1333939564668,-7.101913767463828,4.445031954316704,12267733.245140852,-8.105418700527142,892.2713431252946,-7.0966768553401245,4.448956305425542,7029520.423371471,-8.067792314246292,897.0558063527357,-7.100404735174218,4.44366838049549,10824425.683409467,-8.083279417345032,891.4797221568906,-7.099833036162063,4.451787291614384,13086522.89699845,-8.062014884485386,894.4631188683702,-7.07327071687678,4.460714846310932,4020.4408867162283,-8.056411717178738,894.4628273903684,-7.0594042632180924,4.469513509826985,1635.805157161512,-8.046833391463753,894.4501474822777
conf_cone_r04_d12,5,"3,9,13,21,25",1903288740,1e-08,1000,-7.188880709275553,4.368211797131365,5884455.629910951,-8.503614935058991,866.4983473910199,-7.1909084568175,4.367266305876023,5901164.727292396,-8.510318102764337,866.3330863330067,-7.183660909048894,4.370037890134335,5713514.596599164,-8.510050238502462,866.9437909757773,-6.585852918062549,5.012310745696432,344038787.99098074,-7.827054988547097,427.2078839754075,-7.861637223592628,3.716290360655079,300351450.4429289,-9.173190911401216,1741.902313125817,-7.199317983421396,4.375664535975563,309302047.3241637,-8.47375835056186,867.2907053254528,-7.179847473121642,4.373995683883755,6771509.184658116,-8.429546433506466,868.6601036655466,-7.175462904377982,4.37954361978458,6313840.904693662,-8.45507470608888,868.3051697951962,-7.167671164420485,4.386394720116296,6315133.072590171,-8.464626630852463,872.5880064081157,-7.178230663592291,4.377804161606892,6200781.310771855,-8.45976385320778,869.1471377468011,-7.182479017139404,4.374060421280578,6022830.877609066,-8.476051266867506,869.8124047534362,-7.177698209095128,4.374895722206221,2130513.991268447,-8.47963465371513,866.0989089185447,-7.188880709275553,4.372584381550272,5884455.629910951,-8.503614935058991,866.4983473891537,-7.163798800716341,4.381351256257222,21515.872286645394,-8.496809852224983,866.4979023199626,-7.148784064472709,4.389846186994675,2883.63412410724,-8.4827656595649,866.4764476979431
conf_cone_r04_d12,5,"8,9,20,26,28",516378720,1e-08,1000,-7.328229058914254,4.241845623264007,113277446.34761764,-9.002942941140791,792.8849227904606,-7.33070358212946,4.240244451595172,119061964.69058077,-9.004542800870533,792.3918978838117,-7.321020689163909,4.243609791641824,62680338.168015406,-8.996190683776609,793.2541242252785,-6.631541545190777,4.933190549476844,103041460.53890932,-8.16839115660764,398.72604497539123,-7.970013238861586,3.6127902478769953,98574033.38700886,-9.479497230491331,1602.7364649306408,-7.3076604396356055,4.259221520348613,97601109.00544852,-8.893213748595365,793.4550742986647,-7.299453904711367,4.26622222955711,112735062.764516,-8.913641846978589,796.4191228780622,-7.30089007055719,4.262500507321354,62972337.6480467,-8.822257761662664,795.065134722898,-7.333129102565674,4.236288929428611,105105991.50595759,-8.97168086470589,786.7138209715541,-7.326623484687322,4.240735190133838,96859190.61921655,-8.897215972268476,784.4890599093276,-7.233534106215378,4.327033034561405,10486212.865120813,-8.667946853519132,838.6609836548871,-7.290934215618576,4.269177259856266,8050841.96829009,-8.891471660404704,801.9309757880105,-7.328229058914254,4.246091714978617,113277446.34761764,-8.993321577900334,792.884922790381,-7.299336188809607,4.254607941388141,14393.006506457305,-8.975345768452543,792.8847753595325,-7.284649933240161,4.262963159915521,3965.7557767587905,-8.95431886889935,792.8719227190295
conf_cone_r04_d12,5,"2,3,13,16,22",1009431126,1e-08,1000,-7.144541352907946,4.4078015437713125,2381253.7837590748,-8.33261892894627,880.9281736041393,-7.144541352907946,4.4078015437713125,2381253.7837590748,-8.33261892894627,880.9281736041393,-7.157992976083538,4.410725959008961,779670948.5577146,-8.333385743983477,881.5554060625594,-6.49085746081189,5.063524969930204,3195290.1167458384,-7.61929182686625,436.3577206848647,-7.823051341956688,3.7397609367672167,2404690.9801966166,-9.039535771429145,1760.6335716204155,-7.1513176655445205,4.3996609117393835,2188890.3311183443,-8.354612930868273,876.4262898052999,-7.158389216476243,4.395242038355756,2338201.414243227,-8.363190539997058,874.7327111320351,-7.14900530966068,4.403573719845965,2522745.101257701,-8.32614051562734,877.3577852469255,-7.160047364361938,4.411436037265336,602236906.8756402,-8.31418562014593,880.8010590157137,-7.147025183822754,4.40575767719878,2551615.4069635235,-8.317935492843427,878.9219425885843,-7.142602056791685,4.408606696901567,1137801.38492514,-8.328708467901176,879.8635427808548,-7.14168028633456,4.406473682781389,813072.7982625386,-8.34742278329196,880.7281589601566,-7.144541352907946,4.4122137578075895,2381253.7837590748,-8.33261892894627,880.9281735899586,-7.119165453817432,4.421063218768322,13394.375184683322,-8.31591102825462,880.9280086036512,-7.104334445514616,4.429698763203085,2365.745612251407,-8.300655410751892,880.9103060666289
conf_cone_r04_d12,5,"0,2,3,19,28",2031497655,1e-08,1000,-7.064282585486946,4.50256605245516,346169328.9900883,-7.783345112495197,927.652665797306,-7.066001736293498,4.501586032764911,319044480.53697366,-7.78280244157794,927.2734841963589,-7.061940618661911,4.503886926558198,912472810.1409924,-7.7827041797360135,927.9575672933162,-6.432951177536937,5.164517667785785,1062716637.6092302,-7.06689374298946,462.6544643122445,-7.729438188728567,3.8313363986754476,453664114.6274911,-8.466686656828502,1855.6406969855711,-7.065194243507258,4.502131836502697,989201422.4561747,-7.756689559857044,926.7411190255287,-7.043070268036572,4.505370854738913,2923854.9374845116,-7.698362112375684,930.0823803382164,-7.07236448028391,4.494950682016755,607798233.982062,-7.773929845403989,922.1689643096245,-7.057441894758469,4.490182137165222,3182109.583629125,-7.807843904597293,919.5674397975044,-7.054482319287005,4.49305216304953,3031028.9038845235,-7.801086939445077,920.843479267199,-7.030273782731815,4.536552394758756,318011198.41504645,-7.5445853321380465,952.2675512489226,-7.063560237037813,4.498674691089635,349570259.736701,-7.798812997133154,924.0246341419221,-7.044766263624226,4.507073125288931,3140966.6243918557,-7.778263932593354,927.6526657412496,-7.017836395071819,4.516113874277737,11024.606319768696,-7.770485527024901,927.6526007364536,-7.002416582140714,4.525038828027175,1684.8051830511347,-7.757491915802205,927.6409244872812
conf_cone_r04_d12,5,"7,14,15,18,24",1667974095,1e-08,1000,-7.4512086914845685,4.133093437078827,4344060.0275337,-9.415048329161891,746.6948305711048,-7.456678558003451,4.131875368143901,4397184.7739980435,-9.42094006808265,746.4991180233598,-7.447627751022342,4.134536956535008,4028980.53526843,-9.421274717065948,746.9577731131435,-6.849655456023389,4.726408414292759,3955954.3989695986,-8.968917871517895,360.7053260913148,-8.104977947197991,3.5054496165777533,4008971.682559738,-10.05391171560707,1509.718041847166,-7.4819365036503385,4.105184133189076,3764903.539031826,-9.570759740581547,731.5740450962938,-7.428051216852315,4.168615372146688,411629220.98730314,-9.381894201277737,760.9382885237496,-7.412209611684592,4.166069508021003,4097345.8227455076,-9.303614749495232,756.0897508924076,-7.434800667818944,4.14984586877131,4212076.600078153,-9.369152411718611,753.264049288722,-7.430451491897814,4.152224121452668,4091686.463630188,-9.372330935228518,755.3428008520573,-7.479256971161784,4.106225521267381,2364956.930316997,-9.48525222575327,730.9693644283944,-7.405747563160607,4.173249578563904,4514693.644362704,-9.264367555215513,765.6910064642718,-7.4512086914845685,4.137230667783862,4344060.0275337,-9.415048329161891,746.694830569543,-7.426001867891427,4.145528245433074,11606.532374887985,-9.411744924080855,746.6946672803554,-7.411366235287778,4.153780201640783,6726.3233043981,-9.379437378717425,746.6891009487418
conf_cone_r04_d12,5,"5,23,24,28,30",1340561146,1e-08,1000,-7.205789968091277,4.350924865175364,46491977.51463749,-8.405745570162988,826.173810852687,-7.209594155500988,4.3498798919258626,57177891.97047574,-8.406065141155516,825.7956237752352,-7.200762525539524,4.352339711824263,24925940.379185885,-8.406547468290338,826.3395315513006,-6.577989824751601,4.988799779488106,52948343.59082916,-7.70424265960457,404.89287293174135,-7.875957015883043,3.6885881918109,38548951.766659655,-9.104163273384017,1659.774645259045,-7.1936218743050455,4.3633317783522285,53169060.82253808,-8.398463399455135,835.7569119234661,-7.200963702716045,4.353423572655468,38619293.25061658,-8.389659435684909,825.0135500758125,-7.204630914573449,4.353446899961622,52763384.98226647,-8.403530587311925,827.0033918874833,-7.186735985835771,4.367749001139249,42010725.08242007,-8.3933505661936,834.7992830036669,-7.185558520906384,4.370539356168266,47421770.04446382,-8.277155759956058,838.5428493986358,-7.134964739057768,4.439105693488035,929243483.578779,-8.074441497694217,885.9855572911297,-7.200743196182515,4.350915223036128,6540144.23167816,-8.40424111112222,825.7875869930654,-7.205789968091277,4.355280145263738,46491977.51463749,-8.403402320951109,826.1738108421226,-7.1763171572934965,4.364016471547281,11723.455474343782,-8.39547867390646,826.173761245123,-7.160633236535943,4.372698145235927,2173.921808211561,-8.392709861798549,826.1671898242123
conf_cone_r04_d12,5,"15,17,18,19,30",99315336,1e-08,1000,-7.462787107206966,4.12330838736697,41251836.755293116,-9.406789925531886,731.2198081966377,-7.465635712692611,4.122570790137335,45871180.85602449,-9.396022966642443,731.0779405972035,-7.458084113670877,4.124593589511834,29239644.884045202,-9.403530494211768,731.4038278543188,-6.782370919038126,4.793654599498616,53373093.90095941,-8.574441349936883,364.74922502026743,-8.148378478283778,3.4664175149965275,41983526.96453993,-10.091996835180334,1452.7535294042725,-7.480204027766027,4.12351775291097,607455179.5871625,-9.391704153238866,727.701627729402,-7.465862479978544,4.114288788537193,36942130.51484101,-9.34537936773969,721.0048132023112,-7.424237503930197,4.1552698433714745,51876820.09813316,-9.128890757903235,739.8898495427585,-7.497795204989057,4.090215590342803,42703520.104900494,-9.51983874497026,716.5122908212653,-7.429955837812588,4.151261427844231,52738492.50360755,-9.150017969751904,739.086090847822,-7.50240134820593,4.08969946381276,37666940.9865044,-9.533748223671608,717.0908672260155,-7.105825093920329,4.442549731637599,17618904.901381258,-8.068754919635083,887.8286396546655,-7.462787107206966,4.127435823170789,41251836.755293116,-9.395932458097247,731.2198081932864,-7.436020936757183,4.1357120363542945,15820.144749539239,-9.391674555405938,731.2195123842312,-7.421025263687538,4.143924673302769,6785.809250178417,-9.37318837837978,731.2130173219623
conf_cone_r04_d12,5,"6,11,16,25,28",1144277787,1e-08,1000,-7.924887020914672,3.837805853532276,187764803.30272782,-10.531041619258717,633.572197446108,-7.950954767206338,3.8359855586662297,943753295.2724035,-10.537675535739577,633.0146689316929,-7.936718070065822,3.8395469361678334,915885558.919168,-10.52483660832619,633.8714850220526,-7.268032119366567,4.47683303589841,1439922615.069246,-9.86520635550816,318.4501350206436,-8.5386638862877,3.2482363205299767,158369729.04195946,-11.124097490366966,1280.376902909214,-7.79619890234679,3.8972040212000527,153040926.8514228,-10.230688880010865,648.3423321931879,-7.86787899474153,3.882171638503469,1067088054.1787817,-10.478786650507173,654.6581886183499,-7.859968395713007,3.867077779090313,231606402.588999,-10.453938020445106,639.4033409545143,-7.907800995996142,3.838786739421158,141514655.38687485,-10.535597869692042,633.6607707694825,-7.839659591536785,3.886192696568387,175705555.7958937,-10.268091972119985,642.890683705818,-7.930480739097724,3.8330741649500246,176706695.63470483,-10.540861399259402,630.8574606742477,-7.497301691184238,4.0774156473054655,4588967.845951456,-9.44753360847391,697.0863345168802,-7.924887020914672,3.841647500960051,187764803.30272782,-10.519089844114868,633.5721974356791,-7.894618473529292,3.849353723258761,764417.5551115661,-10.495064264180218,633.5721796809883,-7.873486570462685,3.8570890739482686,566700.552269557,-10.477165518680401,633.572012776573
conf_cone_r04_d12,5,"2,4,9,19,31",385511337,1e-08,1000,-7.4520561841780815,4.113755425183893,1057520.422915058,-9.467967677168932,719.943536697307,-7.454838855585524,4.112536271704154,1066592.213031506,-9.472432843770106,719.5963560308478,-7.468547979805082,4.11471369024671,909914368.2223003,-9.473286755285763,720.0047276591446,-6.764768351131984,4.794679840478848,1220396.8005439125,-8.637316316646292,364.6132289125192,-8.13119732825444,3.461425026986748,1092139.5132910626,-10.110157562227814,1431.2673099799322,-7.4438028201462005,4.120184562792727,974136.8919098468,-9.388175181983488,713.9581052204963,-7.463965889124223,4.120535430774247,780082338.8201787,-9.37561000473192,714.294098304696,-7.438767255268952,4.124058023136578,1051145.118018333,-9.377791786216426,715.4165409245936,-7.441958424565846,4.141815560466694,736596317.813758,-9.332628495641817,727.9314015110496,-7.441983196171744,4.121134990839383,984694.4195838969,-9.302132156469332,713.9928071051175,-7.360855488142629,4.196991389612738,927184.1993979133,-9.115390657788586,753.0780918626399,-7.068796696431516,4.473066541515371,1090240.7593914212,-7.927088367690207,907.6367848730417,-7.4520561841780815,4.117873298544805,1057520.422915058,-9.467967677168932,719.9435366948017,-7.430236413681708,4.12612126367394,6886.2508792034805,-9.457084739871737,719.9425973877667,-7.418055007967498,4.133992798980047,4261.641610014903,-9.442598081780929,719.9175933921796
conf_cone_r04_d12,5,"10,19,26,28,30",188056362,1e-08,1000,-7.42437691907837,4.15651186164198,51587394.99745339,-9.237633142508605,748.0102074912816,-7.428619204922305,4.155372711579869,77092342.37817788,-9.237408165875806,747.7732600457773,-7.419386538390644,4.157612546759186,27122889.578715753,-9.238708820996386,748.1354337255319,-6.74825070522088,4.826464938138737,64525885.02181414,-8.608265824495493,373.3810156975645,-8.082953571019244,3.517687175571793,47242528.46731839,-9.939305788832316,1507.415960436783,-7.40027371053238,4.175890874476032,55356824.65343903,-9.20459982608862,752.4687974313351,-7.398897719452918,4.179809415627253,78234870.27422278,-9.162727727248187,757.0536372695776,-7.391739468068574,4.185990020176027,50249295.87840281,-9.236274875851311,764.5151421693382,-7.411181647828,4.166133151258825,48224465.184911974,-9.277683395887129,750.5809799898032,-7.391047608932905,4.186877855159933,52443199.960445926,-9.1639514560671,765.5790618920313,-7.359829060630008,4.214712559557358,46804637.56796457,-9.031253462692135,777.919500998241,-7.423404771037012,4.151450731353127,21190205.591020137,-9.247791178670623,744.1474060869662,-7.42437691907837,4.160672534435168,51587394.99745339,-9.237633142508605,748.0102074804092,-7.393907229729067,4.169018800787548,16390.62120807721,-9.230894456878577,748.0101942681316,-7.379147802942589,4.177232545219392,5117.131870995824,-9.222405416890565,747.9997600245516
conf_cone_r04_d12,5,"2,18,20,22,27",558495582,1e-08,1000,-7.343326787945765,4.219974220486714,1999279.6749137244,-8.894339118028379,760.2970851514797,-7.34534768058924,4.2188242697856015,2031748.3613326435,-8.901034830826255,760.0292386265014,-7.356591000551393,4.221273439979888,147788652.00771183,-8.901889626682053,760.4503336514014,-6.675979807744216,4.877540461742025,2131043.1948147365,-8.18335200282538,378.5394338520873,-8.010804410787326,3.5704898786145196,2127189.3577696765,-9.660491957505185,1537.5096849239303,-7.336934903665613,4.227903063734631,2036222.1219831065,-8.922635856785265,771.3335720937146,-7.332199608329101,4.230834301213409,2138623.845241136,-8.889860463764807,768.6138746098806,-7.356142968934094,4.227251947492328,720335683.3780348,-8.996377248430951,769.8936493060799,-7.3384355541866,4.224643849230514,2130728.5260288836,-8.984154208965293,766.7770965157921,-7.321194643118773,4.237056760017657,2213635.739182323,-8.856697388989755,767.862316170375,-7.293398325581148,4.264715833786137,2062292.2834211441,-8.733350540247523,779.6630186107033,-7.31188147727359,4.24895515310225,1891621.8499521916,-8.81605008774827,779.3948517391025,-7.343326787945765,4.2241984189825805,1999279.6749137244,-8.894339118028379,760.2970851481864,-7.318711730433198,4.232670416182601,21078.129890228578,-8.877056971001329,760.2969149381627,-7.303482355275751,4.240993153314401,3599.6408143218828,-8.851085601155047,760.2852696482867
conf_cone_r04_d12,5,"1,2,11,13,29",178625388,1e-08,1000,-7.168681631685638,4.381466396956223,15234298.026272014,-8.453869745330483,864.0092734737132,-7.176050983854262,4.378758379075602,18163664.502521385,-8.455409044769064,863.3024625841374,-7.168681631685638,4.381466396956223,15234298.026272014,-8.453869745330483,864.0092734737132,-6.568772016523338,5.028984873921386,713792095.6029576,-7.815763181800308,428.255254425809,-7.853915788042152,3.711214491791288,17305626.481964607,-9.174090080585264,1720.6715411176024,-7.2025734966387125,4.371699021157337,362692149.2896885,-8.494943848617188,859.6089352671686,-7.18199334650289,4.372583610140089,17869976.38456121,-8.434212951576315,857.8408490893804,-7.172165372267138,4.381560072569117,18079194.77548753,-8.422345738276658,862.8801867468071,-7.1648225360266355,4.388691676350557,16650551.297225468,-8.31849806154965,868.234670501662,-7.17916441314654,4.372084742090918,18445578.825451843,-8.450288646976695,855.7074147325982,-7.183128467575685,4.385130317699715,932351979.6160338,-8.44198735194362,865.1660834485818,-7.166564991662553,4.380232853912996,1705000.6648310905,-8.469252646252869,863.7907528930846,-7.168681631685638,4.385852249135186,15234298.026272014,-8.441735064978399,864.0092734602393,-7.143424618203909,4.394639909689455,3308.9659048948465,-8.416998998255828,864.0083409795187,-7.1314406706951585,4.4030879543919115,2280.894494826476,-8.39404121662605,863.9816448957625
conf_cone_r04_d12,5,"0,4,16,26,28",667638776,1e-08,1000,-7.0984448544256376,4.449038100760854,12826413.597233184,-8.0369003688427,895.9537284316141,-7.10058420829582,4.447735033331163,12911403.00980119,-8.06112618183355,895.5597797535582,-7.092157359973344,4.451130612326734,11936132.382682022,-8.060729334102195,896.4586826340152,-6.460805353633276,5.09228191755875,12877421.395464102,-7.4382528204750695,440.0175320777725,-7.779245835624974,3.776175480994807,13270244.611004526,-8.809873587722274,1787.6154535038427,-7.089501461347491,4.4543245087286625,15483540.721719673,-8.043934649335187,896.3054111460555,-7.11029500641775,4.438338249391833,14163505.160532922,-8.1098138066907,888.245502765447,-7.113872616808152,4.434273204698129,13672311.264727226,-8.115573999264738,885.3184856421474,-7.097237926668924,4.447128892626715,12614333.457110267,-8.115011822525801,894.1457727950823,-7.102979221780274,4.444640868578472,14289523.596757907,-8.117562611193652,891.9680359042694,-7.038762264806129,4.50632497076107,8222227.713069827,-7.724019212192262,932.8459470252096,-7.100753531275787,4.444082654918255,1494410.9497264388,-8.067450930446409,892.3002101332028,-7.0984448544256376,4.4534915924068255,12826413.597233184,-8.0369003688427,895.953728428832,-7.073084994509975,4.462416248193721,10430.244482460217,-8.004732705304178,895.9528751377153,-7.058684642946045,4.471067266915439,1835.5431324269325,-7.988293668688553,895.9302197046602
conf_cone_r04_d12,5,"13,19,20,28,29",713527309,1e-08,1000,-7.315602134563702,4.254517590720259,83932824.51771322,-8.899742515741176,788.2757032022073,-7.320189169666161,4.253047995832413,127239062.77776112,-8.898970529058756,787.8304940633136,-7.311670169370866,4.2556707801575895,83151305.16532037,-8.900234831965857,788.4385035523344,-6.662843452193603,4.913590475276849,98703491.12111524,-8.266311427903593,396.3042589975686,-7.994676190376165,3.593673398157859,102375040.79980308,-9.605558484403545,1585.9379931181263,-7.311939258811187,4.259529930101733,93934923.54773097,-8.867083044078301,794.3107284461399,-7.291716440399729,4.276512883110081,104638830.57354364,-8.740752556237641,798.7742443769984,-7.32733660498108,4.244601621598598,128172961.15252142,-8.916628219207734,788.5291796844242,-7.314199296090988,4.256758151432427,105621889.56850441,-8.910451148502457,791.8645520032554,-7.320822463798093,4.252197496580941,105403099.40728962,-8.937078573482482,792.6856408181744,-7.228072715492918,4.336691802018745,78404870.00062554,-8.61919124998202,836.9965774209041,-7.281057969340395,4.278693657356815,8968147.360443978,-8.802216354158947,797.4836968539678,-7.315602134563702,4.258776367183817,83932824.51771322,-8.899742515741176,788.2757031979002,-7.283798500929944,4.267319486407031,17701.579457769098,-8.886910982859549,788.275695460182,-7.267153210477978,4.275854171842435,3363.597590245906,-8.880306792067273,788.272460944864
conf_cone_r04_d12,5,"5,7,25,28,31",1429166988,1e-08,1000,-7.2038552391426185,4.351290399113057,171080279.16530657,-8.403039292675256,822.4517270059466,-7.213892376282709,4.347896171179756,182070741.98233765,-8.400655650172006,821.7436172004102,-7.200467576585794,4.352304455830626,112053983.25553448,-8.40143701712728,822.672788827157,-6.549551979580304,5.023549286075433,198800873.36799452,-7.562537437495686,413.6935232718683,-7.870135966950845,3.694539459716569,176721682.2176238,-9.074319406503953,1660.3233759942761,-7.193340872435117,4.363562189239468,167435062.22374442,-8.332498997976202,827.3447538724573,-7.235043424937292,4.342980127121157,1022477370.7278574,-8.415233524159477,818.5067721236582,-7.204994972571786,4.3714970890909015,1097030631.2981272,-8.31218083090586,834.3961175917053,-7.236372863483965,4.341991084064351,1003975574.9818234,-8.41065796386076,819.3341945392248,-7.228432127393411,4.349597677229761,799024002.6675482,-8.43336001110104,825.3221856566738,-7.107563677833423,4.444787033851706,191828443.8143432,-8.068976020435574,887.5461908666441,-7.1892507337062,4.360636823663739,12605803.29241021,-8.39173169375187,831.0471724944409,-7.2038552391426185,4.355646045140589,171080279.16530657,-8.400564925056884,822.4517270025214,-7.17326532809535,4.364383010758601,4993.977976140225,-8.394437548677447,822.4516680393253,-7.15913820458095,4.373020451002746,1973.022891119098,-8.374248415723741,822.4419943335035
conf_egg,3,"1,10,22",109382391,1e-08,1000,-7.544202819455308,4.038266159258504,13579223.185731865,-9.563594215321602,702.868713561666,-7.544202819455308,4.038266159258504,13579223.185731865,-9.563594215321602,702.868713561666,-7.544202819455308,4.038266159258504,13579223.185731865,-9.563594215321602,702.868713561666,-6.905350878133363,4.65305535554087,67412.61188195631,-9.165003864604216,348.45029874307454,-8.251794791822105,3.387606669832429,10299365.723332664,-10.310856195004776,1401.9996637614333,-7.532273067747793,4.051297022035912,65849.04536171259,-9.459075131964346,703.436164132353,-7.539125120242013,4.062927803589624,3212761.503014034,-9.571188327084071,711.4617964385734,-7.556798668640233,4.028291185516937,114332.75919808213,-9.781102998352413,703.2264110821604,-7.525210278755033,4.049448364300196,74598.49777839618,-9.728556443233547,707.3698778492451,-7.5806906040432676,4.023729161356755,468956.1349524124,-9.672068628960336,698.999789709365,-7.546856480358723,4.034138932950848,10910279.093969235,-9.580731597569079,697.8799931019686,-7.077648165413892,4.45139195747128,2881.761161953149,-8.0316548410803,890.5563101820447,-7.544202819455308,4.042308467726273,13579223.185731865,-9.563594215321602,702.8687135616649,-7.544202819455308,4.050417411493026,13579223.185731865,-9.563594215321602,702.8687135616636,-7.544202819455308,4.0585589540286895,13579223.185731865,-9.557079938387638,702.8687135616636
conf_egg,3,"18,22,30",1107602779,1e-08,1000,-7.5247659110996645,4.078413017929496,656386.3833390777,-9.437695906446468,706.0642535239332,-7.5247659110996645,4.078413017929496,656386.3833390777,-9.437695906446468,706.0642535239332,-7.5247659110996645,4.078413017929496,656386.3833390777,-9.437695906446468,706.0642535239332,-6.932821937470996,4.657820881315972,169428.2919319643,-9.145233260025638,343.06276908176454,-8.194361873650365,3.4452632855191507,835133.513286802,-10.097213117651037,1425.5661853319657,-7.561074499919591,4.049018765899034,604341.9936827843,-9.643046489464822,702.0976790707975,-7.532736061553961,4.085493053313737,50987833.92300847,-9.506497701291911,713.1918522603218,-7.5189318472759235,4.088228125620905,1748868.4355480534,-9.343399350446704,712.123007022974,-7.493928800759592,4.1025157226301285,1235628.9630535636,-9.25343198965274,712.309087161693,-7.499497907125842,4.090499185803013,193664.25555374924,-9.414649123166214,715.3687414978701,-7.474963905851897,4.130618356660381,753615.9234779483,-9.358205393536236,743.2179324122661,-7.1591309416929585,4.375785984934636,4280.001535604816,-8.277268418010731,841.5987639417945,-7.5247659110996645,4.0824955134429395,656386.3833390777,-9.437695906446468,706.0642535239351,-7.512103872464287,4.090684895015397,92334.71285192198,-9.419269885093103,706.0642352280832,-7.492777531251547,4.0988995622477455,33613.73652550003,-9.396658043626108,706.0636059077866
conf_egg,3,"2,3,26",1134376424,1e-08,1000,-7.104968212916848,4.428878566576526,5688.980574339388,-8.158782284132487,883.6599421281807,-7.104968212916848,4.428878566576526,5688.980574339388,-8.158782284132487,883.6599421281807,-7.104968212916848,4.428878566576526,5688.980574339388,-8.158782284132487,883.6599421281807,-6.444206526742341,5.080127708483204,5177.582178408072,-7.565453241027763,437.6458651739899,-7.805954194269197,3.747015131839953,8235.286876825627,-8.925941953498894,1756.92024332706,-7.111667719368689,4.4228973078948135,6321.357536106372,-8.19067363506731,881.0187644130231,-7.111757680744687,4.423244684360929,6417.195729924525,-8.090766178077448,881.5575485294846,-7.130172778683223,4.406055873944438,6448.038387277416,-8.30027549338375,873.1828172118953,-7.116689717292886,4.417957090962684,6101.494005115615,-8.19910141584961,878.073738759085,-7.123205060490753,4.4120015500597605,5947.103576543431,-8.293287733161566,876.6609596308622,-7.106646085306319,4.426180228815148,5078.512244182097,-8.13100371841628,875.653289717248,-7.105758573487015,4.426060826584465,3543.7187364969786,-8.184354942429941,881.7540150040071,-7.104968212916848,4.433311878454953,5688.980574339388,-8.147398255525248,883.6599421281728,-7.090755280976237,4.442059904876561,2493.907048854403,-8.121167793956934,883.6489607481059,-7.080594333279788,4.449809382911628,1803.6602357577574,-8.093960464441274,883.5568927742903
conf_egg,3,"16,18,28",1147596492,1e-08,1000,-7.261097471031109,4.292298052999746,20054.35003724794,-8.694935437455573,817.0465283009422,-7.261097471031109,4.292298052999746,20054.35003724794,-8.694935437455573,817.0465283009422,-7.261097471031109,4.292298052999746,20054.35003724794,-8.694935437455573,817.0465283009422,-6.57215987039026,4.964295303351028,14418.999438328254,-8.031803650497974,407.9126850444569,-7.923999932747843,3.6477681663346657,20811.59824237866,-9.352833318505992,1645.2967929692625,-7.228483275881847,4.3180196213564574,15180.107255906461,-8.637801282541156,823.1897046759699,-7.261910531754625,4.288982922175241,18988.712504025676,-8.745290026652551,812.6750459409594,-7.240590855865563,4.308258012601577,16672.24462677984,-8.695211474737778,818.4315215776246,-7.265899879778736,4.2877604761553485,19117.94599085358,-8.689624902728344,813.088096765654,-7.219000133367439,4.327803311432615,17912.32243623434,-8.57324784173397,827.7668875610708,-7.244016003841701,4.309133616321193,20540.325173590467,-8.62989793866106,829.4343054151545,-7.259486346746384,4.290638594289297,9037.773930266094,-8.702620730922199,816.287391985866,-7.261097471031109,4.296594647647451,20054.35003724794,-8.694935437455573,817.0465283009407,-7.244530952681908,4.305168420107379,6206.755264618788,-8.65488035316662,817.0430133826502,-7.231932428712019,4.313438362953738,3772.264289542272,-8.606224643480216,817.0176811038278
conf_egg,3,"7,16,26",673223023,1e-08,1000,-7.259633004186431,4.29102901419973,9971.676974322578,-8.780382168080802,815.7633832875157,-7.259633004186431,4.29102901419973,9971.676974322578,-8.780382168080802,815.7633832875157,-7.259633004186431,4.29102901419973,9971.676974322578,-8.780382168080802,815.7633832875157,-6.615424567844083,4.926213788505444,10238.028246039506,-8.226685329223317,406.8058423655798,-7.949368442352565,3.634553277954699,17283.483574494603,-9.361284598036445,1645.586378890524,-7.284704633918224,4.275605164725514,13132.49714436418,-8.774601219081019,818.3165914473559,-7.293648394392091,4.2659177123095375,13392.709385350252,-8.816517835137219,807.449739683701,-7.240556497848606,4.308137286313462,10742.971278379251,-8.645248504826114,822.7912363702472,-7.26178412468373,4.289455500180409,9915.865905594028,-8.762667279697675,818.5006242228169,-7.30553378671687,4.25165219190404,11365.25668957233,-8.84798839501991,802.3754986052141,-7.271535342284567,4.2792782781538445,8730.576460250983,-8.820056116375603,808.4010461994327,-7.2591068899565325,4.289107122425721,7008.272764154268,-8.791486226401553,814.3877664090942,-7.259633004186431,4.295324338538262,9971.676974322578,-8.77492606036763,815.763383287515,-7.244926599247445,4.303845613082399,5383.181564045387,-8.748765473319287,815.7564055396076,-7.232626693082818,4.312147804815162,3804.1242682313305,-8.741441221513144,815.733314292813
conf_egg,3,"10,15,29",1171178703,1e-08,1000,-7.4167458014398635,4.163080703781037,54727.94678930617,-9.29288619440234,755.1713272256357,-7.4167458014398635,4.163080703781037,54727.94678930617,-9.29288619440234,755.1713272256357,-7.4167458014398635,4.163080703781037,54727.94678930617,-9.29288619440234,755.1713272256357,-6.703789167543688,4.855984719018692,52506.98476731903,-8.473185406410291,385.1157785322407,-8.078805978612241,3.5340356783366476,67733.91390299702,-9.841066297799673,1530.2815541379662,-7.4610778737612735,4.135339650129318,113386.11219778217,-9.368657608529183,746.969861112754,-7.431426474251231,4.162363733791643,126780.38765006642,-9.262522008201318,755.9100744635639,-7.413107305648033,4.172595597805239,69237.41515400239,-9.267458064278827,759.2621461022882,-7.405100812755233,4.171212417988029,46133.737770229694,-9.233326206732213,756.6970368856416,-7.4456907683761075,4.148907833258353,95469.18974662924,-9.34289991193831,747.0845894090144,-7.405501352695124,4.171844503317663,49289.29562824507,-9.204240014664714,753.3706593421948,-7.412309585678773,4.163500776323427,32572.9771301204,-9.307892474944856,756.4612707884378,-7.4167458014398635,4.167247951732729,54727.94678930617,-9.27571127114078,755.171327225625,-7.3984859576614275,4.175591765548927,19500.973389348597,-9.252224353053434,755.170065506703,-7.382742668417045,4.183934693613765,10909.673016327688,-9.23334577679791,755.1664237186553
conf_egg,3,"8,21,31",210663316,1e-08,1000,-7.151071650182247,4.3933135985423775,44594.82815761569,-8.2805580628321,863.006437044275,-7.151071650182247,4.3933135985423775,44594.82815761569,-8.2805580628321,863.006437044275,-7.151071650182247,4.3933135985423775,44594.82815761569,-8.2805580628321,863.006437044275,-6.483820623655603,5.056414816121758,44804.10381279177,-7.62409783949055,431.89338429555323,-7.824204153976705,3.7331453560069665,43907.56561776509,-8.941962393081598,1733.33383371817,-7.141524543726214,4.402153347261891,44440.83803279053,-8.241214156500039,867.4310627831447,-7.139821481024221,4.4041942952480175,44345.345066165144,-8.16651157030127,870.3700056837815,-7.145992626566381,4.396786043079518,39781.23168687063,-8.272644324134493,860.6986344772854,-7.142019680772705,4.402335257966575,44535.99131054012,-8.218854819758027,869.7817698384792,-7.141180832085093,4.402113193708662,41900.83499301744,-8.222201052518605,864.9729323212748,-7.124294589455108,4.419053140164364,53483.51932844324,-8.127281451588878,876.7031608828231,-7.144069788020349,4.394124620721733,8513.11092440728,-8.290954631712703,863.710422631221,-7.151071650182247,4.397711309852194,44594.82815761569,-8.276245190650217,863.0064370442658,-7.132168278451857,4.40652002149407,11747.356365079524,-8.253800454062484,863.0052155606174,-7.118130275717219,4.414948829611234,2123.654110262998,-8.235907824199955,862.9757277524129
conf_egg,3,"9,22,24",68089683,1e-08,1000,-7.927836273817962,3.7469466825106412,104150.5829415984,-11.014492468768822,578.7648180701468,-7.927836273817962,3.7469466825106412,104150.5829415984,-11.014492468768822,578.7648180701468,-7.927836273817962,3.7469466825106412,104150.5829415984,-11.014492468768822,578.7648180701468,-7.236013053648739,4.366067653543712,27215.566730509847,-10.055433870279053,289.7756523278208,-8.575104627978765,3.159714759151432,344700.9953496148,-11.540620880912108,1181.3864097554306,-7.8756637445415425,3.771730868488179,69496.83992880631,-10.680185710260965,584.9605034997162,-7.890818014939145,3.7680629824210436,1093597.5424180324,-10.815558569331644,588.607597939288,-7.878538607331034,3.7668794952028795,41391.88145209931,-10.94057795816033,589.0512783721626,-7.934037532357229,3.763042769107603,1277270.1026768573,-11.094058575081888,590.2639130271963,-7.92907615550667,3.755500689142585,1244097.9731420174,-10.986793771228175,589.940926549474,-7.956401466954095,3.719429524496323,105479.27684402771,-11.066989772536985,561.0359880027457,-7.492699418947349,4.0861716291359516,14209.671810914899,-9.353497310723194,700.6990163373113,-7.927836273817962,3.75069737989049,104150.5829415984,-10.991857277509245,578.7648180701392,-7.909242677736202,3.7582137264094224,38311.95868314948,-10.94102958876821,578.764306054244,-7.8950765809174275,3.765703192915674,31934.706265967066,-10.88776471587233,578.7606868504579
conf_egg,3,"4,9,27",1556768768,1e-08,1000,-8.739733157955733,3.083638313516266,7900897.38412086,-12.334021041999254,390.1808742903124,-8.739733157955733,3.083638313516266,7900897.38412086,-12.334021041999254,390.1808742903124,-8.739733157955733,3.083638313516266,7900897.38412086,-12.334021041999254,390.1808742903124,-8.055336588438909,3.6381765419808665,1366406.8560587077,-11.865113627660971,198.77053362116766,-9.33444266580939,2.627054851863302,2922945.6811672407,-12.796061350648973,827.070843529485,-8.595192607306524,3.1802072621444997,1464769.1661991552,-12.33903337802662,422.6077904073176,-8.711094102882841,3.1085853794446603,1931286.7717409006,-12.120864364695969,398.2603673896836,-8.632963865559889,3.148783388105742,2032631.808670071,-12.255600475639696,410.9958404377119,-8.693097159119844,3.1244921419785094,2499094.0059912317,-12.359665472764458,406.5378005675729,-8.703827836296526,3.101534562438946,7743578.784503368,-12.223571444540474,396.229214393261,-8.767005432467414,3.0672724257321238,6856200.794995315,-12.45767271754329,379.6835098087748,-7.131056830068451,4.404552730081026,4962.13175792944,-8.233098757498407,867.9999061550786,-8.739733157955733,3.08672503855491,7900897.38412086,-12.334021041999254,390.18087429031067,-8.739733157955733,3.0929170647104867,7900897.38412086,-12.334021041999254,390.18087429031067,-8.739733157955733,3.0991339834335228,7900897.38412086,-12.334021041999254,390.18087429031067
conf_egg,3,"4,5,9",485363566,1e-08,1000,-7.124565743859066,4.411398849815251,5752.434488339183,-8.07369600390363,867.1642460912537,-7.124565743859066,4.411398849815251,5752.434488339183,-8.07369600390363,867.1642460912537,-7.124565743859066,4.411398849815251,5752.434488339183,-8.07369600390363,867.1642460912537,-6.456963187224339,5.070166041956615,5407.0096463598775,-7.5356967380346935,432.69095721775614,-7.80594949531577,3.7462131583513565,8043.32112960434,-8.802618595942558,1738.907362042841,-7.136523267091351,4.401124860531651,6644.899947217334,-8.146303251939246,863.1451620983934,-7.144124965894842,4.394106131545715,6742.12982896653,-8.18733465559727,858.9022846962035,-7.147798232486024,4.389764349185347,6221.642223917523,-8.19401842937806,855.5751863379037,-7.137165879263842,4.400113586830498,6547.91049748613,-8.205245225044289,860.3608499819737,-7.129582932696071,4.406989628899435,6092.844311929836,-8.124116370902462,863.7770381680397,-7.122859832389664,4.411869320986382,4608.936159485214,-8.088003969721115,867.7874151098879,-6.986476439668326,4.538824140119216,2570.299509208469,-7.491955504107105,949.8960438767299,-7.124565743859066,4.415814664479736,5752.434488339183,-8.07369600390363,867.1642460912537,-7.110566749341451,4.42452665421256,3066.614445712622,-8.063252294205228,867.1533284329196,-7.098640046026295,4.432978533278648,1987.6666654681276,-8.055190673495273,867.1227416111869
conf_egg,3,"5,12,13",1775278897,1e-08,1000,-7.109572939471576,4.427083081168842,8663.367285246964,-8.081452507431004,879.6195614568501,-7.109572939471576,4.427083081168842,8663.367285246964,-8.081452507431004,879.6195614568501,-7.109572939471576,4.427083081168842,8663.367285246964,-8.081452507431004,879.6195614568501,-6.44053930426609,5.087376197109295,7180.948928031119,-7.327964366993702,437.33170128049437,-7.784277015052923,3.765638421298096,9952.441386257311,-8.774539984608628,1763.4329854755144,-7.107182297401653,4.428956873085253,8067.038086181116,-8.070528081807181,880.1318477223595,-7.110185099759168,4.4262734999363165,9071.83811544513,-8.128387024517318,877.839347399664,-7.102756434156129,4.433177178334341,8186.8979569247085,-8.068367364454366,880.8063543140534,-7.099423788189313,4.436033681925595,7797.994085045375,-8.02520834923557,882.5504914001696,-7.104571682083724,4.431865963494665,9026.28687506671,-8.100669513641447,882.1990256801236,-7.123727892955668,4.41456511398454,10823.941711114861,-8.121317723888371,871.2459087264851,-7.060582468303696,4.470360519364188,4190.890469077465,-7.812455113116323,906.0362203901559,-7.109572939471576,4.43151459576468,8663.367285246964,-8.081452507431004,879.6195614568461,-7.0942868839972775,4.440320375338055,3333.7166921271746,-8.0531865401391,879.6129153403838,-7.082002793588967,4.448823281016024,1890.7161562246126,-8.036859645713763,879.5832350188322
conf_egg,3,"13,21,24",1325406719,1e-08,1000,-7.178486141984473,4.369211613947127,67887.03249422876,-8.32711434965297,849.2793599134844,-7.178486141984473,4.369211613947127,67887.03249422876,-8.32711434965297,849.2793599134844,-7.178486141984473,4.369211613947127,67887.03249422876,-8.32711434965297,849.2793599134844,-6.505624671657635,5.037894909630296,66148.72684875234,-7.616908863609078,424.88956764002074,-7.842586449259419,3.718356055009862,69144.86298333028,-9.024935328465089,1718.6025601253468,-7.184773029020458,4.3641315344359795,72183.12768777202,-8.3212481397004,849.5526607017723,-7.1773372375294215,4.369813124062708,68778.95246892562,-8.352165460215955,848.8792344316992,-7.1759316842988365,4.370941843505847,63787.06542519102,-8.363348608198404,848.7255190244825,-7.157213254364919,4.388131924947725,63289.11281725963,-8.367739969840445,858.2225565913897,-7.181550618257962,4.365785807731478,64988.50922247321,-8.385933107661877,846.8244753720485,-7.156900513088605,4.3892753594865015,53559.00231918863,-8.28872961087452,861.8694735994716,-7.1670182863567105,4.373287100281273,8621.1694507387,-8.365575702485131,853.8274507971975,-7.178486141984473,4.373585199146298,67887.03249422876,-8.32711434965297,849.2793599134836,-7.158694526148835,4.382350634218826,16528.11190304491,-8.322027930123712,849.2785897235259,-7.14404878204536,4.390817767071886,2334.7704434140473,-8.314138516345777,849.2554792806989
conf_egg,3,"2,11,26",245681614,1e-08,1000,-7.284891973392404,4.275059043061823,21771.83805880696,-8.850913899834085,811.0604154145468,-7.284891973392404,4.275059043061823,21771.83805880696,-8.850913899834085,811.0604154145468,-7.284891973392404,4.275059043061823,21771.83805880696,-8.850913899834085,811.0604154145468,-6.6166023515335715,4.9264654396021355,17272.220837722663,-8.245535535425697,404.61680008093623,-7.977270807635387,3.612720762964531,22202.045405519075,-9.561260172858397,1623.4076435295185,-7.2651761234968975,4.290578390127859,15399.608628488888,-8.775823470519018,818.9143593340965,-7.301498261513762,4.255590382287708,11339.040901999417,-8.935023692953676,806.9812251864344,-7.293752535882655,4.265331832696985,11709.919374343026,-8.840894917045363,811.6713761667127,-7.264938085899763,4.293167330764413,18634.060881867365,-8.752631766140931,822.2922719296249,-7.3097481207558,4.255023983259618,15155.18305863375,-8.882312539806485,808.013766457624,-7.294235133532672,4.26609154378325,21992.925647351858,-8.860175630911653,801.5846703713796,-7.274518519013049,4.275565143630165,6980.664335331856,-8.854454512211477,808.9992980732147,-7.284891973392404,4.279338381443239,21771.83805880696,-8.848489697841895,811.0604154145411,-7.2682799180668525,4.287884926285379,9117.443276342032,-8.830123065661361,811.0574157358193,-7.254230163811458,4.296361660231238,5536.909047774955,-8.80149036409037,811.0474768811303
conf_egg,3,"5,10,17",571399551,1e-08,1000,-7.224730494812109,4.318354727807515,9795.867013126357,-8.532081312787918,812.5153261549441,-7.224730494812109,4.318354727807515,9795.867013126357,-8.532081312787918,812.5153261549441,-7.224730494812109,4.318354727807515,9795.867013126357,-8.532081312787918,812.5153261549441,-6.567057750467402,4.966460311555976,9607.78564023585,-7.8117890306464774,402.89820763098436,-7.924268139823817,3.6426053429304015,12691.37593334071,-9.23480562554716,1616.0524898285344,-7.205567450006541,4.335647789041885,8979.615392343527,-8.39404662031531,817.5790160811633,-7.264750552979433,4.282374854742183,10529.808687800962,-8.58434456000973,793.2863237405621,-7.219978288320378,4.324497158870729,10866.183570600153,-8.468552169266337,818.7601036452935,-7.2449282900422105,4.3005598840797,9792.568341057642,-8.57103499858779,805.5013602270147,-7.238826209055973,4.304837369019861,9291.741306615155,-8.571475505910435,803.0489118090317,-7.188772990150579,4.353090956750466,12867.865969703067,-8.432233821971929,831.5656947861365,-7.069233736445248,4.460793592807051,3931.295223722713,-7.958308617519241,896.008250554521,-7.224730494812109,4.322677405212725,9795.867013126357,-8.514948569907801,812.5153261549419,-7.20949611979979,4.331270511424573,3858.4202872274723,-8.484815931314904,812.5095199661853,-7.197834230131578,4.33946230862425,2622.375781955526,-8.46539907168838,812.4757453405169
conf_egg,3,"13,14,17",1992110681,1e-08,1000,-7.101103907650933,4.4342523303908585,7155.947859321042,-8.062035051950517,884.4572628273494,-7.101103907650933,4.4342523303908585,7155.947859321042,-8.062035051950517,884.4572628273494,-7.101103907650933,4.4342523303908585,7155.947859321042,-8.062035051950517,884.4572628273494,-6.4658692815625125,5.061076422018807,6048.023859666297,-7.538249051968357,430.43938137028215,-7.783524852671906,3.766434972764162,8487.654173615963,-8.800506441127355,1773.1461888557853,-7.105097414110189,4.4304152711923726,7151.190934188488,-8.170902533573043,883.9585859035626,-7.1119779988515965,4.424097351758368,7189.423281173876,-8.119459576967424,880.2033906690637,-7.099551497351033,4.4362468770585695,8090.80977402115,-8.058731339246041,887.063378347379,-7.104690441755157,4.431225320827231,7859.044018015531,-8.135740905481805,884.4447495342977,-7.108556925558317,4.427205897066889,7002.347383593247,-8.106082750510787,882.4996799802478,-7.078944978572406,4.457478922646946,10762.466460699272,-7.950046043432706,900.4834965876545,-7.106711306769543,4.425811785935501,3892.3183840832735,-8.136884602342676,879.115591564169,-7.101103907650933,4.438691021412347,7155.947859321042,-8.062035051950517,884.457262827347,-7.086312089971416,4.447487510188135,3024.2874273334564,-8.049416191540752,884.4488919675399,-7.074163940166056,4.456005971413793,1802.6489066105094,-8.027980265188804,884.4191724674292
conf_egg,3,"10,14,19",1565524460,1e-08,1000,-7.456348379661869,4.134312217387353,401464.2275768989,-9.257693533921582,738.8110640319987,-7.456348379661869,4.134312217387353,401464.2275768989,-9.257693533921582,738.8110640319987,-7.456348379661869,4.134312217387353,401464.2275768989,-9.257693533921582,738.8110640319987,-6.728152412472053,4.807827550609685,588475.8805376901,-8.308549741858954,370.6867381116637,-8.092062428174966,3.5255081203477086,5434559.123361784,-9.801138452153108,1514.146544510715,-7.405650506439713,4.173242196996168,8189474.030221859,-9.212815163202775,754.908771352919,-7.399554804676995,4.1777099481181,28618.606878539777,-9.011759735076552,760.0383515641269,-7.398715747378843,4.178948961423319,57903.912646634744,-9.081450559197393,759.7465089186727,-7.425648037074686,4.155085834560898,57838.6605623221,-9.267265694468298,749.8272573343759,-7.409124228796198,4.157273587153455,17967.300555184727,-9.220059571957929,753.4443921154485,-7.435490045411775,4.154604072394565,576044.9573659853,-9.18373005961657,754.2818286847415,-6.994316987404234,4.532513240502991,3423.6097806570883,-7.576567602147001,944.5835977796836,-7.456348379661869,4.13845066805541,401464.2275768989,-9.257693533921582,738.8110640319987,-7.434904375679639,4.146745832443442,17479.305129477452,-9.208350133313518,738.8105196239173,-7.4197636311550355,4.15501821945506,11128.60147931771,-9.18073935954219,738.8061338331772
conf_egg,3,"3,13,16",273518227,1e-08,1000,-7.108586213411727,4.431296937749088,35662.44257909277,-8.044386882983089,877.1729428702853,-7.108586213411727,4.431296937749088,35662.44257909277,-8.044386882983089,877.1729428702853,-7.108586213411727,4.431296937749088,35662.44257909277,-8.044386882983089,877.1729428702853,-6.456066073549552,5.0803036314484125,33712.64054203675,-7.40358984446459,434.27407850289853,-7.801374811123713,3.7518964017257934,38016.05374947442,-8.796704373496645,1746.1505171526787,-7.1114218320764975,4.428685443188053,37084.524529403316,-8.058424796497539,877.2114439690273,-7.123701823289643,4.416793323474781,35045.53706153037,-8.08735075771479,870.0010550673536,-7.118555049670858,4.42158882382371,34690.472055133694,-8.082195225868736,872.9318864251903,-7.108757862651927,4.431396094086654,38895.14950388657,-8.029288908478994,878.410044096343,-7.113785243656206,4.426007977804267,33877.5770282037,-8.083056646368771,873.5764312527148,-7.127079772577901,4.412975473183397,29141.965968119526,-8.084457517087863,863.5512455923041,-7.0983188460377,4.435303219568039,6503.185041388943,-8.024983088449877,879.9040894256241,-7.108586213411727,4.435732670419538,35662.44257909277,-8.044386882983089,877.1729428702845,-7.090067660524101,4.444614578397708,10292.974028027109,-8.03953981021035,877.1714396624719,-7.077005332740353,4.452685220734292,1728.3116059658792,-8.029370221900093,877.1066721019253
conf_egg,3,"9,21,27",1816528130,1e-08,1000,-7.304351739151997,4.249115985805009,11389.080338785212,-8.853633762295066,784.5583257771128,-7.304351739151997,4.249115985805009,11389.080338785212,-8.853633762295066,784.5583257771128,-7.304351739151997,4.249115985805009,11389.080338785212,-8.853633762295066,784.5583257771128,-6.625375610299034,4.912601772400269,9473.826246318537,-8.104573348976592,390.9942770936331,-7.985323659146426,3.5933340700366028,14842.313311366383,-9.495045867163784,1569.958504850555,-7.316304076979316,4.237955010022561,11129.47244446713,-8.915984793617683,780.0134304354494,-7.357282658420903,4.200408729722329,11208.019171419122,-8.974154687746172,757.7231064163652,-7.303847191623888,4.248764866196613,10977.4628052521,-8.7739418240944,783.0989280279515,-7.330742227366231,4.22341185199482,11037.621478875884,-8.95446845420693,770.3028820650648,-7.32459060678199,4.229500823151465,11237.706398978313,-8.890858082441888,772.8664270291242,-7.312259241950393,4.238362043346004,7864.174760077396,-8.884246140861485,774.0589253666298,-7.230375877828437,4.315465023662389,7050.467029967758,-8.5701976732615,822.3080788692534,-7.304351739151997,4.253369355160122,11389.080338785212,-8.852369256228457,784.5583257771024,-7.289361231905572,4.261825153133819,6069.782016438033,-8.840448933728938,784.5527832329959,-7.276213882412738,4.270190012412687,3883.357490046444,-8.832861685933333,784.539418356216
conf_egg,3,"21,22,23",1546778367,1e-08,1000,-7.3354592097810345,4.222995601526191,12974.515235292007,-9.004598480356389,778.2228356661386,-7.3354592097810345,4.222995601526191,12974.515235292007,-9.004598480356389,778.2228356661386,-7.3354592097810345,4.222995601526191,12974.515235292007,-9.004598480356389,778.2228356661386,-6.639564244212367,4.900914807482891,10794.502428087115,-8.139631216737287,392.5259752483659,-7.979120915439997,3.60053076123145,16200.870174876833,-9.50151342487693,1589.8028275488716,-7.3185307898087935,4.238554586123781,16161.422149261267,-8.8329219859313,784.3014303011022,-7.32262077784234,4.234377235713329,13197.997479281648,-8.94958319104332,784.9237510887061,-7.329001360737606,4.228497517866377,14944.73593946301,-8.950889104141064,780.7657199531799,-7.314861851808771,4.243527314603552,13899.214138284038,-8.963035779012152,791.2741497566732,-7.305767415197406,4.249106872978032,13431.075523302257,-8.936461729342945,788.1268253350574,-7.277639311762771,4.277431016117728,16270.51933044049,-8.787686763822405,809.6132340853371,-7.332846641354939,4.221768628655448,8448.002253119334,-9.007522314362607,775.0887774670638,-7.3354592097810345,4.227222824350552,12974.515235292007,-9.004598480356389,778.2228356661386,-7.320304196902322,4.235631447813067,6764.06603485927,-8.954257966664297,778.2176943930613,-7.307374373659639,4.243914684558172,4591.328694167223,-8.935656905709141,778.2026970151182
conf_egg,3,"3,19,24",595304063,1e-08,1000,-7.590680226863283,4.031303493160549,3108641.565247828,-9.634779963610214,691.0615603547766,-7.590680226863283,4.031303493160549,3108641.565247828,-9.634779963610214,691.0615603547766,-7.590680226863283,4.031303493160549,3108641.565247828,-9.634779963610214,691.0615603547766,-6.890797390924969,4.689998856934255,273689.8286772407,-8.918795481582764,345.3664036697493,-8.243020824044258,3.4081676005609425,2052300.8581574948,-10.191465414085322,1384.1051222509136,-7.542400216569533,4.053754542529631,6315068.115623109,-9.499609412276685,699.827874443099,-7.50889951532816,4.070147842085069,222457.91680750003,-9.356230742323502,696.9716735305718,-7.560610584612174,4.055198691667133,3211312.6792237195,-9.457448370055737,699.1678148072438,-7.606898285162121,4.023303206688576,7572481.918055281,-9.569884034790174,685.4599643112399,-7.567781942694749,4.03874188537814,146158.75767869796,-9.676838145969848,693.3403949512444,-7.542686055544217,4.075597726469585,2308283.8779384415,-9.518964804444822,711.7201860721643,-7.244576546013,4.295666640427544,6632.344811623444,-8.577273338155049,788.1515155593114,-7.590680226863283,4.035338831992578,3108641.565247828,-9.634779963610214,691.0615603547748,-7.576431537122397,4.043433760256078,177771.61693984072,-9.617254061957494,691.0615565138047,-7.555678756211793,4.051557876089966,58171.71007820797,-9.587904219563738,691.0612683283689
conf_egg,3,"21,22,23",1261440198,1e-08,1000,-7.3135065317960795,4.242355861268603,12970.398448366146,-8.909308640986929,786.5235793031103,-7.3135065317960795,4.242355861268603,12970.398448366146,-8.909308640986929,786.5235793031103,-7.3135065317960795,4.242355861268603,12970.398448366146,-8.909308640986929,786.5235793031103,-6.6470830425750655,4.8940001856066,11791.016195591406,-8.348896416066799,393.46100465165836,-7.989689886803148,3.593626040757001,16839.127940140155,-9.555908293285224,1583.5796732910826,-7.350895141183734,4.211145770839581,15183.382311123267,-8.988337064363932,775.1053668792445,-7.332591062878415,4.227627143204068,14209.54644631221,-8.956612805736338,780.8234927470493,-7.34440211527476,4.216296273473878,14957.103522363286,-9.030143600665394,777.4557010894109,-7.30452573137438,4.252869377444917,13076.235290565692,-8.776394284963697,794.2171587579163,-7.324901927290001,4.232176681530662,13092.902180628906,-8.959377418562845,783.703468152779,-7.263480254865684,4.289690345953766,16530.0258952737,-8.720939246554918,814.0974344479196,-7.312586352348866,4.240095752127627,8371.655351584724,-8.915811501396089,783.0292416363069,-7.3135065317960795,4.24660246373232,12970.398448366146,-8.902426603458242,786.5235793031061,-7.298338193446014,4.255044852647247,6493.2944590837105,-8.882146255741382,786.5180746183993,-7.285295093086596,4.263376225753312,4265.058824884587,-8.844976852176414,786.5034925260594
conf_egg,3,"3,8,20",2139589116,1e-08,1000,-7.0934638794070555,4.440296117537302,6008.925956755927,-8.019664752160196,884.1817795701475,-7.0934638794070555,4.440296117537302,6008.925956755927,-8.019664752160196,884.1817795701475,-7.0934638794070555,4.440296117537302,6008.925956755927,-8.019664752160196,884.1817795701475,-6.430746840919036,5.094618017340457,5940.678932023012,-7.43083609853085,436.6957295094324,-7.783329707934824,3.765732726129114,7630.772826457903,-8.736991316885534,1762.780735327581,-7.113606270364505,4.420948048851203,5926.030879210501,-8.148429000484674,873.588637361408,-7.11157913477495,4.422774864623975,6056.122591072417,-8.09336589966326,871.3249633509901,-7.115782925552336,4.4193237070318485,6596.836004442659,-8.129458290337602,871.9699557059638,-7.106458891992466,4.428255295722812,6313.461655806357,-8.022997035993395,877.2343629943183,-7.110291333931372,4.42454278942429,5844.02527989347,-8.02127326293105,876.8079076653289,-7.135311068799555,4.400336309836863,6246.428434040285,-8.14311642734348,854.8032692260573,-7.092526350696561,4.439419894394585,4082.3245320296246,-8.032430443091181,883.5667600764216,-7.0934638794070555,4.444740858395715,6008.925956755927,-8.019664752160196,884.1817795701467,-7.07914290080213,4.453526448272565,2908.8346575949254,-8.005893527307325,884.1717657633454,-7.067884059957721,4.46166401017424,1719.2916816328736,-7.977400775453426,884.1120616408717
conf_egg,3,"1,13,24",751439589,1e-08,1000,-7.158884733620445,4.379692896556855,8816.316575284585,-8.374222082807483,853.6759411608805,-7.158884733620445,4.379692896556855,8816.316575284585,-8.374222082807483,853.6759411608805,-7.158884733620445,4.379692896556855,8816.316575284585,-8.374222082807483,853.6759411608805,-6.465664136596236,5.064267374639743,12149.988105103554,-7.576947614414216,432.6478911615258,-7.831164746308585,3.7240346876105703,11076.937639206097,-8.973887683773846,1721.1944609968305,-7.14561279725373,4.392986885795911,10334.76084037658,-8.233396070411873,861.913516173829,-7.138665528875976,4.3990820825418755,9424.535882385047,-8.223911035332572,863.4953455136352,-7.142734707711145,4.39526866371895,9326.243874443015,-8.272809937854761,861.8808457207817,-7.141564019635246,4.396239540710962,9385.612012766802,-8.245565536157692,861.3361256874579,-7.120180147240785,4.416144387721357,8791.628082575911,-8.14673935689336,871.5564942765286,-7.161531295059874,4.376265332850776,7075.650904504523,-8.388337837837794,851.1387823579289,-7.155854987765792,4.380340869112227,4921.947622204068,-8.407382853542813,856.428231157454,-7.158884733620445,4.384076973530356,8816.316575284585,-8.362899385570534,853.6759411608714,-7.143735925674849,4.392783236391696,3406.884786969626,-8.350407694724142,853.6691807301005,-7.132052017028487,4.401033210911893,2107.0416658125305,-8.341759030335922,853.6292566462558
conf_egg,3,"3,10,25",777551275,1e-08,1000,-7.079856566792295,4.450736159873,3588.62351754592,-7.995203929051414,894.2987866332126,-7.079856566792295,4.450736159873,3588.62351754592,-7.995203929051414,894.2987866332126,-7.079856566792295,4.450736159873,3588.62351754592,-7.995203929051414,894.2987866332126,-6.397195339858466,5.122317797725138,2886.1736505293966,-7.354503491366683,446.8624629219368,-7.754752637883793,3.7905477212691676,5011.142818732373,-8.602017815754406,1799.257306433196,-7.0677705239125,4.461798468210098,3486.207432191168,-7.974821020027763,897.2001985472815,-7.096577829818726,4.4352427851304705,3816.2800227322714,-8.086402630051332,886.8819685521302,-7.088482136030051,4.4424185709394965,3592.4630786062926,-8.072176300253044,888.6685917218774,-7.0788508088877755,4.451675422271124,3736.8449070264264,-7.984552663754313,892.3632418579423,-7.07757369858329,4.45226980081046,3410.8408750259787,-8.014776769641351,890.8468927293766,-7.088471414699449,4.442998482826772,4156.697350424598,-7.995931267071243,886.7822772310743,-7.084715198082543,4.444930124479517,2935.8025216509777,-8.018789047329136,889.3433924913703,-7.079856566792295,4.455191351224186,3588.62351754592,-7.992589176924711,894.2987866332007,-7.0671073420324575,4.463836246872951,2109.6366353414787,-7.987134729825545,894.277577118388,-7.057506111594283,4.471428991935753,1640.4700216233848,-7.978034077442463,894.1657109275899
conf_egg,3,"26,27,30",1727244927,1e-08,1000,-7.601547385797109,4.017589602599976,80391.87472071633,-9.60964049541725,689.803977317064,-7.601547385797109,4.017589602599976,80391.87472071633,-9.60964049541725,689.803977317064,-7.601547385797109,4.017589602599976,80391.87472071633,-9.60964049541725,689.803977317064,-6.913129087545254,4.676462598529768,270505.3617879588,-8.930208054350274,345.76145632506984,-8.294594106147557,3.3740223862982917,782106.5001863688,-10.34702216705571,1365.0809143888462,-7.655582986067472,3.9719784400019846,872935.3458952181,-9.747198609311017,661.4939901014291,-7.564226067051144,4.049724376665584,230553.68402842118,-9.486228370868577,698.9459649663797,-7.650996027223575,3.9842740167761588,145105.85247842778,-9.939730697948146,675.3385847388384,-7.628127645491416,3.983461448810913,181298.54154905502,-9.812074315005068,669.1054875999567,-7.596586180626767,4.027310949467251,181502.85032161788,-9.66413784530319,689.5049917675718,-7.529239548622245,4.084914941685605,92327.28206682559,-9.47589436642438,728.4208608200387,-7.526826995107183,4.072405632488812,34981.0942077946,-9.485796088438336,716.4027350354594,-7.601547385797109,4.021611213813808,80391.87472071633,-9.60964049541725,689.803977317064,-7.592199424248767,4.029674156892429,58074.792246515644,-9.585201650217318,689.8036256255116,-7.574567239866087,4.037757116158984,30429.99661618783,-9.567766087419617,689.8023819423026
conf_egg,3,"14,20,30",75582337,1e-08,1000,-8.674826309671163,2.8812857190421597,103490719.97564505,-16.21082811391921,381.65061602303246,-8.674826309671163,2.8812857190421597,103490719.97564505,-16.21082811391921,381.65061602303246,-8.674826309671163,2.8812857190421597,103490719.97564505,-16.21082811391921,381.65061602303246,-7.830248304699667,3.331973322693849,29978687.353321806,-22.580589741504625,186.25289867082964,-9.233303207779542,2.4857541330649173,395714769.69124603,-16.776012915077665,795.5542690541798,-8.552262662317755,2.9047995264080018,95346061.54509954,-17.597527907012942,389.7320670440049,-8.541620333260989,2.9303554173402087,155148884.36661008,-17.02588949732094,394.72531457613275,-8.695204875905356,2.876576942204289,1087216984.8906884,-18.710602393263905,384.8011183097117,-8.575092261607846,2.9459797829660657,58521524.749020666,-16.567427229391512,400.7913338356063,-8.604604957252036,2.880965925326101,9760331.553800527,-16.821411805351456,387.8150923581473,-8.712975278216977,2.8613013338079134,112620675.61517751,-15.606553605609843,375.8982995590748,-7.016131007237769,4.511945175797521,4037.8927377251293,-7.635832398074333,922.5907724486583,-8.674826309671163,2.88416988893109,103490719.97564505,-16.21082811391921,381.6506160230321,-8.674826309671163,2.8899555857995582,103490719.97564505,-16.21082811391921,381.6506160230321,-8.674826309671163,2.8957645417509146,103490719.97564505,-16.21082811391921,381.65061602303246
conf_egg,3,"10,23,26",506454784,1e-08,1000,-7.525115193335485,4.083327795487763,193093.49299529975,-9.528980112593198,724.8028079074244,-7.525115193335485,4.083327795487763,193093.49299529975,-9.528980112593198,724.8028079074244,-7.525115193335485,4.083327795487763,193093.49299529975,-9.528980112593198,724.8028079074244,-6.854754297260429,4.73082149768069,409945.5739728293,-8.80950917864287,359.4158555588529,-8.170965214223061,3.4643890335551717,948546.7820002892,-10.15158495887729,1460.1030191359562,-7.526556983240871,4.079445714418269,317900.71178025723,-9.432644884651829,712.7792212096023,-7.522468715321595,4.079904060974847,308719.1135863596,-9.47061376790897,714.6878862043249,-7.526082894215036,4.088239854980302,356561.0244678898,-9.478370474725443,720.6282485049527,-7.4810486425527065,4.113903448475836,229288.70831017548,-9.376640195098874,729.0874676403039,-7.504564348217436,4.09806849405005,322301.9673544803,-9.369767530793792,727.7128000207551,-7.539466742795076,4.072303440188663,175427.48532785117,-9.520706727020091,717.8425724199565,-7.502884030942074,4.096397681487761,77304.8641041069,-9.47861561058457,731.0669556315293,-7.525115193335485,4.087415210698507,193093.49299529975,-9.528980112593198,724.8028079074231,-7.514312585995914,4.095613503075734,104804.32511965788,-9.497568208811662,724.8027034856209,-7.4949246745917835,4.103838782493523,47810.86258287071,-9.473927686733184,724.8021094329983
conf_egg,3,"4,10,30",859915741,1e-08,1000,-7.555856077455615,4.024564329714828,36384.650303119364,-9.606139231664976,688.735796763282,-7.555856077455615,4.024564329714828,36384.650303119364,-9.606139231664976,688.735796763282,-7.555856077455615,4.024564329714828,36384.650303119364,-9.606139231664976,688.735796763282,-6.946003293386038,4.6270237770266585,48532.523880722016,-9.145817289241833,331.7397957798604,-8.297427821494502,3.355029238855608,79465.11683470348,-10.533305107060736,1351.2038976041513,-7.6045825245503025,3.9894211907020853,22707.670952719607,-9.711650125496845,674.101699889499,-7.6458424333814605,3.9497657270371227,40503.244940228666,-9.913556690446926,655.965789332958,-7.598206177932505,3.9915537659989537,43514.96587817748,-9.846247171002492,681.4291690115302,-7.58816477890577,4.0093586250307665,46919.42535167556,-9.739939789933027,685.3015257176809,-7.561053616393764,4.034959651422831,51442.77146141341,-9.500563729817836,685.5841790340723,-7.55923177165716,4.022716181737561,26249.283995208887,-9.613941630397035,679.3398221182842,-7.081194813229297,4.448285083230187,3012.0052879194486,-7.963111035264451,887.0898798666435,-7.555856077455615,4.028592922637482,36384.650303119364,-9.606139231664976,688.735796763282,-7.555856077455615,4.036674352773165,36384.650303119364,-9.606139231664976,688.735796763282,-7.555856077455615,4.044788271070196,36384.650303119364,-9.600579004328115,688.735796763282
conf_egg,3,"6,21,28",725783955,1e-08,1000,-7.310085344751581,4.243858016662236,11176.16506314298,-8.780031036811641,783.0178206020555,-7.310085344751581,4.243858016662236,11176.16506314298,-8.780031036811641,783.0178206020555,-7.310085344751581,4.243858016662236,11176.16506314298,-8.780031036811641,783.0178206020555,-6.663786647006752,4.878111091720498,11620.940019201995,-8.287512175014546,386.85144854881173,-7.978201097719276,3.6020618307407313,15556.146958893898,-9.506798685675808,1592.3525969837774,-7.331387898984851,4.2275588376226265,13301.017683463746,-8.954985436553343,782.659914966267,-7.291975426060699,4.260912477784499,11315.3360260428,-8.820350467122173,797.6267507712322,-7.330546796591977,4.2281567677407565,14016.779573025802,-8.922140149412678,784.57244657738,-7.318221775049668,4.23669335483464,11420.438209984235,-8.938206497500115,783.5192365159317,-7.310812206998804,4.246735515733941,14129.051293172597,-8.896052443472286,792.9230440013084,-7.328921605139918,4.225540126610063,9939.94270005201,-8.843917664683065,770.7041961382185,-7.263348826140733,4.282035966581871,6249.649943008879,-8.714141111347832,798.6202269209134,-7.310085344751581,4.248106122785064,11176.16506314298,-8.780031036811641,783.0178206020535,-7.295127430042005,4.2565467114283235,5632.536534472453,-8.768768455463245,783.0120051600856,-7.28266242705995,4.264825337724867,4057.705522772216,-8.760870445623766,782.994056474678
conf_egg,3,"1,6,28",1067265744,1e-08,1000,-8.189389782168048,3.509211043430386,29238140.8168399,-11.92761869196842,529.4842545371699,-8.189389782168048,3.509211043430386,29238140.8168399,-11.92761869196842,529.4842545371699,-8.189389782168048,3.509211043430386,29238140.8168399,-11.92761869196842,529.4842545371699,-7.570518658396981,4.124693722560912,66181988.27148534,-11.171502555962787,264.38789353450494,-8.78850582760875,2.9810198741307365,35095623.29989978,-12.362109667050197,1081.6571930720715,-8.157698136208332,3.4907444960628973,3137102.9842458726,-11.729196230834209,523.4416195326389,-8.087094206150928,3.5697504525502044,3086916.0062736357,-11.463830213878907,541.7603836519938,-8.087553666415447,3.5742496368219734,21643584.137012586,-11.666984048732978,548.5798807914565,-8.167207438363858,3.4786060649247483,48813185.3026966,-11.725114728775702,517.0783907415089,-8.161882827837944,3.521631071563978,11430502.508441556,-11.932435071236883,532.5292148218232,-8.217778463887338,3.486167033340681,28239112.377552122,-11.969201295056395,516.1835585864417,-6.976379659055823,4.54931599538362,2827.6500858393456,-7.440258668483979,956.5527705551689,-8.189389782168048,3.51272376719762,29238140.8168399,-11.92761869196842,529.484254537169,-8.189389782168048,3.5197703544939043,29238140.8168399,-11.92761869196842,529.484254537169,-8.189389782168048,3.526845269779319,29238140.8168399,-11.92761869196842,529.4842545371699
conf_egg,5,"5,15,22,23,26",1819518749,1e-08,1000,-7.285981943531982,4.262833017674033,12994.135779689947,-8.765343980598326,785.775863478579,-7.285981943531982,4.262833017674033,12994.135779689947,-8.765343980598326,785.775863478579,-7.285981943531982,4.262833017674033,12994.135779689947,-8.765343980598326,785.775863478579,-6.588218780107119,4.945402128579148,10235.707323589804,-7.898562994036754,396.00877137887505,-7.953783682635595,3.616052459223299,13637.4415697486,-9.331034867136907,1583.0092971303268,-7.26153755951076,4.285829204975763,10928.64784386951,-8.605907629210336,798.8101887923034,-7.28357023349775,4.2651245993351745,10587.782592251202,-8.780353430886233,788.4447866200601,-7.281250360328294,4.264801893598875,9492.577018094818,-8.751964650473466,781.2979669370321,-7.261164718566437,4.285965999052473,10303.40752964304,-8.729432276188655,800.1030262117514,-7.258365772949766,4.285669210831356,9464.242678157272,-8.5975931399466,790.6062713699447,-7.2191428222986,4.325485534350712,13701.112899816553,-8.534738465143342,821.2797836112928,-7.115824332155644,4.416224419864413,4405.369436068995,-8.116723151063301,864.9920381632555,-7.285981943531982,4.267100117791845,12994.135779689947,-8.765343980598326,785.775863478579,-7.270529321528831,4.2755847943901015,4954.704084179141,-8.760896494948117,785.7704757610803,-7.258805828560778,4.283613730332128,3240.7447862554527,-8.748597848504318,785.7341236653842
conf_egg,5,"3,5,7,10,13",406806290,1e-08,1000,-7.0370411060559075,4.49191268657533,4061.2770075084745,-7.724817944403838,913.685044470865,-7.0370411060559075,4.49191268657533,4061.2770075084745,-7.724817944403838,913.685044470865,-7.0370411060559075,4.49191268657533,4061.2770075084745,-7.724817944403838,913.685044470865,-6.3858151306195055,5.135237816918544,3898.5777147132703,-7.124846577448688,450.16924120248825,-7.728526702952705,3.814430534952237,5645.482948393919,-8.452511555631844,1824.336442551824,-7.03891013863185,4.490461644605856,4279.127547001844,-7.758083693588457,913.8983567519099,-7.046281087379195,4.483419197243836,4329.467108717428,-7.745036492754559,909.6051210830896,-7.028237987633156,4.500382623592663,4000.0015605496515,-7.685255684151161,919.0998945505847,-7.050990164932993,4.479192694957233,4579.850308983308,-7.772163387599092,907.7324676560452,-7.054533031620748,4.475435095878876,4281.584404286453,-7.798309292512966,904.6460262166756,-7.01860239512564,4.509861275763038,4085.262310684147,-7.6740582475685795,929.7999181143671,-7.030766148315206,4.496926240947176,3201.473245096147,-7.702622727289701,917.6337704462323,-7.0370411060559075,4.49640909567097,4061.2770075084745,-7.712490804537948,913.685044470857,-7.02347728276223,4.50522980872205,2039.8117672623287,-7.702464575886192,913.6698895288405,-7.013605337557184,4.5128157211954365,1369.4452217482237,-7.698087660269323,913.5420569886636
conf_egg,5,"1,14,18,25,27",1335873568,1e-08,1000,-7.510430574952715,4.071158022040709,33311.95579226691,-9.479255760629966,696.9683229551993,-7.510430574952715,4.071158022040709,33311.95579226691,-9.479255760629966,696.9683229551993,-7.510430574952715,4.071158022040709,33311.95579226691,-9.479255760629966,696.9683229551993,-6.884554082821979,4.687255083867483,33511.49776014709,-8.915119694885316,342.34004821509257,-8.20600850114019,3.4285453174766016,47512.45759198771,-10.127715616404888,1398.5125801114061,-7.51486796115786,4.073352556211509,21670.226115531626,-9.47219140522649,700.8340200808832,-7.512963057016979,4.0819584005885945,41082.50770785057,-9.406310593374476,704.781574021702,-7.521465202556861,4.073263773156152,40593.966438628784,-9.412119854929946,699.9241807113672,-7.535854757169604,4.0504170310120635,31910.783177763304,-9.41633174750858,682.6084116624912,-7.5242467780829685,4.068449343094006,33160.075524392945,-9.389289976699965,693.9831860444604,-7.5178632577666855,4.0637425619185406,32754.88050950905,-9.494535871355138,690.8098778981123,-7.184940222909812,4.349012170829331,3572.659439217124,-8.414986974961476,816.5727677163183,-7.510430574952715,4.075233255296009,33311.95579226691,-9.479255760629966,696.968322955198,-7.4937491434307555,4.083368716181086,10992.857091158447,-9.462570338466032,696.9656542058657,-7.480693074291846,4.091413196852912,8606.171908774517,-9.443593817992618,696.9557063971525
conf_egg,5,"12,18,19,21,26",210891421,1e-08,1000,-7.29726173840697,4.26009328844587,12376.915114205287,-8.825792604045992,805.6808498576262,-7.29726173840697,4.26009328844587,12376.915114205287,-8.825792604045992,805.6808498576262,-7.29726173840697,4.26009328844587,12376.915114205287,-8.825792604045992,805.6808498576262,-6.588245004863131,4.95042962853692,9777.215849038306,-8.03368724284971,407.8900636773852,-7.973897462879659,3.609981992709684,16139.403535048108,-9.484531031521467,1616.1336936853322,-7.288236508283678,4.265964099730596,11571.443830213402,-8.927735741058394,808.6507141244149,-7.2789674676796885,4.273358021150291,10984.748978910315,-8.86559456354727,808.3302260252452,-7.291196206343738,4.264688723043972,11587.700817200222,-8.883863461900667,808.9656289376609,-7.290188066804059,4.266254051653692,10853.15214561672,-8.778189284956875,809.2592703932424,-7.291151934765798,4.264113784074443,11178.310175492154,-8.864412121101292,805.9769412750728,-7.302190497480155,4.253756005388553,9972.18194459344,-8.847166277648832,800.8616807310035,-7.296996462695475,4.259311761388722,10194.10913659793,-8.830130892380613,805.1100408325213,-7.29726173840697,4.26435764609191,12376.915114205287,-8.816773850343138,805.6808498576147,-7.282225169474393,4.272824760820223,6061.955828948623,-8.798291394373367,805.6745246011118,-7.270148159758373,4.281058565107317,4685.651900975293,-8.783938411663538,805.6512940539385
conf_egg,5,"14,17,18,19,25",964354530,1e-08,1000,-7.4876728409587985,4.089335599261685,13227.564124159415,-9.285377343984072,701.8202269075783,-7.4876728409587985,4.089335599261685,13227.564124159415,-9.285377343984072,701.8202269075783,-7.4876728409587985,4.089335599261685,13227.564124159415,-9.285377343984072,701.8202269075783,-6.826058688537052,4.7193922346542,7941.253666916664,-8.86520392588504,347.7191047277491,-8.146286038138653,3.463618025677906,19236.212806164465,-9.960262847441827,1422.373606387909,-7.462185528763116,4.1086619939536675,11409.985950048653,-9.285076859915181,711.2563153101967,-7.440225932348692,4.127851779956668,10927.622615936669,-9.191845206799934,718.8274471079679,-7.429014704480856,4.137828819497594,10671.944774845624,-9.219756073569538,722.964816464965,-7.496637377596946,4.081022123972955,12894.006085966732,-9.388266412874993,698.7280605991444,-7.460996066664461,4.111100293114679,11215.417699156353,-9.161903617293573,709.5508850987037,-7.528727277587,4.051779773239071,13881.399250116208,-9.373095103589089,677.5270539440328,-7.476919421058216,4.101570015880477,13465.395267989245,-9.312234380987276,715.6703895444374,-7.4876728409587985,4.093429028289959,13227.564124159415,-9.276329849789084,701.8202269075746,-7.474392274715468,4.101486077420208,10357.182167355753,-9.253785768377405,701.8107325273753,-7.462289024289413,4.109470646539189,8915.664565631852,-9.23980854810799,701.7953659593292
conf_egg,5,"0,4,9,23,30",1791956784,1e-08,1000,-7.02167131156638,4.505789454604415,3374.928387994958,-7.649140400822868,919.1691064989839,-7.02167131156638,4.505789454604415,3374.928387994958,-7.649140400822868,919.1691064989839,-7.02167131156638,4.505789454604415,3374.928387994958,-7.649140400822868,919.1691064989839,-6.340362096138709,5.178124458144849,2996.5978777688065,-6.940495553484648,461.02227987365836,-7.704632057549114,3.835416292992768,4646.728604704815,-8.372698848297109,1842.2464208910799,-7.015970553133845,4.511828777411396,3843.0112866073173,-7.628802738219289,924.1104822240186,-7.025203069490658,4.502411784342767,3448.721432592194,-7.700626442664733,916.2433384397301,-7.0220335363616435,4.505948367623971,3781.06160394023,-7.67467514099299,921.0898860368343,-7.022071394901719,4.505530344693735,3498.8609072136114,-7.66059839257128,919.218821312067,-7.020547816493018,4.507134096153777,3631.2183970591987,-7.662000797413231,919.957086847144,-6.989113080327491,4.538655038749872,4282.8239299380575,-7.492707985598875,948.5379918777743,-6.998981737295872,4.5267659778297,2606.8167498922803,-7.572709581288227,939.0634558776455,-7.02167131156638,4.51029975435878,3374.928387994958,-7.649140400822868,919.1691064989814,-7.008629150607927,4.51908117248295,1782.0466906901117,-7.644821389700366,919.1491927860303,-6.99873185275004,4.526881281568071,1284.5650403521665,-7.639222236611577,919.0451400225802
conf_egg,5,"0,7,20,23,26",620343842,1e-08,1000,-7.080131614950038,4.451368046361462,6078.540544629183,-7.937354756373424,878.9349798420026,-7.080131614950038,4.451368046361462,6078.540544629183,-7.937354756373424,878.9349798420026,-7.080131614950038,4.451368046361462,6078.540544629183,-7.937354756373424,878.9349798420026,-6.423653658131713,5.100000870104194,5419.481668735889,-7.297560240672578,433.54477846202985,-7.764948648685503,3.7801209942503062,7545.577222043312,-8.630539213992254,1760.4259769499374,-7.092490115168539,4.439684821420269,6366.175872075712,-8.054195706340094,872.3190143435254,-7.084410599258528,4.44767875203483,6616.085285820403,-7.9139432401206795,878.1803651648588,-7.075031416098273,4.45629140462274,5895.584997843622,-7.89190770878523,883.0950227494158,-7.093559461088986,4.439037303119275,6690.346281226358,-7.988463403731153,873.0169482849872,-7.084706248126743,4.447142187746432,6286.598948756577,-7.967253250868062,876.4435975891171,-7.016235272919421,4.513908617366295,6967.681431968579,-7.6423677123559495,928.25935091153,-7.063343827947359,4.465246866633992,3364.343527394855,-7.887441690234603,889.2098390396911,-7.080131614950038,4.455823870231672,6078.540544629183,-7.92767881544521,878.9349798419963,-7.06565403176729,4.464635970305628,2661.9638096129875,-7.921754325789596,878.9253354027308,-7.054955364599135,4.472426627104363,1467.746155720561,-7.9132049607514645,878.8309635851127
conf_egg,5,"10,13,26,27,31",393451914,1e-08,1000,-7.235831929383146,4.311222261501657,15123.07404275856,-8.627182293168996,820.2815885590873,-7.235831929383146,4.311222261501657,15123.07404275856,-8.627182293168996,820.2815885590873,-7.235831929383146,4.311222261501657,15123.07404275856,-8.627182293168996,820.2815885590873,-6.582146015737094,4.954259393078664,14630.154841794729,-7.97461139770504,405.8722506502132,-7.94041995817655,3.628504568721144,18247.678684448318,-9.412263246806988,1612.4886992930226,-7.274119525566182,4.275417161184128,16217.262819157957,-8.7607985510316,801.6289759253757,-7.239043189696367,4.306860387684543,14747.24168007056,-8.616054076288307,813.7818822797132,-7.243594190881046,4.302875854333812,15399.882169428396,-8.66595654822251,813.4914381064722,-7.257801794005562,4.289448545850164,15756.697600089004,-8.771032639441103,808.1596579920237,-7.250565150346412,4.296826284660366,15944.56833347712,-8.70022344208263,810.1443408108778,-7.243687904610087,4.304326606036162,15373.12796185154,-8.641641902675183,816.270036910962,-7.23416447272734,4.310670129441745,8835.415837652865,-8.630108900185,819.3800071290343,-7.235831929383146,4.315537799300972,15123.07404275856,-8.627182293168996,820.2815885590866,-7.2197644400608,4.324138394075873,5114.37338579814,-8.608063792981325,820.2772647828083,-7.207478556876075,4.332358408361981,2936.3663794118966,-8.578881965754867,820.2459870960744
conf_egg,5,"9,11,16,20,31",1140276729,1e-08,1000,-7.38636813066378,4.179006541183474,9843.566521415754,-9.179754111582769,763.5992899473523,-7.38636813066378,4.179006541183474,9843.566521415754,-9.179754111582769,763.5992899473523,-7.38636813066378,4.179006541183474,9843.566521415754,-9.179754111582769,763.5992899473523,-6.720003153265854,4.825161746187669,7587.564449359324,-8.533409733641784,380.0764303739845,-8.061971047196245,3.536499138610273,15695.653673797247,-9.841666847287556,1534.770595717214,-7.408067858957965,4.159948786761271,10395.167204785772,-9.339862884921256,755.3124812880563,-7.388049009560451,4.176234807598189,9526.729493913823,-9.221387864462477,760.6896890926346,-7.3982504847530475,4.167804577145296,10071.015382859416,-9.175200514360366,756.7979257534449,-7.400415904638271,4.164544328734944,9795.33943084839,-9.25193528243828,756.2507527905427,-7.373441264293023,4.187460639582074,9294.741613169985,-9.185735328825388,763.841358734443,-7.376204810514375,4.180455093834828,6703.617707204461,-9.181662049316127,757.8028358173873,-7.2989610369458395,4.251121242192388,6484.371501084315,-8.909998160927943,792.8802759046214,-7.38636813066378,4.183189730914411,9843.566521415754,-9.179754111582769,763.5992899473523,-7.372993055427567,4.191416978195575,7088.030670304125,-9.159879792808407,763.5884705244885,-7.361669950067437,4.199408418316575,6128.516670931691,-9.132540571359145,763.5615790384777
conf_egg,5,"7,9,15,19,26",1730846748,1e-08,1000,-7.505757556615349,4.0957439715049935,880552.7993381207,-9.485329749405494,724.0516502994227,-7.505757556615349,4.0957439715049935,880552.7993381207,-9.485329749405494,724.0516502994227,-7.505757556615349,4.0957439715049935,880552.7993381207,-9.485329749405494,724.0516502994227,-6.831784567956217,4.728929651515336,17475.548696150945,-8.933751325226453,358.26949011632496,-8.230267097395256,3.4173096874784306,55933.19728984217,-10.332091324492499,1421.2060347010565,-7.5149205860754,4.079169390513498,779125.7791590015,-9.553272281336271,714.5428432250521,-7.533322237377285,4.059955090467115,20802.22209667567,-9.614401830892982,713.332060656239,-7.522210271840462,4.068540096141768,17789.43441865847,-9.616320560657565,716.1299315859926,-7.508964572637134,4.087422870127609,886689.798273862,-9.58706341048799,723.6898082150395,-7.5023459289744245,4.0867236729209555,39537.97041255121,-9.503231923203472,719.8932038765313,-7.524902224564973,4.072694847504354,43734.6601172089,-9.539146252664821,709.0063746112846,-7.0399799227375235,4.488315606324407,3557.8251014474404,-7.7715422743182385,911.5409375226003,-7.505757556615349,4.0998438153202486,880552.7993381207,-9.479202150352412,724.0516502994079,-7.4832636175281335,4.1080634872860085,28971.416082986703,-9.439527628931382,724.0512632087307,-7.4664713755678385,4.116293760082005,13437.313360181333,-9.398576244574684,724.0492546235721
conf_egg,5,"1,7,8,12,27",398297531,1e-08,1000,-7.097799221781055,4.433030457879465,3564.3449431596914,-7.980151229818844,873.9418472775818,-7.097799221781055,4.433030457879465,3564.3449431596914,-7.980151229818844,873.9418472775818,-7.097799221781055,4.433030457879465,3564.3449431596914,-7.980151229818844,873.9418472775818,-6.437923590135111,5.0833479755513125,3171.2404362785055,-7.360986669950134,433.0306463704772,-7.791356932986984,3.756599031969319,5457.636189276227,-8.756369840473814,1745.5983504725737,-7.09294670791561,4.4381758048242235,3634.4340059943806,-7.989440886535061,880.3265299523167,-7.09515516627269,4.436070395617515,3678.5909576871277,-8.033448980141404,880.1113096481535,-7.107706503535694,4.423785942444663,3630.2344862914506,-8.10956078939819,869.9527949226821,-7.103644305714806,4.4278393120508674,3754.581465051408,-8.04751823161135,873.244913428956,-7.104626883081997,4.426583840621432,3676.0369506571965,-8.060451005326275,870.9521612665552,-7.10385795599082,4.426457714951424,3163.5934209304146,-7.9977420127318775,867.0134245185704,-7.014383406341401,4.5123219640848475,2780.382326594141,-7.687618394372688,932.1955026734657,-7.097799221781055,4.437467925805284,3564.3449431596914,-7.980151229818844,873.941847277581,-7.085140068595136,4.446060717821394,2069.6511927828046,-7.968723956116732,873.9199609826865,-7.074998272288232,4.454075876331941,1655.0507031998402,-7.95887286115353,873.8550367213446
conf_egg,5,"6,18,21,22,24",1414110773,1e-08,1000,-7.291290256044274,4.26074255225967,8690.838466348447,-8.77187006624724,795.5514955213504,-7.291290256044274,4.26074255225967,8690.838466348447,-8.77187006624724,795.5514955213504,-7.291290256044274,4.26074255225967,8690.838466348447,-8.77187006624724,795.5514955213504,-6.61492546836217,4.921840387615142,7455.042678154924,-8.125487368936405,397.134131506984,-7.970707408789207,3.6085587452031986,13106.18155289747,-9.504020728383608,1603.3319480129426,-7.299241995775936,4.2542779918018825,9379.959634414981,-8.833535271938704,795.1118632171324,-7.280488167225633,4.2718476042062274,9375.469131970904,-8.784382967343896,805.4652327326895,-7.3367170114614195,4.223465812905125,10536.552870021122,-9.078771209278752,787.2985127434325,-7.279394245541502,4.2729351453034345,9390.243383072198,-8.83733230482335,806.1519345101837,-7.252521555954558,4.297423689404768,8675.921555433657,-8.664253153204605,814.7968168632635,-7.301796334083267,4.250335591569323,7777.563960636952,-8.808363982856509,788.2936285796792,-7.29598785538595,4.255750378339307,7482.998970594746,-8.809453812495315,794.3146496591571,-7.291290256044274,4.2650075598195105,8690.838466348447,-8.77187006624724,795.5514955213497,-7.277224883246744,4.273440261305871,5340.756139825226,-8.761351020348366,795.542866085613,-7.265370095206123,4.281609708616222,4002.293593922319,-8.745617684577825,795.5157667770256
conf_egg,5,"0,7,8,23,25",1978545226,1e-08,1000,-7.0083526569866095,4.520769255574916,5186.58182674752,-7.61558538459057,936.0698206604416,-7.0083526569866095,4.520769255574916,5186.58182674752,-7.61558538459057,936.0698206604416,-7.0083526569866095,4.520769255574916,5186.58182674752,-7.61558538459057,936.0698206604416,-6.343467535599303,5.177820706858398,4467.272262592109,-7.0297096870214375,463.40711669828534,-7.688456067259502,3.852116536489688,6453.251855322344,-8.29787916889139,1879.9271514445131,-7.009001236969659,4.520327766077661,5528.87606871407,-7.609704518464142,935.704980391511,-7.01174905914621,4.517505378188923,5222.114224316962,-7.662746098753281,934.1086453995609,-7.004647286542037,4.524577828376021,5600.934048879297,-7.5919108946212,938.9343475477981,-7.004302052981332,4.524734544743842,5193.7657617459045,-7.657657392775354,939.3945286991487,-7.0135050654746545,4.515693336456882,4986.456793550099,-7.703918199868679,933.30968283166,-6.997247999570067,4.532059247744032,5908.580601550515,-7.547292554493416,943.4974686450206,-7.003813287071879,4.523687238282512,3649.402999122865,-7.600694154694297,938.2912206537002,-7.0083526569866095,4.525294550124977,5186.58182674752,-7.609073234242459,936.0698206604249,-6.993967108314688,4.534233259043267,2206.7440736705653,-7.605764906554762,936.0586795949981,-6.983021855107376,4.542373230485564,1263.368568969837,-7.597827288019499,935.98180316363
conf_egg,5,"7,11,17,24,27",1633664562,1e-08,1000,-7.713032653815643,3.919905350913158,42230.3546708719,-9.972248913046352,646.1932483623716,-7.713032653815643,3.919905350913158,42230.3546708719,-9.972248913046352,646.1932483623716,-7.713032653815643,3.919905350913158,42230.3546708719,-9.972248913046352,646.1932483623716,-7.107428020206571,4.49512925389045,35061.486981093214,-9.449589973770587,310.711527798561,-8.464707841418097,3.2537660238613206,133071.6092817941,-10.957909792257952,1262.0050314639545,-7.785804309104787,3.8736982715993036,98089.4035652406,-10.358462052864946,627.244618794875,-7.820232778043693,3.853387246137624,94250.83692947512,-10.502777600832284,630.5775523306343,-7.776999342155494,3.8816964926828983,72677.79362827762,-10.293095054953897,635.9612024843169,-7.82424800082936,3.8367782386262688,67827.17432950895,-10.390243884180059,617.9339028084296,-7.769874134639982,3.88135214608275,70263.18639536736,-10.091272601698638,626.1591111280071,-7.68598302937097,3.943468381771978,41358.80895627376,-9.898212926391336,658.5768880276167,-7.12863857711661,4.404191688213715,3882.8984356657265,-8.101021662824582,857.651579057235,-7.713032653815643,3.9238291800933056,42230.3546708719,-9.972248913046352,646.1932483623688,-7.697054526920269,3.9316647447541935,27336.707122931384,-9.937439273589064,646.1909394558143,-7.683524757150079,3.939461039358891,23665.005257487643,-9.909616339064208,646.1846428948779
conf_egg,5,"2,7,9,17,22",1764786761,1e-08,1000,-8.160346045161518,3.491670312155203,3167986.033936874,-11.410349817326816,492.5034176465328,-8.160346045161518,3.491670312155203,3167986.033936874,-11.410349817326816,492.5034176465328,-8.160346045161518,3.491670312155203,3167986.033936874,-11.410349817326816,492.5034176465328,-7.388212596648667,4.203148412455215,93294.79115442518,-10.480980643449909,259.7173650901224,-8.903659066176802,2.899167050668493,86099749.23631506,-12.19508893343383,964.6533436754466,-8.136362195699032,3.52572137729913,85647836.93312581,-11.137392476670508,491.5781325579044,-8.205743997577729,3.521443894594926,3754603.9841589327,-11.500251332366952,495.2975757721683,-8.303091371901917,3.442250860463655,2240393.6275243415,-11.74243658180965,478.9675587300721,-8.20796854463121,3.483428026470475,4276670.036964004,-11.463865516902809,475.5834064320042,-8.250475465589775,3.4953025539991023,2400911.9108351483,-11.562414869213933,491.6735604006916,-8.116390628940547,3.5450644837801906,4386048.3098422745,-11.331440320921253,519.7131320358764,-6.989896479176783,4.535258287457252,2478.229484310662,-7.512187851294035,941.2153112535401,-8.160346045161518,3.495165477632852,3167986.033936874,-11.410349817326816,492.5034176465328,-8.160346045161518,3.502176842683269,3167986.033936874,-11.410349817326816,492.50341764653325,-8.160346045161518,3.5092163941258483,3167986.033936874,-11.410349817326816,492.5034176465328
conf_egg,5,"5,9,18,20,27",1174249261,1e-08,1000,-7.183847437833531,4.355021764933578,6477.778988808979,-8.339703152131104,834.1419071635847,-7.183847437833531,4.355021764933578,6477.778988808979,-8.339703152131104,834.1419071635847,-7.183847437833531,4.355021764933578,6477.778988808979,-8.339703152131104,834.1419071635847,-6.530604542728433,4.9974610845513965,5522.451433891701,-7.73042700042658,411.1786932582552,-7.887995088961635,3.6739033961646737,9217.554814746054,-9.15152910277948,1658.607357187537,-7.207398855451605,4.333309643616945,6527.50144288911,-8.534861891549106,826.0631409389895,-7.18335981121723,4.354831460316044,6108.316900881935,-8.398406723681363,832.9439523166058,-7.200421886642845,4.339254895740509,6059.746538900616,-8.493968072185378,827.6580849128338,-7.2230090235930655,4.319783368434716,6944.232009921725,-8.579814380614687,819.5175119812035,-7.1958530456737915,4.344066480604408,6646.789091118567,-8.502542768728581,830.8687943575717,-7.146840482500803,4.390851452521058,7435.786884506484,-8.184057271017094,857.1708028353602,-7.042292050608077,4.48567817634088,3172.7552262299178,-7.8096591479061575,910.421103704295,-7.183847437833531,4.359381146079715,6477.778988808979,-8.339703152131104,834.1419071635817,-7.169844060103614,4.3679763572822585,3344.252213300857,-8.31571401991842,834.1311755954524,-7.158365194731727,4.376193700244688,2289.361571546799,-8.29586323928939,834.0933746042808
conf_egg,5,"0,5,15,20,24",2042437914,1e-08,1000,-7.016708607660019,4.511753665751736,4330.842353970775,-7.653995301626256,928.9586199563997,-7.016708607660019,4.511753665751736,4330.842353970775,-7.653995301626256,928.9586199563997,-7.016708607660019,4.511753665751736,4330.842353970775,-7.653995301626256,928.9586199563997,-6.344653194654685,5.175439853933107,3860.2126922323187,-6.982543666016983,461.6464294570841,-7.6931814752648116,3.846997866031389,5330.16764437582,-8.341288717592553,1870.85749698599,-7.011918681220674,4.516313409120567,4137.714797478223,-7.611182108894659,933.4335829191774,-7.011842797914198,4.516602335049176,4369.900289977989,-7.6695488303619666,933.3382790100599,-7.010072487247499,4.518034800096688,4139.092949040928,-7.655741427179726,933.8081307110529,-7.005838243085788,4.522044579092375,4043.73647609155,-7.6234252628292865,936.2828668460195,-7.019234651868524,4.509207208404902,4197.513768204591,-7.727964221209052,927.9343195727422,-6.993959672370297,4.534344162266163,4977.0967247108265,-7.502563045352019,945.2148504535755,-7.015058960271868,4.512562292163197,3611.6607060408787,-7.657477483224016,929.8172224861859,-7.016708607660019,4.516269935687355,4330.842353970775,-7.647210360509324,928.9586199563815,-7.002873317831266,4.5251465256030645,1995.2352807976051,-7.641191460628963,928.9444047311108,-6.992674450055612,4.532947871683416,1284.7630393301133,-7.637382438818694,928.8356491640707
conf_egg,5,"5,14,20,21,24",1655665484,1e-08,1000,-7.13098425637257,4.405097902900984,5717.112880909396,-8.148561668768142,869.7259353849738,-7.13098425637257,4.405097902900984,5717.112880909396,-8.148561668768142,869.7259353849738,-7.13098425637257,4.405097902900984,5717.112880909396,-8.148561668768142,869.7259353849738,-6.448566071191597,5.074187366129114,3790.009431070994,-7.57946966748418,432.89856977239685,-7.802780441300194,3.74821102720387,7162.703265322702,-8.842328830183385,1749.2111848248587,-7.135776484497156,4.399606108089508,5545.9664804753365,-8.276681719731567,864.0088127138943,-7.124461022678466,4.410332789472616,5410.090412135674,-8.14463348419744,869.853149249547,-7.134843356103754,4.401042113550958,5363.855592897497,-8.268069817770145,866.9696662174063,-7.116483277331467,4.417266445834039,5136.053516352951,-8.204443826673446,872.7037942006219,-7.12813365434613,4.407349390702659,5263.664499460816,-8.169198995342867,871.1710046580719,-7.102109517729944,4.4328604983099495,6061.277863962332,-8.073458185782762,888.2818388812605,-7.0798167796291755,4.451050162476302,4021.509927267042,-7.927346192140957,892.2716831842955,-7.13098425637257,4.409507410311313,5717.112880909396,-8.148561668768142,869.7259353849722,-7.117037020905738,4.418197621729719,2956.2643473831554,-8.139980302934516,869.7143965751609,-7.10600020831117,4.426307144049576,2026.3759889197006,-8.13211039260644,869.6594330979136
conf_egg,5,"8,14,18,23,28",1226223919,1e-08,1000,-7.1341911742383814,4.400629107103874,6125.693117279937,-8.15870616475922,856.0887300092458,-7.1341911742383814,4.400629107103874,6125.693117279937,-8.15870616475922,856.0887300092458,-7.1341911742383814,4.400629107103874,6125.693117279937,-8.15870616475922,856.0887300092458,-6.472445512700906,5.05323150960111,6075.419954990748,-7.508167139605197,424.8493762043251,-7.833407325553272,3.719425947077726,8052.773377485717,-8.938928149098667,1699.7700129177108,-7.14317546090681,4.391893568118526,6280.1373940539615,-8.195061110968489,848.6518510787404,-7.149483688282988,4.386134051786988,6306.5934062410115,-8.308580935467587,849.4930401233275,-7.140920219137069,4.393734518745063,5611.547630747559,-8.200224026504905,850.5051741485852,-7.1344573100421265,4.400062474346817,5732.645719142236,-8.171897915797981,856.0723905364747,-7.153986079318489,4.38195707778825,6292.889059686653,-8.249277094230973,846.4436270049359,-7.078860025195251,4.4544184397276485,6997.423802838775,-7.971873635266719,895.5386862866341,-7.135190676513966,4.398557961873048,4782.596857485642,-8.165992948239905,853.9763722581368,-7.1341911742383814,4.405034141245124,6125.693117279937,-8.15870616475922,856.0887300092458,-7.119944925713278,4.41373711069699,2924.9371220260996,-8.146069914357211,856.0788127087361,-7.109002411016921,4.42170309669801,1828.5175642951685,-8.140083502740836,856.0130552929761
conf_egg,5,"6,9,11,22,24",1155920334,1e-08,1000,-7.977829861987882,3.7348814232135834,2268227.539785025,-10.911214777881572,577.5458940051635,-7.977829861987882,3.7348814232135834,2268227.539785025,-10.911214777881572,577.5458940051635,-7.977829861987882,3.7348814232135834,2268227.539785025,-10.911214777881572,577.5458940051635,-7.345398538205095,4.341296580571341,318772.8432847874,-10.449680557908291,284.7169207142742,-8.592933908237608,3.1737101265776646,5381176.482481775,-11.465898886118183,1187.608386729844,-7.9793449951740785,3.728677578867102,573731.2802132552,-10.899492698044515,573.1741006189404,-7.88538759751919,3.7784136116350155,87494.02221865156,-10.673738047848259,588.8099999824793,-8.00991261847687,3.711853077330459,5979610.593653187,-11.350027507512838,567.6235574281004,-7.906152238555193,3.776933232449241,2334191.833569662,-10.568477451903089,592.9505307148277,-7.898917115857547,3.768081403926101,130780.50274353486,-10.67763109445024,581.2913588728532,-8.036281001126142,3.6871486055578124,2498538.7621468287,-11.015014343090321,554.5207388152456,-7.473356521036951,4.091010009747817,8422.29965192403,-9.261394396117131,687.2486991358063,-7.977829861987882,3.738620043256822,2268227.539785025,-10.890602309404557,577.545894005161,-7.952358675516285,3.7461195536875294,193611.24648079666,-10.856822244166144,577.5458740336231,-7.932718935353723,3.753645131814996,87055.98480335459,-10.820089285080286,577.5455706256657
conf_egg,5,"5,10,25,26,31",320082867,1e-08,1000,-7.267741586832453,4.27869965117274,12633.71343460145,-8.705287457182713,791.4816849315182,-7.267741586832453,4.27869965117274,12633.71343460145,-8.705287457182713,791.4816849315182,-7.267741586832453,4.27869965117274,12633.71343460145,-8.705287457182713,791.4816849315182,-6.650108275799718,4.8889603644052295,11987.695156118281,-8.193925569094137,386.9604164634611,-7.9582636475627515,3.615533508781314,16418.248656453816,-9.398022736769851,1596.685310043896,-7.27124772518025,4.279741624858781,14037.673897372046,-8.770671801522385,803.4287328010881,-7.283444325054502,4.266067099585942,14507.482201154804,-8.776171446038948,788.9266040477634,-7.284306409416319,4.264929604731613,13491.677933588566,-8.724482372801033,789.8550444765935,-7.293450362065346,4.257730333226986,14018.925825108532,-8.790244765412055,785.6653122619845,-7.302822752851245,4.24888376743516,14578.52049955635,-8.861018562875456,781.1430552006353,-7.216704080070565,4.3266141735905865,13836.073367498397,-8.528080722492158,817.2767670955158,-7.221558662468425,4.318001517776035,6065.298214911303,-8.523879186687916,809.1893754304537,-7.267741586832453,4.282982633806544,12633.71343460145,-8.700577436114076,791.4816849315175,-7.252101638794139,4.2915139239775595,5187.581179785836,-8.685976289487748,791.4771918547945,-7.23999481424907,4.29960119628032,2878.30248762414,-8.66951150671882,791.4423473167095
conf_egg,5,"1,9,10,11,15",226980013,1e-08,1000,-7.308653228912805,4.23999837913247,5858.559369342182,-8.866385889379387,777.230129163397,-7.308653228912805,4.23999837913247,5858.559369342182,-8.866385889379387,777.230129163397,-7.308653228912805,4.23999837913247,5858.559369342182,-8.866385889379387,777.230129163397,-6.577092593865449,4.948853593544631,3408.53815510506,-7.894723566727143,395.1975614545624,-7.965003886989305,3.608046005312588,9238.074195948284,-9.421834426541334,1579.162214270696,-7.304005690707871,4.244372509902396,5958.032655801131,-8.868172100598748,778.7045607525076,-7.293540316713379,4.254835700309962,6097.135484745506,-8.759177390233367,784.0592913435057,-7.288247737581038,4.2566594091630385,5214.212196411491,-8.78854742820289,784.3445583730331,-7.279875724008492,4.267834819811835,5963.906927390209,-8.740448602444792,790.2620702505563,-7.292420042193135,4.254968246115131,5691.274324942082,-8.742403961556704,783.9345949363785,-7.317031462635249,4.2317207581352685,5641.673954039084,-8.883989304011697,771.3644537480134,-6.998690100157995,4.526783696170561,2563.6076599516464,-7.612049706425501,938.9982921539439,-7.308653228912805,4.244242621754213,5858.559369342182,-8.849660317934186,777.230129163395,-7.296424636232685,4.252441386896484,4342.049791414809,-8.8204187001557,777.2099716684698,-7.286116701499541,4.260308320597735,3848.4751755709635,-8.798885739996901,777.1675670572143
conf_egg,5,"0,1,3,9,17",123004775,1e-08,1000,-7.022641215669533,4.5043477383099235,2997.33650449086,-7.716535128726111,920.6649609395843,-7.022641215669533,4.5043477383099235,2997.33650449086,-7.716535128726111,920.6649609395843,-7.022641215669533,4.5043477383099235,2997.33650449086,-7.716535128726111,920.6649609395843,-6.350472459380761,5.166949290049656,2507.918458162414,-6.998244228967595,458.44684154558826,-7.702162032394532,3.8375898017743446,4234.451328872982,-8.370099614005147,1851.1417534146835,-7.021068818088457,4.506065976365156,3146.74541931246,-7.694999394645256,922.4606487942119,-7.012942581870635,4.513805325871968,3092.144780923244,-7.630783613898625,926.9187793859702,-7.015380944583507,4.511507659045812,3035.812497182035,-7.678364863808564,926.3252798482338,-7.020819944662862,4.50623168079452,3133.425913499902,-7.6764945057977485,921.4074887192153,-7.02223615295332,4.504684653114334,3014.1062291814474,-7.735020223221117,920.9849658339092,-7.013806154808179,4.514069221100693,3801.805226581254,-7.6512154107692805,928.0334667240077,-6.968667021179655,4.555241001067622,2115.0915712409983,-7.342510025686565,959.6432336427172,-7.022641215669533,4.508856594904903,2997.33650449086,-7.716535128726111,920.6649609395818,-7.009959995826086,4.517586306308393,1661.0056055935675,-7.712834559529241,920.6416129608882,-7.000599872614487,4.525181466856063,1302.3374040005285,-7.706822363468165,920.5177730160867
conf_egg,5,"5,12,16,20,28",1049821413,1e-08,1000,-7.106050706054369,4.42570603371249,4058.8986095575115,-8.051772219887301,872.0061041700351,-7.106050706054369,4.42570603371249,4058.8986095575115,-8.051772219887301,872.0061041700351,-7.106050706054369,4.42570603371249,4058.8986095575115,-8.051772219887301,872.0061041700351,-6.44199113601793,5.079104412491563,3161.0301098127866,-7.424769128067294,432.1874069906337,-7.784223340128665,3.762807937757936,5581.016515912664,-8.732136522881039,1750.9295651148802,-7.091835831490697,4.438966026058088,3733.1112290825013,-7.995296111762154,878.9651010756287,-7.106357211327492,4.425528290478805,4090.7699772429496,-8.040790986777482,871.3670312976501,-7.1110303195849145,4.4211879149761755,4382.886679487273,-8.096570150286514,868.573656208556,-7.101002213188309,4.430289258011097,4142.143264221144,-8.0432646204587,872.2326326033917,-7.089906187733965,4.440915018606566,3949.936170825728,-8.01459708200943,878.9986288094887,-7.077091475790381,4.453926383037256,4355.405223080683,-7.927026250759448,892.4615831525451,-7.107100939543279,4.42403409043535,3464.809250956697,-8.077488550192415,872.0899459474937,-7.106050706054369,4.430136169882396,4058.8986095575115,-8.051772219887301,872.0061041700319,-7.092907699106173,4.438791338861239,2265.2266167859634,-8.039657855839184,871.9893816157131,-7.083031141213537,4.446453549936843,1695.1556607839198,-8.03257810467602,871.8911269129674
conf_egg,5,"0,1,5,21,29",518619722,1e-08,1000,-7.032952489621675,4.497785878246815,7044.916765108081,-7.728517474063764,919.5244065355978,-7.032952489621675,4.497785878246815,7044.916765108081,-7.728517474063764,919.5244065355978,-7.032952489621675,4.497785878246815,7044.916765108081,-7.728517474063764,919.5244065355978,-6.37034801214277,5.153445316584286,6760.050234479989,-7.066930453549708,455.4174372135848,-7.711089963681118,3.831347128048879,8286.983540138328,-8.382767897277704,1847.3886701630177,-7.034870414972009,4.496215437952602,7585.5062402666335,-7.739796262793912,918.5194202089625,-7.037135814394924,4.4938250500267225,7391.89159170722,-7.715709544297129,916.5147116144005,-7.036120410438748,4.494794972294383,7227.315737234452,-7.765475606574073,917.4101307472268,-7.038420865474027,4.492710402584398,7425.802049470959,-7.745748979484048,916.8728225209082,-7.047403397479038,4.483882955256635,7177.334716792295,-7.831590043722935,909.9537952708208,-7.015265669133759,4.515320901529971,8046.433335922679,-7.614375443481385,930.4990277997654,-7.0295697275603155,4.4996757993284895,4658.712752081873,-7.747604672159156,921.5025146858884,-7.032952489621675,4.502288166413238,7044.916765108081,-7.728517474063764,919.524406535597,-7.017893746423788,4.511213901664286,2403.4278435815454,-7.725555241204516,919.5158941363205,-7.007228820278102,4.519095715773229,1362.0813690549078,-7.722572607409619,919.4182337651549
conf_egg,5,"0,17,21,29,31",1074900969,1e-08,1000,-7.081472761721764,4.4513414057546905,8051.845190837888,-7.96182088260089,887.2389862197405,-7.081472761721764,4.4513414057546905,8051.845190837888,-7.96182088260089,887.2389862197405,-7.081472761721764,4.4513414057546905,8051.845190837888,-7.96182088260089,887.2389862197405,-6.421804543807377,5.104004155058063,8149.707493439136,-7.356542939499002,438.98088331851665,-7.766983074405025,3.7793830207235644,9298.611572591144,-8.70940449793999,1774.3343655935266,-7.08074743070257,4.451885445185076,7570.426859609098,-8.003498631948188,887.2350411109445,-7.087940249225388,4.444798054005361,7439.8866124474725,-8.036151808863973,882.1898902006199,-7.09076985227989,4.442560818814655,7948.812242879922,-8.110272561072428,883.0216006633599,-7.092310235666952,4.441038500160026,7962.5234485963765,-8.058851825631113,881.5531995904946,-7.092653697020927,4.440781260186944,8360.958873367106,-8.06740372092443,880.7138524409074,-7.031450041327441,4.4999726411720316,9088.90180814469,-7.745544322919707,920.3971295757763,-7.0802018804421785,4.451179483446084,5469.79674758369,-7.9660172858791265,887.0383853999169,-7.081472761721764,4.45579720295768,8051.845190837888,-7.96182088260089,887.2389862197382,-7.066295275926774,4.464637295568568,2714.479192250721,-7.951289777245663,887.2312958316925,-7.055418563502038,4.472555118682821,1533.315461467351,-7.942579747022917,887.1492701731526
conf_egg,5,"1,14,19,21,27",562570583,1e-08,1000,-7.398314996529685,4.1600474481674805,12077.724166770202,-9.03588201731542,722.582569638646,-7.398314996529685,4.1600474481674805,12077.724166770202,-9.03588201731542,722.582569638646,-7.398314996529685,4.1600474481674805,12077.724166770202,-9.03588201731542,722.582569638646,-6.832891916631006,4.716574540195697,11848.73852147809,-8.75030278424227,341.4673132834481,-8.094174058660862,3.497544234051106,17067.244882476323,-9.774110889329476,1443.2382757606229,-7.447296196715669,4.114688650042404,13762.587609217939,-9.258704857448873,700.8536426447625,-7.448710661638638,4.11536202301891,12718.165614108724,-9.223582660529376,705.9682412372674,-7.428566464872041,4.136875536191039,13563.331485605142,-9.114846198238276,718.2539700259487,-7.403977525675597,4.153696329675397,11380.688704387869,-9.135828809754273,722.4133955035107,-7.406809593708042,4.151716977940066,12146.871161218824,-9.043368923665454,717.0041970826775,-7.404593621386143,4.1528952351781685,10177.096968853697,-9.050311760343792,716.3690912325442,-7.299410415393643,4.248992370880425,6707.809276809722,-8.758644285321886,772.7285659678506,-7.398314996529685,4.164211659827369,12077.724166770202,-9.03588201731542,722.582569638644,-7.383427129675158,4.172490445889453,6421.353897163337,-9.012338082775761,722.5775382229797,-7.370767015883966,4.180642800563381,4512.629356805609,-8.977077136554785,722.5632302973016
conf_egg,5,"0,1,4,8,31",2003598209,1e-08,1000,-7.01326650081183,4.515337427190172,4478.893796279842,-7.694892090807327,932.1506870175375,-7.01326650081183,4.515337427190172,4478.893796279842,-7.694892090807327,932.1506870175375,-7.01326650081183,4.515337427190172,4478.893796279842,-7.694892090807327,932.1506870175375,-6.347997628295534,5.172756147322543,4293.154272944125,-7.046220542292217,462.2015243400473,-7.687930163237908,3.8521401608343404,5638.764968149696,-8.311528386933025,1877.3591010960677,-7.0150283383974035,4.513716579137341,4606.044642742623,-7.662056939603721,931.3412820066056,-7.0140984951748875,4.514554670574647,4415.581980981735,-7.649519736292243,932.1683698781421,-7.01846508854889,4.510444492837049,4630.340616557749,-7.635747599240858,929.2337423375772,-7.005442762278692,4.523224603277477,4683.811809235983,-7.569497213067392,938.5019292949572,-7.0099031210743545,4.51880347357061,4713.0874050061375,-7.635372159899537,934.250168648405,-7.0056523145949825,4.523460450595681,5460.099177080561,-7.591705571749389,935.9238601356699,-7.002983958852596,4.524313264506685,3580.717610625277,-7.6308132680373895,938.7739999072843,-7.01326650081183,4.5198572844745755,4478.893796279842,-7.6913875731072645,932.1506870175168,-6.99932579281058,4.528742609376641,1916.0667564970881,-7.681284236592333,932.1365682971419,-6.988793899314766,4.536846871301872,1289.9944008730404,-7.665806544733981,932.059062209063
conf_egg,5,"2,4,9,13,19",1696085571,1e-08,1000,-7.119579939760772,4.41391236531591,3868.261404181499,-8.18076362215513,876.9155548818493,-7.119579939760772,4.41391236531591,3868.261404181499,-8.18076362215513,876.9155548818493,-7.119579939760772,4.41391236531591,3868.261404181499,-8.18076362215513,876.9155548818493,-6.434552015007219,5.085728659656343,2872.957973412672,-7.4896867118749215,436.16334762091697,-7.79343761052093,3.7564386693199414,5557.346780606767,-8.884188625804647,1766.7668613046499,-7.114607042208296,4.418486315152443,3830.0598538643794,-8.1686946280076,878.7148873919546,-7.099402770216249,4.43237462053868,3590.3618071467886,-8.107250927629233,885.980740006206,-7.119761831115072,4.413088701669718,3798.441029220246,-8.231183836719177,874.5694569251377,-7.093742519508408,4.43776741501507,3649.5993072818214,-8.093648254863275,887.8545131771943,-7.108459107391847,4.423468479371506,3575.2906045877808,-8.195097838420843,879.6162080226107,-7.137689514812005,4.3967003975013395,3971.470265739506,-8.230584150718817,864.4340330630065,-7.177049692404277,4.359303216123536,4366.892461662122,-8.361655866693342,837.5632028319725,-7.119579939760772,4.418330696011916,3868.261404181499,-8.171306294020072,876.915554881847,-7.106935781591858,4.426889046248459,2352.1120717641925,-8.15413430388199,876.8938696185252,-7.096942347864927,4.434830784589976,1961.8503237213672,-8.141804236280315,876.8261689880769
conf_egg,5,"8,16,17,24,28",788571471,1e-08,1000,-7.1843373031825655,4.355541366139055,8194.17453441839,-8.38377375496555,837.1197868647477,-7.1843373031825655,4.355541366139055,8194.17453441839,-8.38377375496555,837.1197868647477,-7.1843373031825655,4.355541366139055,8194.17453441839,-8.38377375496555,837.1197868647477,-6.527379228377581,5.001563466260317,7515.433228554802,-7.82632159861308,412.8558438151932,-7.87455956006459,3.685564520037117,10889.352481129134,-9.14974982853749,1675.634857030252,-7.189167234766863,4.35028722766708,8791.931098322715,-8.444123649296813,831.8948678292779,-7.192518415848162,4.3487720161559045,8810.586934143465,-8.501301143368725,839.3904573359607,-7.180782583012772,4.358368369647165,8077.827218486484,-8.411954922802032,838.3100730796714,-7.212400947029471,4.330261118698025,9100.780915419444,-8.572188233288408,828.7412075169502,-7.192412665925565,4.3477004947757,8137.373286513205,-8.373572229610206,833.2346932547725,-7.13684367367631,4.401046454424933,9514.231654162719,-8.174934025247483,864.4265901049473,-7.122419273217207,4.4107097927063,4750.94730693924,-8.123319271245622,863.8297858116476,-7.1843373031825655,4.359901267406422,8194.17453441839,-8.366918610632371,837.1197868647365,-7.16957055031045,4.368541913951403,3525.168294807566,-8.353851133977304,837.1119884392564,-7.1580866673759544,4.376702086879256,2302.7922710742837,-8.33958678280246,837.0697928849368
conf_icosphere_sub3,3,"7,25,26",1016855620,1e-08,1000,-7.495731663794019,4.0868403738878865,24569.067192552007,-9.448866034311031,703.9618096767421,-7.495731663794019,4.0868403738878865,24569.067192552007,-9.448866034311031,703.9618096767421,-7.495731663794019,4.0868403738878865,24569.067192552007,-9.448866034311031,703.9618096767421,-6.8053205691848175,4.756020134990803,18150.546389135416,-8.56186173945056,356.13309051057104,-8.14171878499501,3.4665934270959995,26053.001200860446,-9.816321696075413,1423.6470910207665,-7.497661754431248,4.08285370082467,18817.760207085124,-9.480669011494983,705.0008375004842,-7.461632796402933,4.111722574526673,20526.548741451854,-9.438079291712858,715.129001367648,-7.48454292345414,4.096200674635919,19471.885777463995,-9.499705867556159,711.1534982570888,-7.469889258175826,4.1063700161825185,20115.496072188234,-9.380929298479789,708.880935593852,-7.477725267785152,4.099411488213213,18660.236188262777,-9.225050052037771,708.073391165808,-7.53410045666307,4.0505998021600895,20871.49551208993,-9.528029677252324,679.7766248142714,-7.155293484456181,4.379875980853693,4105.170086331841,-8.230319426530134,849.5283030930697,-7.495731663794019,4.090931305193159,24569.067192552007,-9.448866034311031,703.9618096767383,-7.479763179637606,4.099092557115774,12410.693881282457,-9.432167984136273,703.9587224760996,-7.466317842178708,4.107186841706838,9371.925641302569,-9.32537899125423,703.9497467179881
conf_icosphere_sub3,3,"11,15,19",1065398650,1e-08,1000,-7.551152447553255,4.043752029678661,46594.2335687401,-9.72379982220804,688.5678408885747,-7.551152447553255,4.043752029678661,46594.2335687401,-9.72379982220804,688.5678408885747,-7.551152447553255,4.043752029678661,46594.2335687401,-9.72379982220804,688.5678408885747,-6.929731730274496,4.66615883301299,328544.69440698536,-9.063153456071243,343.8784096356183,-8.237699437753923,3.4034507362565583,146782.6824706547,-10.330778829622755,1379.8410150019015,-7.56276727131668,4.033504660647298,208147.66771806648,-9.690553399562052,680.4016615471256,-7.578186239045469,4.0302932437444925,352209.57230470807,-9.703123094491872,682.7421608984603,-7.543215783895439,4.03713578347584,60294.25092663077,-9.743829764237557,691.3476051622173,-7.531213876375098,4.065745410735117,15058044.479223033,-9.669156683340773,697.6458261813457,-7.530686591303732,4.054485342279683,455130.2826723658,-9.63927346769943,690.6639897051293,-7.552336767472745,4.036525019526635,31511.427140971748,-9.697288808793612,671.7678544990173,-7.540347019431892,4.044765036607805,16522.623886839418,-9.737903931495184,685.6346998523175,-7.551152447553255,4.047799829508195,46594.2335687401,-9.72379982220804,688.5678408885722,-7.541767293193982,4.055915247492522,24539.472088176244,-9.723799822208035,688.5674854820641,-7.526371114378841,4.064017262864181,16396.99646376761,-9.714023101632078,688.5641049935433
conf_icosphere_sub3,3,"2,12,24",1303510279,1e-08,1000,-7.303513791552744,4.247258581185997,6715.64763520029,-8.726090377265864,782.9503453044558,-7.303513791552744,4.247258581185997,6715.64763520029,-8.726090377265864,782.9503453044558,-7.303513791552744,4.247258581185997,6715.64763520029,-8.726090377265864,782.9503453044558,-6.655834238078944,4.877879691452477,4918.670484043521,-8.115862813752969,384.4637277115836,-7.9881589727139914,3.591759557132742,11256.423943267158,-9.367797949677266,1573.552839990767,-7.317878014651021,4.235936147652536,7832.613215097501,-8.759884919431297,778.4199781083329,-7.3230359891772485,4.2303623134844495,7085.154785407589,-8.778760319890042,777.5733470256721,-7.309284367083087,4.244109250349542,7474.899164228598,-8.653624269952681,782.3675594143733,-7.286713526461344,4.262711760039747,6661.893980728476,-8.674189668950408,789.9494076387637,-7.314166807331667,4.240298788434733,7480.000769312023,-8.690474323698561,783.5480212541466,-7.339215939762844,4.2152219270137685,7722.915117763866,-8.863078856104813,759.4866963483342,-7.311313576649324,4.238666960286846,5910.03613843254,-8.734472390002207,776.1373787503733,-7.303513791552744,4.251510091277306,6715.64763520029,-8.726090377265864,782.9503453044543,-7.290703164984789,4.259819364316482,4923.526511755158,-8.689354671085914,782.9358673964985,-7.27939223157083,4.267934733888311,4098.740400868864,-8.659061471756447,782.9076109508942
conf_icosphere_sub3,3,"0,6,8",485355651,1e-08,1000,-7.05833859113286,4.4759235487574305,11091.760321039754,-7.87230863092443,905.3618859231796,-7.05833859113286,4.4759235487574305,11091.760321039754,-7.87230863092443,905.3618859231796,-7.05833859113286,4.4759235487574305,11091.760321039754,-7.87230863092443,905.3618859231796,-6.398225399079415,5.130653191902371,10954.119298038868,-7.189294787290969,449.76856548665495,-7.724183821729001,3.8204835952020573,12295.09596687068,-8.472437062541726,1831.8688250513737,-7.052789824604379,4.480932393185461,10558.370997263739,-7.82026174511505,908.1598493343469,-7.062583171010311,4.4719245134340495,11662.865661954133,-7.908622763590211,903.6201924360385,-7.053790012752666,4.480450009210704,11394.433485758604,-7.811030654852572,909.2140885915461,-7.045658680976097,4.4878051454062495,10103.300421661103,-7.7709437454197525,913.1619465401977,-7.043612969315141,4.490150551016,11319.394915965526,-7.682850797632742,915.2314302850741,-7.051388314029625,4.483161771760187,12374.704775516917,-7.825261972557212,909.0327850458226,-7.003862622527188,4.523265328218998,3288.985613608792,-7.529787838519327,933.8685915082423,-7.05833859113286,4.480403952710324,11091.760321039754,-7.87230863092443,905.3618859231699,-7.042211274940678,4.489336475107099,3833.1197713793877,-7.861350410529578,905.3571948834187,-7.030125612340288,4.497618258232283,1543.445684902143,-7.8442735249519675,905.3018729825105
conf_icosphere_sub3,3,"1,8,20",2141201145,1e-08,1000,-7.059581052072343,4.4708353460377745,4117.594578122581,-7.982590166615514,904.5884009023202,-7.059581052072343,4.4708353460377745,4117.594578122581,-7.982590166615514,904.5884009023202,-7.059581052072343,4.4708353460377745,4117.594578122581,-7.982590166615514,904.5884009023202,-6.370783556344666,5.149351966886896,3174.0826625483983,-7.106928846575184,456.06027235059776,-7.742458033752788,3.8025220006209324,5619.963357079101,-8.583771870372653,1817.078346049869,-7.054832060357481,4.475609241281857,4239.865203896494,-7.96512288314406,908.2554551787838,-7.061380790470883,4.469257867615678,4055.176571909604,-7.925681360283536,904.3163468980612,-7.066280870257772,4.464501985128669,4094.3278218758555,-7.995660456332353,902.2536364709192,-7.052522883758429,4.478065986650855,4145.435758660441,-7.8035899985125585,912.378575628091,-7.055340380039203,4.47521564795004,4209.8198392611275,-7.959336364197725,908.7052485057615,-7.05886905658826,4.469804154809737,2922.4387278506,-7.998426902242801,903.2204607624549,-7.011439508810147,4.515168001663377,2798.8298389480283,-7.658771259729162,930.3378344847456,-7.059581052072343,4.4753106566943615,4117.594578122581,-7.975904579206702,904.5884009022922,-7.046232421812543,4.484072976682075,2267.040135189053,-7.961913532597087,904.5722625137003,-7.035555453467495,4.492133623792492,1511.3309249715387,-7.945508767006442,904.5001809259675
conf_icosphere_sub3,3,"0,8,14",1982345642,1e-08,1000,-7.042987218637394,4.4904669953204355,10002.563450511843,-7.769959737449771,915.1050900528564,-7.042987218637394,4.4904669953204355,10002.563450511843,-7.769959737449771,915.1050900528564,-7.042987218637394,4.4904669953204355,10002.563450511843,-7.769959737449771,915.1050900528564,-6.381912614694348,5.145297009830153,8489.613842703136,-7.148574351676794,454.2667655925683,-7.714788054687469,3.829051894691065,10847.89339187442,-8.363983376479506,1842.5300228749593,-7.048375342301831,4.485129687028819,9499.493225910146,-7.758355818187675,911.3821049757001,-7.047931253864687,4.485506744038692,9387.334958484033,-7.836519401009002,911.7304027651527,-7.052104639933717,4.482017887454703,11363.818906504574,-7.829519641228496,908.7914907505639,-7.037492696552583,4.495803656915739,9983.622374012883,-7.699873146552376,918.1603434717373,-7.039723312715826,4.493581634242406,9740.646005420464,-7.760188070156781,916.3009716172028,-7.037424520803839,4.496574932220663,11844.918502565815,-7.759651675605183,917.8302829070237,-6.999817118214467,4.527838149088648,3693.6270212815616,-7.506127464831814,938.3692019127016,-7.042987218637394,4.494961957277758,10002.563450511843,-7.769959737449771,915.1050900528547,-7.0271563848722005,4.503913328443075,3765.4134318867355,-7.761275453402603,915.0995628697793,-7.014940828478703,4.512277509024081,1486.6977476976635,-7.75020518352507,915.0482242212438
conf_icosphere_sub3,3,"7,18,20",1639497524,1e-08,1000,-7.634802865146431,3.9710783672755907,30945.817205938747,-9.527570908611,649.6693761878666,-7.634802865146431,3.9710783672755907,30945.817205938747,-9.527570908611,649.6693761878666,-7.634802865146431,3.9710783672755907,30945.817205938747,-9.527570908611,649.6693761878666,-6.989683858217255,4.596421739736206,32014.89683451007,-9.218233222188095,327.95873596809474,-8.263362347428245,3.3778255801234938,45886.84235765935,-10.223818563188408,1339.286274390959,-7.5652702260665174,4.031982473811343,34203.25940820529,-9.533096566761488,677.498385575122,-7.519425225198948,4.064041969777548,30672.329877357333,-9.133356906630338,679.280373974652,-7.6244221672510095,3.9886616164911928,38130.228055067644,-9.800595219191347,665.4529147262951,-7.573964734141862,4.0269795237876505,30745.037718708085,-9.497580620310243,679.0161407562082,-7.583285223858515,4.013550779768359,36688.81409117022,-9.518358484843162,672.5322685404349,-7.690261033085504,3.9211134821860014,31979.669441420483,-9.62748694865122,619.8508324084509,-7.075771866608485,4.453368621885506,3148.0142454409497,-8.036239390497236,886.3814699695587,-7.634802865146431,3.975053420696292,30945.817205938747,-9.527570908611,649.6693761878666,-7.618841443709804,3.98299275244423,18791.49149684677,-9.478414754286247,649.6670957001039,-7.605292625494777,3.9908849940578457,15354.941899932519,-9.449435493758436,649.6603781507895
conf_icosphere_sub3,3,"5,11,19",569306797,1e-08,1000,-7.046352878242919,4.486715431145313,12266.251542629852,-7.712366328285736,909.7800634023507,-7.046352878242919,4.486715431145313,12266.251542629852,-7.712366328285736,909.7800634023507,-7.046352878242919,4.486715431145313,12266.251542629852,-7.712366328285736,909.7800634023507,-6.386849542622845,5.139940749210864,10979.620498792325,-7.0200574986197175,448.80747754113054,-7.7250200192749015,3.8188393469743263,12449.261870256385,-8.412070209035129,1822.317949977892,-7.051251867648105,4.481637112489894,11633.949442621491,-7.710894171714135,904.3366829047661,-7.044437777634595,4.48818211173476,11805.597856038477,-7.714067670647166,909.1783846525182,-7.055567407831099,4.477682829883638,12062.121933906128,-7.772367063395506,903.1686480839861,-7.048573052000246,4.483998311619869,11188.248171772815,-7.734269788346905,905.6296556396666,-7.050494003791422,4.482207341826694,10756.363646870825,-7.724739214904167,906.4622450676056,-7.029003408622128,4.5037634471084385,11975.53014152846,-7.736172419697253,927.4599438286502,-7.042558352536548,4.486226748767765,3468.3858744606873,-7.772823458688079,912.1152237317909,-7.046352878242919,4.491206637783121,12266.251542629852,-7.712366328285736,909.7800634023482,-7.029926146803572,4.500164073000859,3262.951200130454,-7.712366328285734,909.7756305783055,-7.0186482985913905,4.508088752853026,1404.169454245612,-7.712366328285734,909.6842346466908
conf_icosphere_sub3,3,"9,11,20",640132553,1e-08,1000,-7.631958211385434,3.973667555343217,17660.81146138064,-10.082584230713367,666.9212103226588,-7.631958211385434,3.973667555343217,17660.81146138064,-10.082584230713367,666.9212103226588,-7.631958211385434,3.973667555343217,17660.81146138064,-10.082584230713367,666.9212103226588,-7.0123103545730885,4.5679715410891015,14342.509249160195,-9.617774708030101,327.652332715314,-8.36733579868593,3.312014558164676,41746.63810388389,-10.813905949776608,1314.6983180364737,-7.6793269462540605,3.9298496372533522,19059.47139984275,-10.247358527507062,648.7208379718305,-7.732414322979914,3.894685705052764,23771.449851441852,-10.30981202764613,643.5924876166397,-7.685097665400559,3.932336869215747,22664.862591200726,-10.171955632565021,648.9976285255501,-7.728985633317031,3.899528817778262,23719.835823925736,-10.25719092796563,644.6307202306687,-7.7389117252501896,3.885122070714009,21598.232229496694,-10.300512486559109,636.4938150969676,-7.631924538598082,3.9572643581144855,11466.766233870234,-10.134592041091683,648.4116997765791,-6.985869602553542,4.539655361552096,2620.0603277768237,-7.521051466892479,947.3343388358116,-7.631958211385434,3.9776452005437406,17660.81146138064,-10.08004184510677,666.921210322654,-7.619377168636326,3.985446798418856,15478.820627920653,-10.061262136780643,666.910854735605,-7.60737049970919,3.993220483186665,13896.607450043419,-10.056451675227624,666.8973408813437
conf_icosphere_sub3,3,"5,17,24",1955052516,1e-08,1000,-7.058523360201325,4.472178063887135,4400.878839868888,-7.865291857798039,907.1074277381646,-7.058523360201325,4.472178063887135,4400.878839868888,-7.865291857798039,907.1074277381646,-7.058523360201325,4.472178063887135,4400.878839868888,-7.865291857798039,907.1074277381646,-6.401704204912363,5.120345673284532,3975.371427062219,-7.193900021771427,448.1595383343331,-7.73578599941734,3.808375678095692,5771.445907370302,-8.493122589445633,1822.1559529922404,-7.06245663694038,4.468275618256866,4422.36952144072,-7.869859210372519,902.2229229887835,-7.050769539472972,4.4792351145602005,4327.08042939657,-7.84048934097578,908.4271084655967,-7.068480828197916,4.462879089729402,4651.825913306248,-7.870154446333264,901.2716721678232,-7.061007299355728,4.469323455495073,4270.068709612631,-7.876287917092148,902.8000058321546,-7.073062031757338,4.458196056995106,4456.381364059388,-7.8649725764570135,898.1583862595304,-7.065460768355213,4.466599016753349,5648.710798220645,-7.878667863524329,904.2519590442223,-7.058859196049316,4.47059292782767,3319.5641985850616,-7.880162856492419,905.3144526963619,-7.058523360201325,4.476654718605736,4400.878839868888,-7.857756941262801,907.1074277381638,-7.044971024848167,4.485435932314637,2313.471513390311,-7.843833240336721,907.0923877358107,-7.034625644383694,4.4932596411129,1529.8393056493355,-7.816303505017312,906.9963312799601
conf_icosphere_sub3,3,"6,7,13",1509245304,1e-08,1000,-7.050760730887534,4.479103407320206,3672.0468483041564,-7.784253672792958,911.1459263705816,-7.050760730887534,4.479103407320206,3672.0468483041564,-7.784253672792958,911.1459263705816,-7.050760730887534,4.479103407320206,3672.0468483041564,-7.784253672792958,911.1459263705816,-6.398437448298416,5.121589171993317,2910.0254406714557,-7.384334260545799,447.43948949207123,-7.73687976498617,3.807272166913406,4974.540291308178,-8.517358616025316,1824.5085902873136,-7.055190880052421,4.474416955115413,3423.5282547275588,-7.825557238842818,907.8639959278864,-7.057820327514542,4.471962153971289,3500.643883558405,-7.883224990226503,907.3678363975785,-7.060835249991522,4.469455017966527,3673.6150667169936,-7.827281501592952,906.28160844873,-7.059465171886302,4.470720373531978,3620.7186880477057,-7.842322385577803,907.8234062169058,-7.063111028730369,4.466457178488361,3322.125271869314,-7.917561835151985,902.3656188595421,-7.06178380572634,4.468003367399341,3417.6554498331243,-7.819038761804454,901.6911717822364,-7.050563942038619,4.47830573513765,3023.1519420068726,-7.793274571853324,910.0922290755509,-7.050760730887534,4.483586994314525,3672.0468483041564,-7.784253672792958,911.1459263705816,-7.037695229043012,4.4923382480404195,2118.039027944044,-7.7831099938879005,911.1277517502284,-7.02688506709532,4.5005714907446475,1483.4745480633107,-7.782848766979331,911.069373046034
conf_icosphere_sub3,3,"17,20,24",1247469698,1e-08,1000,-7.67006324581176,3.956448956121235,142695.87342670324,-9.985430063774551,662.3160284265625,-7.67006324581176,3.956448956121235,142695.87342670324,-9.985430063774551,662.3160284265625,-7.67006324581176,3.956448956121235,142695.87342670324,-9.985430063774551,662.3160284265625,-7.050358546461942,4.540630420948008,241474.1624428399,-9.334496209851622,319.64283768829,-8.409671269355684,3.2992734611674908,410102.3670103186,-10.759485387789274,1301.9910029259768,-7.6596943212389075,3.9729876708377483,789411.398138737,-9.898149759195409,659.9894858975176,-7.719670164424872,3.9103999691031492,93363.46681378181,-10.061073691984058,647.7483434708414,-7.701478236288868,3.9204661238701437,482166.47368832707,-10.070183401754106,647.1571448221734,-7.667756729335704,3.9531982471254112,35514.81847590833,-9.933780342633519,653.4405401102447,-7.699166584899236,3.9468811508123083,1001149.9013297916,-9.924190915036899,654.4673773055708,-7.703779376890195,3.9218094271225925,142399.0674766053,-10.057099203555703,637.4996392152675,-7.012835057310551,4.51421592756818,3192.0098444030177,-7.652358317002181,927.6259976402067,-7.67006324581176,3.960409365486722,142695.87342670324,-9.985430063774551,662.3160284265625,-7.67006324581176,3.96835401817573,142695.87342670324,-9.97361695413231,662.3160284265555,-7.6500672189922385,3.976325882182541,47917.27712194844,-9.95506456136952,662.3156536124168
conf_icosphere_sub3,3,"10,11,15",8079998,1e-08,1000,-7.229846272750048,4.31378423848719,8739.829721146774,-8.49949263221995,805.5693138703581,-7.229846272750048,4.31378423848719,8739.829721146774,-8.49949263221995,805.5693138703581,-7.229846272750048,4.31378423848719,8739.829721146774,-8.49949263221995,805.5693138703581,-6.573470058661822,4.957916600366743,7632.654488725367,-7.7828984171578455,396.4803589298882,-7.899726989827677,3.662729790719906,10624.911474406166,-9.199539773249217,1631.725900329204,-7.212832194003686,4.3292999139996065,8314.288513420925,-8.486226421362778,815.511205982896,-7.222972853390485,4.318765961171553,8163.7506491713175,-8.490166645792911,807.137235478058,-7.200262190919571,4.339726739584159,8105.012226952088,-8.429237817673036,817.8679688598517,-7.218501849733785,4.324429400306275,8895.26939942901,-8.481655650233646,815.7069501545689,-7.203752661091357,4.337624875815218,8364.05916340318,-8.446560431897897,820.8542451451074,-7.245879479072128,4.297295270693788,9561.70986314478,-8.542850246469607,784.9073870729792,-7.231117911506927,4.310230784253602,5129.767258201848,-8.5151276796082,804.1052946220207,-7.229846272750048,4.3181023408280295,8739.829721146774,-8.49949263221995,805.5693138703574,-7.215036131765532,4.326667619251447,3846.220620330546,-8.497820405519187,805.5623217020614,-7.20344054642184,4.334882306836992,2781.9558201716904,-8.497820405519176,805.5309839417836
conf_icosphere_sub3,3,"7,23,27",1254701947,1e-08,1000,-7.791584319308801,3.851920268001457,15411161.90365329,-10.545818743066272,626.5712879651122,-7.791584319308801,3.851920268001457,15411161.90365329,-10.545818743066272,626.5712879651122,-7.791584319308801,3.851920268001457,15411161.90365329,-10.545818743066272,626.5712879651122,-7.06449350410969,4.504534200737528,89807.2569860913,-9.827067412283855,311.95779910245886,-8.473082600459481,3.216262515323077,15721406.69385492,-11.246662942378144,1244.1336028655023,-7.854842970604482,3.7868581125331304,4042866.960407586,-10.617789480990863,603.9293614742246,-7.807558301301619,3.8059451395094475,2586419.500296747,-10.585263971655381,612.3989734228765,-7.788558505602312,3.8289168870883303,1040164.8156924201,-10.622087379612529,623.1025826125441,-7.788526137006428,3.813778286134774,9936733.787458098,-10.598599141897452,615.9140057683911,-7.903219808648963,3.7663333141042346,23905195.46947961,-10.759807821436448,594.5386660424555,-7.844654416586282,3.805642987301205,15774336.23391604,-10.640341912644812,600.4599749703095,-7.009488198865132,4.5180296134901345,3810.925864371036,-7.6380976364033675,928.2241798550328,-7.791584319308801,3.8557760440455224,15411161.90365329,-10.545818743066272,626.5712879651117,-7.791584319308801,3.863510800402685,15411161.90365329,-10.545818743066272,626.5712879651111,-7.791584319308801,3.871276651257766,15411161.90365329,-10.545818743066272,626.5712879651111
conf_icosphere_sub3,3,"16,22,25",1309738211,1e-08,1000,-7.453630945224206,4.12768103283647,42760.67618846523,-9.361399287215514,726.8803392632976,-7.453630945224206,4.12768103283647,42760.67618846523,-9.361399287215514,726.8803392632976,-7.453630945224206,4.12768103283647,42760.67618846523,-9.361399287215514,726.8803392632976,-6.756071481930746,4.801520697457834,21859.517691515764,-8.498140547736325,368.74872954350883,-8.12458684550756,3.4910866750248943,47582.57149596335,-9.75796615027104,1458.009167674464,-7.4185146370122705,4.155818865802871,33928.53882788264,-8.895469668684314,734.3586636599647,-7.445878722536034,4.139292690609762,41938.06058580127,-9.334964877250197,732.7421270169694,-7.416470966693704,4.157719379560799,23644.940173526622,-8.902958224258525,735.574541834521,-7.399265677900987,4.174741811343072,275080.8570519539,-8.84812443823173,737.1922402973759,-7.441326873791945,4.137836690538573,25893.50731837859,-9.238488300161752,734.4611617881994,-7.430178571612499,4.153394853428992,54049.075623777746,-9.272216260242615,749.3868654012568,-7.043146506888,4.485934405117665,3838.619082254704,-7.807032690612656,911.710397280646,-7.453630945224206,4.1318128456821865,42760.67618846523,-9.361399287215514,726.880339263297,-7.435922633933765,4.1400813966769325,15037.73719131845,-9.34507687349393,726.8788294047373,-7.42091998004509,4.1483352941275555,9027.95484709142,-9.277651974629634,726.8741941195738
conf_icosphere_sub3,3,"5,18,28",451740958,1e-08,1000,-7.30307021987953,4.253732328248966,44140.8281989735,-8.916276001779075,788.021927541783,-7.30307021987953,4.253732328248966,44140.8281989735,-8.916276001779075,788.021927541783,-7.30307021987953,4.253732328248966,44140.8281989735,-8.916276001779075,788.021927541783,-6.656873349811844,4.8965737049610665,53297.74043823029,-8.0851153913375,391.16143683513,-7.996754923797325,3.5865513471227564,49755.40836616882,-9.563365047061385,1565.924642306306,-7.314203453195251,4.244960426762959,44978.727924735875,-8.87894244933424,785.820486133459,-7.30957657542917,4.25119035778981,47617.15433956238,-8.747195404647558,787.3111809942698,-7.3125120979833165,4.244754618761413,43271.75676466988,-8.86577809244128,782.6135617928192,-7.311861264604152,4.245213260483536,46351.55990544289,-8.788963403298647,780.399807599531,-7.331754168860423,4.229754463858438,49483.7822369376,-8.99950500047052,781.5683290694238,-7.259644281211409,4.29442478522477,47267.28055148217,-8.726434832327053,810.4868609087255,-7.1631664883137,4.3724397514687805,5767.526704650542,-8.311806387313512,837.0767189169437,-7.30307021987953,4.2579903185675585,44140.8281989735,-8.916276001779075,788.0219275417816,-7.28453349778374,4.2665179865951695,11458.550146091173,-8.907933901897744,788.0207462167281,-7.270060838210036,4.274906649533137,3734.273361294646,-8.895441779753664,788.0084899113457
conf_icosphere_sub3,3,"7,19,21",1120159041,1e-08,1000,-7.226686062433241,4.3182127781705875,7418.349752457052,-8.530607495963409,820.2626481061945,-7.226686062433241,4.3182127781705875,7418.349752457052,-8.530607495963409,820.2626481061945,-7.226686062433241,4.3182127781705875,7418.349752457052,-8.530607495963409,820.2626481061945,-6.563204276596496,4.967181025132537,5748.621908255888,-7.813161752295276,403.9758674373998,-7.913279809546921,3.653197081727764,10058.276847320536,-9.231167493155507,1636.886848632383,-7.234441681123062,4.308374069621249,6317.256122048978,-8.649160843911966,812.6829423889955,-7.229735903467747,4.31448958757815,6867.818644601726,-8.503201970212507,815.3371305147382,-7.234182955441346,4.309862610126072,6936.305747456895,-8.500484525333121,812.1737147050864,-7.243369895094301,4.302143362238127,7081.678988382131,-8.697528082298751,813.070153380803,-7.226330427653728,4.31617548373749,6388.907748949297,-8.468575114335884,815.1558557758125,-7.234237607152996,4.310583813627607,6670.227452464992,-8.56334099336201,816.8703143814918,-7.225554596761874,4.317198931913451,5588.547460164716,-8.537024169179807,818.2728276396447,-7.226686062433241,4.3225353134841,7418.349752457052,-8.530607495963409,820.2626481061939,-7.212693276405522,4.331068192173011,4323.07205788951,-8.528072705468993,820.2527982530158,-7.200421553571365,4.3394487303936895,3013.365567702603,-8.489867857648978,820.2310810375724
conf_icosphere_sub3,3,"0,25,30",1676388264,1e-08,1000,-7.012262056908872,4.519418205845943,11049.49272810402,-7.5840081387654505,931.4127812452168,-7.012262056908872,4.519418205845943,11049.49272810402,-7.5840081387654505,931.4127812452168,-7.012262056908872,4.519418205845943,11049.49272810402,-7.5840081387654505,931.4127812452168,-6.351586091968631,5.176695798363707,15391.881195927617,-6.967669383389035,462.4341588313863,-7.687842946015833,3.8536913163925455,12399.809845048718,-8.242886328070181,1873.7478491537536,-7.00582123142069,4.525483183381475,10420.293497668334,-7.542206081783094,935.3481861511516,-7.010705335320239,4.521101123124845,11441.282975936212,-7.579615815892605,933.1445107823378,-7.007566729518474,4.523462935839527,9667.998196955357,-7.5729474915672865,933.3296879101615,-7.00469204014536,4.526942656848359,11551.053853019037,-7.526489239873642,937.286561100719,-7.007575891478023,4.523870849411472,10727.130349898749,-7.584082970747834,934.7901533277483,-7.0035010537063,4.529214778206346,14837.668436012838,-7.534915090932263,940.4981816997499,-7.006984778815235,4.521140754098117,4256.2032770443575,-7.552502184410603,931.2523444666978,-7.012262056908872,4.523942147993925,11049.49272810402,-7.580048063450711,931.4127812452135,-6.995945706896565,4.532964542913065,3427.1594549095853,-7.568430665719747,931.4081702243897,-6.984375911421719,4.541007838947723,1265.3534779309164,-7.563895405788543,931.3204059733063
conf_icosphere_sub3,3,"6,13,27",1694672903,1e-08,1000,-7.106938525870864,4.429821938132886,13248.953168544776,-7.969343967580995,873.3146058367358,-7.106938525870864,4.429821938132886,13248.953168544776,-7.969343967580995,873.3146058367358,-7.106938525870864,4.429821938132886,13248.953168544776,-7.969343967580995,873.3146058367358,-6.442634342088415,5.086886757013003,12297.865092968314,-7.315734653312144,432.1393098767467,-7.784907097957204,3.7644592717693026,13056.911575055727,-8.605749828031016,1751.5544510033342,-7.107723406353495,4.4285874520255835,12020.011196982552,-7.970384349061498,873.547886438973,-7.10176037629383,4.433786721002826,11525.38824292056,-7.957735199815971,874.1923444946334,-7.095468648846189,4.440025690216362,11738.19018298202,-7.904992010009627,877.047104640627,-7.09457163127899,4.440932615711103,12184.162642592524,-7.927179038803364,878.4181078911964,-7.117738571149933,4.419566205072602,13690.579507813669,-8.174331956840671,867.5252218542132,-7.126380369323679,4.4096281900962255,9673.524523620106,-8.001846651112498,853.6073345394666,-7.097526178281238,4.4342314029586065,3891.3093144634454,-7.980380640954974,878.4644176989914,-7.106938525870864,4.434256194327283,13248.953168544776,-7.969343967580995,873.3146058367328,-7.090411690230646,4.4431083744594275,4000.545686818478,-7.95386793101545,873.3109821694109,-7.077864197154423,4.451548648482678,1700.6192202189386,-7.91964287987166,873.2766401541663
conf_icosphere_sub3,3,"1,30,31",1826954968,1e-08,1000,-7.831458692387886,3.8249837745800153,489363.1478785961,-10.429462584890826,618.4203403563296,-7.831458692387886,3.8249837745800153,489363.1478785961,-10.429462584890826,618.4203403563296,-7.831458692387886,3.8249837745800153,489363.1478785961,-10.429462584890826,618.4203403563296,-7.152564337874145,4.44224899821888,859623.7351815375,-9.590668756415846,301.10482094643044,-8.518475288041769,3.2019806283217194,2154601.1941648996,-11.065933176916833,1226.2547311612616,-7.924702029304977,3.7323108037195425,236916.34579502788,-10.683051441662998,589.3588047798507,-7.840023533123115,3.81544845561471,606770.8015974453,-10.260627845799922,612.8004433135687,-7.847982117829565,3.791342203020931,119784.61839421229,-10.503040612828267,605.0573696502395,-7.813327871386352,3.8121930197686233,303334.5855367379,-10.412825135617995,608.7534086890499,-7.9091118526660305,3.756276661344441,531258.6986332878,-10.613592617551543,592.0982215903983,-7.830506949531979,3.824594863148771,423502.1065150808,-10.49144909865223,617.0742871480592,-7.2328807405705655,4.309321405343289,5371.737025556168,-8.568978003933655,809.4231113961887,-7.831458692387886,3.828812587167227,489363.1478785961,-10.429462584890826,618.420340356328,-7.831458692387886,3.8364932543430896,489363.1478785961,-10.429462584890826,618.4203403563286,-7.831458692387886,3.844204798572925,489363.1478785961,-10.429462584890826,618.420340356328
conf_icosphere_sub3,3,"18,20,27",668703549,1e-08,1000,-7.411737869795506,4.1679989608152805,40299.2509121105,-9.085645628193314,742.507312873394,-7.411737869795506,4.1679989608152805,40299.2509121105,-9.085645628193314,742.507312873394,-7.411737869795506,4.1679989608152805,40299.2509121105,-9.085645628193314,742.507312873394,-6.713131442341338,4.838581711526421,18378.81109924747,-8.266794118625267,372.81171177125805,-8.107692017764194,3.5014122438350643,40598.34957199272,-9.81799142080036,1476.1473193219897,-7.422429193143252,4.15272603264509,24671.572156637816,-9.06390596082967,734.7536803770398,-7.470203377364534,4.117542599030154,30476.916139550965,-9.190189373782324,726.4268887844902,-7.4436665170941,4.134602768615434,33783.123990619526,-9.15828614122313,726.7779611445515,-7.448710553376209,4.1366538570098035,30933.79712789609,-9.198773823635742,735.4546235491779,-7.4080172559133635,4.168529576978803,40603.41259553144,-9.027663086165832,741.0767207220936,-7.373266657275247,4.200034737477223,28309.420982345662,-8.916339792189186,762.4026120626818,-7.095294063620111,4.435159275984151,3678.094331616768,-8.144991948983812,874.8650888018345,-7.411737869795506,4.172171131947205,40299.2509121105,-9.078819729987137,742.5073128733881,-7.3947704958497535,4.180512681692161,23255.510497976524,-9.029368173878185,742.5052128612224,-7.379012920902487,4.188867377592139,14948.750636175864,-8.978484225721338,742.5017375265377
conf_icosphere_sub3,3,"6,20,31",1823434169,1e-08,1000,-7.633082140450824,3.967711464238854,518900.72910241113,-9.721433619515153,665.6071868060845,-7.633082140450824,3.967711464238854,518900.72910241113,-9.721433619515153,665.6071868060845,-7.633082140450824,3.967711464238854,518900.72910241113,-9.721433619515153,665.6071868060845,-6.933765158978586,4.63009839636389,117838.76222922474,-8.91507305319864,329.5401548991883,-8.340210177635926,3.3287686488274293,9538656.72498524,-10.569385434356283,1328.676943359314,-7.647826286699048,3.963398533498484,9728649.833448565,-9.736225080842404,659.8051574258262,-7.578982218717842,4.00508327530325,118758.2566779873,-9.64949926114815,675.7035699071154,-7.61264477385123,3.983681549807641,9777159.001946675,-9.700993553840423,668.9652831264436,-7.670835141501598,3.9404576902671495,12530030.817868035,-9.821498852146854,659.9892206938671,-7.664022950012075,3.9518194917866376,367263.09506279544,-9.725324519671979,662.2456424358156,-7.619846275868133,3.980491054915049,586494.3330489012,-9.787862888997866,672.5632332757377,-7.004981475807861,4.521772969060172,3188.6525249235297,-7.615955851032637,932.152251869421,-7.633082140450824,3.971683147386241,518900.72910241113,-9.721433619515153,665.6071868060845,-7.633082140450824,3.979650415485311,518900.72910241113,-9.721433619515153,665.6071868060845,-7.633082140450824,3.987649712802869,518900.72910241113,-9.721433619515146,665.6071868060845
conf_icosphere_sub3,3,"6,22,27",723505897,1e-08,1000,-8.448202763902906,3.0849040689084455,30691029.728335608,-14.634881978788716,413.72554319453616,-8.448202763902906,3.0849040689084455,30691029.728335608,-14.634881978788716,413.72554319453616,-8.448202763902906,3.0849040689084455,30691029.728335608,-14.634881978788716,413.72554319453616,-7.871123331552689,3.4481980302584057,77995000.14574958,-16.764898016219544,188.54534993311606,-9.015011047204496,2.614949171853378,131114773.39118059,-15.33080339361989,839.2960363733558,-8.377201508965777,3.0779927174580353,50030389.49382377,-15.134646470527064,404.36638609631905,-8.396302860583656,3.082674896486826,52168080.92169791,-14.59547997977269,398.32853003257384,-8.365131754293722,3.1628146955083194,303470721.4525578,-14.597855224563032,426.1569570233635,-8.557304997397054,3.0177829377873113,174162047.2767549,-16.43113428469093,389.16225930370655,-8.34036993805798,3.1154552871167467,66550248.49627578,-15.225281111647865,416.57826377475794,-8.50652921980072,3.0764692800984275,18060055.40444589,-14.694614110676351,409.2513423826302,-7.687104524873263,3.930959441753485,60036.36422990917,-9.896235020042461,630.070056796682,-8.448202763902906,3.0879920609695395,30691029.728335608,-14.634881978788716,413.72554319453326,-8.448202763902906,3.094186628794955,30691029.728335608,-14.634881978788716,413.7255431945336,-8.448202763902906,3.1004060994055984,30691029.728335608,-14.634881978788716,413.7255431945336
conf_icosphere_sub3,3,"5,14,24",1162809507,1e-08,1000,-7.080879240868468,4.453232033315622,7872.920808422062,-7.898716903423231,894.8082251933179,-7.080879240868468,4.453232033315622,7872.920808422062,-7.898716903423231,894.8082251933179,-7.080879240868468,4.453232033315622,7872.920808422062,-7.898716903423231,894.8082251933179,-6.397959601041324,5.12696634711816,6769.013591019829,-7.206126686106073,447.41441019823685,-7.754292867812644,3.792269877828532,8043.763065291274,-8.594001730548403,1799.9685785854635,-7.068622223798157,4.4638589761702905,6516.161913184665,-7.889469107048444,899.7571087067814,-7.070943888097963,4.462049172373278,7251.647433523508,-7.897339388422037,898.1680575114019,-7.066547416829923,4.465886024509919,6693.489928787061,-7.901244484689982,899.8962136844684,-7.080124568993662,4.452908415989228,6711.701097837176,-7.903574377938241,892.6514119626707,-7.066852541987379,4.4654752962605615,6765.482925353325,-7.910701968160503,899.7818859800369,-7.071047216193475,4.463831895372699,10443.617065307226,-7.831522807139371,904.3847106525677,-7.0848774563504175,4.446454846549141,3706.365469332767,-7.959508755053546,891.5561004028212,-7.080879240868468,4.457689723038617,7872.920808422062,-7.898716903423229,894.8082251933067,-7.065718638115829,4.466545513794012,3309.285620831042,-7.889342850505586,894.8012630130837,-7.05456125958178,4.474442821342865,1652.532224605736,-7.88276300490365,894.7154595765791
conf_icosphere_sub3,3,"15,20,28",680427886,1e-08,1000,-8.305659583601935,3.1945576285827966,2992960.722277822,-13.678162968174965,442.897742197274,-8.305659583601935,3.1945576285827966,2992960.722277822,-13.678162968174965,442.897742197274,-8.305659583601935,3.1945576285827966,2992960.722277822,-13.678162968174965,442.897742197274,-7.785324167251979,3.650645931086677,11679503.677110445,-13.654217841685071,207.27020821267203,-9.004779865728773,2.7107513088017248,30641763.01950439,-14.393180853506173,903.8042821695872,-8.306949325955648,3.2232564711296865,8194717.246550161,-13.446276150746085,452.2567125699152,-8.253974354572469,3.2905084627491745,5836535.119659552,-13.131658948699444,458.55453491620517,-8.192982099199423,3.2809207087180927,36857255.17221606,-13.391795115225703,461.09921989358554,-8.301825080936279,3.2264361173257723,73850096.79981545,-14.106116573384746,449.76526537999536,-8.232790029419428,3.2766411853157016,421878131.03851783,-13.435049086571011,462.16669119491655,-8.389206514170898,3.164453454749183,894289086.0644213,-13.716764654488834,438.60032180159214,-7.20470009202014,4.3361212430396865,7227.431683556975,-8.339763523510852,811.4113717613957,-8.305659583601935,3.1977553839667716,2992960.722277822,-13.678162968174965,442.897742197274,-8.305659583601935,3.204170138999804,2992960.722277822,-13.678162968174965,442.897742197274,-8.305659583601935,3.2106106819927684,2992960.722277822,-13.678162968174965,442.897742197274
conf_icosphere_sub3,3,"5,12,19",2071804127,1e-08,1000,-7.057801390566163,4.472354198972278,3882.4947397961964,-7.840232347911061,908.2239183390571,-7.057801390566163,4.472354198972278,3882.4947397961964,-7.840232347911061,908.2239183390571,-7.057801390566163,4.472354198972278,3882.4947397961964,-7.840232347911061,908.2239183390571,-6.378761073566555,5.1409873607511996,3064.813627590163,-7.154903080219413,453.48762403069173,-7.742107005827071,3.8024187466676995,5202.644080523877,-8.537942910933237,1818.4118881053037,-7.0610846753809575,4.4689741659716296,3682.669813344725,-7.841833694266377,905.1487152986227,-7.058156526716027,4.471769504773184,3667.618891261495,-7.85086239006636,908.2798372521279,-7.05446959093443,4.475459999853105,3951.515435539821,-7.846232438931197,908.8515542722547,-7.0445135183457115,4.484848811886498,3868.365445703195,-7.794090256822963,914.3583794484522,-7.058579565643764,4.4715125166325835,3768.809028681269,-7.8037586948900675,907.445453103316,-7.067734342045547,4.463979797625801,5301.447060358812,-7.884940002852127,899.4832203699555,-7.0588855834910085,4.470286468424787,3093.5626078378477,-7.852386950452299,906.1851817536416,-7.057801390566163,4.4768310300022645,3882.4947397961964,-7.840232347911059,908.223918339054,-7.044582258831392,4.4855748652887275,2082.081456425277,-7.838953403189342,908.2062535611108,-7.03434116891541,4.493530007007427,1527.2063729607528,-7.822223577480583,908.1250960689988
conf_icosphere_sub3,3,"4,15,28",61852427,1e-08,1000,-8.45010609635694,3.3239687470312647,309792.1362064034,-12.486799287969134,469.41415344140984,-8.45010609635694,3.3239687470312647,309792.1362064034,-12.486799287969134,469.41415344140984,-8.45010609635694,3.3239687470312647,309792.1362064034,-12.486799287969134,469.41415344140984,-7.841782073642078,3.874403548533847,325799.4682201571,-11.959906566168154,235.65598040558234,-9.132780786940126,2.7870666077769197,2082296.1856010861,-13.011282209391807,953.134829900545,-8.50285236827162,3.333107041727512,418844540.4717039,-12.325361535040225,479.2589437178747,-8.481467234099615,3.328416864954317,268930593.3992384,-12.939960174091087,482.24811209802505,-8.461939845960215,3.3204100137686345,277711.6098247622,-12.958525961324932,479.7121103585962,-8.42095356185454,3.3513268696646086,4132023.4003851074,-12.339171275257158,479.31848640348665,-8.403412514083607,3.3824268748297563,321253.6643731589,-12.337462794127516,496.9951231468307,-8.334619749811,3.360350900123486,182512.95591200437,-11.902838319550987,466.6335803089587,-7.184264088362297,4.3543409903022114,5491.880073903493,-8.26054406095758,827.2815265384907,-8.45010609635694,3.3272960430743392,309792.1362064034,-12.486799287969134,469.41415344140944,-8.45010609635694,3.333970659008289,309792.1362064034,-12.486799287969134,469.41415344140984,-8.45010609635694,3.34067210756911,309792.1362064034,-12.486799287969134,469.41415344140944
conf_icosphere_sub3,3,"12,24,28",1851951898,1e-08,1000,-7.6397431746732005,3.9869271984031256,771657.9995297095,-9.84903817580151,672.2533355031794,-7.6397431746732005,3.9869271984031256,771657.9995297095,-9.84903817580151,672.2533355031794,-7.6397431746732005,3.9869271984031256,771657.9995297095,-9.84903817580151,672.2533355031794,-7.033747491185701,4.57218750585532,280753.1323412988,-9.359335625370194,328.8844207251705,-8.34242346482496,3.3437089191745306,1643430.6901382306,-10.555844480205552,1341.7328309293753,-7.676708255094187,3.922456701703811,573799.0391500932,-9.97089368914508,657.4807280904478,-7.653732574491674,3.957199044516978,2094155.7724040383,-9.916011470682646,673.3044143213873,-7.648456759394473,3.9589466648007536,172671.58364648058,-9.807600470699036,665.1286018909366,-7.6451453447826765,3.968622982441295,278460.8167848945,-9.855774081812061,673.3005537603523,-7.614773152892047,3.99541281775114,2471256.9662233735,-9.770452021511389,673.0657597061249,-7.629220209890657,3.9717003076740776,27675.98800448993,-9.903966758193071,658.6095902426005,-7.012725510928392,4.515101063973454,4052.9494718191927,-7.643292528800468,926.9615930487415,-7.6397431746732005,3.990918116519646,771657.9995297095,-9.849038175801503,672.2533355031801,-7.6397431746732005,3.9989239703140615,771657.9995297095,-9.849038175801494,672.2533355031783,-7.616224466752041,4.006960962604515,114950.18475509733,-9.835801739103806,672.2532421549286
conf_icosphere_sub3,3,"9,14,27",1225187308,1e-08,1000,-8.666789885920757,3.077378074592662,46154108.83209648,-13.94317681089599,399.9419029297328,-8.666789885920757,3.077378074592662,46154108.83209648,-13.94317681089599,399.9419029297328,-8.666789885920757,3.077378074592662,46154108.83209648,-13.94317681089599,399.9419029297328,-8.030035111390589,3.5194792204265744,83737249.28653495,-13.552829196824236,184.9797950957072,-9.258520161046382,2.5447363061049186,21036958.003804978,-13.998784010552564,784.1650421725789,-8.800208916595848,2.9794319274388763,62686570.94000653,-14.153279823265297,382.46857525971643,-8.620269084426493,3.071518694550833,27836011.44406248,-12.68904763017677,392.9173888192845,-8.59166985071001,3.0821190172265687,9265790.47259625,-13.225588101175568,400.3251742523448,-8.64795883556508,3.0665572743486207,146489566.5872389,-13.532481714576377,399.4520460546093,-8.549143446016155,3.0917092042553405,33473172.830217,-14.139742059145423,392.62859906413735,-8.695682801202885,3.0662570201788935,9898151.819155965,-13.504513696573339,386.6605332006434,-7.027032873905705,4.502814277394825,5349.520953941083,-7.658181356385521,917.6441225892694,-8.666789885920757,3.0804585331258303,46154108.83209648,-13.94317681089599,399.9419029297314,-8.666789885920757,3.0866379885583797,46154108.83209648,-13.94317681089599,399.9419029297314,-8.666789885920757,3.0928422860228184,46154108.83209648,-13.94317681089599,399.9419029297314
conf_icosphere_sub3,3,"7,8,18",1903728119,1e-08,1000,-7.051614307230731,4.480089269864085,6601.7936995593545,-7.75418636098548,909.1265182076338,-7.051614307230731,4.480089269864085,6601.7936995593545,-7.75418636098548,909.1265182076338,-7.051614307230731,4.480089269864085,6601.7936995593545,-7.75418636098548,909.1265182076338,-6.371661070197648,5.151592282907761,5621.15805116304,-7.111641462526698,455.1804364348743,-7.72946562273897,3.8141251568927665,7363.815587136827,-8.50391114992557,1823.1915236301973,-7.05682014458719,4.474456711128554,5780.277291087622,-7.81482491804102,904.1725971105956,-7.0480604838353775,4.483224370126384,6239.191708477172,-7.795272253445482,910.0921813864568,-7.054353871280792,4.477383521037634,6576.844797356533,-7.794255798791976,906.3411768124158,-7.045726020194197,4.485374679852192,6482.998421453572,-7.75546530950064,910.233955904732,-7.045106011351913,4.4860521379425204,6159.365227298131,-7.811214886681609,912.508378911076,-7.0628852588235915,4.467596743851269,4440.127428035317,-7.796411715091273,898.3279165074667,-7.043270701148302,4.485602755064984,3518.061524157549,-7.730623433292928,913.394944112915,-7.051614307230731,4.48457384370791,6601.7936995593545,-7.75418636098548,909.1265182076265,-7.036810241859909,4.493464285096513,2894.778877772196,-7.729854178202594,909.1180423625052,-7.025963938127468,4.501254873244885,1457.6562587188791,-7.719887676422383,909.0140485293844
conf_icosphere_sub3,5,"0,1,6,7,22",1884985202,1e-08,1000,-6.971321915745468,4.552871001991717,2143.265424984581,-7.393030428314933,955.9004094970452,-6.971321915745468,4.552871001991717,2143.265424984581,-7.393030428314933,955.9004094970452,-6.971321915745468,4.552871001991717,2143.265424984581,-7.393030428314933,955.9004094970452,-6.2959995938033995,5.2180967954852955,1545.4471931131504,-6.734191172824043,475.77974009776034,-7.6531066182612175,3.88299511673086,3164.3930221741853,-8.047926362222064,1919.4652742540138,-6.972519792666493,4.551563550759878,2090.989437988673,-7.398002280431063,954.2254172702034,-6.973596878969465,4.550520759877163,2095.880284448596,-7.375575207824928,953.1059041208642,-6.977280372288198,4.546978277625494,2109.776972520554,-7.4363671864080585,951.56079111447,-6.970276604005654,4.553851405078814,2133.947503491973,-7.371672685054521,956.1532581220475,-6.970240651376815,4.5536145236090455,2032.8137930532307,-7.3945992112088215,955.7281621609975,-6.974469942596403,4.55107205086381,2744.8714558769448,-7.349039874823356,955.0934717502162,-6.981003704609627,4.5432694625011845,2101.605766197546,-7.4665711399243335,949.0822827659163,-6.971321915745468,4.557428430422173,2143.265424984581,-7.393030428314933,955.9004094970427,-6.959723668434303,4.5660592217093985,1450.9217242483394,-7.392608029379787,955.8621630723601,-6.950512974805648,4.57362337076941,1130.1632285195203,-7.382839141296286,955.7199490563688
conf_icosphere_sub3,5,"0,5,16,29,31",1041368032,1e-08,1000,-7.033094481730885,4.497906683513929,7749.559416439954,-7.819283404838917,916.7469960834761,-7.033094481730885,4.497906683513929,7749.559416439954,-7.819283404838917,916.7469960834761,-7.033094481730885,4.497906683513929,7749.559416439954,-7.819283404838917,916.7469960834761,-6.356476030374524,5.167920557141575,7472.651300981831,-7.007260152510204,457.58017634068307,-7.710444156713951,3.831849852187724,9184.05033208489,-8.450800561860165,1844.433058013247,-7.034904551071579,4.496090231009378,7648.26942578312,-7.756339706603644,914.7651020084392,-7.032468282341014,4.498675987162947,7940.187329067342,-7.76781402452937,917.9239586633504,-7.033048142803955,4.4979350752782095,7690.932634952874,-7.722428475764446,916.5570348561972,-7.032074025381113,4.4989264855221,7875.466806012647,-7.756894207919443,916.841400838935,-7.02775740592753,4.5030402938828775,7619.161982884095,-7.726140128156541,920.1699056678507,-7.011880746487853,4.5187305901081665,8360.916153339771,-7.663298373641766,931.52527394322,-7.0305020187405916,4.498585721280677,4706.255160542965,-7.821385321274871,917.255968421521,-7.033094481730885,4.502409092606539,7749.559416439954,-7.819283404838917,916.7469960834761,-7.017883732413818,4.511352647402115,3289.0885450555948,-7.814072528668826,916.7397379269577,-7.00715872359125,4.518836173476435,1323.6113980010634,-7.803733453738117,916.5900437782244
conf_icosphere_sub3,5,"7,11,21,23,29",1011895451,1e-08,1000,-7.2437121307125665,4.302755932386762,7574.929585220318,-8.713968497973774,813.1769053105785,-7.2437121307125665,4.302755932386762,7574.929585220318,-8.713968497973774,813.1769053105785,-7.2437121307125665,4.302755932386762,7574.929585220318,-8.713968497973774,813.1769053105785,-6.554208528376455,4.975699711091111,5938.179775001976,-8.020902569572588,408.09450994690997,-7.936410907587666,3.6357578717842776,11344.480211019074,-9.39317655172672,1624.705436627365,-7.274402971725027,4.273726918905355,7532.886870770974,-8.81612059617855,800.3650481982439,-7.234597577057363,4.31151706150312,7669.6163774836405,-8.72269635277444,820.6499914584857,-7.245327151086123,4.30046946273025,7527.867330367624,-8.727381953006443,812.8057229872729,-7.2563516570550215,4.290807589292528,7569.412157010554,-8.716194716393485,809.9964586964796,-7.251072317391753,4.29672108543001,7627.033358655842,-8.688415398207429,812.7056522219058,-7.245872865292471,4.299953297023026,6460.127122870779,-8.737249786550073,811.5692224147277,-7.243999983698514,4.301028362751733,6210.352469046104,-8.723197175932652,811.6799895852824,-7.2437121307125665,4.3070629953821,7574.929585220318,-8.70987692378616,813.1769053105677,-7.229701700517908,4.315573671531212,4540.143077584454,-8.70004686685102,813.1676776135687,-7.217674380680676,4.323867634874956,3262.5204217312726,-8.698565184792914,813.1426265942935
conf_icosphere_sub3,5,"5,9,21,24,31",1218811068,1e-08,1000,-7.11862038826152,4.41551075495271,6054.436512558065,-8.012093338816888,867.2877240310065,-7.11862038826152,4.41551075495271,6054.436512558065,-8.012093338816888,867.2877240310065,-7.11862038826152,4.41551075495271,6054.436512558065,-8.012093338816888,867.2877240310065,-6.45242467301965,5.072258673763648,5181.3447522272745,-7.579336531717483,432.06292551491094,-7.802686515921748,3.7477804156782524,7733.735884127228,-8.822604180364824,1739.3691936754633,-7.127704240307205,4.407151624701675,6057.6094992574,-8.137023975164244,863.7041632340505,-7.113493403152936,4.420352623077988,5755.108730546086,-8.011036134041293,869.7130858114778,-7.12368762369934,4.410745974991887,5980.993713123092,-8.131531592510667,865.2997805249861,-7.126158894509931,4.40878237628343,6315.3530152787225,-8.137895560680452,865.4363923890552,-7.116668610922237,4.41710552786281,5986.073499644495,-8.095122091512405,867.627112295184,-7.091625539725642,4.441942767234917,6839.838423607099,-7.886142038722054,885.1703133468039,-7.121858365167047,4.411170931848192,4376.6464189480985,-8.043459485743567,864.6629490467558,-7.11862038826152,4.419930685638299,6054.436512558065,-8.000042001992348,867.2877240309934,-7.104283088955863,4.428667748178284,2768.0574827499318,-7.991530498797965,867.2779793356741,-7.0938450981545556,4.436378502573168,1778.613764078089,-7.9851752594648495,867.1844750186821
conf_icosphere_sub3,5,"1,6,19,27,30",1111398977,1e-08,1000,-8.656036089671924,3.2877697801617267,438017.6406067901,-13.192365144893003,453.33741612166966,-8.656036089671924,3.2877697801617267,438017.6406067901,-13.192365144893003,453.33741612166966,-8.656036089671924,3.2877697801617267,438017.6406067901,-13.192365144893003,453.33741612166966,-7.720305069654872,4.050945057957036,339555.122630966,-12.433597024251442,254.23656126897558,-9.260435483990438,2.7983382220609254,2298966.9778988706,-13.820214358375283,940.1503197827358,-8.755892570155373,3.2247974987129706,860814300.7043905,-13.23127443464677,436.4564934669699,-8.67276731363023,3.2544880137430026,709611.1824838587,-13.102266044839856,446.736087625854,-8.57852737928276,3.3470641086518036,442180.869416134,-13.198899486205478,470.14984953779685,-8.624074447963086,3.3033622707862325,405323.4052092608,-13.119262834271542,456.91572527765055,-8.6259441701433,3.2906704942685927,884143616.6339395,-13.113236542977353,456.1023030801553,-8.607725379462028,3.2898763969454903,6972653.73889186,-13.064972447969845,446.52976422178637,-7.1527938297037545,4.3799885579605995,4042.568112810969,-8.120939333871402,823.8736483969082,-8.656036089671924,3.2910608410027518,438017.6406067901,-13.192365144893003,453.33741612166926,-8.656036089671924,3.2976627684671507,438017.6406067901,-13.192365144893003,453.33741612166926,-8.656036089671924,3.3042912363434667,438017.6406067901,-13.192365144892987,453.33741612166966
conf_icosphere_sub3,5,"1,3,22,23,24",1956025191,1e-08,1000,-7.2590998569218375,4.284198622706176,5280.251971930925,-8.553216566355326,793.923399692204,-7.2590998569218375,4.284198622706176,5280.251971930925,-8.553216566355326,793.923399692204,-7.2590998569218375,4.284198622706176,5280.251971930925,-8.553216566355326,793.923399692204,-6.584229828359341,4.943311476237346,3865.485067829957,-7.955787799594428,394.3125377785586,-7.932612032199616,3.6346092659969482,8309.47463726292,-9.208761004127535,1599.6830488862208,-7.260071881081171,4.283519028833165,5355.904729480107,-8.546422060993283,794.2069655945162,-7.253259745720772,4.290790298568225,5528.016398857027,-8.521236329211634,797.9763279447625,-7.2315047530670045,4.309967427292671,5084.898296210989,-8.564816946961624,805.5226294176298,-7.246212555061914,4.2944297971188385,4879.494361977853,-8.520107269623551,794.0719012797346,-7.227364632963112,4.311249141248644,4618.534216477826,-8.5281729914257,801.6773903171252,-7.263699357436317,4.278321615550233,4593.848607104927,-8.569207534610182,787.9611935819797,-7.028146952067324,4.4989961208589175,2976.0727521778017,-7.6957344831824885,916.9174624479579,-7.2590998569218375,4.288487109816017,5280.251971930925,-8.553216566355326,793.9233996922034,-7.246562295129076,4.296830079106835,3784.365673595786,-8.53882635312126,793.9062497662544,-7.235598203285539,4.304885426901508,3044.5692298422277,-8.535513008547222,793.8690521303729
conf_icosphere_sub3,5,"0,1,5,15,20",627746613,1e-08,1000,-7.040086146488865,4.488040502333416,3433.5215103418213,-7.804150903640195,907.2612975703834,-7.040086146488865,4.488040502333416,3433.5215103418213,-7.804150903640195,907.2612975703834,-7.040086146488865,4.488040502333416,3433.5215103418213,-7.804150903640195,907.2612975703834,-6.363850196429879,5.1551450591102945,2934.20647756873,-7.134440220470219,453.8801484295661,-7.712484278063735,3.828111881595386,4687.370292069857,-8.465139421253957,1834.2879968203802,-7.043487195618953,4.484434860286558,3263.041990182243,-7.840746880055849,903.7904713987738,-7.044625751989454,4.483497006779107,3328.1260964571647,-7.798828420190908,904.2377103355717,-7.035299946728763,4.492639178494566,3396.610488331769,-7.808201187337627,910.8406457074325,-7.030186977025675,4.497776586775981,3573.751709799965,-7.775945327778948,914.8938957425842,-7.03411701211056,4.493934822270714,3479.098625561482,-7.818726093662065,912.318633445873,-7.014599353896595,4.513508607673244,3923.83128822395,-7.690922576459529,927.7646331514752,-7.005494350026913,4.521125952671729,3030.125980194804,-7.661090550210195,933.6675561092383,-7.040086146488865,4.492533035368752,3433.5215103418213,-7.803571245026078,907.2612975703745,-7.02706881489428,4.501290224799244,1903.5769302126398,-7.803426330372547,907.242372463036,-7.017413396451771,4.508835208282319,1351.28766582478,-7.803426330372546,907.1128661630936
conf_icosphere_sub3,5,"0,15,18,22,26",1875402982,1e-08,1000,-7.076745960137857,4.454566356781429,5706.077938910261,-7.942164317382558,884.4923536966535,-7.076745960137857,4.454566356781429,5706.077938910261,-7.942164317382558,884.4923536966535,-7.076745960137857,4.454566356781429,5706.077938910261,-7.942164317382558,884.4923536966535,-6.425605627510481,5.097713299035984,5193.403090144152,-7.3628390684191505,433.82780682415205,-7.758695587135218,3.7859402499942547,7084.691687811896,-8.639319993540413,1774.2186427731701,-7.068480137265396,4.462484332795451,5635.460924338588,-7.935822844945896,889.8201175260002,-7.078790575352764,4.452549470428883,5655.09689858715,-7.959536038469429,883.2593063392208,-7.070670299737347,4.4602699779673465,5482.521318971436,-7.911343130027882,887.8713424378494,-7.0647602794496365,4.465966623121105,5546.432665182576,-7.946638320372711,891.6106882428919,-7.08278339244935,4.44858330471563,5591.242831189323,-7.959935777187213,879.8687995874483,-7.026463638334452,4.50375964663794,6480.289852708037,-7.759658774041162,920.7667228041855,-7.052684210677281,4.476014838482248,3630.2783058784926,-7.889817842492089,899.1894922993512,-7.076745960137857,4.4590253821635,5706.077938910261,-7.936069309751538,884.4923536966292,-7.062321621548625,4.467846406287591,2563.7481314743222,-7.935214321227647,884.4827980611042,-7.052088724328959,4.475360591058623,1475.200386335141,-7.935214321227644,884.3554637649664
conf_icosphere_sub3,5,"7,14,19,21,29",276064326,1e-08,1000,-7.307687290232551,4.242039746960195,7565.168145226494,-8.800421734151836,774.1405922505024,-7.307687290232551,4.242039746960195,7565.168145226494,-8.800421734151836,774.1405922505024,-7.307687290232551,4.242039746960195,7565.168145226494,-8.800421734151836,774.1405922505024,-6.622766391132629,4.913228839882208,6867.246082603094,-8.118800501188172,392.1655874615717,-7.9982288551675875,3.580520201800404,12207.554982903397,-9.489229059434132,1550.5170033885151,-7.3165333671089705,4.234961048719931,7972.734997395146,-8.762795139382012,771.5410452191064,-7.311985770027465,4.238308384323389,7880.016571322198,-8.789097661883579,773.6714534251066,-7.331286505138857,4.221823626783454,8447.781906881235,-8.807549239285944,769.8700782144413,-7.2989318756012915,4.251453018709153,8146.919174529849,-8.679783429273643,779.4807459108612,-7.337983764538357,4.215642548853211,8282.58942190643,-8.922610359452273,764.7785652804566,-7.300892766179918,4.248232982214277,6891.726125944756,-8.814783136387316,780.3449854569091,-7.218609641881158,4.321810755717887,5268.937091505721,-8.639382925971157,819.2876087282859,-7.307687290232551,4.246286032993195,7565.168145226494,-8.800421734151836,774.1405922505024,-7.294090168587699,4.254656413266348,4947.194495017401,-8.790420431417795,774.1306143909985,-7.282230278469418,4.262802322085534,3612.5095862627963,-8.7633160886675,774.1050249970225
conf_icosphere_sub3,5,"7,12,15,18,23",1763336282,1e-08,1000,-7.722523161071246,3.8915613837884404,24295.82488750263,-9.913966874157463,622.3590464570137,-7.722523161071246,3.8915613837884404,24295.82488750263,-9.913966874157463,622.3590464570137,-7.722523161071246,3.8915613837884404,24295.82488750263,-9.913966874157463,622.3590464570137,-7.037725174155114,4.537439700313824,16242.986272095932,-9.525244659467013,314.61619464619923,-8.377350894784716,3.2906397799558227,41254.36215039601,-10.515405170347536,1272.158325606656,-7.702532780834697,3.90984333587352,25580.886347029395,-9.93560121414095,632.0551459688917,-7.749153344323455,3.8794545092328625,28206.633483611342,-10.409748712157887,625.9887225607397,-7.735372583858729,3.883527813153104,25963.222900201476,-9.933863627997832,620.9862934225443,-7.757892277387621,3.8637978096102823,27122.30445165959,-10.274897770532455,617.5769791485584,-7.689575101633991,3.9189092847953257,23057.885959747357,-9.770374454528165,631.9219457574816,-7.749581430897267,3.8663274559172995,24050.56301546495,-9.965739824559527,607.6912170566486,-7.470150923830755,4.093201021335871,8288.198954850612,-9.358025410671381,689.3311124609098,-7.722523161071246,3.895456840629078,24295.82488750263,-9.913966874157463,622.3590464570137,-7.708372262063387,3.9031931031372693,18891.519845785744,-9.87885631360676,622.3544610539841,-7.695312679308708,3.910904594897013,15899.911831409521,-9.87885631360675,622.3469519178086
conf_icosphere_sub3,5,"2,4,12,17,29",683184657,1e-08,1000,-7.365326921098565,4.186793228103889,5709.165859100113,-9.226943721618689,749.9267872395778,-7.365326921098565,4.186793228103889,5709.165859100113,-9.226943721618689,749.9267872395778,-7.365326921098565,4.186793228103889,5709.165859100113,-9.226943721618689,749.9267872395778,-6.641062207026767,4.887061003451052,3389.029307024933,-8.032776993161756,379.6245188066158,-8.024057960092083,3.555358122025761,9260.145745993083,-9.703230978961779,1517.5858165416175,-7.331305758960875,4.216993388261351,5219.063394087637,-9.075543102208254,761.0919364456718,-7.367859010522662,4.18313494909845,5490.030082284399,-9.228528079498332,744.2801881274762,-7.327292341810359,4.2224079787844975,5458.756865825217,-8.993936473085895,765.9292513558007,-7.340138406505102,4.209358971840218,5341.500867484863,-8.882202284193903,755.7805634657554,-7.3027019558615835,4.2425748030013475,4871.244646282879,-8.62002895471672,767.293766632697,-7.386239721810188,4.168258295759192,6238.860962192014,-9.229714398311357,738.0042558364687,-7.1366572205760725,4.394939014663145,3003.362129660001,-8.235544134081332,854.2224058438787,-7.365326921098565,4.190984212316149,5709.165859100113,-9.226943721618685,749.9267872395658,-7.353824600775772,4.199014955209475,4730.486573731711,-9.226943721618674,749.9036544632961,-7.343755774662363,4.2067175108370565,4244.31912185199,-9.226943721618666,749.8588041872571
conf_icosphere_sub3,5,"5,10,16,18,31",2048579025,1e-08,1000,-7.134647044409227,4.401110815576708,8931.845595513465,-8.183370295719762,854.7499684160186,-7.134647044409227,4.401110815576708,8931.845595513465,-8.183370295719762,854.7499684160186,-7.134647044409227,4.401110815576708,8931.845595513465,-8.183370295719762,854.7499684160186,-6.478420637180366,5.049667085437516,8520.064934625896,-7.4786667560940385,422.2680294182477,-7.80961984819367,3.7408158107482605,10487.730469129123,-8.73255804616737,1720.664029553929,-7.1386009158555455,4.397337385219084,9126.144572453257,-8.177961162850986,852.126634000076,-7.127312570558385,4.408429859665426,9183.997397029805,-8.063420643123925,860.8105902173169,-7.140588157776722,4.3953808299870705,8770.491045609975,-8.1579486787468,850.3522971989895,-7.127758061422491,4.407515330503871,8767.08042014252,-8.17570219362471,857.5411565412064,-7.142989898824198,4.393554823215256,9364.55947652172,-8.164629805154712,851.2981099211146,-7.12630010932879,4.409180628951233,9256.050333056586,-8.045352686070455,859.5844857787782,-7.128595138753828,4.404844568058913,5123.879232084761,-8.166871776833405,857.4676307625714,-7.134647044409227,4.405516331908703,8931.845595513465,-8.183370295719762,854.7499684160149,-7.11933816144982,4.414277426915035,3732.3027033319822,-8.183370295719756,854.7439873982298,-7.108325817131636,4.4219374151020014,1777.7126494329843,-8.172278070253572,854.6473625821654
conf_icosphere_sub3,5,"1,6,9,12,30",353510214,1e-08,1000,-8.874399726797682,3.1549499298090833,1624496.802815042,-13.790038883370297,412.8942500656685,-8.874399726797682,3.1549499298090833,1624496.802815042,-13.790038883370297,412.8942500656685,-8.874399726797682,3.1549499298090833,1624496.802815042,-13.790038883370297,412.8942500656685,-8.148416725284168,3.676687154246073,1137225.3370850517,-11.759533443412645,196.07713139546502,-9.45381719929118,2.6405268554818737,2112779.4589711404,-12.945833717260154,815.4151943588674,-8.77287237251952,3.169499618154634,1293671.8281797776,-12.63984958891922,416.29716889134966,-8.714103568159754,3.2121912098439673,1048627.6630529175,-12.628932436838639,414.386283134943,-8.787026034292305,3.1940231318332106,1365350.0250929075,-12.835765685020032,419.1073852498305,-8.839639204574322,3.1554004031560043,4728235.142972409,-13.617062606687904,408.0262214971825,-8.781212657997905,3.1847680197440287,1269907.4911249324,-12.735907352131294,408.8966593270696,-8.87805465349696,3.156826711223679,1263891.925333003,-13.265358726400338,402.6814486649021,-6.995193898477573,4.530032489197031,2357.770278562535,-7.517721315082882,936.738627645117,-8.874399726797682,3.15810803784696,1624496.802815042,-13.790038883370297,412.89425006566734,-8.874399726797682,3.1644432595878773,1624496.802815042,-13.790038883370297,412.8942500656685,-8.874399726797682,3.170803949556898,1624496.802815042,-13.790038883370297,412.89425006566734
conf_icosphere_sub3,5,"3,8,22,27,31",681775171,1e-08,1000,-7.151109179994034,4.38477740472162,5611.721262974154,-8.270641181271495,850.9639847446808,-7.151109179994034,4.38477740472162,5611.721262974154,-8.270641181271495,850.9639847446808,-7.151109179994034,4.38477740472162,5611.721262974154,-8.270641181271495,850.9639847446808,-6.464041369592403,5.060326593726919,4688.776287195365,-7.367107338459058,425.4960471951909,-7.81715912804972,3.7344434574499514,7393.627425570261,-8.766362292609601,1719.0243145363625,-7.165367677977992,4.371081777234318,5677.812142266495,-8.307124870211359,842.5786953904537,-7.13542137080981,4.398882219929463,5526.610357090823,-8.140475929103996,853.7522153202917,-7.14589626586967,4.389519568354335,5568.0494256361935,-8.218957831926746,851.2807557484549,-7.154220178256513,4.381292772658467,5650.302933028517,-8.2616139338729,844.6577824847355,-7.142572435150469,4.3925591768650065,5609.0422106331835,-8.253686754635455,852.9267627651095,-7.167640475232391,4.369590722729327,5849.572619745875,-8.426096118774536,844.5606766667056,-7.080146668688568,4.450033675121449,3644.969389597729,-7.899736956662939,887.1081416941328,-7.151109179994034,4.389166571292883,5611.721262974154,-8.266774859246045,850.9639847446733,-7.137193152858541,4.397823187734792,2969.003255301778,-8.250595155944483,850.9531174288239,-7.12648093096201,4.405703150218921,1993.342804905592,-8.240143831551723,850.883204653099
conf_icosphere_sub3,5,"2,10,14,16,20",804099126,1e-08,1000,-7.1662799229111505,4.370255178832276,4370.969200747492,-8.349428915496008,843.6332600741999,-7.1662799229111505,4.370255178832276,4370.969200747492,-8.349428915496008,843.6332600741999,-7.1662799229111505,4.370255178832276,4370.969200747492,-8.349428915496008,843.6332600741999,-6.468207978045263,5.05442223349688,3535.59318615443,-7.53187800239287,424.8882024636959,-7.829636755687121,3.723116559542564,6085.012038243483,-8.861092423774977,1704.2854571577786,-7.133055994246031,4.399777060885047,3878.0820063514134,-8.088384083701806,855.4335903995781,-7.158723324805813,4.375358418955959,3934.646006589704,-8.353181648683178,839.9740256674064,-7.142066308052974,4.391861228156375,3897.1776916295275,-8.088099141759628,852.6985771032581,-7.153633501936607,4.381171222354215,4080.0186632734626,-8.301471621691853,846.1433769242656,-7.129866306149829,4.4030470833303195,3859.353339618428,-8.082922410061556,855.6511634111642,-7.19419616084741,4.34376394647417,4665.583063849942,-8.39251370704201,821.1314613693429,-7.003788632170314,4.5227411816265075,2942.6291228446,-7.566855862307314,936.5635244699898,-7.1662799229111505,4.374629808640925,4370.969200747492,-8.349428915496008,843.6332600741999,-7.15349824509618,4.3831560327073555,2855.068292875065,-8.34563920759827,843.615847513901,-7.143276250583902,4.390986946936704,2252.9325925935636,-8.336158787729097,843.5462927668182
conf_icosphere_sub3,5,"8,11,19,27,29",22542479,1e-08,1000,-7.286028285027711,4.260868327903514,20272.70770785258,-8.661285014816997,768.8375853722472,-7.286028285027711,4.260868327903514,20272.70770785258,-8.661285014816997,768.8375853722472,-7.286028285027711,4.260868327903514,20272.70770785258,-8.661285014816997,768.8375853722472,-6.644922377946449,4.892198747858791,17648.016410386506,-8.166154671685998,375.07537831197493,-7.943607534306262,3.6218268520995167,22001.994374524897,-9.300964764604778,1569.6974123830635,-7.2917970053813965,4.25611985862916,20479.803036465968,-8.76057459095912,770.5503290783449,-7.290443902314213,4.25683034643051,20903.805867372645,-8.848708507186192,771.9484483136886,-7.304464005855975,4.24584696040692,22190.341332683958,-8.709269238152306,769.7022224224535,-7.276109565795525,4.270570366476431,20224.96507799543,-8.659015168105975,776.4943700973575,-7.273384527612347,4.273131930111721,20005.50219259647,-8.651675481795959,780.3919552724444,-7.21307989839347,4.330750411947209,23157.794597757063,-8.448489269647329,814.1986608868827,-7.147610168620324,4.385617032490743,5021.666306798572,-8.092983629619317,831.794504795392,-7.286028285027711,4.265133461364865,20272.70770785258,-8.656631153426586,768.8375853722438,-7.269120251488362,4.2736575258722596,5962.495698238205,-8.644784548237364,768.8351362329965,-7.256828628701519,4.281659813358091,2702.513664595842,-8.627262873849405,768.7977716615474
conf_icosphere_sub3,5,"2,14,16,21,23",1990315312,1e-08,1000,-7.15841649661837,4.378979603545572,5729.504670918227,-8.374046514043998,852.6366233219535,-7.15841649661837,4.378979603545572,5729.504670918227,-8.374046514043998,852.6366233219535,-7.15841649661837,4.378979603545572,5729.504670918227,-8.374046514043998,852.6366233219535,-6.515952693416311,5.012143532402732,5358.380056515274,-7.700799338206121,418.3686368440654,-7.835265190110719,3.7209237247468834,7928.344825214065,-8.915977681335939,1716.8439023480257,-7.147628731351314,4.38976123014073,5946.077093397792,-8.235767237581465,861.8770580993983,-7.152977628359795,4.383636904060181,5465.4619062194615,-8.324420679820426,855.3286781953857,-7.147520086190069,4.388397404971443,5506.109784600033,-8.22963384263224,854.798673180581,-7.154945180068683,4.382134126348206,5705.429429812139,-8.235775272498973,854.8367700775393,-7.167571772731342,4.370952727122992,5868.562905313384,-8.404937626615231,851.6443628165792,-7.148510652418023,4.387917758477843,5598.283059222745,-8.327527497412953,855.9574156758421,-7.15769500908328,4.378444791017601,4568.524835473936,-8.377686132215796,851.6811381003656,-7.15841649661837,4.3833629665121006,5729.504670918227,-8.374046514043998,852.6366233219527,-7.144563538060531,4.392004662475325,3154.219690881829,-8.301286530097226,852.6255164170309,-7.133469404326055,4.400098134232285,2179.1814763689667,-8.265051225520862,852.5742598135555
conf_icosphere_sub3,5,"10,19,20,27,31",1134070008,1e-08,1000,-7.433203816103044,4.141230864604993,20360.2148007983,-9.283517074951256,729.6945034112772,-7.433203816103044,4.141230864604993,20360.2148007983,-9.283517074951256,729.6945034112772,-7.433203816103044,4.141230864604993,20360.2148007983,-9.283517074951256,729.6945034112772,-6.718206806428096,4.826346525383507,10755.808491607666,-8.254762818145416,368.9697484856928,-8.142090141142045,3.4747394817769806,47691.31661506634,-10.025425618185421,1451.55875884235,-7.486763818131757,4.091549426206168,22895.57474531187,-9.478956401177005,712.0855747400731,-7.4405262546468425,4.132837807159266,14245.251524916213,-9.317995175239728,730.1940444570453,-7.483847581204974,4.093821297550876,17059.913974292453,-9.491911818941027,715.5872687562326,-7.447682585177599,4.135296163034415,30510.463896262478,-9.320401426011866,730.0803780101751,-7.4593349377897695,4.119669396837283,33690.93159462018,-9.324868662819757,724.8339831891768,-7.4093357296012545,4.165660964939799,23494.632792148448,-9.066848751534414,745.696608105894,-7.042950348399738,4.485002680405882,3429.101188354173,-7.727567806060766,902.2896619197007,-7.433203816103044,4.145376240845893,20360.2148007983,-9.283517074951256,729.694503411276,-7.417536741969632,4.1536433989002415,11856.157225264651,-9.283517074951256,729.6910673121226,-7.403645903673103,4.161875316605712,8517.106590584082,-9.283517074951252,729.6834213348667
conf_icosphere_sub3,5,"3,11,16,22,29",1060883677,1e-08,1000,-7.428692827217024,4.142196037148071,18888.235693098322,-9.416474285763686,738.082741170358,-7.428692827217024,4.142196037148071,18888.235693098322,-9.416474285763686,738.082741170358,-7.428692827217024,4.142196037148071,18888.235693098322,-9.416474285763686,738.082741170358,-6.753023938292572,4.79908553866645,17083.85654407652,-8.560036632791665,365.3331970100812,-8.095342610774242,3.5108360227980273,28705.077463651756,-9.93367958370368,1489.9042871086572,-7.439039789610878,4.142406591449983,23157.011426347985,-9.394465473057156,741.969826471056,-7.412202967613192,4.161586545014433,22766.42365907429,-9.161760556997598,742.1433947632152,-7.399248853238727,4.175097264750612,23434.002889931875,-9.180476676665695,753.0265286334553,-7.445420612514314,4.134877113137337,24177.609661357397,-9.363602901186884,731.9189247764641,-7.453981000077583,4.12708283128442,24179.286570433625,-9.410272895804201,732.4531925284581,-7.422769082407511,4.147484559242396,19286.71006768382,-9.399196070888626,741.0945187375124,-7.213701018666721,4.324456649827456,5353.216726823134,-8.410918779911777,807.4058438058923,-7.428692827217024,4.146342379527644,18888.235693098322,-9.416474285763686,738.0827411703548,-7.412976211400012,4.154613242016671,10360.306899970727,-9.408687478219866,738.0793796146481,-7.399491482277794,4.162770125355622,6532.298227720073,-9.403280163968587,738.0672749293544
conf_icosphere_sub3,5,"5,7,11,17,18",1359638463,1e-08,1000,-7.085441963375685,4.444263424459457,3176.9048149225305,-7.957074881979741,883.0112916073211,-7.085441963375685,4.444263424459457,3176.9048149225305,-7.957074881979741,883.0112916073211,-7.085441963375685,4.444263424459457,3176.9048149225305,-7.957074881979741,883.0112916073211,-6.4224067464204015,5.096140225596742,2380.8530324435837,-7.307432160119847,434.7660035719393,-7.745724486123608,3.797982333734968,4649.541151819759,-8.548645423346006,1800.6169291986419,-7.080223830349169,4.449213760703834,3182.484532049308,-7.950207788992359,885.7423869923228,-7.082999623643545,4.446854677345576,3199.8930750614677,-7.964301858415646,886.0412047276542,-7.067959416479948,4.461305399207175,3154.2691553355426,-7.952236350483522,894.4112308190688,-7.0748568593483085,4.4545089927046115,3186.733882646383,-7.865171979464612,887.8653427978414,-7.080687448850252,4.449165481325647,3214.1040190593003,-7.961380124272674,888.2913344114024,-7.079692957063884,4.450126685302685,3544.084285401328,-7.893015584985315,883.8071245522941,-7.084819748616117,4.444294411549009,2839.8443915214934,-7.968651618600782,883.6297378622569,-7.085441963375685,4.44871213659606,3176.9048149225305,-7.957074881979741,883.0112916073211,-7.0731257450162515,4.457299421819101,2054.2965984807306,-7.957074881979739,882.9873006580787,-7.063541928102203,4.464866023266928,1578.0886897750781,-7.957074881979735,882.8749710772361
conf_icosphere_sub3,5,"11,19,21,28,31",1060647020,1e-08,1000,-7.322334088275622,4.231818327124818,12342.607844678112,-8.876782743162334,771.3014061008547,-7.322334088275622,4.231818327124818,12342.607844678112,-8.876782743162334,771.3014061008547,-7.322334088275622,4.231818327124818,12342.607844678112,-8.876782743162334,771.3014061008547,-6.663995305166593,4.874566791678569,10128.585979919846,-8.314861008823348,383.33764770189595,-7.9867836353377655,3.5929194519652197,16295.905117713997,-9.510542397640169,1569.8346601223277,-7.272935614365332,4.2752942543525725,11075.081283621119,-8.503693445513779,790.1521506023328,-7.331878409710227,4.220850235606354,11745.681043468818,-8.95346742823643,765.7969419706585,-7.319798643598825,4.235191342236152,12654.060540981302,-9.015951817064341,779.3151043761947,-7.319327525926063,4.234968275669722,12833.408642422797,-8.917692636385594,779.8735963524372,-7.334587946149081,4.2206988717499705,12345.390635656586,-8.986392410120054,771.046724918409,-7.3332876021707145,4.221728384591593,11110.193780099946,-8.903624581287387,766.2599711571718,-7.32278832403665,4.229124510412941,8252.499565603737,-8.883721537893573,768.7916491221182,-7.322334088275622,4.236054381506335,12342.607844678112,-8.876782743162334,771.3014061008547,-7.307062438924105,4.244482816370594,5744.842285500286,-8.820622143911184,771.296447379299,-7.29476237586219,4.252684734415147,4065.1193028220905,-8.81725527647431,771.2756033614457
conf_icosphere_sub3,5,"5,12,13,27,28",1473408818,1e-08,1000,-7.1081087098794145,4.425882952009457,6122.459599665738,-7.954776428554974,873.6242866139229,-7.1081087098794145,4.425882952009457,6122.459599665738,-7.954776428554974,873.6242866139229,-7.1081087098794145,4.425882952009457,6122.459599665738,-7.954776428554974,873.6242866139229,-6.447532513426729,5.076731689951678,5303.521905497672,-7.396659908496752,430.8328738790508,-7.788106622106369,3.7607421879359286,7674.553395370829,-8.726575777797223,1754.1017178382574,-7.118412002078761,4.415829132440257,6028.429542369279,-8.072282140137684,867.3673226747362,-7.107808363539191,4.426653541059645,6034.907681906484,-8.11506904916252,878.2734699171829,-7.096400350126162,4.43695365442816,5683.942766055925,-7.926933114163916,881.104061115011,-7.096062064048948,4.4370932733730335,5744.309107207588,-7.950891854346488,880.9860537552647,-7.121997001030902,4.412969551193187,6209.0740201732,-8.08661430588547,868.6583015042846,-7.109439911864393,4.4252490850244195,6664.578886962744,-8.021051561852609,875.0716647770214,-7.023413866410654,4.504354226049907,3495.767386828179,-7.698125709170219,923.5583443314994,-7.1081087098794145,4.430313265274682,6122.459599665738,-7.937796537243727,873.6242866139097,-7.0937554758443175,4.4390665023152405,2723.7217958085025,-7.914718342720535,873.6141796045412,-7.082567899589598,4.447247380745771,1742.2765105424398,-7.901434535050536,873.5612876111486
conf_icosphere_sub3,5,"2,3,4,7,20",1185302388,1e-08,1000,-7.095430402761614,4.4327946677282215,2506.1016930814785,-7.962773362930492,861.3806984425449,-7.095430402761614,4.4327946677282215,2506.1016930814785,-7.962773362930492,861.3806984425449,-7.095430402761614,4.4327946677282215,2506.1016930814785,-7.962773362930492,861.3806984425449,-6.441243835480717,5.075822364255209,1819.633220017682,-7.40130259904857,422.076237181959,-7.793328246383536,3.7521905449482635,4219.924371513087,-8.67559254059069,1709.7905151616371,-7.096102438747212,4.432610586107699,2627.5221242530383,-8.004616209199334,863.8023754279418,-7.10888651672122,4.420162379837644,2670.8639922855855,-8.011776285235863,853.455604507997,-7.117266538664492,4.411990179824705,2664.979350880959,-8.107146215994867,845.5748402567478,-7.1104338640005835,4.419294059357096,2761.1327648289175,-8.119761603874224,854.9723933158526,-7.1036548928671,4.425163908310615,2645.009351133733,-8.051620084891201,857.2032436544595,-7.115013064916609,4.413836718855176,2658.066266974837,-8.01682783104806,837.4781447438746,-6.9654426138049,4.5584819558789675,2111.2277287821785,-7.3070786981371505,961.1098720901045,-7.095430402761614,4.437231899627797,2506.1016930814785,-7.9542619238698675,861.3806984425312,-7.084173042701146,4.445601259677555,1847.0338677877944,-7.922415020167595,861.3443645931186,-7.075643417781523,4.452640682239949,1562.741631978225,-7.889412907387703,861.1784867809051
conf_icosphere_sub3,5,"3,13,15,16,30",50701873,1e-08,1000,-7.069264789750501,4.461592522970326,4457.080247729152,-7.842667368155456,896.7850877673168,-7.069264789750501,4.461592522970326,4457.080247729152,-7.842667368155456,896.7850877673168,-7.069264789750501,4.461592522970326,4457.080247729152,-7.842667368155456,896.7850877673168,-6.40257201841413,5.118934603413099,3819.635162074022,-7.24142081146841,445.6332130902319,-7.770295611802915,3.7769033886811383,6179.581869575668,-8.664945193008387,1782.356779012297,-7.053801246628226,4.476648313231804,5196.624444599411,-7.802297948380669,905.0819000835043,-7.085133748986741,4.446523284566983,4541.839650135669,-7.950925367529027,887.7267966480608,-7.077395735751677,4.453813241938342,4487.137758786571,-7.931672182806182,892.1845188767331,-7.0644662457905945,4.466769258808447,5503.647127371416,-7.927403948399847,900.8242195100912,-7.087072097407306,4.444705238257511,4758.42338706639,-8.006183853928626,886.9134015828178,-7.084512658943312,4.446783409829509,4391.433059744134,-7.951823623968295,885.4650610980543,-7.068836917925468,4.461185909880441,3650.2829520379355,-7.846767715081223,896.3505144084488,-7.069264789750501,4.466058581551956,4457.080247729152,-7.842667368155456,896.7850877673119,-7.055563790490641,4.474837282575994,2231.25518221381,-7.83340037468019,896.7714787799675,-7.045464622747311,4.482561317439462,1542.7208960835976,-7.817729778051811,896.6685837992143
conf_icosphere_sub3,5,"1,5,9,11,30",462077477,1e-08,1000,-7.045576824757797,4.481753393334167,2690.3813845566074,-7.777562964012356,904.5054179433619,-7.045576824757797,4.481753393334167,2690.3813845566074,-7.777562964012356,904.5054179433619,-7.045576824757797,4.481753393334167,2690.3813845566074,-7.777562964012356,904.5054179433619,-6.357293046908058,5.16013643447482,2453.432495542471,-7.081352198898836,454.8576649688273,-7.721148532812561,3.8199776941833092,3979.0823236092806,-8.377647666154072,1825.393159667622,-7.034917712458465,4.49178156032637,2543.7614251539476,-7.756394115992603,910.2734541985305,-7.038697934040731,4.488443877791262,2731.886035873067,-7.737745685930312,909.3087457730928,-7.057176203985519,4.470773651397729,2722.350953608012,-7.851630273885837,899.1423245719831,-7.039173181237521,4.488354785081021,2931.4748042633387,-7.716335031682069,910.1054717446519,-7.032367300869544,4.494577918538054,2844.3421273768313,-7.735058020030081,912.0127133685238,-7.0506400522676795,4.476185770385323,2396.9246509891327,-7.794151130278526,898.2547559220612,-7.0552976944147145,4.471580636831695,2344.5645527759616,-7.838023844020893,897.5353846393879,-7.045576824757797,4.486239632967149,2690.3813845566074,-7.777562964012356,904.5054179433603,-7.033566270514281,4.494833767512583,1752.0597055494334,-7.777562964012354,904.4762295036312,-7.024308360822634,4.502336108826909,1390.8868167964868,-7.777562964012352,904.348397123072
conf_icosphere_sub3,5,"11,12,18,20,24",1548113789,1e-08,1000,-7.256324366374002,4.288988837648309,5764.6744881358745,-8.594487015847076,804.9671337218285,-7.256324366374002,4.288988837648309,5764.6744881358745,-8.594487015847076,804.9671337218285,-7.256324366374002,4.288988837648309,5764.6744881358745,-8.594487015847076,804.9671337218285,-6.5461822004509775,4.979389418528878,3700.3730195547787,-7.924508601386937,406.41605503784865,-7.929913688358109,3.6386010033869285,8923.072700208051,-9.254040008057874,1618.2222537282926,-7.246408069281146,4.298397261810693,5920.472739336682,-8.604938239862722,808.7397570386956,-7.2388986524643535,4.304446950539561,5762.260797887382,-8.452787576096549,807.6123432249085,-7.247687904559244,4.295705637063527,5508.464616374333,-8.48922180669123,803.8198212810926,-7.2293385681469235,4.313346336065491,5524.801904378344,-8.504178647730742,816.9445156592376,-7.231140612219651,4.309639914552739,5109.223645994898,-8.495452087443082,809.4704922266429,-7.279194621601413,4.267899182510054,6190.782383398234,-8.743976218922453,790.8685433288199,-7.260336051501813,4.284404929794144,5212.860453631157,-8.598583855741362,801.0707540323856,-7.256324366374002,4.293282119768048,5764.6744881358745,-8.575597995930709,804.967133721822,-7.243454163173516,4.301672524434368,4011.245607768254,-8.566941476456714,804.9521311479995,-7.232684981108706,4.309652055707346,3285.328258991844,-8.540941647742237,804.9086296306315
conf_icosphere_sub3,5,"2,3,15,17,28",977879814,1e-08,1000,-7.142930219301851,4.389082682861436,3486.247691756558,-8.25914640695192,835.9612668180357,-7.142930219301851,4.389082682861436,3486.247691756558,-8.25914640695192,835.9612668180357,-7.142930219301851,4.389082682861436,3486.247691756558,-8.25914640695192,835.9612668180357,-6.447669957792132,5.071301502941137,2490.7274628027217,-7.385421220261832,419.43423152045,-7.834924839425106,3.714878806918767,5281.1342490546485,-9.006477900278352,1663.2858445619597,-7.154684672385086,4.377491988677782,3515.228353377162,-8.28913469601229,824.3373284051166,-7.1518858461593044,4.380554803211619,3500.049576092367,-8.294036341418968,832.340974883938,-7.144700313319826,4.387111452458948,3399.9282931617427,-8.223154450672986,832.3827688070372,-7.143243618092203,4.3884391454311835,3399.467094053661,-8.138413395611504,831.1486944481023,-7.154850355670402,4.377323654253232,3477.228509177475,-8.277232627883459,823.3446068441077,-7.148981383250649,4.382461782204506,3450.0051026276474,-8.118719561644822,819.4620349696041,-6.981047732370336,4.544168339986176,2621.7663001513683,-7.457291898878811,949.5900685344754,-7.142930219301851,4.393476159020481,3486.247691756558,-8.25914640695192,835.9612668180334,-7.130479622407074,4.4019852278317035,2193.441181263763,-8.259146406951906,835.9404763545999,-7.1210935267776785,4.409517715213996,1815.9295416942198,-8.244682895248177,835.8432564919834
conf_icosphere_sub3,5,"8,10,16,17,22",1151755098,1e-08,1000,-7.04934005597882,4.479814921918242,3557.558342917932,-7.858275390541543,908.7523896450471,-7.04934005597882,4.479814921918242,3557.558342917932,-7.858275390541543,908.7523896450471,-7.04934005597882,4.479814921918242,3557.558342917932,-7.858275390541543,908.7523896450471,-6.371741788679993,5.1478250934729415,3135.975501675948,-7.1745574774271255,452.3277274907122,-7.729437000486495,3.813076264318002,4809.783274053192,-8.541195385256795,1822.3299629507073,-7.034074651496193,4.494189690454474,3372.0179239357985,-7.752674125568974,916.4555884499263,-7.040298545800486,4.488488405838812,3493.2884341345207,-7.786562528535474,914.3251785404163,-7.0537066136161855,4.475185488742837,3412.8287168444313,-7.931782425228599,904.4727829870641,-7.038609572146551,4.489911323197791,3475.6697747730573,-7.75666513094074,914.544609449715,-7.050089854175535,4.478906585195702,3410.539208846484,-7.751602660356192,907.3070898122514,-7.042797671716666,4.486704419268208,4077.678881729474,-7.795195989370773,912.6045227666427,-7.050397200223798,4.478001776622139,3017.8403261162985,-7.868468636109615,907.0175023398873,-7.04934005597882,4.484299221139385,3557.558342917932,-7.858275390541543,908.7523896450462,-7.036327850622442,4.4930453826275585,2046.1333667270726,-7.858275390541537,908.7338067051967,-7.026358323837043,4.500769461207324,1444.9351479207182,-7.8397878181421214,908.6266398728139
conf_icosphere_sub3,5,"0,1,21,28,29",64022159,1e-08,1000,-7.057997430172675,4.4728232371466525,5785.170191157886,-7.9546100020413135,899.3405691618525,-7.057997430172675,4.4728232371466525,5785.170191157886,-7.9546100020413135,899.3405691618525,-7.057997430172675,4.4728232371466525,5785.170191157886,-7.9546100020413135,899.3405691618525,-6.397706027081014,5.124731128484877,4779.577913281581,-7.3037070535106166,444.4028417865314,-7.745601805498389,3.7981889042388612,6804.166647996656,-8.642541851652616,1793.5430171943701,-7.067739858116613,4.463322672915295,5520.260601529765,-7.968449307812519,893.1227600958639,-7.060300620956977,4.470705370051095,5812.174407783809,-7.941198432443434,898.6073742892396,-7.067995363259427,4.46313346345658,5648.100969840775,-7.976692292895384,892.6925177902507,-7.059617951139714,4.470915437647119,5271.259210744054,-7.929910368128372,897.0338442608104,-7.060362474916616,4.470722948530734,5957.710258485908,-7.934647159328266,899.2604535995296,-7.019786956792123,4.510339945331022,6690.589767582726,-7.71129044589239,926.4486482678184,-7.035158672835716,4.493537497414778,4061.5443531971287,-7.781931964873925,913.2834268880148,-7.057997430172675,4.477300537684286,5785.170191157886,-7.948499159485546,899.340569161839,-7.043517644275825,4.486151699467841,2398.577761332906,-7.943724479913372,899.3304500480593,-7.033170958690649,4.493841846937152,1432.8964986302767,-7.936252882143193,899.2190515776734
conf_icosphere_sub3,5,"4,6,11,15,29",517878869,1e-08,1000,-7.405727649111477,4.169071919351424,18102.669776630042,-9.237572860011197,749.6297360235717,-7.405727649111477,4.169071919351424,18102.669776630042,-9.237572860011197,749.6297360235717,-7.405727649111477,4.169071919351424,18102.669776630042,-9.237572860011197,749.6297360235717,-6.755433933989012,4.794700198433051,8780.508193559923,-8.492317100950784,366.339570858423,-8.095094012844106,3.5152809806794636,25195.300056117587,-9.86311357407419,1493.8646292670824,-7.415483797881313,4.158423637893546,13442.927164635392,-9.265874792453305,745.3565363442763,-7.42955700737364,4.140289707821319,13096.104941467025,-9.285433115049617,733.6525627129902,-7.395393648912408,4.1768715634138625,14728.124373542081,-9.187568356619227,751.3276996208061,-7.418008593683469,4.1606676431368195,19988.916453342143,-9.256149586254821,747.587678940993,-7.414432586906971,4.165090622873166,16789.382658264585,-9.158771974062931,749.225329740246,-7.403673072400448,4.167757019927908,16404.43635179254,-9.222859465061445,747.0840655886244,-7.028447869197342,4.498696329564076,3080.888961645569,-7.650083375685957,914.3039803071881,-7.405727649111477,4.17324516451595,18102.669776630042,-9.237572860011197,749.6297360235717,-7.390521866527434,4.1815470505676595,10739.609723033043,-9.21798646454418,749.624887133835,-7.377610812387914,4.189758899078397,8738.044839567281,-9.200663216397526,749.6125037667409
