scene,N,subset,pixel_seed,cheap_info
A_cylinder,3,"0,7,23",2107483888,-5.816446734895677
A_cylinder,3,"3,24,25",691734458,-6.092788459812886
A_cylinder,3,"5,12,14",827020780,-5.836487028383087
A_cylinder,3,"13,14,25",1448354046,-5.931392243714261
A_cylinder,3,"1,26,27",68782638,-6.275741652248745
A_cylinder,3,"7,22,26",1764717675,-6.218101363535368
A_cylinder,3,"7,10,22",1617376588,-6.123010024787967
A_cylinder,3,"16,25,26",62036348,-6.058950569604897
A_cylinder,3,"3,11,22",979097944,-5.995148576109781
A_cylinder,3,"2,6,8",392195514,-5.903420320336125
A_cylinder,3,"8,15,23",1726348188,-5.916145778962309
A_cylinder,3,"0,10,21",1787145840,-5.9131756755245775
A_cylinder,3,"7,8,10",1236332071,-5.864428643665594
A_cylinder,3,"13,23,26",1823892243,-5.966690344590096
A_cylinder,3,"8,22,28",2124308142,-5.878039741727067
A_cylinder,3,"6,12,16",1627801268,-6.070433081419963
A_cylinder,3,"1,10,19",1055773512,-6.136907057155021
A_cylinder,3,"6,13,22",109019469,-5.888482012082539
A_cylinder,3,"18,21,26",900997353,-6.02258701029609
A_cylinder,3,"14,18,28",1737658649,-6.155639054615142
A_cylinder,3,"18,21,29",1705200169,-6.081601038097583
A_cylinder,3,"10,12,16",789895082,-6.0266878984489685
A_cylinder,3,"0,10,25",986022534,-5.870060905735678
A_cylinder,3,"14,16,28",342282680,-6.112904418790197
A_cylinder,3,"1,2,11",1277142032,-6.238821135735658
A_cylinder,3,"1,12,25",439207864,-7.266481998694913
A_cylinder,3,"3,19,20",299655309,-6.050295469976397
A_cylinder,3,"6,14,15",1123140083,-7.084011451247613
A_cylinder,3,"11,22,26",2009694234,-6.274818682525451
A_cylinder,3,"20,25,31",362473231,-6.688849536684447
A_cylinder,3,"4,23,29",154538170,-6.3451046548301315
A_cylinder,3,"2,10,15",491451347,-6.200845681162438
A_cylinder,3,"0,9,26",138649285,-5.878365247356254
A_cylinder,3,"19,24,29",371848450,-6.404448097357807
A_cylinder,3,"9,12,19",1547423588,-7.106656960955238
A_cylinder,3,"3,9,11",688296395,-5.948303021025929
A_cylinder,3,"1,16,23",127706602,-6.102682312533545
A_cylinder,3,"14,21,27",2034396127,-6.079270558381387
A_cylinder,3,"12,13,20",1902277066,-5.88151023136516
A_cylinder,3,"7,14,29",550463322,-6.295881421875088
A_cylinder,3,"1,4,14",1789642705,-7.611133761882624
A_cylinder,3,"10,14,20",1687012404,-6.199290049268067
A_cylinder,3,"5,21,26",746597354,-5.901685785174359
A_cylinder,3,"5,14,18",815651267,-5.8452619334922975
A_cylinder,3,"10,17,29",1121780528,-6.2349006520606505
A_cylinder,3,"0,9,30",374031951,-5.7921087099301305
A_cylinder,3,"4,8,11",51725465,-5.89206761805048
A_cylinder,3,"12,19,31",123375674,-6.756445760231688
A_cylinder,3,"5,23,29",1695595254,-5.950621858319169
A_cylinder,3,"1,11,19",1914170674,-6.358316548729796
A_cylinder,3,"3,18,19",1198003753,-6.013350773002383
A_cylinder,3,"5,7,12",48632525,-5.8301503751058465
A_cylinder,3,"2,23,28",332332974,-6.532159943329993
A_cylinder,3,"3,7,31",1386391878,-6.0583703461698075
A_cylinder,3,"6,23,25",1055535264,-6.891747513964254
A_cylinder,3,"6,9,11",1422516572,-6.278839373509307
A_cylinder,3,"1,12,17",1822194104,-7.616138219754542
A_cylinder,3,"5,17,23",556372892,-5.9241508645202225
A_cylinder,3,"1,19,25",1218283772,-7.248305702279317
A_cylinder,3,"0,24,29",552560706,-5.9260965315905025
A_cylinder,3,"5,17,31",1576654168,-5.95849309286885
A_cylinder,3,"18,30,31",1027846609,-6.238631443734865
A_cylinder,3,"5,21,27",1005297539,-5.906731808079146
A_cylinder,3,"0,7,24",1565540144,-5.822425119668449
A_cylinder,3,"5,6,22",1107407471,-5.832640332886156
A_cylinder,3,"22,24,27",722010640,-6.644655025525268
A_cylinder,3,"12,19,26",295906611,-6.203135716186649
A_cylinder,3,"1,16,23",1136432268,-6.09852085010787
A_cylinder,3,"14,22,23",1126788465,-6.787264969841263
A_cylinder,3,"3,20,28",170243386,-6.027289824444266
A_cylinder,3,"7,8,20",1774032385,-5.869179000551359
A_cylinder,3,"8,14,22",784099465,-5.869111526283968
A_cylinder,3,"8,20,30",163826487,-5.89184778586961
A_cylinder,3,"5,18,25",120508488,-5.874822357871969
A_cylinder,3,"2,16,26",1220872558,-6.062805426696982
A_cylinder,3,"5,22,27",1674968650,-5.874860421168246
A_cylinder,3,"20,23,30",334383242,-6.759915717382219
A_cylinder,3,"1,17,24",2040023761,-6.304254978607111
A_cylinder,3,"3,6,20",2118021291,-5.912317873008218
A_cylinder,3,"6,9,21",1523657316,-6.040741826768186
A_cylinder,3,"1,22,24",1811912042,-6.546751391715674
A_cylinder,3,"6,12,23",1441705978,-6.593801151051965
A_cylinder,3,"1,15,23",1745538374,-6.751770415988915
A_cylinder,3,"1,2,24",412780379,-6.3667482770941515
A_cylinder,3,"9,14,22",136843979,-7.470820897466804
A_cylinder,3,"8,9,27",2118673319,-5.870362244523467
A_cylinder,3,"18,21,29",205801392,-6.127812488520082
A_cylinder,3,"3,8,9",1965202018,-5.907415937300741
A_cylinder,3,"0,22,30",387678990,-5.810491466394452
A_cylinder,3,"0,22,24",313758946,-5.808964438613809
A_cylinder,3,"7,22,29",887729513,-6.330677838424216
A_cylinder,3,"15,16,22",1304443765,-6.074442209353766
A_cylinder,3,"11,15,19",2072325810,-6.463902273490057
A_cylinder,3,"4,28,29",322346742,-6.29912513722942
A_cylinder,3,"15,22,24",790500179,-6.672387371966856
A_cylinder,3,"3,24,25",527153055,-6.076030723235571
A_cylinder,3,"6,7,19",1754195371,-6.670775909259229
A_cylinder,3,"0,11,24",1929613514,-5.901794639625124
A_cylinder,3,"3,8,10",1153967759,-5.920140895266224
A_cylinder,3,"6,12,15",796074628,-7.206735693994148
A_cylinder,3,"10,23,28",258635838,-6.37977500188035
A_cylinder,3,"7,13,19",1303379562,-5.930851423587613
A_cylinder,3,"19,24,27",2057427174,-6.61054616527182
A_cylinder,3,"22,24,28",361027555,-6.446308969734142
A_cylinder,3,"7,25,27",1856102031,-7.330599487915274
A_cylinder,3,"3,4,24",1930952697,-5.9820463631358995
A_cylinder,3,"13,15,29",1674913688,-5.974174077719288
A_cylinder,3,"3,23,26",281337310,-6.0908075823515695
A_cylinder,3,"6,23,31",488541436,-6.685916936839365
A_cylinder,3,"1,15,19",38111365,-7.0852154116395365
A_cylinder,3,"9,12,26",1227107760,-6.239776266688551
A_cylinder,3,"5,8,25",1032250383,-5.829603810277039
A_cylinder,3,"4,10,18",128922918,-6.078676502513203
A_cylinder,3,"11,16,30",1075405376,-6.1293535371194645
A_cylinder,3,"7,11,22",1002193602,-6.3928463756751635
A_cylinder,3,"0,8,21",1883744775,-5.907458952163835
A_cylinder,3,"4,10,24",695233421,-6.163778367294116
A_cylinder,3,"3,11,14",1344999429,-5.915401775978629
A_cylinder,3,"12,14,27",105356727,-7.643949862996628
A_cylinder,3,"1,4,23",744364688,-6.450386351388667
A_cylinder,3,"15,20,31",146596482,-6.68510725412741
A_cylinder,3,"10,14,23",410859502,-6.138081241038773
A_cylinder,3,"9,12,27",1762771322,-7.732006615500137
A_cylinder,3,"15,16,20",1895319179,-6.076962592389963
A_cylinder,3,"8,12,20",2094596032,-5.856695244973033
A_cylinder,3,"6,17,30",1529593366,-7.811184920330333
A_cylinder,3,"4,9,31",681084242,-6.527472102625068
A_cylinder,3,"18,22,25",1243176818,-6.147878009906538
A_cylinder,3,"6,15,25",1013287825,-6.983688992921017
A_cylinder,3,"8,9,22",1220236692,-5.823504764782123
A_cylinder,3,"4,11,20",1608218428,-6.303843383152015
A_cylinder,3,"1,10,18",1506112417,-6.138279650907712
A_cylinder,3,"5,14,18",1708854648,-5.84674704541005
A_cylinder,3,"4,19,25",1334808475,-7.055307736095605
A_cylinder,3,"11,22,27",48188193,-6.526412718621012
A_cylinder,3,"5,8,18",1782626962,-5.947293169485263
A_cylinder,3,"2,15,29",1360844066,-6.254876658073282
A_cylinder,3,"15,23,30",597652291,-6.708654015580703
A_cylinder,3,"3,10,28",490469402,-6.030772910331599
A_cylinder,3,"13,28,29",1882743953,-5.950986483189839
A_cylinder,3,"0,15,26",1901575238,-5.897539922802741
A_cylinder,3,"6,19,23",1289250460,-6.5519993212246685
A_cylinder,3,"3,14,29",1555905751,-6.0751688124878465
A_cylinder,3,"11,17,19",679323221,-6.390254055212728
A_cylinder,3,"2,25,28",441369515,-6.830010717426542
A_cylinder,3,"3,18,31",1681388885,-6.06383578607157
A_cylinder,3,"5,11,31",1464719176,-5.984940954567573
A_cylinder,3,"3,5,30",1069867594,-5.913284645125964
A_cylinder,3,"1,6,19",1081730163,-6.780254610321702
A_cylinder,3,"19,22,25",832735038,-7.268216618646654
A_cylinder,3,"3,27,30",1097513913,-6.074598208337125
A_cylinder,3,"7,27,28",1870941692,-6.71388468749147
A_cylinder,3,"22,26,27",1033831920,-6.270120197446921
A_cylinder,3,"1,16,19",622587510,-6.066675206796407
A_cylinder,3,"3,4,24",729975683,-5.9934907157779005
A_cylinder,3,"13,14,19",1994185407,-5.945995829895104
A_cylinder,3,"4,10,15",494223641,-6.230885304687689
A_cylinder,3,"3,9,17",547524261,-5.913263551094733
A_cylinder,3,"1,18,23",653628611,-6.106908121029905
A_cylinder,3,"3,5,13",168630996,-5.927072782473514
A_cylinder,3,"3,9,14",402875004,-5.864338467080247
A_cylinder,3,"6,12,19",1362625431,-7.110911523963037
A_cylinder,3,"15,22,23",1011020481,-6.855696981151439
A_cylinder,3,"18,25,27",1840706372,-6.148316081428163
A_cylinder,3,"8,17,25",981736173,-5.83044316239633
A_cylinder,3,"5,7,27",920300800,-5.877433162768486
A_cylinder,3,"0,4,6",997178886,-5.869321488516067
A_cylinder,3,"7,20,25",19833020,-7.219786296951454
A_cylinder,3,"15,17,20",2123865550,-7.522163517433669
A_cylinder,3,"3,11,19",1683448455,-6.030839090690501
A_cylinder,3,"11,15,18",159488091,-6.148132324382599
A_cylinder,3,"9,16,21",1692010388,-6.075808126257146
A_cylinder,3,"19,21,27",1027082633,-6.198892364837703
A_cylinder,3,"9,10,25",950937312,-6.14581231160921
A_cylinder,3,"13,23,29",1888932906,-5.965694324074184
A_cylinder,3,"0,15,20",958275085,-5.819467806159341
A_cylinder,3,"0,3,30",1138482711,-5.869971264047263
A_cylinder,3,"4,9,30",1410089173,-8.256780904722639
A_cylinder,3,"10,13,16",304264111,-5.94854530396495
A_cylinder,3,"10,14,16",2030246812,-5.969465323329905
A_cylinder,3,"3,26,29",1335255093,-6.078707185449721
A_cylinder,3,"4,9,10",559042081,-6.048402913930931
A_cylinder,3,"0,4,9",1982606008,-5.865060458594788
A_cylinder,3,"11,23,25",1479699674,-6.388989287975543
A_cylinder,3,"3,15,17",555839380,-5.998545718432172
A_cylinder,3,"10,13,15",669174530,-5.985071383850488
A_cylinder,3,"6,17,29",1396830577,-6.346777016892316
A_cylinder,3,"5,12,25",1800321559,-5.817627871691782
A_cylinder,3,"8,10,30",279444702,-5.959440591152959
A_cylinder,3,"6,17,27",502092554,-7.62104812511233
A_cylinder,3,"9,16,26",497309464,-6.089779459536903
A_cylinder,3,"7,12,31",1837437216,-6.7013499176377636
A_cylinder,3,"2,25,29",1060202730,-6.292793393859802
A_cylinder,3,"7,20,24",1116035291,-6.5231573466262205
A_cylinder,3,"13,20,22",1127530205,-5.916981313624908
A_cylinder,3,"18,19,24",2005764253,-6.136115397620934
A_cylinder,3,"6,8,17",1750053343,-5.9002926974157
A_cylinder,3,"1,7,16",698123941,-5.9742775471755305
A_cylinder,3,"11,22,24",1274386375,-6.391903038008283
A_cylinder,3,"17,21,31",1830753725,-6.130586787811263
A_cylinder,3,"9,29,30",1875630655,-6.426173012335656
A_cylinder,3,"5,21,27",597566844,-5.890901569812056
A_cylinder,3,"10,20,23",660463624,-6.230870925098286
A_cylinder,3,"3,7,12",824634523,-5.9209862921071625
A_cylinder,3,"0,7,29",552555960,-5.8932704690570885
A_cylinder,3,"0,1,25",1418609294,-5.811257974439711
A_cylinder,3,"2,17,21",801540377,-6.052981948230737
A_cylinder,3,"0,13,17",2039492565,-5.87519178660567
A_cylinder,3,"0,20,24",2055746903,-5.815796006313761
A_cylinder,3,"0,1,8",1857471037,-5.851785843300485
A_cylinder,3,"26,28,30",981216759,-6.335101820595195
A_cylinder,3,"0,3,31",1736916485,-5.898263759570384
A_cylinder,3,"0,15,21",1691883169,-5.819207962924357
A_cylinder,3,"15,23,25",1221161310,-6.845929542424096
A_cylinder,3,"7,23,30",930791955,-6.678923976097469
A_cylinder,3,"0,15,20",1878151846,-5.810387016323482
A_cylinder,3,"3,8,21",1002365814,-5.939286940119808
A_cylinder,3,"13,15,30",296986525,-5.974524079344824
A_cylinder,3,"12,19,31",786373499,-6.582529269966177
A_cylinder,3,"3,5,16",1657715336,-5.953359483167444
A_cylinder,3,"3,9,14",1759400126,-5.872686134655706
A_cylinder,3,"13,23,31",1147770759,-6.017107707595096
A_cylinder,3,"7,15,27",27360525,-7.188044799446499
A_cylinder,3,"13,16,23",328539639,-5.926794717679359
A_cylinder,3,"10,16,20",115954474,-6.012953115852204
A_cylinder,3,"3,8,12",1468325590,-5.825716473682543
A_cylinder,3,"10,17,28",974268285,-6.260225943456288
A_cylinder,3,"5,8,28",280605295,-5.8527049371827555
A_cylinder,3,"11,16,20",635270231,-6.10542071154888
A_cylinder,3,"11,12,17",791183525,-6.249912660402508
A_cylinder,3,"0,6,29",41541746,-5.888247546138508
A_cylinder,3,"13,14,27",2042398173,-5.973281774071942
A_cylinder,3,"2,8,15",252170801,-5.9209398095615144
A_cylinder,3,"1,18,31",39076216,-6.117617756457823
A_cylinder,3,"2,6,29",511581563,-6.36159163791555
A_cylinder,3,"7,26,30",1742079318,-6.123303658447883
A_cylinder,3,"0,19,21",1372717661,-5.811895332588157
A_cylinder,3,"0,5,7",960790456,-5.8294525796594625
A_cylinder,3,"8,13,30",1169346685,-5.8642153957104775
A_cylinder,3,"17,27,30",622192976,-7.546762576487483
A_cylinder,3,"4,8,10",67854947,-5.8976465342447115
A_cylinder,3,"2,7,13",321466004,-5.955920482129895
A_cylinder,3,"15,24,25",185590719,-6.600522894949336
A_cylinder,3,"7,22,27",2072173027,-7.082581728838538
A_cylinder,3,"7,29,30",1304134198,-6.325724603390413
A_cylinder,3,"19,23,26",832059759,-6.230425905995984
A_cylinder,3,"0,9,17",1982522522,-5.852102076694719
A_cylinder,3,"19,22,29",1114884166,-6.563129723637919
A_cylinder,3,"6,25,30",903937599,-7.3196312938432575
A_cylinder,3,"3,7,29",1144905404,-6.095086128028129
A_cylinder,3,"15,27,31",1835755899,-6.692314355440013
A_cylinder,3,"13,20,29",1553137798,-5.972258566457507
A_cylinder,3,"11,22,25",1740433494,-6.612982979596881
A_cylinder,3,"8,11,31",2063942053,-5.923380365522955
A_cylinder,3,"9,21,30",1988486514,-6.09122972381273
A_cylinder,3,"14,24,30",1700339689,-6.5477519411932334
A_cylinder,3,"11,15,25",215970173,-6.336116200582014
A_cylinder,3,"6,26,30",275985570,-6.36206774476714
A_cylinder,3,"11,13,20",381721885,-6.012207034444211
A_cylinder,3,"4,13,16",1036606332,-5.894187047733895
A_cylinder,3,"10,18,31",1733569692,-6.149019997583878
A_cylinder,3,"2,6,23",1936314555,-6.5479649818232915
A_cylinder,3,"3,16,22",735132852,-6.013084275139122
A_cylinder,3,"5,9,10",2110203595,-5.916389112844785
A_cylinder,3,"12,20,22",23283087,-7.579598105108724
A_cylinder,3,"18,21,30",1704851929,-6.126027996494463
A_cylinder,3,"12,24,31",346614930,-6.356534328221512
A_cylinder,3,"0,15,28",454383334,-5.8119852885236725
A_cylinder,3,"4,11,13",22400060,-5.955957496500332
A_cylinder,3,"6,9,30",1117895655,-7.834469739936684
A_cylinder,3,"7,14,30",687146674,-7.542628405825818
A_cylinder,3,"1,16,25",1989678347,-6.048563399347864
A_cylinder,3,"3,23,25",1895771582,-6.050799586395786
A_cylinder,3,"4,13,21",1946744247,-5.978978421027586
A_cylinder,3,"2,4,10",1557516600,-6.054938846214716
A_cylinder,3,"21,25,29",1110659177,-6.1236090480054735
A_cylinder,3,"14,22,28",722319863,-7.1145686429018955
A_cylinder,3,"23,24,25",1937377661,-6.54854338222087
A_cylinder,3,"1,21,24",1609158248,-6.071970547714143
A_cylinder,3,"0,19,27",1164708581,-5.806942672229273
A_cylinder,3,"12,19,27",2082615974,-7.26267704824723
A_cylinder,3,"2,11,13",222184846,-5.958939846408682
A_cylinder,3,"5,7,10",1847563085,-5.825870411824837
A_cylinder,3,"8,17,29",553358044,-5.94806866916966
A_cylinder,3,"4,24,28",1821539931,-6.3924767454149265
A_cylinder,3,"12,13,26",836234622,-5.977580945416617
A_cylinder,3,"6,11,12",278446957,-6.25014592885177
A_cylinder,3,"13,14,28",882382259,-5.922616261004259
A_cylinder,3,"2,13,27",79417538,-6.011325339862429
A_cylinder,3,"11,15,17",2025497434,-6.360683707882146
A_cylinder,3,"0,14,24",782376998,-5.830295031722247
A_cylinder,3,"10,11,30",610681837,-6.204740285065673
A_cylinder,3,"1,15,29",33962446,-6.320755691080661
A_cylinder,3,"4,11,29",844669793,-6.215637135163672
A_cylinder,3,"3,17,29",275723088,-6.027536529654646
A_cylinder,3,"9,19,25",1596455628,-7.170778960861881
A_cylinder,3,"6,15,31",862849631,-6.636170996018797
A_cylinder,3,"10,21,24",1219144283,-6.089942410470304
A_cylinder,3,"18,20,24",70433632,-6.095281492411583
A_cylinder,3,"4,13,14",550586249,-5.89236558400828
A_cylinder,3,"7,10,24",398779511,-6.188456468698434
A_cylinder,3,"1,14,23",1839757442,-6.52024908765886
A_cylinder,3,"6,12,26",1762755351,-6.298454500479495
A_cylinder,3,"5,22,24",602682424,-5.893359958343189
A_cylinder,3,"3,6,20",1457508629,-5.926117427414425
A_cylinder,3,"2,3,23",1457947578,-6.000037626834997
A_cylinder,3,"11,13,28",1602861021,-5.982867557261204
A_cylinder,3,"5,11,26",1539745926,-5.903743722922039
A_cylinder,3,"15,19,29",573069203,-6.4549341007317125
A_cylinder,3,"1,20,25",1290874099,-7.253043446239122
A_cylinder,3,"14,25,27",188092628,-7.40688590363564
A_cylinder,3,"14,17,18",1247550843,-6.077414154415852
A_cylinder,3,"1,5,11",301457674,-5.918755969053149
A_cylinder,3,"2,23,30",261881044,-6.582513476401076
A_cylinder,3,"5,6,23",1902419432,-5.875165599648531
A_cylinder,3,"1,6,11",1894537979,-6.2666099415924945
A_cylinder,3,"20,25,27",58684012,-7.396451937810606
A_cylinder,3,"8,19,28",298920740,-5.918432968502851
A_cylinder,3,"9,14,23",231314092,-6.601693032147395
A_cylinder,3,"3,21,23",695231105,-6.015442007751252
A_cylinder,3,"12,16,31",1139710151,-6.157078806206414
A_cylinder,3,"5,25,29",604920801,-5.917834101826633
A_cylinder,3,"2,13,15",362852271,-5.975064696674805
A_cylinder,3,"7,10,29",1306587675,-6.17163594299168
A_cylinder,3,"24,28,31",1763380733,-6.617964141368092
A_cylinder,3,"6,21,31",1302078739,-6.112918792472571
A_cylinder,3,"13,23,30",417338319,-5.952639466616252
A_cylinder,3,"5,14,18",1001435722,-5.877206913811353
A_cylinder,3,"10,12,20",866179323,-6.219249062539539
A_cylinder,3,"11,15,19",2112685785,-6.478440760087896
A_cylinder,3,"3,17,26",365082561,-6.050575076468815
A_cylinder,3,"20,25,27",2110715288,-7.476309143282081
A_cylinder,3,"18,23,27",789681841,-6.214600089056584
A_cylinder,3,"18,25,27",603343121,-6.1692797898282326
A_cylinder,3,"3,15,21",561224472,-5.9807450834711275
A_cylinder,3,"4,13,16",1133153631,-5.858088057381272
A_cylinder,3,"5,13,31",1878047468,-5.880500853997067
A_cylinder,3,"12,14,19",1967729669,-7.321586165273333
A_cylinder,3,"5,21,25",84721881,-5.954253583792153
A_cylinder,3,"9,13,19",1645058018,-5.958006878037703
A_cylinder,3,"13,26,28",139866506,-5.974001270539629
A_cylinder,3,"1,4,9",1680621158,-7.797513216417053
A_cylinder,3,"2,10,25",1805390950,-6.045015339888083
A_cylinder,3,"5,16,24",1439444419,-5.916563269909448
A_cylinder,3,"5,20,22",1683184819,-5.864988506557419
A_cylinder,3,"5,20,25",1219555607,-5.868770831817049
A_cylinder,3,"13,26,29",111585613,-6.042119718139869
A_cylinder,3,"18,28,30",118052041,-6.234817020008292
A_cylinder,3,"11,24,30",221872206,-6.451159744998102
A_cylinder,3,"2,4,14",344270753,-6.4445219701440895
A_cylinder,3,"12,20,26",1666272896,-6.23578960876469
A_cylinder,3,"3,8,26",952110669,-5.96067071079725
A_cylinder,3,"2,20,22",1681464121,-6.809579591737287
A_cylinder,3,"19,22,28",1562653861,-7.1168036801928904
A_cylinder,3,"2,8,31",1076820930,-5.947662592391066
A_cylinder,3,"14,28,31",239711006,-6.61688973103422
A_cylinder,3,"15,30,31",736788342,-6.777953255381331
A_cylinder,3,"2,10,22",734446544,-6.196083138934218
A_cylinder,3,"2,14,17",263453553,-6.5194342674081955
A_cylinder,3,"3,22,27",1670911001,-5.994312147735003
A_cylinder,3,"16,23,30",6792536,-6.11271513938835
A_cylinder,3,"2,6,12",215705771,-6.453452713698497
A_cylinder,3,"8,21,22",1564353113,-5.953610124825377
A_cylinder,3,"10,15,25",1839776819,-6.206381802848942
A_cylinder,3,"0,2,16",170954660,-5.880594718963507
A_cylinder,3,"5,16,30",2036495140,-5.8807027393578295
A_cylinder,3,"7,24,25",1104007434,-6.430058990581867
A_cylinder,3,"1,10,18",742957644,-6.138095274998247
A_cylinder,3,"5,23,31",1361533942,-5.914933537306711
A_cylinder,3,"17,19,27",1331383558,-7.229313892484429
A_cylinder,3,"24,26,29",263722344,-6.222893149637049
A_cylinder,3,"4,17,27",1088156869,-7.417269349656089
A_cylinder,3,"12,18,20",1849081145,-6.0392075986115925
A_cylinder,3,"0,9,18",611369944,-5.863572427647023
A_cylinder,3,"12,26,30",1006164258,-6.293440278622863
A_cylinder,3,"9,20,23",434431799,-6.74351919583924
A_cylinder,3,"24,27,28",1989621188,-6.645399439519548
A_cylinder,3,"6,12,31",1602752719,-6.679079797282344
A_cylinder,3,"10,21,28",396754894,-6.132565798442191
A_cylinder,3,"13,28,31",476334482,-5.998921281863297
A_cylinder,3,"3,13,20",1052178935,-5.948179889621952
A_cylinder,3,"0,2,18",2037836056,-5.883492877824387
A_cylinder,3,"0,9,14",724345466,-5.795272360028789
A_cylinder,3,"23,28,29",7077337,-6.612607766086896
A_cylinder,3,"3,22,26",600966009,-6.060344821846761
A_cylinder,3,"1,8,10",925993567,-5.866422690372689
A_cylinder,3,"1,9,27",445323915,-7.5483410390735886
A_cylinder,3,"4,12,26",1150014689,-6.15104842822547
A_cylinder,3,"14,23,30",1698349569,-6.8230732258913225
A_cylinder,3,"11,18,28",56699503,-6.212676065447371
A_cylinder,3,"6,8,13",778018708,-5.874280675076022
A_cylinder,3,"10,17,28",1450311286,-6.229809601439607
A_cylinder,3,"16,17,24",1980141483,-6.049656681984452
A_cylinder,3,"19,24,28",972172462,-6.6543140683156325
A_cylinder,3,"2,14,29",1273691847,-6.296341712984334
A_cylinder,3,"10,26,29",973786798,-6.207138828666697
A_cylinder,3,"3,18,28",759027831,-6.037312225838343
A_cylinder,3,"5,12,14",1415320266,-5.8262805470126
A_cylinder,3,"3,11,21",1494224951,-5.998748543300475
A_cylinder,3,"10,25,27",1935720463,-6.3341346456536245
A_cylinder,3,"5,8,12",658766623,-5.825494791848798
A_cylinder,3,"5,28,31",229657031,-5.9523030373967485
A_cylinder,3,"3,4,21",483719750,-5.940474507350814
A_cylinder,3,"3,11,31",739622668,-6.092024943445181
A_cylinder,3,"4,23,27",580361031,-6.572965381694859
A_cylinder,3,"0,8,9",1541519630,-5.88719479221461
A_cylinder,3,"23,30,31",763633621,-6.783837546906724
A_cylinder,3,"4,17,25",998392810,-8.00516220222827
A_cylinder,3,"9,17,21",350179320,-6.01528018254735
A_cylinder,3,"4,5,27",1944549088,-5.821572958716259
A_cylinder,3,"2,15,17",1019175341,-6.524826447601413
A_cylinder,3,"2,14,16",1319298015,-6.096324860043947
A_cylinder,3,"2,6,12",1010060963,-6.444915483393701
A_cylinder,3,"10,16,20",1406163090,-6.0629514430693465
A_cylinder,3,"12,14,29",100242909,-6.32903480704497
A_cylinder,3,"10,18,29",317007037,-6.150197502030444
A_cylinder,3,"12,17,19",176279149,-7.136265879921634
A_cylinder,3,"9,14,23",637149609,-6.558287094578718
A_cylinder,3,"3,8,30",1554872924,-5.840065053304376
A_cylinder,3,"14,22,27",2014651724,-7.104177686481558
A_cylinder,3,"10,12,29",101723644,-6.201883848766971
A_cylinder,3,"5,6,9",1014307864,-5.886665029728877
A_cylinder,3,"4,14,20",306539694,-8.070496985773831
A_cylinder,3,"11,20,27",380478907,-6.553761522409107
A_cylinder,3,"11,14,18",1204982570,-6.155049023986614
A_cylinder,3,"5,8,15",1085571167,-5.845491318842741
A_cylinder,3,"0,22,27",1693142417,-5.806597134643978
A_cylinder,3,"15,25,28",470505837,-7.180268087855736
A_cylinder,3,"22,26,28",592604310,-6.268471247292777
A_cylinder,3,"7,15,31",611976257,-6.748433343641553
A_cylinder,3,"2,14,27",528004789,-6.717166690387753
A_cylinder,3,"5,6,20",94296995,-5.856082656459027
A_cylinder,3,"9,14,28",82457072,-7.541144665218791
A_cylinder,3,"1,2,29",2036901942,-6.343979654977335
A_cylinder,3,"14,26,31",186054905,-6.16748849060043
A_cylinder,3,"1,7,16",147293489,-5.961940173760582
A_cylinder,3,"16,24,28",1353797140,-6.11573539625572
A_cylinder,3,"8,22,26",1335116425,-5.9114230683977205
A_cylinder,3,"8,11,12",1682847653,-5.911716618250744
A_cylinder,3,"13,17,30",1591118182,-5.894622862818548
A_cylinder,3,"13,15,28",117443655,-5.9739197962734165
A_cylinder,3,"7,8,9",385271253,-5.845048548898705
A_cylinder,3,"0,8,31",794015929,-5.8883129570630155
A_cylinder,3,"0,8,20",1691185116,-5.809247430733009
A_cylinder,3,"4,18,31",1711326936,-6.1878816219305195
A_cylinder,3,"11,22,23",1829202292,-6.48000199735796
A_cylinder,3,"10,17,30",191016329,-6.301113971448228
A_cylinder,3,"17,19,28",167593753,-7.052517156841629
A_cylinder,3,"7,14,26",1816222870,-6.196334433394792
A_cylinder,3,"8,16,24",694369209,-5.931316260361998
A_cylinder,3,"2,17,28",1866175447,-6.710501339630186
A_cylinder,3,"12,14,21",1647319192,-5.993423258143499
A_cylinder,3,"0,24,31",841484697,-5.857912177499892
A_cylinder,3,"3,4,11",1658028527,-5.933082880447059
A_cylinder,3,"8,14,31",1319552549,-5.930762951389546
A_cylinder,3,"21,23,31",1099813617,-6.075299912607125
A_cylinder,3,"9,13,23",1625836502,-5.971026863100285
A_cylinder,3,"4,12,23",1471840595,-6.568086044647006
A_cylinder,3,"9,11,24",1362991143,-6.280054767879993
A_cylinder,3,"2,8,20",1758801571,-5.937676467470733
A_cylinder,3,"7,27,31",208103824,-6.61263109568969
A_cylinder,3,"11,14,15",1849452245,-6.388036261056234
A_cylinder,3,"1,9,15",2090736598,-7.135740425739574
A_cylinder,3,"4,9,26",84177489,-6.1886270467107805
A_cylinder,3,"8,24,26",643109838,-5.926639582786424
A_cylinder,3,"11,21,30",352953892,-6.142436354518916
A_cylinder,3,"0,2,8",460882285,-5.901420411961425
A_cylinder,3,"0,5,24",1546550192,-5.825491514416327
A_cylinder,3,"8,19,28",436887331,-5.900396334504088
A_cylinder,3,"2,15,30",739646513,-6.677550939438932
A_cylinder,3,"5,10,23",1244819025,-5.898024668104724
A_cylinder,3,"6,14,22",2086663241,-7.4377297361673
A_cylinder,3,"4,27,31",1089621389,-6.625648288698593
A_cylinder,3,"2,8,19",559468060,-5.945879281853902
A_cylinder,3,"12,24,31",316398814,-6.448373630770796
A_cylinder,3,"4,6,15",1726643959,-6.94582225243005
A_cylinder,3,"7,27,28",586553809,-6.938448644286647
A_cylinder,3,"8,18,23",1287464900,-5.912007737932121
A_cylinder,3,"4,23,27",526155055,-6.691660732536179
A_cylinder,3,"0,1,14",1840601205,-5.841750203086993
A_cylinder,3,"18,19,31",2114158597,-6.138973168788746
A_cylinder,3,"1,20,22",1216010473,-7.197747212457589
A_cylinder,3,"8,26,29",2031040869,-6.00825544826426
A_cylinder,3,"6,18,30",517346992,-6.1215350254288055
A_cylinder,3,"9,10,15",894448345,-6.164145207953659
A_cylinder,3,"8,16,26",1911464481,-5.98099250176257
A_cylinder,3,"5,7,15",94117695,-5.935494260132593
A_cylinder,3,"13,14,18",602766200,-5.929330457184003
A_cylinder,3,"12,25,27",1370896092,-7.623941686542171
A_cylinder,3,"14,18,25",804947582,-6.162041356739377
A_cylinder,3,"17,19,30",1564344827,-7.339507534403419
A_cylinder,3,"8,14,26",1401228180,-5.900290410084536
A_cylinder,3,"10,25,31",1351276094,-6.285708509943035
A_cylinder,3,"1,3,6",1379405242,-5.884753830175795
A_cylinder,3,"3,8,31",180645237,-5.901289849007091
A_cylinder,3,"0,4,12",1441518583,-5.860018520929853
A_cylinder,3,"24,28,29",1166175117,-6.434287809791896
A_cylinder,3,"10,16,27",1654607967,-6.027897923774294
A_cylinder,3,"4,12,31",1730616713,-6.522903381723519
A_cylinder,3,"8,17,20",1516323417,-5.843977625458962
A_cylinder,3,"4,23,31",1718414337,-6.531614933936663
A_cylinder,3,"12,23,27",671322410,-6.8555509614949655
A_cylinder,3,"3,10,12",2059932042,-5.963884307079414
A_cylinder,3,"1,16,26",1949424571,-6.105381545417261
A_cylinder,3,"9,14,31",2114292388,-6.5106668377695724
A_cylinder,3,"4,12,17",1563834555,-8.377818252824571
A_cylinder,3,"0,1,31",339154145,-5.836288972463555
A_cylinder,3,"5,21,23",1297776850,-5.911762398777919
A_cylinder,3,"0,2,18",9508693,-5.88620229554096
A_cylinder,3,"0,16,18",802729427,-5.846698895216532
A_cylinder,3,"7,13,14",1013538117,-5.911851844566949
A_cylinder,3,"12,15,21",1062060278,-6.117481963623323
A_cylinder,3,"6,13,29",313219120,-5.93375875140085
A_cylinder,3,"0,24,26",1974457594,-5.861951351836429
A_cylinder,3,"3,21,30",990190170,-6.014911790321741
A_cylinder,3,"0,6,30",747036611,-5.805113599810526
A_cylinder,3,"2,3,18",1824215927,-5.99536333336184
A_cylinder,3,"1,18,30",2018029597,-6.172837671281224
A_cylinder,3,"9,11,13",624951034,-5.96102195835649
A_cylinder,3,"10,18,28",1202008144,-6.165776671145206
A_cylinder,3,"5,17,26",694404522,-5.930932814037064
A_cylinder,3,"2,4,13",786645662,-5.915808048293771
A_cylinder,3,"1,9,27",621826297,-7.5109670361808325
A_cylinder,3,"12,19,28",1829864299,-7.351252564141864
A_cylinder,3,"3,18,28",33541271,-6.050836596868988
A_cylinder,3,"10,16,26",182408460,-6.1231105196367785
A_cylinder,3,"4,7,17",1884983624,-8.375605157038708
A_cylinder,3,"1,6,15",1582409845,-6.745911512108261
A_cylinder,3,"1,8,27",690323150,-5.890024433101242
A_cylinder,3,"4,19,31",211426319,-6.631707108251799
A_cylinder,3,"4,20,26",693983209,-6.197769799096904
A_cylinder,3,"3,8,31",1323537776,-5.876975504500567
A_cylinder,3,"11,14,17",1508435941,-6.232681526498568
A_cylinder,3,"5,6,23",872761535,-5.872678998951088
A_cylinder,3,"4,29,31",1865842551,-6.4338472688291475
A_cylinder,3,"3,10,22",1876299358,-5.953652032800187
A_cylinder,3,"14,17,27",1056448963,-8.002361609552882
A_cylinder,3,"9,21,22",1210922787,-5.994711975517474
A_cylinder,3,"7,19,21",1687614497,-6.0631284647285995
A_cylinder,3,"7,10,17",2002691336,-6.0988324812601045
A_cylinder,3,"8,21,24",639747922,-5.929528013188241
A_cylinder,3,"6,29,31",774290471,-6.335027443508409
A_cylinder,3,"8,9,31",497602703,-5.85711134174481
A_cylinder,3,"6,26,31",282916610,-6.251553698264104
A_cylinder,3,"7,20,22",1424953292,-6.969481257338197
A_cylinder,3,"8,12,25",1928804712,-5.830603023598374
A_cylinder,3,"4,18,21",1098265859,-6.071899644728512
A_cylinder,3,"11,20,23",131154628,-6.481010567595502
A_cylinder,3,"19,22,28",1477494352,-7.259667999449984
A_cylinder,3,"8,15,20",1838189849,-5.883425225253096
A_cylinder,3,"4,10,29",269731743,-6.1223966668085374
A_cylinder,3,"1,14,29",1761368854,-6.398356268497982
A_cylinder,3,"2,16,28",416056599,-6.097860905103908
A_cylinder,3,"4,12,20",1147851290,-8.309662700709577
A_cylinder,3,"10,22,30",1418581069,-6.254821277953301
A_cylinder,3,"4,16,24",649028405,-6.1251251527905195
A_cylinder,3,"14,19,23",410023812,-6.553264763498677
A_cylinder,3,"12,13,31",2112566251,-5.941926967653862
A_cylinder,3,"3,11,22",1739471741,-6.010544660733757
A_cylinder,3,"2,13,24",1089632890,-6.020725649659744
A_cylinder,3,"0,14,24",1844672716,-5.822430043499294
A_cylinder,3,"10,12,29",1811807347,-6.168522420625036
A_cylinder,3,"13,18,29",1101924655,-6.018039448454433
A_cylinder,3,"4,9,18",2078435184,-6.0697179596789566
A_cylinder,3,"7,10,13",335784449,-5.965920813560091
A_cylinder,3,"0,19,25",675208277,-5.88015621756691
A_cylinder,3,"18,26,31",63109158,-6.23005421146717
A_cylinder,3,"4,5,14",741549722,-5.807470826264241
A_cylinder,3,"15,27,29",1655413850,-6.4045056138993255
A_cylinder,3,"3,25,26",1235156948,-6.059122670191429
A_cylinder,3,"1,4,12",191798544,-8.305362593843292
A_cylinder,3,"16,19,24",1728827674,-6.122059861125213
A_cylinder,3,"13,29,30",1144975043,-5.925074941689426
A_cylinder,3,"14,20,31",132984468,-6.637678369862742
A_cylinder,3,"5,26,28",492104790,-5.910056534122818
A_cylinder,3,"22,29,31",220845538,-6.394799771884834
A_cylinder,3,"20,28,31",442754038,-6.666370487844021
A_cylinder,3,"11,27,28",1644848596,-6.601382195888911
A_cylinder,3,"4,25,31",1096340294,-6.628762046967181
A_cylinder,3,"1,11,12",857356710,-6.222637872112384
A_cylinder,3,"18,20,21",1645102654,-6.185609492560744
A_cylinder,3,"2,24,31",912950726,-6.460337151934335
A_cylinder,3,"5,10,24",760284889,-5.969129185906444
A_cylinder,3,"6,24,25",521275542,-6.4150803487602435
A_cylinder,3,"18,23,31",430577611,-6.196551184796409
A_cylinder,3,"22,26,29",499667077,-6.196180519570278
A_cylinder,3,"9,17,20",2047208992,-7.937062671344721
A_cylinder,3,"4,8,21",1523833539,-5.919350122681963
A_cylinder,3,"9,17,26",210169165,-6.240404329850723
A_cylinder,3,"1,3,31",378309191,-6.042717086952499
A_cylinder,3,"12,14,17",1900298612,-7.5733149959522565
A_cylinder,3,"2,26,31",1107590652,-6.338129532903738
A_cylinder,3,"17,22,28",1727379280,-7.410405765018568
A_cylinder,3,"7,21,31",948557350,-6.0775520884486935
A_cylinder,3,"0,19,26",1600828515,-5.8347777743004
A_cylinder,3,"6,9,16",848279548,-6.119557601864802
A_cylinder,3,"20,22,24",285765913,-6.697181895728588
A_cylinder,3,"7,10,21",1214173429,-6.067474910272344
A_cylinder,3,"7,15,18",490013151,-6.0768152932423085
A_cylinder,3,"0,23,29",509694024,-5.914558578043431
A_cylinder,3,"8,11,12",2046546587,-5.9118937289088
A_cylinder,3,"4,7,26",997379953,-6.227523739307363
A_cylinder,3,"8,17,22",1342136116,-5.823097387007848
A_cylinder,3,"4,16,18",349108602,-6.075161171905185
A_cylinder,3,"5,18,20",29679824,-5.871575292739528
A_cylinder,3,"5,15,29",1618283069,-5.910029276844728
A_cylinder,3,"21,26,29",295377623,-6.13858432472639
A_cylinder,3,"8,24,31",457039871,-6.014410396468249
A_cylinder,3,"2,8,17",1782091587,-5.896513600960904
A_cylinder,3,"29,30,31",1503445539,-6.4591736871936485
A_cylinder,3,"0,2,27",987408778,-5.87144887353182
A_cylinder,3,"9,11,18",908391314,-6.032704717034777
A_cylinder,3,"4,24,28",1343303062,-6.405394853824583
A_cylinder,3,"2,14,17",1849972146,-6.567606567487651
A_cylinder,3,"0,21,30",1007077332,-5.810963001489868
A_cylinder,3,"4,13,28",1165254659,-5.928295810616153
A_cylinder,3,"16,26,29",1550037336,-6.177989007794946
A_cylinder,3,"14,21,29",113433837,-6.120400081675774
A_cylinder,3,"5,7,8",1257161448,-5.86173327785764
A_cylinder,3,"16,25,27",678129488,-6.121152647286601
A_cylinder,3,"2,7,19",1187923790,-6.547410544630645
A_cylinder,3,"14,19,25",455706516,-7.177526891520209
A_cylinder,3,"7,12,22",1483182192,-7.575244473305544
A_cylinder,3,"10,17,26",1988781228,-6.185080853765997
A_cylinder,3,"0,4,17",295377568,-5.8458493112776315
A_cylinder,3,"15,23,27",953348461,-6.782769634827766
A_cylinder,3,"19,23,26",1542854303,-6.237252683109184
A_cylinder,3,"12,13,31",1508572903,-5.93652951033274
A_cylinder,3,"6,7,29",528309155,-6.333007269019421
A_cylinder,3,"4,26,31",1467434953,-6.284815426412539
A_cylinder,3,"8,17,19",960268907,-5.912154913085732
A_cylinder,3,"2,21,25",1083631559,-6.077663811076726
A_cylinder,3,"14,15,21",1171676604,-6.071087786768424
A_cylinder,3,"1,8,14",2129415018,-5.882603714243437
A_cylinder,3,"13,27,31",146779558,-5.96182045076172
A_cylinder,3,"3,27,28",695488502,-6.116309783172578
A_cylinder,3,"5,25,28",423782249,-5.89288927849919
A_cylinder,3,"20,26,30",338183039,-6.26377779162484
A_cylinder,3,"19,20,27",1465428437,-6.974663366058036
A_cylinder,3,"10,15,30",1186029635,-6.314102559948175
A_cylinder,3,"7,8,15",519927717,-5.851666852367627
A_cylinder,3,"1,2,16",692593022,-6.0780018279431935
A_cylinder,3,"12,28,30",1346957792,-7.43533969230415
A_cylinder,3,"12,13,27",887617355,-5.8967907661361805
A_cylinder,3,"5,20,30",270148037,-5.878073181501298
A_cylinder,3,"2,7,29",1225263452,-6.372761205633585
A_cylinder,3,"22,23,25",2087702350,-6.826893343376663
A_cylinder,3,"8,22,29",506858409,-5.9074610971597386
A_cylinder,3,"1,25,31",660609557,-6.752514594227462
A_cylinder,3,"13,17,25",1270578399,-5.8653974706683
A_cylinder,3,"11,20,25",495529094,-6.548797577419738
A_cylinder,3,"12,16,17",479442542,-6.032134518013436
A_cylinder,3,"8,18,28",132387236,-5.873548762137285
A_cylinder,3,"8,9,10",1526000924,-5.910007033941168
A_cylinder,3,"5,24,25",516906796,-5.877267136487192
A_cylinder,3,"7,17,19",974241372,-6.965681402238188
A_cylinder,3,"25,26,28",395256748,-6.326319270884873
A_cylinder,3,"12,17,21",3477818,-6.0460163387761225
A_cylinder,3,"0,3,27",632206460,-5.87587031656941
A_cylinder,3,"0,3,31",940280032,-5.881820166635505
A_cylinder,3,"8,17,24",1851843977,-5.870655199541304
A_cylinder,3,"5,12,15",91912272,-5.898252320435589
A_cylinder,3,"5,9,13",142357377,-5.906075962076241
A_cylinder,3,"9,14,19",674557989,-7.091221572254462
A_cylinder,3,"2,3,17",1575824382,-5.9143507521659675
A_cylinder,3,"12,13,22",703670833,-5.89381236141982
A_cylinder,3,"10,15,31",275616826,-6.290483056785433
A_cylinder,3,"16,25,26",1396431487,-6.057960964782218
A_cylinder,3,"0,3,29",24255064,-5.887502170395451
A_cylinder,3,"0,6,24",501929231,-5.827249972699539
A_cylinder,3,"0,2,18",10427167,-5.89039348871819
A_cylinder,3,"5,10,14",292889202,-5.837510138579998
A_cylinder,3,"3,6,26",539806339,-6.0421255755088135
A_cylinder,3,"7,12,27",11197181,-7.304178753669164
A_cylinder,3,"0,6,29",1333813513,-5.896045116676927
A_cylinder,3,"15,23,29",753934717,-6.481453738876168
A_cylinder,3,"7,14,31",1346149213,-6.649348464186723
A_cylinder,3,"7,14,22",2033113654,-7.469276295464852
A_cylinder,3,"2,15,24",1726136094,-6.327156895476707
A_cylinder,3,"14,20,21",2007346850,-6.029153914309083
A_cylinder,3,"13,14,30",1898901139,-5.9249817656658825
A_cylinder,3,"1,21,23",586338907,-6.133999244661809
A_cylinder,3,"17,26,28",1879146964,-6.20458594592592
A_cylinder,3,"6,8,15",423985233,-5.874004290934616
A_cylinder,3,"19,23,30",33035023,-6.7246316747640815
A_cylinder,3,"4,11,29",810765719,-6.205179242826489
A_cylinder,3,"0,1,30",815442630,-5.819979134989329
A_cylinder,3,"20,25,27",1625532107,-7.415457656688152
A_cylinder,3,"2,14,17",1951418447,-6.636147575664303
A_cylinder,3,"7,16,21",154523309,-6.096435312784612
A_cylinder,3,"1,18,31",1162502600,-6.1135990363141675
A_cylinder,3,"1,3,17",1664154425,-5.934070679877663
A_cylinder,3,"4,8,18",1685627545,-5.899799682962406
A_cylinder,3,"2,6,10",182857420,-6.10968989026965
A_cylinder,3,"1,27,31",309508147,-6.746818160225382
A_cylinder,3,"0,1,19",2131085104,-5.818735753836738
A_cylinder,3,"4,8,24",488659076,-5.9190774604925105
A_cylinder,3,"14,16,21",1184197823,-6.134734022193748
A_cylinder,3,"14,25,28",247352496,-7.101266423063875
A_cylinder,3,"9,12,29",1276969815,-6.374393428138527
A_cylinder,3,"22,23,29",291198383,-6.390672733653764
A_cylinder,3,"1,5,15",41437244,-5.936958833105308
A_cylinder,3,"4,6,8",291950631,-5.911918623693824
A_cylinder,3,"7,14,29",1482556937,-6.282183494959504
A_cylinder,3,"5,8,30",1861871765,-5.8423232287059825
A_cylinder,3,"8,16,30",339089687,-5.839808974574668
A_cylinder,3,"1,14,31",1582752953,-6.6921993800395665
A_cylinder,3,"18,20,25",2093871856,-6.120239133772979
A_cylinder,3,"9,26,29",1300218166,-6.311901144981852
A_cylinder,3,"0,24,28",1973566168,-5.832926345209035
A_cylinder,3,"5,11,18",1111409132,-5.875857604045731
A_cylinder,3,"3,17,18",829780734,-5.98776626466781
A_cylinder,3,"5,6,24",209186976,-5.883398357453616
A_cylinder,3,"1,12,24",1910554469,-6.398758434384435
A_cylinder,3,"0,9,14",601219105,-5.792832228179226
A_cylinder,3,"13,22,29",943298281,-6.027464505258464
A_cylinder,3,"0,4,13",1343428889,-5.866240321267027
A_cylinder,3,"3,17,19",845113636,-5.984879234595327
A_cylinder,3,"11,28,31",354466201,-6.529056735071231
A_cylinder,3,"11,13,25",772589138,-5.976408941248283
A_cylinder,3,"0,5,21",976420609,-5.901700781418617
A_cylinder,3,"2,12,30",1898812561,-6.731307783003029
A_cylinder,3,"0,14,21",2111635397,-5.83207757039642
A_cylinder,3,"9,19,22",2112521322,-7.179229835946526
A_cylinder,3,"11,16,18",1524860015,-6.006346281462664
A_cylinder,3,"11,23,24",1757015221,-6.315799178765432
A_cylinder,3,"12,20,23",457295844,-6.849083781846294
A_cylinder,3,"1,22,27",1997940617,-7.186006864495961
A_cylinder,3,"3,4,15",2020766480,-5.9306448384041905
A_cylinder,3,"7,10,18",223845732,-6.115015371332921
A_cylinder,3,"14,23,28",701713066,-7.00836100403097
A_cylinder,3,"13,25,27",307043303,-5.939650560895266
A_cylinder,3,"1,16,21",1446964586,-6.096945838217136
A_cylinder,3,"0,11,29",891538831,-5.890001813286391
A_cylinder,3,"14,16,27",366337915,-6.045979691414662
A_cylinder,3,"8,21,22",1499548367,-5.9489208651402885
A_cylinder,3,"0,20,27",462064179,-5.811898515355185
A_cylinder,3,"0,14,19",93463995,-5.811696560944534
A_cylinder,3,"6,27,29",1664363893,-6.496634101695607
A_cylinder,3,"4,6,9",2122286842,-7.540329872628718
A_cylinder,3,"9,18,21",1477971074,-6.073459492959491
A_cylinder,3,"12,14,28",957761293,-7.16507074046026
A_cylinder,3,"5,18,20",1928310041,-5.87913612433639
A_cylinder,3,"10,13,23",992218421,-5.980130989576799
A_cylinder,3,"13,24,31",1181902908,-6.0695113469576984
A_cylinder,3,"12,19,21",557500027,-6.118441521050799
A_cylinder,3,"28,29,30",1733737128,-6.5591995605383575
A_cylinder,3,"6,13,17",317327454,-5.954802150933666
A_cylinder,3,"2,6,8",1001931760,-5.903492711422402
A_cylinder,3,"11,17,18",682352706,-6.091753256589614
A_cylinder,3,"3,17,18",755518397,-5.9349249245937825
A_cylinder,3,"17,22,28",705791860,-7.442351145080579
A_cylinder,3,"6,16,17",522362767,-6.0542027473985875
A_cylinder,3,"3,7,29",1339146281,-6.074609663738126
A_cylinder,3,"4,5,28",1900759285,-5.820247622027125
A_cylinder,3,"6,15,25",1642564481,-7.393768547227988
A_cylinder,3,"1,15,28",1186963123,-7.071499263349076
A_cylinder,3,"2,13,15",205639807,-5.984297803708863
A_cylinder,3,"6,16,31",1146392833,-6.118249053712259
A_cylinder,3,"1,18,29",594721953,-6.143270219259905
A_cylinder,3,"0,6,18",320082077,-5.819196386444913
A_cylinder,3,"8,12,16",1927015393,-5.860732014117472
A_cylinder,3,"16,19,31",1248452570,-6.091703975648845
A_cylinder,3,"7,20,31",618915145,-6.53208540336552
A_cylinder,3,"12,25,28",1912998765,-7.3002086249868565
A_cylinder,3,"3,9,30",1810287313,-6.010115838760044
A_cylinder,3,"3,12,18",130104428,-5.952507927500417
A_cylinder,3,"8,19,31",1204924865,-5.923986566326965
A_cylinder,3,"6,11,19",658811184,-6.344579550967864
A_cylinder,3,"3,4,13",649706799,-5.921586664048067
A_cylinder,3,"5,12,27",740217822,-5.866188549112608
A_cylinder,3,"1,3,29",28243656,-6.064392224659322
A_cylinder,3,"13,14,18",1247289730,-5.914538715925166
A_cylinder,3,"14,27,30",1272393570,-7.2165711126307235
A_cylinder,3,"4,5,6",443667869,-5.869809101074656
A_cylinder,3,"1,10,21",2083739283,-6.093829967177072
A_cylinder,3,"7,22,28",1218220107,-6.989238011217423
A_cylinder,3,"10,16,23",6442510,-6.118959403894206
A_cylinder,3,"2,10,24",2101965181,-6.196269257782235
A_cylinder,3,"9,24,30",2103895673,-6.4675441046478355
A_cylinder,3,"14,23,26",1800333055,-6.248299424960696
A_cylinder,3,"0,7,29",787097637,-5.902614397874922
A_cylinder,3,"23,25,30",476229944,-6.647824230100706
A_cylinder,3,"1,15,31",1386440005,-6.663880916323913
A_cylinder,3,"5,8,28",97845034,-5.848740654080234
A_cylinder,3,"1,22,25",1355011104,-6.945000894883577
A_cylinder,3,"4,13,14",1124404999,-5.873520634756125
A_cylinder,3,"3,28,29",1456920638,-6.11195723732548
A_cylinder,3,"2,19,21",1287796010,-6.020014712991283
A_cylinder,3,"13,19,25",315113330,-6.005046141692563
A_cylinder,3,"13,14,15",669270132,-5.921021350275117
A_cylinder,3,"9,11,31",307616500,-6.370447243620104
A_cylinder,3,"5,12,22",596319307,-5.820698267754292
A_cylinder,3,"4,7,13",1116593012,-5.86943225251586
A_cylinder,3,"4,20,29",102951481,-6.307194412862054
A_cylinder,3,"11,21,23",600232581,-6.136082390817944
A_cylinder,3,"10,20,25",917336028,-6.2125017617176805
A_cylinder,3,"1,17,30",133947905,-8.005623924497524
A_cylinder,3,"24,25,31",275828610,-6.447332608457673
A_cylinder,3,"5,12,22",109691696,-5.822434802950146
A_cylinder,3,"20,22,29",1869969370,-6.396667443539256
A_cylinder,3,"15,17,28",1244247128,-7.492633310063045
A_cylinder,3,"15,24,25",1561182586,-6.533071786776292
A_cylinder,3,"5,22,24",1996870921,-5.887753309112282
A_cylinder,3,"6,20,28",376000786,-6.943366505658112
A_cylinder,3,"0,3,18",1949214414,-5.896767320984654
A_cylinder,3,"17,18,21",578602615,-6.057341141035603
A_cylinder,3,"8,13,16",564655647,-5.871969915613108
A_cylinder,3,"14,20,25",1098027468,-7.158832211660418
A_cylinder,3,"4,21,26",1999671203,-6.127335012582494
A_cylinder,3,"2,8,15",1513616220,-5.921922538986812
A_cylinder,3,"17,25,29",1057810166,-6.349454097236848
A_cylinder,3,"22,23,30",1578797915,-6.726581737720657
A_cylinder,3,"3,11,17",1529792023,-5.9509386163923494
A_cylinder,3,"6,16,22",673339107,-6.036861136505192
A_cylinder,3,"15,21,28",626307019,-6.092685868022872
A_cylinder,3,"8,21,31",9619547,-5.907494504731034
A_cylinder,3,"8,15,31",954115711,-5.9887008762868
A_cylinder,3,"6,7,31",58207342,-6.332890761218521
A_cylinder,3,"2,3,23",1668975276,-6.021089184664942
A_cylinder,3,"10,13,30",158022280,-5.997922374158991
A_cylinder,3,"1,10,31",1360278775,-6.153499985377181
A_cylinder,3,"3,25,30",1914115420,-6.043409517126998
A_cylinder,3,"6,21,28",1748591415,-6.129300368989258
A_cylinder,3,"0,2,13",1880365461,-5.889949452258024
A_cylinder,3,"11,12,30",1303914416,-6.500066619091563
A_cylinder,3,"16,17,18",825539388,-6.1210925616472815
A_cylinder,3,"8,20,31",1824222499,-5.918000018701543
A_cylinder,3,"1,3,21",1069985251,-6.018786962115246
A_cylinder,3,"1,2,31",1163014425,-6.451894934149367
A_cylinder,3,"15,16,18",1968844342,-6.017776426069971
A_cylinder,3,"13,16,29",21434475,-6.0340549426117125
A_cylinder,3,"4,11,29",801139805,-6.200786045320933
A_cylinder,3,"0,18,20",72637803,-5.804979269235051
A_cylinder,3,"17,25,28",1564484452,-7.40252213281885
A_cylinder,3,"1,12,14",757261081,-7.427200014219989
A_cylinder,3,"10,22,23",1102357917,-6.276362195634167
A_cylinder,3,"17,19,24",862789653,-6.452338590456702
A_cylinder,3,"12,19,25",1064306451,-7.489333177926439
A_cylinder,3,"9,24,28",1165537706,-6.4865653623711745
A_cylinder,3,"24,25,27",2011846728,-6.645216583850395
A_cylinder,3,"0,11,24",548837931,-5.886930713301933
A_cylinder,3,"10,20,23",1821921830,-6.18551997255848
A_cylinder,3,"3,7,20",524008997,-5.95006055339589
A_cylinder,3,"6,12,29",380359928,-6.38647358936373
A_cylinder,3,"2,11,28",815377925,-6.375210651227359
A_cylinder,3,"8,15,26",1777091470,-5.922243370496731
A_cylinder,3,"9,19,23",189060835,-6.704104483157337
A_cylinder,3,"2,10,20",826960485,-6.182200119605859
A_cylinder,3,"7,18,24",710448036,-6.109675146129967
A_cylinder,3,"8,9,24",1682664578,-5.957287595363346
A_cylinder,3,"16,26,30",1518340085,-6.037761991336807
A_cylinder,3,"9,21,24",2111404691,-6.113081208875771
A_cylinder,3,"11,20,21",1518167597,-6.0727423834939485
A_cylinder,3,"7,9,25",1895601392,-8.126536174954614
A_cylinder,3,"5,19,22",605079595,-5.966979748021146
A_cylinder,3,"10,17,25",1066793221,-6.172830831997152
A_cylinder,3,"14,30,31",1790546203,-6.537780698468435
A_cylinder,3,"0,10,25",1290733298,-5.867922243027551
A_cylinder,3,"13,17,26",1642993791,-5.974451707710212
A_cylinder,3,"2,16,31",1142593524,-6.077467728747703
A_cylinder,3,"1,5,14",1107984784,-5.863444446785049
A_cylinder,3,"4,14,30",244083370,-8.249374057450197
A_cylinder,3,"25,26,28",1619472768,-6.2775504573922465
A_cylinder,3,"9,13,27",1818808395,-5.881000734387923
A_cylinder,3,"17,19,28",1764098228,-7.170641565303767
A_cylinder,3,"2,5,29",1516824125,-5.988853057445639
A_cylinder,3,"6,11,25",366223018,-6.45986781590882
A_cylinder,3,"2,20,28",732943591,-6.791552966574254
A_cylinder,3,"16,17,30",283994997,-6.05566614450236
A_cylinder,3,"4,17,24",848245000,-6.392894840378289
A_cylinder,3,"13,15,30",2013675301,-5.949653800469651
A_cylinder,3,"18,19,23",1386209684,-6.141207703212116
A_cylinder,3,"3,7,25",721418312,-5.907439164199454
A_cylinder,3,"12,22,27",1737709750,-7.585920437303528
A_cylinder,3,"13,19,22",260136199,-5.976271946385779
A_cylinder,3,"12,28,31",1616393880,-6.757104380863083
A_cylinder,3,"1,18,29",1034288041,-6.060452980919928
A_cylinder,3,"6,19,26",1379500814,-6.230731561593919
A_cylinder,3,"4,8,18",257919602,-5.914275710314356
A_cylinder,3,"0,14,22",860353398,-5.808435821383797
A_cylinder,3,"15,25,26",464401581,-6.32238805940151
A_cylinder,3,"9,16,19",1135244515,-6.075025341878549
A_cylinder,3,"13,21,23",1655277538,-5.936237550976356
A_cylinder,3,"12,18,30",467978887,-6.102203503264207
A_cylinder,3,"13,18,26",495765409,-6.045476944260733
A_cylinder,3,"9,16,21",1079778058,-6.051538194084843
A_cylinder,3,"3,13,14",302101118,-5.952333490510349
A_cylinder,3,"7,20,27",996108318,-7.163916181925868
A_cylinder,3,"5,8,28",1396837616,-5.855572605410676
A_cylinder,3,"16,17,30",104918304,-6.048899949507628
A_cylinder,3,"1,7,28",268437099,-6.827258470999334
A_cylinder,3,"11,13,19",1672099791,-5.9924893226834
A_cylinder,3,"1,10,16",1967697311,-6.037426749312247
A_cylinder,3,"17,19,29",346840024,-6.443045658459524
A_cylinder,3,"4,6,16",762099880,-6.043591659364846
A_cylinder,3,"12,19,22",352650736,-7.504323090790998
A_cylinder,3,"10,24,27",63442785,-6.258687726042826
A_cylinder,3,"7,8,23",643176351,-5.878123129163254
A_cylinder,3,"24,29,31",135526740,-6.3121407541380465
A_cylinder,3,"5,8,26",1316186753,-5.845801611664172
A_cylinder,3,"2,29,31",1494625732,-6.436707540754864
A_cylinder,3,"3,15,20",1147124598,-6.024427812945797
A_cylinder,3,"7,11,25",370645114,-6.420321198127694
A_cylinder,3,"12,13,22",66698673,-5.882182647859524
A_cylinder,3,"2,20,21",421689531,-6.097345598349219
A_cylinder,3,"6,8,9",434719755,-5.8275896133778895
A_cylinder,3,"9,14,20",1636288627,-7.606584194442633
A_cylinder,3,"11,12,22",2098523466,-6.452718747945957
A_cylinder,3,"5,8,21",2100392954,-5.944384134101931
A_cylinder,3,"25,26,28",610742515,-6.30666130333048
A_cylinder,3,"6,9,19",1426338838,-7.029421032052197
A_cylinder,3,"12,29,31",1639125491,-6.36891319390785
A_cylinder,3,"4,25,28",1316495933,-7.4093060276455285
A_cylinder,3,"23,27,29",411039605,-6.487443316500574
A_cylinder,3,"7,18,25",963348714,-6.0411769705147345
A_cylinder,3,"10,17,31",1575364258,-6.2458360551406304
A_cylinder,3,"4,12,24",183477887,-6.401882681728744
A_cylinder,3,"1,16,17",1660585213,-5.966631898125178
A_cylinder,3,"8,17,27",299823681,-5.851090199162213
A_cylinder,3,"9,13,21",844552368,-5.9632688561928315
A_cylinder,3,"15,21,22",1419221989,-6.177650331178105
A_cylinder,3,"4,8,16",433100888,-5.914305299018932
A_cylinder,3,"2,29,30",246883296,-6.2851940957345755
A_cylinder,3,"1,23,29",651065470,-6.380785627645031
A_cylinder,3,"0,21,22",133472402,-5.8184020073575455
A_cylinder,3,"0,25,29",996267245,-5.900732530301351
A_cylinder,3,"12,15,20",1451773492,-7.374317374504192
A_cylinder,3,"2,10,25",1455889229,-6.180434876495368
A_cylinder,3,"2,4,7",1283431999,-6.336941445383081
A_cylinder,3,"1,10,26",1699040383,-6.1347598885141785
A_cylinder,3,"11,19,30",929231071,-6.56184939433451
A_cylinder,3,"4,14,17",499068545,-8.003532721250219
A_cylinder,3,"10,21,28",1565432979,-6.107357593327625
A_cylinder,3,"8,18,31",302043722,-5.960073414629286
A_cylinder,3,"7,8,9",331475536,-5.847284712017245
A_cylinder,3,"3,4,8",2107716559,-5.8915135030661165
A_cylinder,3,"20,21,30",330869894,-6.130672263552863
A_cylinder,3,"6,25,29",687760970,-6.410372640944698
A_cylinder,3,"9,17,26",103050064,-6.155902254772909
A_cylinder,3,"2,10,13",1116309114,-5.94525589164478
A_cylinder,3,"0,11,17",333378189,-5.855359742353325
A_cylinder,3,"3,4,31",235435797,-6.038027622250155
A_cylinder,3,"4,11,20",568412845,-6.266459728042432
A_cylinder,3,"5,26,31",932213082,-5.967660106167098
A_cylinder,3,"4,12,19",299901649,-6.944358267806117
A_cylinder,3,"12,13,28",1352115524,-5.90466555578614
A_cylinder,3,"8,17,28",1844019471,-5.86254330969288
A_cylinder,3,"9,13,15",1577642822,-5.9473103848872535
A_cylinder,3,"1,2,18",987332394,-6.106946249368563
A_cylinder,3,"8,24,30",641872645,-5.875672619781262
A_cylinder,3,"19,23,30",1898965319,-6.872015489573793
A_cylinder,3,"1,21,22",1402744339,-6.05460802346624
A_cylinder,3,"3,14,28",1400943362,-5.9893263741830784
A_cylinder,3,"3,11,28",1973116331,-6.050295390101191
A_cylinder,3,"13,22,25",1008743887,-5.912611979239674
A_cylinder,3,"14,25,27",843362389,-7.347349378729721
A_cylinder,3,"2,3,31",1754028005,-6.068240579229763
A_cylinder,3,"22,23,30",1103185932,-6.798030361544219
A_cylinder,3,"0,10,20",1121409475,-5.798295818685286
A_cylinder,3,"0,7,15",1625532693,-5.88615747088075
A_cylinder,3,"7,13,26",1710058512,-5.946895764740844
A_cylinder,3,"18,23,25",196753085,-6.143044833235078
A_cylinder,3,"7,24,26",89066735,-6.159408060285633
A_cylinder,3,"4,19,30",2015915523,-6.945399390650589
A_cylinder,3,"1,5,19",597174063,-5.935754185840162
A_cylinder,3,"2,9,26",1742666157,-6.195703584276255
A_cylinder,3,"14,18,26",478007851,-6.089487147864836
A_cylinder,3,"21,24,30",1125319874,-6.118417173569972
A_cylinder,3,"13,17,22",1466026949,-5.876644063553683
A_cylinder,3,"2,20,27",1224033478,-6.771511329873034
A_cylinder,3,"3,7,20",670030746,-5.928768830513794
A_cylinder,3,"14,23,31",1349782245,-6.705558358965159
A_cylinder,3,"17,21,25",1305832358,-5.999442343770552
A_cylinder,3,"5,10,19",1495987368,-5.937082819970659
A_cylinder,3,"12,25,30",106524022,-7.742149970703662
A_cylinder,3,"3,11,24",1646486219,-6.04530092931832
A_cylinder,3,"2,24,28",1565407782,-6.385647851370769
A_cylinder,3,"10,26,27",1249946121,-6.225927508222425
A_cylinder,3,"13,24,25",998714768,-5.899257056459066
A_cylinder,3,"15,16,31",2112322064,-6.076851749226712
A_cylinder,3,"0,19,21",748075027,-5.83352135037251
A_cylinder,3,"5,7,23",396121071,-5.876940828032408
A_cylinder,3,"2,12,21",401960497,-6.052293389941819
A_cylinder,3,"3,5,12",1965571254,-5.882978550954221
A_cylinder,3,"14,25,27",101609628,-7.120821934371134
A_cylinder,3,"19,21,31",493918993,-6.114792222962445
A_cylinder,3,"0,3,19",1066083370,-5.875832656424397
A_cylinder,3,"5,9,27",990155178,-5.843550268156896
A_cylinder,3,"13,17,24",301941133,-5.9023185519428925
A_cylinder,3,"23,24,31",737657115,-6.438859329368192
A_cylinder,3,"17,19,21",797013270,-6.13405694614732
A_cylinder,3,"3,7,22",835685509,-5.918259289502221
A_cylinder,3,"0,15,31",477163035,-5.830715929254941
A_cylinder,3,"21,24,31",833222549,-6.280161449227032
A_cylinder,3,"25,26,28",1668641072,-6.298927654899532
A_cylinder,3,"2,8,15",803775652,-5.938564785207967
A_cylinder,3,"17,20,25",392290250,-7.622901501154646
A_cylinder,3,"3,4,22",1624140725,-5.875985681638576
A_cylinder,3,"13,25,31",1465277887,-6.037156306946469
A_cylinder,5,"5,17,21,22,23",743773494,-5.942641344418504
A_cylinder,5,"1,4,12,13,19",43048249,-5.965615404828829
A_cylinder,5,"1,11,24,27,28",1293390504,-6.566820973197588
A_cylinder,5,"5,8,14,23,24",1029196837,-5.948517564381769
A_cylinder,5,"9,16,17,18,26",2137681707,-6.082409277526185
A_cylinder,5,"7,12,21,22,30",1475725852,-6.194690789402621
A_cylinder,5,"0,11,21,28,30",701346825,-5.8936165050148315
A_cylinder,5,"3,5,16,18,22",1560052662,-5.928038937015655
A_cylinder,5,"5,11,14,30,31",759514969,-6.002798132894406
A_cylinder,5,"0,10,15,17,31",464606985,-5.885062565440942
A_cylinder,5,"4,10,23,26,29",1298485153,-6.190024439063181
A_cylinder,5,"6,12,19,20,25",610953944,-7.341432108486518
A_cylinder,5,"6,9,13,20,27",635953774,-5.980379023144859
A_cylinder,5,"6,13,23,27,28",1595472345,-5.980984229806809
A_cylinder,5,"2,18,20,27,29",38367876,-6.252938137319834
A_cylinder,5,"4,13,21,22,31",321793697,-5.9740002891612365
A_cylinder,5,"13,14,19,21,30",478783828,-6.015749961609487
A_cylinder,5,"10,15,23,28,30",605086608,-6.441326571563056
A_cylinder,5,"17,19,22,23,24",1360256245,-6.603926464766575
A_cylinder,5,"5,11,14,19,26",2009805277,-5.983664615215118
A_cylinder,5,"5,12,13,20,30",1377237760,-5.902863413718188
A_cylinder,5,"4,8,12,16,20",1281996545,-5.8914363302949395
A_cylinder,5,"9,14,19,25,27",1870620102,-7.660207631782688
A_cylinder,5,"2,8,13,24,31",362920626,-6.005606411085202
A_cylinder,5,"3,8,9,20,29",60333242,-5.9266519698283675
A_cylinder,5,"2,8,12,20,28",87403553,-5.953043857696584
A_cylinder,5,"1,9,10,16,21",2102498498,-6.017816470236258
A_cylinder,5,"3,5,6,10,18",1404789727,-5.909206987728982
A_cylinder,5,"7,14,21,25,31",1772427562,-6.241992466611404
A_cylinder,5,"2,9,11,18,22",1064381549,-6.11828322400252
A_cylinder,5,"9,10,17,22,27",783505531,-6.275235337204968
A_cylinder,5,"8,13,15,23,31",1833878345,-5.92634080626046
A_cylinder,5,"0,9,25,27,31",2422981,-5.884456114194229
A_cylinder,5,"9,19,20,25,29",684205321,-6.589131180444894
A_cylinder,5,"10,14,20,23,31",1991786236,-6.359378704187924
A_cylinder,5,"5,12,13,15,22",1656592822,-5.9029796731741495
A_cylinder,5,"3,11,15,25,26",2022447781,-6.055717443062483
A_cylinder,5,"1,14,18,20,22",1313617105,-6.164832254689143
A_cylinder,5,"4,5,8,28,31",755769209,-5.905507466489986
A_cylinder,5,"6,10,15,18,25",1826820230,-6.155224843014324
A_cylinder,5,"6,10,12,15,31",2076124862,-6.297681601857902
A_cylinder,5,"8,23,24,28,31",283799322,-6.059791689273337
A_cylinder,5,"11,16,20,21,31",953311164,-6.117442683042135
A_cylinder,5,"6,8,20,27,31",1263902502,-6.045343133996221
A_cylinder,5,"2,6,20,27,31",977751042,-6.742411754738318
A_cylinder,5,"0,2,8,16,31",1585909132,-5.898624061272516
A_cylinder,5,"0,12,14,27,29",340374408,-5.890615584805745
A_cylinder,5,"11,21,22,27,31",263987412,-6.231666588873324
A_cylinder,5,"12,22,25,28,30",1189779722,-7.83338778762519
A_cylinder,5,"4,9,12,23,28",1086839844,-6.741411578881387
A_cylinder,5,"0,12,16,24,26",476763850,-5.922991631681612
A_cylinder,5,"1,3,9,14,18",589803526,-5.997292848446353
A_cylinder,5,"12,15,17,20,28",774553036,-7.495110402906564
A_cylinder,5,"1,14,22,24,29",611601101,-6.561011089752822
A_cylinder,5,"1,6,9,12,14",126622869,-8.214866106379278
A_cylinder,5,"2,15,17,19,30",876240987,-6.764131078345055
A_cylinder,5,"7,11,19,20,22",1630804104,-6.6379821139510335
A_cylinder,5,"0,12,17,20,31",987258604,-5.86526643895128
A_cylinder,5,"0,4,14,17,22",24779986,-5.845065854149082
A_cylinder,5,"2,3,10,12,26",1420433583,-6.012055797149373
A_cylinder,5,"8,14,16,19,24",259421909,-6.016487902681344
A_cylinder,5,"1,6,12,26,30",659292035,-6.306085075198645
A_cylinder,5,"2,3,5,15,25",1239848179,-5.903003968183819
A_cylinder,5,"4,5,8,22,29",1923668394,-5.917593587814512
A_cylinder,5,"4,7,8,19,28",948417075,-5.948428873789325
A_cylinder,5,"6,13,21,22,30",1140171106,-6.0157738066907385
A_cylinder,5,"6,7,17,19,22",1676791564,-7.520216300514539
A_cylinder,5,"4,7,21,26,31",1523698005,-6.16617458999388
A_cylinder,5,"6,15,17,23,26",66022950,-6.370090954424072
A_cylinder,5,"5,17,18,20,23",998351950,-5.970034924213026
A_cylinder,5,"9,12,17,19,22",1897988200,-7.247370002566792
A_cylinder,5,"2,6,17,20,22",306348505,-6.874444380441567
A_cylinder,5,"0,1,7,14,25",564308204,-5.8741639692359335
A_cylinder,5,"14,16,18,25,27",502608470,-6.016744926939039
A_cylinder,5,"4,7,12,13,19",497918558,-5.965673210766847
A_cylinder,5,"5,9,24,28,29",54286909,-6.004266847117438
A_cylinder,5,"8,10,12,18,27",1322408766,-5.945494308566458
A_cylinder,5,"8,17,26,27,28",1624133081,-5.995622852079576
A_cylinder,5,"5,13,17,20,25",1652608684,-5.899035638238293
A_cylinder,5,"7,13,16,17,22",1943685712,-5.99357038417125
A_cylinder,5,"11,17,22,28,29",1189317949,-6.448629701199144
A_cylinder,5,"12,20,22,25,28",151726053,-7.685667789159065
A_cylinder,5,"2,6,12,17,20",196440271,-6.785063779616054
A_cylinder,5,"4,6,25,29,30",928768644,-6.465223990525258
A_cylinder,5,"5,7,14,15,21",895974997,-5.935062399835963
A_cylinder,5,"8,25,26,27,29",2090430649,-6.061377913975331
A_cylinder,5,"2,3,4,7,28",804466515,-6.029469714992103
A_cylinder,5,"0,14,15,24,27",1272048007,-5.897792544845439
A_cylinder,5,"8,14,16,25,31",1139995151,-6.013078428240188
A_cylinder,5,"1,3,23,28,30",931620585,-6.178442771639874
A_cylinder,5,"0,4,8,19,29",1707811296,-5.85830242159555
A_cylinder,5,"3,7,9,17,31",734818930,-6.100806960987336
A_cylinder,5,"0,2,21,22,28",1565253256,-5.885282153546646
A_cylinder,5,"1,5,6,16,27",332342222,-5.9376576867618835
A_cylinder,5,"2,16,22,23,31",1366395509,-6.243017995383338
A_cylinder,5,"4,5,17,23,25",856489869,-5.924687033135348
A_cylinder,5,"8,12,14,26,27",1417770483,-5.977621348738625
A_cylinder,5,"3,12,13,26,28",994096404,-5.967435672781256
A_cylinder,5,"3,12,13,19,20",1675483751,-5.954623563270451
A_cylinder,5,"3,11,12,14,15",888703425,-6.023009138309965
A_cylinder,5,"5,6,10,24,26",752706202,-5.982976812952595
A_cylinder,5,"6,16,20,24,26",16595482,-6.161906892831846
A_cylinder,5,"7,10,20,24,27",260274981,-6.34264449721122
A_cylinder,5,"3,4,6,18,29",1356039975,-6.030489586586183
A_cylinder,5,"0,4,13,15,22",145737304,-5.8501265367307145
A_cylinder,5,"9,13,15,17,29",2096956830,-6.021708838472905
A_cylinder,5,"2,9,19,25,29",1252841504,-6.439937106718362
A_cylinder,5,"0,9,27,28,30",683506374,-5.834841195165855
A_cylinder,5,"5,6,9,10,20",970683599,-5.916320086920265
A_cylinder,5,"1,20,22,23,29",646356626,-6.498673897396024
A_cylinder,5,"10,20,21,26,28",878159957,-6.129518112168036
A_cylinder,5,"10,12,16,20,25",1122842673,-6.128636848026408
A_cylinder,5,"1,9,15,16,27",339643610,-6.176819505929481
A_cylinder,5,"5,6,15,18,22",1958981996,-5.956394822367294
A_cylinder,5,"10,20,21,23,29",971468155,-6.1090292033178875
A_cylinder,5,"5,10,21,26,28",417853917,-6.004042039808672
A_cylinder,5,"2,12,17,20,30",567552489,-6.939050459271078
A_cylinder,5,"9,11,13,18,20",1200715350,-6.0320458637007945
A_cylinder,5,"1,11,21,29,31",856058663,-6.216408403419749
A_cylinder,5,"11,25,27,28,31",2064832524,-6.5586896941289945
A_cylinder,5,"2,10,13,28,29",728945460,-6.008291607784096
A_cylinder,5,"14,15,18,28,30",1192441017,-6.329912468434982
A_cylinder,5,"2,4,16,20,23",1298646268,-6.141824543402343
A_cylinder,5,"4,9,12,22,28",1428011533,-7.308661481146708
A_cylinder,5,"6,22,23,26,27",1757706059,-6.404761341029296
A_cylinder,5,"0,14,18,22,30",573099069,-5.826954747634446
A_cylinder,5,"4,14,17,21,23",1504709988,-6.101231131971209
A_cylinder,5,"8,10,12,14,17",255072066,-5.932928579989855
A_cylinder,5,"10,16,20,21,26",1252259222,-6.085719464735552
A_cylinder,5,"3,4,10,27,30",1614973049,-6.051892414765348
A_cylinder,5,"3,10,14,21,27",1790648046,-6.026657517704625
A_cylinder,5,"0,10,22,27,29",830987455,-5.905383907997762
A_cylinder,5,"1,3,9,25,28",1999281982,-6.108529135838702
A_cylinder,5,"1,5,15,21,31",2101264739,-6.009547111707502
A_cylinder,5,"1,8,18,20,28",1964155292,-5.956321244475308
A_cylinder,5,"6,7,20,27,29",1625012326,-6.52568550927236
A_cylinder,5,"1,9,27,29,31",1364685450,-6.447071507617424
A_cylinder,5,"2,8,15,18,21",825072297,-5.969196502527377
A_cylinder,5,"3,13,15,21,29",2114349454,-5.998242271165591
A_cylinder,5,"2,4,10,19,30",890752570,-6.225996715923004
A_cylinder,5,"0,6,16,17,27",255996122,-5.866393786343137
A_cylinder,5,"7,17,18,26,30",287225812,-6.266847442321396
A_cylinder,5,"5,11,14,17,21",1312955322,-5.926387277583025
A_cylinder,5,"2,6,15,16,27",1460418487,-6.205911811083518
A_cylinder,5,"4,8,9,23,30",1571227593,-5.945020013945904
A_cylinder,5,"5,10,13,14,23",217243802,-5.958431043434898
A_cylinder,5,"1,6,8,9,20",339919893,-5.901941480572687
A_cylinder,5,"1,8,17,19,23",1681935095,-5.972209330115168
A_cylinder,5,"2,4,10,17,27",2111574680,-6.161289742740375
A_cylinder,5,"6,10,18,27,29",1856615115,-6.197899299336302
A_cylinder,5,"4,16,19,21,26",574001961,-6.087734605305627
A_cylinder,5,"2,7,17,20,26",1216910509,-6.267093786399387
A_cylinder,5,"1,2,7,13,31",1660898389,-6.007674265669482
A_cylinder,5,"1,13,23,26,28",301928151,-6.1057516998060075
A_cylinder,5,"5,13,19,21,23",434081519,-5.972559349727712
A_cylinder,5,"4,14,15,21,25",200605860,-6.121873868985162
A_cylinder,5,"3,9,16,23,30",1672335610,-6.008370688034574
A_cylinder,5,"10,14,16,25,29",1633061776,-6.176139751156001
A_cylinder,5,"11,14,17,18,22",886761587,-6.143388447653809
A_cylinder,5,"3,7,19,20,22",2028468440,-6.122198758643394
A_cylinder,5,"0,1,7,18,24",53819326,-5.834517849047229
A_cylinder,5,"3,8,10,16,28",333709754,-5.951024926868889
A_cylinder,5,"1,5,11,17,19",1750287286,-5.939412021278583
A_cylinder,5,"7,12,16,19,25",678130172,-6.14841325105104
A_cylinder,5,"3,18,19,21,30",419177467,-6.060125059685017
A_cylinder,5,"4,11,13,20,23",999340530,-5.973775564607937
A_cylinder,5,"1,7,15,20,25",1226664341,-7.201331078351566
A_cylinder,5,"12,18,19,22,26",1038204438,-6.2670005175022485
A_cylinder,5,"13,16,22,23,24",540164750,-6.00753308131653
A_cylinder,5,"7,10,18,19,28",1375569925,-6.162644510532855
A_cylinder,5,"1,5,14,26,31",1818595052,-6.014080702716317
A_cylinder,5,"3,9,15,22,23",1914831884,-6.111616611874537
A_cylinder,5,"6,8,14,17,24",452164415,-5.930436349291847
A_cylinder,5,"3,14,20,22,25",1543641367,-6.096783019398769
A_cylinder,5,"8,10,23,28,29",397641959,-6.005657725329642
A_cylinder,5,"1,2,10,15,25",807665734,-6.198862567514239
A_cylinder,5,"6,17,19,22,31",2100453352,-6.702105382964087
A_cylinder,5,"5,7,9,11,22",2001523900,-5.920602219741281
A_cylinder,5,"8,9,20,25,27",428783050,-5.894340716222842
A_cylinder,5,"8,12,14,15,31",1502618379,-5.9559182108254145
A_cylinder,5,"0,2,4,10,12",336370806,-5.8288886415441805
A_cylinder,5,"12,16,17,19,20",1364234884,-6.148331739729724
A_cylinder,5,"1,4,19,22,28",1652813572,-7.09813989530068
A_cylinder,5,"6,7,8,9,10",250205407,-5.92427454752009
A_cylinder,5,"1,8,15,25,29",937821321,-5.967261323001224
A_cylinder,5,"13,18,22,29,30",1745937785,-6.027182449541832
A_cylinder,5,"10,11,15,23,25",606561664,-6.268507374538296
A_cylinder,5,"0,7,16,20,27",839231869,-5.824011487738614
A_cylinder,5,"3,15,16,23,29",1905504511,-6.10252969516854
A_cylinder,5,"4,7,23,25,26",595190427,-6.241634487489687
A_cylinder,5,"2,3,23,24,31",1688308077,-6.108268846171691
A_cylinder,5,"3,15,25,26,30",1409474657,-6.131909890059932
A_cylinder,5,"1,3,6,10,29",338831184,-6.015092634414436
A_cylinder,5,"6,9,18,21,23",381695592,-6.0686188211998875
A_cylinder,5,"2,13,18,27,30",35672873,-6.002773445056131
A_cylinder,5,"0,13,15,17,29",612672679,-5.872138357529495
A_cylinder,5,"2,4,13,19,30",671130805,-5.991237464673708
A_cylinder,5,"11,13,17,28,29",1847890152,-6.014000920814694
A_cylinder,5,"6,7,18,20,24",1090695595,-6.170381141325142
A_cylinder,5,"1,19,20,25,30",877981204,-7.357403111051567
A_cylinder,5,"4,5,12,21,28",794914880,-5.930266456457737
A_cylinder,5,"1,16,18,19,22",212391695,-6.168642464589157
A_cylinder,5,"15,18,20,27,31",1140089584,-6.282126410481291
A_cylinder,5,"2,3,22,24,28",1321755979,-6.11441142568471
A_cylinder,5,"14,17,19,23,29",223077003,-6.470462232494822
A_cylinder,5,"10,11,21,26,30",1295346950,-6.11846250457394
A_cylinder,5,"1,2,8,12,13",410779333,-5.8906534637144095
A_cylinder,5,"2,8,22,23,27",2092977264,-5.970687847565254
A_cylinder,5,"3,10,14,22,23",1055689735,-6.071210088467836
A_cylinder,5,"2,4,13,25,30",1216421550,-5.9837981907305355
A_cylinder,5,"2,13,21,26,27",1362201376,-6.045476423521591
A_cylinder,5,"11,14,24,27,30",1592072759,-6.507648703238359
A_cylinder,5,"5,6,9,14,25",680529132,-5.916531616778197
A_cylinder,5,"10,12,14,19,24",1789358915,-6.33012354504231
A_cylinder,5,"1,21,22,24,30",1651155896,-6.112784331446836
A_cylinder,5,"8,9,13,21,26",1639547276,-5.947940793210302
A_cylinder,5,"2,11,17,18,21",1185584919,-6.0803406807835
A_cylinder,5,"12,20,22,25,29",710157998,-6.487361166259275
A_cylinder,5,"4,6,7,30,31",414673489,-6.708444411204314
A_cylinder,5,"4,14,18,22,29",1015736363,-6.183028687000668
A_cylinder,5,"2,9,16,17,19",1524695046,-6.104645903386277
A_cylinder,5,"3,15,20,22,28",231329755,-6.18960255285629
A_cylinder,5,"2,21,22,25,30",1699576115,-6.197666234514468
A_cylinder,5,"1,4,24,26,29",346331742,-6.2898750628044615
A_cylinder,5,"6,8,21,22,25",1746096466,-5.94699551852038
A_cylinder,5,"4,7,14,24,31",1466653121,-6.514529038441683
A_cylinder,5,"2,4,12,18,25",500103839,-6.077228450704387
A_cylinder,5,"1,3,16,22,23",1080432677,-6.036967904603879
A_cylinder,5,"2,13,23,27,28",378843504,-6.072073056330616
A_cylinder,5,"11,13,14,17,25",1357915068,-5.966965888096355
A_cylinder,5,"0,4,9,11,25",691981616,-5.818477871755718
A_cylinder,5,"1,8,10,14,25",1995844324,-5.944591323957166
A_cylinder,5,"2,6,27,29,31",1343329699,-6.332716941759492
A_cylinder,5,"5,11,18,19,23",53262740,-6.0032349001865555
A_cylinder,5,"0,15,17,30,31",1903519017,-5.892795232103563
A_cylinder,5,"3,13,20,22,29",1658691401,-6.015691018827013
A_cylinder,5,"8,17,22,23,27",120113056,-5.999584042135561
A_cylinder,5,"1,6,14,21,29",624863656,-6.028144316535109
A_cylinder,5,"0,1,4,5,10",1591031775,-5.86202921711612
A_cylinder,5,"18,24,25,29,30",143815338,-6.266820064358362
A_cylinder,5,"7,10,11,25,27",96994086,-6.274754480755667
A_cylinder,5,"1,5,6,13,29",1753911092,-5.946177581556681
A_cylinder,5,"19,20,23,24,27",1999198152,-6.733291087185632
A_cylinder,5,"3,5,18,30,31",1943806193,-5.975802833772129
A_cylinder,5,"3,7,14,24,29",491131443,-6.1166540480983835
A_cylinder,5,"0,17,23,26,28",1563319927,-5.908541913926795
A_cylinder,5,"0,2,5,24,25",286901839,-5.867407016333937
A_cylinder,5,"3,7,13,22,29",486045243,-5.977717632030697
A_cylinder,5,"0,4,8,17,29",456375617,-5.851660487540634
A_cylinder,5,"3,14,19,21,23",749248192,-6.067649835557799
A_cylinder,5,"3,6,12,26,28",501913189,-6.050691441303
A_cylinder,5,"2,8,16,22,31",1770715353,-5.96912755962276
A_cylinder,5,"0,6,12,15,31",1802382081,-5.876775319620248
A_cylinder,5,"3,16,24,25,26",58905885,-6.049037808980332
A_cylinder,5,"1,5,8,13,28",874954918,-5.920554186951479
A_cylinder,5,"3,4,6,17,27",1739526218,-6.040070971039736
A_cylinder,5,"4,12,23,25,26",165657814,-6.281677397568882
A_cylinder,5,"3,23,25,27,31",400020263,-6.213780786171986
A_cylinder,5,"3,10,20,22,31",949580088,-6.086318935358801
A_cylinder,5,"2,7,9,12,23",1425391404,-6.503141742880053
A_cylinder,5,"7,9,13,22,24",1579372038,-5.993550023336376
A_cylinder,5,"2,8,22,26,28",989771248,-5.981997128966655
A_cylinder,5,"2,9,19,29,30",1098939439,-6.419529993279997
A_cylinder,5,"9,11,12,25,26",387237610,-6.247221112443463
A_cylinder,5,"4,9,19,27,28",169234825,-6.97737023941365
A_cylinder,5,"3,5,6,8,24",1066960672,-5.893596991133577
A_cylinder,5,"3,15,19,24,28",1855821385,-6.183174951332769
A_cylinder,5,"10,14,16,24,27",2081525594,-6.1590999612113
A_cylinder,5,"3,9,20,22,30",1691927533,-6.170231704257136
A_cylinder,5,"5,12,20,25,28",37493945,-5.917884253607014
A_cylinder,5,"0,4,8,19,27",948740610,-5.852336217379379
A_cylinder,5,"0,7,13,15,27",606097819,-5.889588318861647
A_cylinder,5,"2,9,15,17,27",208977079,-6.765163743368915
A_cylinder,5,"5,9,25,26,31",665579136,-6.013143833070827
A_cylinder,5,"5,14,17,27,28",152109958,-5.908978300088574
A_cylinder,5,"1,9,15,28,30",2093032203,-7.255831279576799
A_cylinder,5,"3,4,16,28,31",1973893338,-6.09254298795759
A_cylinder,5,"2,8,15,21,24",1612035734,-5.986166742460073
A_cylinder,5,"3,10,14,20,22",1947781809,-6.044066300909755
A_cylinder,5,"8,17,20,28,31",1526982240,-6.027887319732794
A_cylinder,5,"0,6,17,19,26",618340697,-5.892769051698776
A_cylinder,5,"3,10,20,25,27",2113725102,-6.122260945334609
A_cylinder,5,"6,7,10,12,16",285352724,-6.046116938870231
A_cylinder,5,"1,3,13,24,25",2029286418,-5.980459072562809
A_cylinder,5,"10,12,13,21,27",1863958721,-5.991843318553829
A_cylinder,5,"6,9,18,20,24",759425113,-6.19347519288573
A_cylinder,5,"0,1,11,12,26",1919389611,-5.875299252233229
A_cylinder,5,"15,16,17,21,30",564613199,-6.034426374892584
A_cylinder,5,"0,2,17,27,28",1175081411,-5.879927331935842
A_cylinder,5,"14,19,20,21,25",528100790,-6.143294891023337
A_cylinder,5,"1,4,18,22,30",883249584,-6.272953407924613
A_cylinder,5,"1,3,8,10,11",1685224501,-5.916758656423037
A_cylinder,5,"4,5,12,25,28",474932578,-5.934259049855988
A_cylinder,5,"1,5,26,28,29",2106581350,-5.982363067132791
A_cylinder,5,"8,16,20,26,28",1095518643,-6.009441255323263
A_cylinder,5,"0,1,12,20,24",917611378,-5.815478469234875
A_cylinder,5,"4,5,19,30,31",45007768,-5.978825939532463
A_cylinder,5,"1,4,9,13,27",1222884417,-5.952784610022472
A_cylinder,5,"1,11,14,15,29",1662442100,-6.411473359183619
A_cylinder,5,"1,4,7,14,19",967933102,-7.097191214846285
A_cylinder,5,"7,19,23,27,28",1721214636,-7.00849599370057
A_cylinder,5,"2,3,8,18,21",732282487,-5.9358330916432065
A_cylinder,5,"5,6,11,15,25",460326230,-5.9644799449638155
A_cylinder,5,"3,6,12,16,19",1814389076,-6.005089163699439
A_cylinder,5,"8,11,13,23,31",787311136,-5.946066221008485
A_cylinder,5,"2,6,17,28,30",1829998271,-6.86735161735147
A_cylinder,5,"3,13,14,15,31",2140735509,-5.978086488894297
A_cylinder,5,"3,7,23,29,31",1792051804,-6.152860573568589
A_cylinder,5,"6,7,18,19,24",1481135220,-6.201112672060797
A_cylinder,5,"4,10,12,14,17",2016870852,-6.204519973035744
A_cylinder,5,"8,10,12,16,30",358550713,-5.935931814102682
A_cylinder,5,"3,11,18,24,27",903436175,-6.086823369188337
A_cylinder,5,"8,24,28,29,31",91049096,-6.120653209110735
A_cylinder,5,"6,10,17,18,25",1769589649,-6.178144143492131
A_cylinder,5,"5,12,13,14,18",864594375,-5.9190087382393965
A_cylinder,5,"2,6,9,10,30",1382603084,-6.24044464484186
A_cylinder,5,"1,2,8,27,30",853410587,-5.985987949497768
A_cylinder,5,"3,8,10,25,26",4527086,-5.958618043784603
A_cylinder,5,"5,12,13,19,21",1011607049,-5.932017860687359
A_cylinder,5,"4,6,13,18,23",359689414,-5.997345709437934
A_cylinder,5,"4,7,17,18,28",1642895852,-6.158665090089174
A_cylinder,5,"1,4,6,11,20",564344160,-6.446169994620692
A_cylinder,5,"3,4,5,10,30",761857494,-5.902813373150109
A_cylinder,5,"0,9,14,26,27",1196552017,-5.881313299418032
A_cylinder,5,"5,6,7,10,17",529367693,-5.900608691007237
A_cylinder,5,"2,11,22,23,27",1741819407,-6.629310321260864
A_cylinder,5,"2,15,20,28,31",949229163,-6.591650857256701
A_cylinder,5,"3,9,15,21,22",1686575851,-6.005663323566283
A_cylinder,5,"5,18,19,20,23",1616095561,-5.981680024093449
A_cylinder,5,"3,7,8,13,20",1123918630,-5.918805797581801
A_cylinder,5,"0,2,9,22,23",785605315,-5.853629037921948
A_cylinder,5,"4,10,16,20,24",567509854,-6.113610161282696
A_cylinder,5,"0,3,10,25,26",1565620080,-5.886776767060957
A_cylinder,5,"1,9,11,15,25",1642501894,-6.5490820576798345
A_cylinder,5,"1,4,8,20,24",1317771442,-5.944633202405208
A_cylinder,5,"7,18,24,26,30",569138257,-6.20368500116414
A_cylinder,5,"5,11,17,22,23",2144390798,-5.944134287357985
A_cylinder,5,"7,12,26,28,31",473503253,-6.454409942148809
A_cylinder,5,"3,18,24,27,28",6412641,-6.13650797064542
A_cylinder,5,"6,11,15,22,27",2115900450,-6.567527989683927
A_cylinder,5,"5,7,8,9,19",1391463981,-5.883077409059861
A_cylinder,5,"16,21,24,26,30",1536175389,-6.115541835415069
A_cylinder,5,"11,15,19,27,28",450470849,-6.741755523040859
A_cylinder,5,"4,10,13,16,30",298515453,-5.934856206972076
A_cylinder,5,"3,9,18,19,20",1258865643,-6.0524710557464285
A_cylinder,5,"2,8,9,11,14",1139844218,-5.911217382199116
A_cylinder,5,"7,9,10,18,26",1604028104,-6.0934807145331
A_cylinder,5,"0,5,21,28,31",179474398,-5.892420095614223
A_cylinder,5,"1,2,3,11,25",319615403,-6.000559877422568
A_cylinder,5,"2,8,15,25,31",2141492307,-5.978324530528706
A_cylinder,5,"16,20,24,27,28",489305557,-6.197087254664965
A_cylinder,5,"6,10,14,18,19",676731977,-6.162628593419236
A_cylinder,5,"0,1,3,18,23",1349287911,-5.876999782650364
A_cylinder,5,"3,9,12,14,26",399948010,-6.066438294520048
A_cylinder,5,"5,13,20,23,31",550448572,-5.97333033598843
A_cylinder,5,"9,26,29,30,31",1173952233,-6.3368355114438
A_cylinder,5,"12,14,18,29,30",281957672,-6.292226120552647
A_cylinder,5,"1,15,18,28,30",2146118742,-6.3260423006653586
A_cylinder,5,"1,15,17,21,29",1458086175,-6.158437002020814
A_cylinder,5,"2,12,21,28,30",2025578585,-6.142143352436712
A_cylinder,5,"6,10,17,26,30",831948881,-6.245054673155425
A_cylinder,5,"8,10,11,13,29",1341684846,-5.940585385861848
A_cylinder,5,"2,4,6,26,30",791328400,-6.309291425420504
A_cylinder,5,"0,15,21,24,31",412921132,-5.929637271061252
A_cylinder,5,"8,9,15,16,22",681295280,-5.928772336858136
A_cylinder,5,"0,4,13,23,24",955502945,-5.883390410539572
A_cylinder,5,"5,11,12,13,14",1982162030,-5.902132768282989
A_cylinder,5,"1,5,22,25,31",245312807,-6.0240902928306195
A_cylinder,5,"4,17,19,21,28",835578614,-6.134753223831486
A_cylinder,5,"7,8,10,21,31",311117352,-5.976583269520589
A_cylinder,5,"7,17,19,20,23",1026852927,-6.904893019366116
A_cylinder,5,"0,2,17,25,31",141008056,-5.867597318362071
A_cylinder,5,"1,5,20,22,28",1088889707,-5.914801411505944
A_cylinder,5,"0,7,10,18,26",1491723988,-5.907440973898572
A_cylinder,5,"2,8,14,21,30",177930574,-5.956424664718352
A_cylinder,5,"4,15,18,20,27",2027384517,-6.252728102092785
A_cylinder,5,"0,4,13,15,27",412428398,-5.862093836297274
A_cylinder,5,"9,17,24,25,31",774986685,-6.555341361160534
A_cylinder,5,"7,10,15,18,20",2037508867,-6.188437069544883
A_cylinder,5,"4,5,6,27,28",1691874686,-5.960661319102096
A_cylinder,5,"3,4,6,18,25",1105913088,-5.97349163537872
A_cylinder,5,"1,4,7,19,25",1846900308,-7.0963844979848325
A_cylinder,5,"1,6,10,22,31",1514459306,-6.341523809938378
A_cylinder,5,"2,5,15,17,27",1106356097,-5.946997646805189
A_cylinder,5,"2,6,10,21,24",1036627941,-6.1017895927853685
A_cylinder,5,"6,12,15,16,24",353895427,-6.119413166993058
A_cylinder,5,"14,18,27,29,31",1629124955,-6.251720552390597
A_cylinder,5,"6,14,19,22,25",1721371075,-7.432381969096828
A_cylinder,5,"12,21,22,24,26",1327557839,-6.14378445717589
A_cylinder,5,"0,6,15,18,27",24095411,-5.896030733392591
A_cylinder,5,"6,15,19,22,25",1599496150,-7.065404818116029
A_cylinder,5,"0,11,13,25,27",455612352,-5.884327167451364
A_cylinder,5,"0,4,7,16,29",602626286,-5.879562806478014
A_cylinder,5,"0,2,5,12,17",1808764253,-5.849506795422599
A_cylinder,5,"2,14,15,16,27",575605817,-6.151736722398566
A_cylinder,5,"1,5,17,22,30",737701948,-5.958847294764755
A_cylinder,5,"3,13,19,21,25",2038556881,-5.976268721660055
A_cylinder,5,"4,6,11,13,16",194422332,-5.9832405399226545
A_cylinder,5,"9,12,20,28,31",1220444126,-6.846202493340527
A_cylinder,5,"3,7,9,15,30",2009555009,-6.093145065578752
A_cylinder,5,"3,19,22,29,30",589357531,-6.101599403375411
A_cylinder,5,"11,16,17,18,28",943317936,-6.041353783327278
A_cylinder,5,"4,5,9,21,28",26329014,-5.932042739927716
A_cylinder,5,"13,14,20,25,31",481210659,-6.0621373658633715
A_cylinder,5,"20,24,26,29,30",594472700,-6.328767344878126
A_cylinder,5,"1,4,12,15,29",897428817,-6.398283476709237
A_cylinder,5,"2,7,17,19,30",302991551,-6.786982229380585
A_cylinder,5,"1,11,17,23,25",1218910241,-6.510591278472061
A_cylinder,5,"12,17,18,23,31",953454238,-6.234494169608368
A_cylinder,5,"0,7,8,10,29",1379625151,-5.891786225994121
A_cylinder,5,"7,14,15,22,24",1189440197,-6.646049606685381
A_cylinder,5,"2,4,8,14,17",223006182,-5.872744040485238
A_cylinder,5,"2,4,13,21,25",1754568259,-5.9664635776275965
A_cylinder,5,"4,12,18,23,26",705090084,-6.188868829274389
A_cylinder,5,"0,10,16,19,29",68875296,-5.91892289563983
A_cylinder,5,"4,6,15,18,26",343804103,-6.09312072528845
A_cylinder,5,"6,7,8,15,20",1311391624,-5.950877051426266
A_cylinder,5,"2,17,24,25,27",810935399,-6.556819306140007
A_cylinder,5,"5,10,12,27,29",568665724,-5.974463838998007
A_cylinder,5,"1,13,19,22,28",101780607,-6.085277130755113
A_cylinder,5,"3,4,10,21,24",1532046360,-5.997732631706813
A_cylinder,5,"0,1,2,6,10",1570629311,-5.862671939878602
A_cylinder,5,"12,16,23,26,28",1319733512,-6.193647402822492
A_cylinder,5,"3,8,9,13,26",125652332,-5.914708091380243
A_cylinder,5,"0,4,13,14,28",2065710729,-5.865507207713937
A_cylinder,5,"6,11,12,26,31",142058076,-6.229334395847459
A_cylinder,5,"9,16,18,21,27",15477925,-6.1132049873137175
A_cylinder,5,"0,4,13,22,31",933038847,-5.859875439605277
A_cylinder,5,"0,4,11,15,28",276483216,-5.857823346697129
A_cylinder,5,"0,10,15,19,22",1068722240,-5.880904366225296
A_cylinder,5,"12,16,20,26,29",1896090327,-6.216522138130593
A_cylinder,5,"6,8,16,19,30",676736191,-5.98739071537247
A_cylinder,5,"2,17,20,30,31",261315822,-6.576412868957452
A_cylinder,5,"0,3,12,29,31",441511920,-5.894232331501542
A_cylinder,5,"9,11,12,15,18",1883862330,-6.180279566591826
A_cylinder,5,"7,11,20,25,29",1101921652,-6.380140169732796
A_cylinder,5,"9,13,15,24,31",897725654,-6.036097621707211
A_cylinder,5,"6,9,19,24,31",1795733287,-6.5688162621086805
A_cylinder,5,"2,13,16,19,21",1299680587,-5.9863175504827835
A_cylinder,5,"2,9,13,26,27",264426933,-5.984794519683741
A_cylinder,5,"10,16,25,28,29",385141815,-6.185638256927704
A_cylinder,5,"7,11,19,20,27",1078794561,-6.558207453473388
A_cylinder,5,"4,8,9,21,31",218035215,-5.974567959301718
A_cylinder,5,"0,2,3,18,23",398997825,-5.889495897806632
A_cylinder,5,"14,20,24,28,31",1240408559,-6.650815789218357
A_cylinder,5,"0,14,27,28,30",1546933292,-5.857137240245682
A_cylinder,5,"2,13,25,28,31",1450524506,-6.075602983277311
A_cylinder,5,"13,14,17,20,25",1852808186,-5.947345451768531
A_cylinder,5,"3,5,7,14,27",1370697678,-5.947490148757691
A_cylinder,5,"15,16,20,23,31",450413370,-6.305278226107518
A_cylinder,5,"6,16,22,24,25",1044264097,-6.132465784627679
A_cylinder,5,"0,1,14,19,21",849619636,-5.886488139368207
A_cylinder,5,"1,4,5,22,24",1308072163,-5.923375155955569
A_cylinder,5,"1,2,25,27,28",408991950,-6.9899214182544185
A_cylinder,5,"5,7,11,24,28",1573863261,-6.002006167149267
A_cylinder,5,"2,11,17,24,27",373236195,-6.396192275427242
A_cylinder,5,"0,7,20,24,30",1064896435,-5.833895460890455
A_cylinder,5,"9,10,20,21,26",1017499006,-6.076662702076999
A_cylinder,5,"2,3,21,30,31",2055079998,-6.074624031146018
A_cylinder,5,"4,8,10,15,27",917967745,-5.940027431914182
A_cylinder,5,"13,16,19,20,24",1752065958,-6.034014931359118
A_cylinder,5,"1,3,11,15,31",1909114008,-6.103033734815608
A_cylinder,5,"3,7,8,18,23",1181095144,-5.9271617209863905
A_cylinder,5,"6,14,15,16,17",268333756,-6.122475725985109
A_cylinder,5,"2,6,12,17,31",1788111674,-6.559095282309994
A_cylinder,5,"19,20,23,24,25",333181988,-6.751504665883503
A_cylinder,5,"0,13,20,22,24",1003974400,-5.816122492101813
A_cylinder,5,"0,1,23,24,30",685670246,-5.94160412711546
A_cylinder,5,"3,6,11,13,17",1649082340,-5.923341528709636
A_cylinder,5,"21,24,25,27,29",1044530828,-6.229938424573905
A_cylinder,5,"2,5,9,11,25",513975346,-5.902729555333162
A_cylinder,5,"5,14,20,23,24",1602745953,-6.013956843606231
A_cylinder,5,"9,15,16,19,22",548860356,-6.169569856731287
A_cylinder,5,"4,15,22,29,31",1055080463,-6.440902974135149
A_cylinder,5,"2,7,18,20,23",631619289,-6.168748535646563
A_cylinder,5,"5,8,12,20,23",1338138617,-5.907074904613059
A_cylinder,5,"3,5,11,26,29",924052962,-5.962925139544545
A_cylinder,5,"4,9,22,28,31",585919075,-6.622083565164582
A_cylinder,5,"9,10,19,20,21",384249922,-6.08957448153357
A_cylinder,5,"7,11,14,15,17",1987351074,-6.427782774487011
A_cylinder,5,"3,21,22,27,28",391927442,-6.08628332167812
A_cylinder,5,"0,1,5,11,17",726574993,-5.855258643913452
A_cylinder,5,"10,23,26,27,29",593729512,-6.252333699572346
A_cylinder,5,"2,10,11,18,20",665154799,-6.116825473269611
A_cylinder,5,"9,10,11,13,17",1509690633,-5.936732755124168
A_cylinder,5,"6,9,10,14,22",763303251,-6.2486736862319665
A_cylinder,5,"4,6,9,10,13",213863930,-5.935895903506399
A_cylinder,5,"2,5,9,12,29",1991477088,-5.943545228901928
A_cylinder,5,"8,11,18,23,27",362279317,-6.010215517295626
A_cylinder,5,"7,12,14,23,27",1409236693,-6.905652015980311
A_cylinder,5,"4,5,16,29,30",1155612650,-5.931283114571243
A_cylinder,5,"1,23,26,29,31",1078840785,-6.365355341370909
A_cylinder,5,"0,5,10,18,22",336341015,-5.859088883537563
A_cylinder,5,"3,8,9,11,30",602088058,-5.917114841931192
A_cylinder,5,"9,10,16,18,30",1119568323,-5.98197685161711
A_cylinder,5,"2,17,27,30,31",1118967027,-6.643047902851412
A_cylinder,5,"11,13,18,22,29",737825346,-6.024029511570847
A_cylinder,5,"1,5,12,25,27",699574642,-5.88989695539116
A_cylinder,5,"8,15,18,20,21",1999718412,-5.987203766112848
A_cylinder,5,"6,19,24,25,30",2045044983,-6.744886232266897
A_cylinder,5,"5,6,11,16,25",293214416,-5.926183359515715
A_cylinder,5,"9,17,26,29,31",82381603,-6.336439471181786
A_cylinder,5,"14,15,16,17,30",755092480,-6.140587000832329
A_cylinder,5,"2,6,13,19,29",1345989212,-6.004591316538267
A_cylinder,5,"5,10,16,19,29",1663493686,-5.989797706237592
A_cylinder,5,"0,14,20,24,27",443807118,-5.827974104789337
A_cylinder,5,"5,12,15,25,28",904301332,-5.979537340892167
A_cylinder,5,"2,15,17,27,30",668324695,-6.934478013401418
A_cylinder,5,"4,6,8,22,28",1011451866,-5.936779919832556
A_cylinder,5,"9,15,17,18,22",1476608754,-6.164335478297025
A_cylinder,5,"0,9,20,24,29",184852566,-5.901186542326572
A_cylinder,5,"1,10,18,23,27",315620189,-6.174366991056122
A_cylinder,5,"7,14,16,18,29",1796528253,-6.018245332966843
A_cylinder,5,"4,15,25,29,31",1257366235,-6.480717094347729
A_cylinder,5,"2,9,18,29,31",1855310665,-6.276771805313196
A_cylinder,5,"5,9,16,18,23",771787331,-5.979378619229803
A_cylinder,5,"6,9,11,14,29",1425235118,-6.303920687703161
A_cylinder,5,"5,8,12,15,29",1689874300,-5.914778326691378
A_cylinder,5,"6,12,15,28,29",1197769445,-6.584072412706347
A_cylinder,5,"6,13,19,22,25",642255311,-6.030833697387666
A_cylinder,5,"8,11,18,26,27",1534519709,-6.0190422275630615
A_cylinder,5,"5,13,20,25,27",596057588,-5.920772456360094
A_cylinder,5,"1,9,18,22,25",183994597,-6.163872810935267
A_cylinder,5,"1,5,8,18,27",1933673255,-5.92395324081585
A_cylinder,5,"6,12,18,24,31",1226567902,-6.237537990724652
A_cylinder,5,"9,15,18,19,29",559648607,-6.220601962864415
A_cylinder,5,"7,14,17,24,31",461470831,-6.53416859229362
A_cylinder,5,"1,11,12,25,30",1654390722,-6.5669761632485475
A_cylinder,5,"5,9,21,22,29",1427363158,-5.959878587782168
A_cylinder,5,"0,16,19,21,24",990764820,-5.925010850051026
A_cylinder,5,"1,2,18,24,29",472593655,-6.174040210719266
A_cylinder,5,"10,11,17,24,25",1310807606,-6.179259766453019
A_cylinder,5,"2,11,13,22,31",1505032208,-6.042254711744718
A_cylinder,5,"0,18,21,23,28",59048302,-5.930850286195251
A_cylinder,5,"4,17,25,26,30",163032576,-6.388645266420144
A_cylinder,5,"14,16,20,23,29",21909369,-6.193092516712212
A_cylinder,5,"0,2,17,19,27",1854263172,-5.860521454912783
A_cylinder,5,"2,15,17,22,30",778746936,-6.903990656595172
A_cylinder,5,"12,13,20,21,30",949384723,-5.985286085780048
A_cylinder,5,"0,11,12,27,31",831520891,-5.887915459727706
A_cylinder,5,"8,22,27,30,31",840218836,-6.039950202526714
A_cylinder,5,"2,3,7,20,31",1586489485,-6.124769093876256
A_cylinder,5,"1,11,21,27,28",103588495,-6.236898049182508
A_cylinder,5,"5,13,14,30,31",1151137005,-5.947214584232105
A_cylinder,5,"0,6,8,26,27",1071186241,-5.888667662972612
A_cylinder,5,"12,14,18,21,31",819663538,-6.168321774699611
A_cylinder,5,"7,8,9,16,28",620027812,-5.94588084182801
A_cylinder,5,"3,5,14,16,22",510786451,-5.91260268336011
A_cylinder,5,"3,14,16,20,24",6647306,-5.98247951958009
A_cylinder,5,"0,1,6,9,26",1622407219,-5.859354534362698
A_cylinder,5,"0,1,10,22,29",86780379,-5.89554809559817
A_cylinder,5,"7,9,13,20,29",132972468,-6.028002908108279
A_cylinder,5,"2,5,8,25,30",1692361253,-5.915499838089146
A_cylinder,5,"11,16,17,21,28",1605621853,-6.0864372442321315
A_cylinder,5,"1,5,9,10,28",701370956,-5.935148242676708
A_cylinder,5,"8,14,16,20,26",96278034,-5.970143293406031
A_cylinder,5,"2,4,9,22,29",365661362,-6.381153746597845
A_cylinder,5,"1,10,12,15,31",730622082,-6.216923849841515
A_cylinder,5,"6,23,26,27,30",615681963,-6.471190992716057
A_cylinder,5,"7,11,26,27,28",554781117,-6.347216183089594
A_cylinder,5,"12,15,19,30,31",1944302657,-6.8757177409872146
A_cylinder,5,"9,17,21,22,29",1611367122,-6.08217512423682
A_cylinder,5,"9,14,15,22,26",1882330152,-6.400012720126524
A_cylinder,5,"1,5,17,18,29",339772520,-5.958786789108535
A_cylinder,5,"0,13,14,22,24",1956475668,-5.822319835389773
A_cylinder,5,"7,9,17,28,29",14948140,-6.492838567730761
A_cylinder,5,"4,13,15,18,29",93815732,-5.994283693027511
A_cylinder,5,"5,18,23,26,28",161247767,-6.020159503791384
A_cylinder,5,"5,12,21,22,23",164613251,-5.96849772999793
A_cylinder,5,"6,8,23,24,30",844173444,-6.011319606547175
A_cylinder,5,"6,9,17,24,25",790678785,-6.510128623454736
A_cylinder,5,"0,3,4,8,27",1360278645,-5.85403607204115
A_cylinder,5,"7,9,17,22,30",117898723,-8.372669685504665
A_cylinder,5,"7,12,13,15,28",2146933312,-5.999415967033674
A_cylinder,5,"10,13,16,22,26",267432683,-6.001642052000331
A_cylinder,5,"4,5,15,20,31",1101781660,-5.9729532880267255
A_cylinder,5,"5,7,12,23,30",805418569,-5.968115336179494
A_cylinder,5,"4,8,14,26,28",489895295,-5.960169438600183
A_cylinder,5,"0,2,3,10,17",608460087,-5.853102066625465
A_cylinder,5,"8,16,17,18,28",1216049161,-5.938732587301974
A_cylinder,5,"22,26,28,29,30",456790130,-6.460434544971669
A_cylinder,5,"1,5,8,9,30",1541553075,-5.828506422084636
A_cylinder,5,"1,4,6,9,27",706507916,-7.414238492215876
A_cylinder,5,"0,9,11,15,16",2089729571,-5.853498926829396
A_cylinder,5,"0,2,9,10,23",1003813008,-5.8493428311027635
A_cylinder,5,"2,3,10,15,28",1642795983,-6.046715960081414
A_cylinder,5,"4,8,10,16,23",708652792,-5.923964631171375
A_cylinder,5,"5,20,21,23,26",1747273932,-6.004675821680261
A_cylinder,5,"2,6,17,21,27",1514208595,-6.0977700512007456
A_cylinder,5,"1,5,11,13,20",173826015,-5.926720457851924
A_cylinder,5,"6,12,15,26,29",769922672,-6.293121440395135
A_cylinder,5,"3,6,9,12,27",166317068,-6.053032660759054
A_cylinder,5,"0,6,8,13,22",407682237,-5.885386581757385
A_cylinder,5,"5,9,15,16,31",8927610,-5.984106639970011
A_cylinder,5,"15,22,24,28,30",1368575744,-6.69441825087095
A_cylinder,5,"16,18,22,29,30",947318895,-6.242812965293116
A_cylinder,5,"0,10,12,13,24",996707828,-5.863226472016709
A_cylinder,5,"9,11,13,28,31",218513301,-6.024728756126316
A_cylinder,5,"0,1,2,23,29",340084649,-5.892728661666305
A_cylinder,5,"6,11,19,20,25",938953837,-6.481095363184913
A_cylinder,5,"9,19,26,29,31",356238635,-6.1962983889110825
A_cylinder,5,"2,15,16,18,28",1414693795,-6.129264994481565
A_cylinder,5,"1,4,6,9,22",1451973674,-8.08263482793691
A_cylinder,5,"3,7,21,24,31",119341394,-6.0698852519179685
A_cylinder,5,"2,9,19,20,28",2124398192,-6.8939737492958235
A_cylinder,5,"6,7,14,26,30",1909507629,-6.303749878360365
A_cylinder,5,"6,7,9,14,30",735987952,-8.275165768173176
A_cylinder,5,"1,3,5,11,20",917209478,-5.9045690049594555
A_cylinder,5,"3,18,24,26,30",2079069416,-6.080588832162722
A_cylinder,5,"1,10,14,24,30",1330886268,-6.271078123566855
A_cylinder,5,"7,8,22,29,30",918443024,-6.039958089867596
A_cylinder,5,"15,18,22,25,30",1208649230,-6.353192134809909
A_cylinder,5,"5,8,18,22,26",306257279,-5.940597053744999
A_cylinder,5,"3,7,17,19,23",1746306875,-6.1342455744268145
A_cylinder,5,"2,3,7,19,24",1159451726,-6.10322587550289
A_cylinder,5,"0,4,5,23,27",1421830949,-5.860787519785932
A_cylinder,5,"2,10,14,19,30",2043174241,-6.316024876423548
A_cylinder,5,"3,10,16,19,24",323974919,-6.066642039211413
A_cylinder,5,"4,11,23,24,31",28291289,-6.34183434236822
A_cylinder,5,"9,12,13,23,28",1777758657,-6.0376499582159315
A_cylinder,5,"0,15,24,28,31",1505848530,-5.9482526928835044
A_cylinder,5,"0,1,13,30,31",401762887,-5.899484641684496
A_cylinder,5,"11,14,23,29,30",1067923761,-6.399122262550564
A_cylinder,5,"7,11,20,27,28",1560717214,-6.797039331163592
A_cylinder,5,"3,12,14,26,27",831113417,-6.106235692734477
A_cylinder,5,"1,2,6,12,19",1968415632,-6.618012634542536
A_cylinder,5,"4,20,21,26,30",1354085835,-6.091255877364811
A_cylinder,5,"1,12,20,23,27",668487651,-6.878148627726028
A_cylinder,5,"2,5,21,26,27",1933332741,-5.982004289498193
A_cylinder,5,"9,10,15,27,31",1097127174,-6.3967451449315975
A_cylinder,5,"4,6,12,20,30",954678064,-8.112997904868775
A_cylinder,5,"2,23,24,30,31",722344336,-6.50761797600879
A_cylinder,5,"6,12,13,16,25",367467802,-5.981856719575317
A_cylinder,5,"2,11,12,21,26",1438758087,-6.099389219637455
A_cylinder,5,"7,9,25,28,29",681537351,-6.477373609757166
A_cylinder,5,"0,11,12,25,31",1367214078,-5.870474323573967
A_cylinder,5,"11,17,18,24,26",1585001919,-6.153357459448139
A_cylinder,5,"5,15,18,24,29",410382635,-5.9891674704091225
A_cylinder,5,"2,10,11,20,25",1278816058,-6.226540474147956
A_cylinder,5,"16,19,21,25,31",752745173,-6.13789724232232
A_cylinder,5,"5,16,17,20,21",212000044,-5.970494290493222
A_cylinder,5,"4,7,13,26,30",282891615,-5.9559620406382345
A_cylinder,5,"5,19,23,30,31",1461882763,-6.094861413706575
A_cylinder,5,"5,12,13,19,24",1972081855,-5.93610963205549
A_cylinder,5,"2,12,18,20,30",84935767,-6.215229607850152
A_cylinder,5,"9,12,23,24,30",649383260,-6.552645730804523
A_cylinder,5,"1,3,21,27,31",894122185,-6.070179540344104
A_cylinder,5,"1,4,14,28,30",636732924,-7.750068075368657
A_cylinder,5,"2,13,15,24,27",1645543546,-6.0508083865061675
A_cylinder,5,"8,9,14,27,28",776547889,-5.952117748265181
A_cylinder,5,"6,19,25,26,31",1821298827,-6.400141887131686
A_cylinder,5,"6,7,18,19,26",204388332,-6.159101924286787
A_cylinder,5,"5,16,20,22,28",1173983317,-5.969563349215535
A_cylinder,5,"6,7,24,27,30",537649644,-6.805589524536585
A_cylinder,5,"3,5,17,26,29",1278628085,-5.969346570690732
A_cylinder,5,"3,8,12,23,24",1520166918,-5.9427976836002925
A_cylinder,5,"2,11,13,17,24",2042592644,-6.010447235377406
A_cylinder,5,"0,2,14,19,22",475945685,-5.868486740487823
A_cylinder,5,"3,4,8,23,24",660717157,-5.956794333399117
A_cylinder,5,"1,5,6,14,18",1850082664,-5.852135011453526
A_cylinder,5,"4,6,15,21,22",1830237066,-6.137187691650155
A_cylinder,5,"1,15,19,27,31",998950010,-6.835333986990964
A_cylinder,5,"1,12,17,28,31",1807528956,-6.889218946759598
A_cylinder,5,"0,4,17,29,31",1743753473,-5.885381248568885
A_cylinder,5,"8,18,22,25,31",840522723,-5.98977686997592
A_cylinder,5,"2,9,15,28,29",1030512986,-6.491996259018988
A_cylinder,5,"2,9,18,29,31",853103094,-6.198222795688405
A_cylinder,5,"1,9,18,22,26",1828603045,-6.141683483499737
A_cylinder,5,"3,10,12,14,27",163814172,-6.025773826589501
A_cylinder,5,"4,16,22,24,31",1454971564,-6.180018430651555
A_cylinder,5,"3,10,12,14,21",1960137323,-5.980208444288286
A_cylinder,5,"5,13,17,18,20",6698651,-5.9231242920256175
A_cylinder,5,"2,6,17,23,28",199143170,-6.679111506344982
A_cylinder,5,"9,16,19,24,29",1687092592,-6.186301767908281
A_cylinder,5,"13,21,24,26,31",2075315723,-6.062835641857326
A_cylinder,5,"6,17,19,25,31",100081134,-6.673763590472996
A_cylinder,5,"8,9,19,25,29",1230946048,-5.973246185610786
A_cylinder,5,"11,15,20,22,30",853171235,-6.727806422458831
A_cylinder,5,"2,9,16,20,29",1545533633,-6.061760441280474
A_cylinder,5,"1,4,7,14,30",810435323,-8.53800966549932
A_cylinder,5,"15,18,21,24,30",536055185,-6.148310365244081
A_cylinder,5,"13,14,21,26,31",246330643,-6.041411834154071
A_cylinder,5,"0,2,5,12,23",569479140,-5.851427890569116
A_cylinder,5,"6,18,20,21,26",64597194,-6.132441481645813
A_cylinder,5,"1,12,20,27,31",367606159,-6.884575692715181
A_cylinder,5,"3,6,7,21,31",1777263397,-6.028934921816557
A_cylinder,5,"6,10,13,21,22",1818694991,-5.96762551806003
A_cylinder,5,"0,4,11,12,30",1159708618,-5.840176204898231
A_cylinder,5,"4,6,17,29,30",1378307964,-6.424143501570599
A_cylinder,5,"3,16,26,28,31",1992339610,-6.087162390717434
A_cylinder,5,"2,23,25,28,29",1677854690,-6.509205005748656
A_cylinder,5,"0,8,16,25,31",468002203,-5.896134362863577
A_cylinder,5,"5,11,14,24,31",915061440,-6.017734681990958
A_cylinder,5,"5,10,17,21,26",339892822,-5.943373161326511
A_cylinder,5,"4,14,16,19,30",404235052,-6.103594952773473
A_cylinder,5,"14,17,19,25,31",61119150,-6.725071285965555
A_cylinder,5,"4,9,10,19,21",289472669,-6.036034119470616
A_cylinder,5,"0,9,15,17,24",1379347187,-5.858610046774066
A_cylinder,5,"1,5,10,20,26",1169806169,-5.9579877767741225
A_cylinder,5,"6,8,10,19,27",1749544079,-5.995736440544559
A_cylinder,5,"0,16,19,25,29",1494537129,-5.918325642400812
A_cylinder,5,"9,13,18,22,28",900719149,-6.031086439722524
A_cylinder,5,"0,5,16,28,31",1355028178,-5.894292300409289
A_cylinder,5,"0,8,16,19,25",1040675469,-5.878739495035876
A_cylinder,5,"2,4,6,16,29",1521818377,-6.1276223301619135
A_cylinder,5,"6,8,21,23,24",283083416,-5.982579059504416
A_cylinder,5,"3,5,10,21,26",1215876517,-5.967309578224674
A_cylinder,5,"0,2,9,22,26",158527545,-5.8556877855274
A_cylinder,5,"8,10,15,29,30",1785238917,-6.002566669012271
A_cylinder,5,"0,13,19,23,30",581450336,-5.895562149612639
A_cylinder,5,"1,10,12,19,23",1846412583,-6.298436977722478
A_cylinder,5,"0,5,13,26,31",891357358,-5.912316074963189
A_cylinder,5,"0,6,14,21,22",1905774636,-5.8907631363979345
A_cylinder,5,"0,4,8,10,11",1044937261,-5.862340356456192
A_cylinder,5,"0,16,17,23,24",485280598,-5.905604085032359
A_cylinder,5,"1,10,14,17,25",1997495229,-6.258162605366427
A_cylinder,5,"7,10,11,27,31",279079662,-6.296779716484395
A_cylinder,5,"2,8,10,19,23",1042370060,-5.978925782348133
A_cylinder,5,"1,11,15,25,29",612000805,-6.440173856437279
A_cylinder,5,"4,16,22,26,27",28247793,-6.094474352004947
A_cylinder,5,"1,2,6,21,27",840029373,-6.155536064367276
A_cylinder,5,"2,5,14,19,20",922193145,-5.9639587478444485
A_cylinder,5,"1,6,13,20,24",1208345306,-5.976010323867415
A_cylinder,5,"5,6,20,21,28",1673317007,-5.993068767724847
A_cylinder,5,"6,13,18,25,31",1306762449,-6.028544110864099
A_cylinder,5,"0,14,15,23,25",201349005,-5.904602526460176
A_cylinder,5,"1,6,9,19,23",956210134,-6.709063086198439
A_cylinder,5,"4,6,10,11,25",2113962255,-6.242796872012618
A_cylinder,5,"8,9,10,22,28",1556064228,-5.913462659516394
A_cylinder,5,"3,8,22,23,24",1575156372,-5.9465095831624595
A_cylinder,5,"1,12,13,15,26",1475176989,-5.993026851368884
A_cylinder,5,"5,12,13,19,30",495623450,-5.899788895201527
A_cylinder,5,"0,5,13,23,29",2105285548,-5.891965763479246
A_cylinder,5,"3,7,10,15,21",966701700,-6.022689064640499
A_cylinder,5,"1,9,15,20,30",1935936322,-7.3213250950311
A_cylinder,5,"14,24,26,28,30",46354933,-6.5163312477876945
A_cylinder,5,"2,12,22,26,29",1511801582,-6.336587662220554
A_cylinder,5,"1,13,21,22,28",689709395,-5.982381271411902
A_cylinder,5,"1,7,12,16,28",745117461,-6.129225314260786
A_cylinder,5,"5,6,11,13,27",824821646,-5.928892502807677
A_cylinder,5,"4,5,6,20,28",1942511860,-5.908566803250808
A_cylinder,5,"8,15,19,24,31",2056710199,-6.023276905200058
A_cylinder,5,"0,8,19,22,27",1865215103,-5.86820866136092
A_cylinder,5,"8,10,17,18,22",1048178928,-5.913597664434663
A_cylinder,5,"8,10,12,16,27",1085392985,-5.9569749725596175
A_cylinder,5,"4,8,15,22,28",26891343,-5.9639802586303
A_cylinder,5,"1,2,10,14,25",1133929053,-6.187449610209503
A_cylinder,5,"9,10,21,27,29",815290269,-6.097685153608555
A_cylinder,5,"4,8,10,14,21",1187457373,-5.918658137532238
A_cylinder,5,"6,8,26,27,31",611066512,-5.998116985656357
A_cylinder,5,"2,13,18,20,31",1048506250,-6.015113401880052
A_cylinder,5,"1,7,15,17,27",1917939506,-7.627155180859742
A_cylinder,5,"0,2,11,17,28",529927242,-5.856157399277844
A_cylinder,5,"7,17,18,28,31",442155892,-6.2458786940391455
A_cylinder,5,"5,11,14,18,20",265320505,-5.962886915095633
A_cylinder,5,"4,7,14,17,24",786208231,-6.5300524160212206
A_cylinder,5,"1,12,23,26,29",2092608743,-6.23784761112031
A_cylinder,5,"7,20,22,25,28",287920984,-7.3467543587101405
A_cylinder,5,"4,5,6,18,20",833574153,-5.926692899024809
A_cylinder,5,"4,8,20,23,25",2117602321,-5.969371827476908
A_cylinder,5,"9,10,12,15,19",254502836,-6.268444694238535
A_cylinder,5,"7,12,15,20,28",1398033118,-7.522409183134649
A_cylinder,5,"6,9,10,22,29",453862586,-6.195437480130551
A_cylinder,5,"5,8,10,15,30",1117374566,-5.904680627167565
A_cylinder,5,"1,2,18,20,22",976898888,-6.18398096289325
A_cylinder,5,"5,7,18,20,28",1683038665,-6.026595895564067
A_cylinder,5,"0,2,7,9,12",551676006,-5.833466548770088
A_cylinder,5,"5,6,20,28,31",1245671902,-6.030066522451616
A_cylinder,5,"8,13,17,19,24",80714772,-5.927654029694562
A_cylinder,5,"5,14,15,16,21",1586920207,-5.955594296892074
A_cylinder,5,"1,20,23,25,28",1716341553,-7.012267798513735
A_cylinder,5,"19,22,25,29,30",1451638197,-6.677000468257105
A_cylinder,5,"0,4,6,14,24",1952506637,-5.859772732416682
A_cylinder,5,"7,18,19,22,31",1804365960,-6.3231047769107285
A_cylinder,5,"3,5,6,11,25",617365859,-5.897749859228384
A_cylinder,5,"3,5,8,9,19",1182830183,-5.884198708523722
A_cylinder,5,"15,22,24,28,30",1583841660,-6.700718337719313
A_cylinder,5,"0,1,3,17,18",350581327,-5.85485103209723
A_cylinder,5,"12,18,19,23,28",2032218407,-6.2491987377111125
A_cylinder,5,"9,15,16,25,29",1719313847,-6.17448623441536
A_cylinder,5,"0,4,8,10,21",1577146089,-5.8750030369522905
A_cylinder,5,"8,10,17,22,29",170313939,-5.969133843646304
A_cylinder,5,"5,12,14,19,26",518980907,-5.967954096420348
A_cylinder,5,"4,8,27,28,31",1392577796,-6.026362614636913
A_cylinder,5,"4,5,6,7,26",990215883,-5.94281640737755
A_cylinder,5,"9,19,25,29,30",1832187868,-6.5709502708522205
A_cylinder,5,"13,14,17,27,28",1105659750,-5.972376128898733
A_cylinder,5,"0,4,9,26,30",322481924,-5.86793779685518
A_cylinder,5,"25,26,27,28,29",321873955,-6.424466078647378
A_cylinder,5,"10,22,27,28,30",138086427,-6.4786478175863955
A_cylinder,5,"1,7,8,13,18",2004065888,-5.950151390701944
A_cylinder,5,"0,9,12,14,31",1845546303,-5.870036572704909
A_cylinder,5,"10,16,17,18,26",1497605085,-6.106215683729671
A_cylinder,5,"0,2,14,23,31",375681112,-5.909258938120682
A_cylinder,5,"0,4,6,26,28",882100505,-5.888712224402544
A_cylinder,5,"6,16,29,30,31",973527291,-6.169806411788048
A_cylinder,5,"10,11,20,21,28",85826553,-6.158063333847381
A_cylinder,5,"9,12,13,17,31",1267948477,-6.005519842899558
A_cylinder,5,"0,17,18,20,23",1830554769,-5.887568924579338
A_cylinder,5,"2,14,19,27,29",1086119214,-6.4826570628158136
A_cylinder,5,"0,11,12,15,20",2114546576,-5.857550914769615
A_cylinder,5,"2,16,19,22,28",1956771286,-6.188389536864326
A_cylinder,5,"2,5,15,20,31",1630080515,-6.004233852010642
A_cylinder,5,"2,5,13,22,28",846166749,-5.92271829977047
A_cylinder,5,"6,8,20,23,24",597844448,-5.984667965838469
A_cylinder,5,"0,1,4,14,26",881490488,-5.864221252393691
A_cylinder,5,"0,13,20,26,28",1407313917,-5.926033898880584
A_cylinder,5,"0,2,24,28,30",1527769638,-5.918551781727382
A_cylinder,5,"15,16,22,26,27",1639957734,-6.223220062104844
A_cylinder,5,"12,17,20,23,24",812995375,-6.596559049525857
A_cylinder,5,"11,15,19,20,25",2010365051,-6.607275133166484
A_cylinder,5,"3,5,7,8,28",1879595437,-5.90834562456326
A_cylinder,5,"4,23,24,30,31",1094809080,-6.479754897869641
A_cylinder,5,"0,9,14,15,24",928176156,-5.867986263769303
A_cylinder,5,"8,12,15,25,29",325082399,-5.989991535455045
A_cylinder,5,"22,23,26,28,29",1988458224,-6.288462829911134
A_cylinder,5,"3,4,21,26,27",1889466613,-6.089286417724858
A_cylinder,5,"5,6,10,27,29",1896683543,-5.965017997849018
A_cylinder,5,"5,6,9,10,29",1093110931,-5.9432879195576644
A_cylinder,5,"3,9,13,16,17",1367558852,-5.915694935276231
A_cylinder,5,"4,20,24,27,29",791416460,-6.376266258674734
A_cylinder,5,"1,10,17,22,24",1109282456,-6.230025902844207
A_cylinder,5,"3,8,19,20,25",1871415602,-5.939390340068659
A_cylinder,5,"8,11,22,24,26",1881376853,-5.982771920379375
A_cylinder,5,"1,9,14,26,27",1604325618,-6.348094161568153
A_cylinder,5,"4,10,12,16,29",232032392,-6.078686995149479
A_cylinder,5,"0,7,9,22,24",2143696356,-5.862967486219548
A_cylinder,5,"12,16,19,25,27",1003965344,-6.168049053080244
A_cylinder,5,"5,12,13,28,29",1710908181,-5.93623065736497
A_cylinder,5,"2,14,19,23,26",364021061,-6.345432867371174
A_cylinder,5,"1,16,19,24,31",309699970,-6.181993271839453
A_cylinder,5,"4,7,11,17,21",1946741761,-6.03068549162537
A_cylinder,5,"5,7,9,16,30",2029816084,-5.941710584670985
A_cylinder,5,"9,14,18,23,24",889475444,-6.196404611236289
A_cylinder,5,"7,10,18,20,22",1941904105,-6.173473501550005
A_cylinder,5,"4,10,14,16,24",1349096755,-6.095691552543225
A_cylinder,5,"0,2,12,22,23",592688130,-5.851415480355836
A_cylinder,5,"7,10,16,18,20",321316317,-6.072014113305324
A_cylinder,5,"10,12,20,29,31",2094632052,-6.302533235811734
A_cylinder,5,"3,5,11,22,28",1227317042,-5.936351202183568
A_cylinder,5,"1,5,8,18,31",1031588480,-5.9480669440454905
A_cylinder,5,"0,2,9,13,27",1953751470,-5.858834675203913
A_cylinder,5,"15,16,19,22,25",407407087,-6.242843879435902
A_cylinder,5,"5,8,20,25,30",2108427632,-5.922342535199568
A_cylinder,5,"11,12,18,29,31",1420651929,-6.240326631208151
A_cylinder,5,"10,12,17,20,29",2112947333,-6.205132609496306
A_cylinder,5,"1,8,19,25,26",1403098372,-5.971418879976858
A_cylinder,5,"4,14,24,26,31",281834002,-6.357549174894414
A_cylinder,5,"6,8,20,25,28",1028656028,-5.9045236354108495
A_cylinder,5,"1,8,10,11,13",1275574793,-5.930717682722521
A_cylinder,5,"5,7,12,15,20",835630225,-5.9252809835747025
A_cylinder,5,"2,3,11,13,28",100983403,-5.950468320220869
A_cylinder,5,"4,5,17,20,23",2116081986,-5.940633754185921
A_cylinder,5,"9,10,11,22,25",216565101,-6.2237274277451435
A_cylinder,5,"2,4,11,17,18",1870229620,-6.0989902750305856
A_cylinder,5,"0,8,13,17,23",884380955,-5.867969603997031
A_cylinder,5,"2,4,9,16,29",1109150809,-6.118298766033363
A_cylinder,5,"0,5,7,10,19",935799063,-5.867463686180685
A_cylinder,5,"7,11,19,26,31",43311135,-6.327818495702162
A_cylinder,5,"18,25,27,28,29",1610771393,-6.289674456640868
A_cylinder,5,"1,6,7,24,30",1731767720,-6.473781650407918
A_cylinder,5,"3,4,15,21,30",1139666801,-6.024766807187147
A_cylinder,5,"9,15,19,26,30",468239402,-6.443142049121788
A_cylinder,5,"1,8,11,18,20",1063990823,-5.946175163831339
A_cylinder,5,"1,2,9,18,28",11218561,-6.139600630130763
A_cylinder,5,"2,4,5,18,22",1356329935,-5.8835810934846595
A_cylinder,5,"8,16,20,24,27",652732480,-5.986471038057305
A_cylinder,5,"8,19,21,26,27",1540497517,-6.045433894248783
A_cylinder,5,"1,8,22,27,28",1604846906,-5.930779606069336
A_cylinder,5,"6,17,24,25,28",815043356,-6.7044152615762815
A_cylinder,5,"0,12,26,29,31",385499762,-5.925968419829215
A_cylinder,5,"1,23,25,29,30",825554382,-6.566600407670962
A_cylinder,5,"0,4,9,10,27",764696830,-5.840065250250486
A_cylinder,5,"1,4,11,28,31",1736330350,-6.422817734605283
A_cylinder,5,"1,2,3,8,28",1386962221,-5.915713969463122
A_cylinder,5,"7,8,26,29,30",1436291236,-6.054604167036611
A_cylinder,5,"3,7,15,19,30",1883131048,-6.138389974540593
A_cylinder,5,"8,13,14,21,29",961139535,-5.977393553145932
A_cylinder,5,"6,11,21,22,30",1916075272,-6.140582451285665
A_cylinder,5,"7,17,19,23,28",395575249,-6.874731591655537
A_cylinder,5,"2,13,15,27,31",419448304,-6.0588080792553
A_cylinder,5,"6,12,13,17,31",1643106642,-5.986404882970534
A_cylinder,5,"9,14,16,18,26",1676113282,-6.071957854204235
A_cylinder,5,"6,9,10,11,22",1706161774,-6.17367201207932
A_cylinder,5,"11,12,14,28,30",914040906,-6.666042668001795
A_cylinder,5,"0,1,2,26,31",755555021,-5.920901153203387
A_cylinder,5,"2,11,15,21,31",1796130017,-6.145459407951299
A_cylinder,5,"7,21,22,25,27",343884465,-6.139219997218401
A_cylinder,5,"3,8,20,21,31",1391935572,-5.939729042605172
A_cylinder,5,"4,16,24,27,31",493162193,-6.243397758250575
A_cylinder,5,"13,18,23,26,29",1085697227,-6.0852171770533365
A_cylinder,5,"4,9,17,27,28",1925951934,-7.252736042954304
A_cylinder,5,"0,15,16,19,29",37834143,-5.91578603349282
A_cylinder,5,"1,2,4,15,24",1866557100,-6.3913426332411225
A_cylinder,5,"5,17,18,21,30",50965865,-5.948651847194174
A_cylinder,5,"1,5,11,27,31",1254373238,-5.969106147408465
A_cylinder,5,"0,7,12,17,23",1719545027,-5.858012272067841
A_cylinder,5,"0,12,18,21,27",1050540694,-5.907377663099677
A_cylinder,5,"0,7,10,11,23",655542988,-5.882165480913259
A_cylinder,5,"4,6,14,18,25",1320835414,-6.19765490383706
A_cylinder,5,"3,8,17,19,20",1784122286,-5.903214337453477
A_cylinder,5,"7,20,21,22,29",6010548,-6.1668837632251075
A_cylinder,5,"7,9,15,22,28",1393289161,-7.451345483855125
A_cylinder,5,"0,13,18,21,27",1925409444,-5.906880974972278
A_cylinder,5,"3,16,18,20,30",2104742674,-6.047661125294879
A_cylinder,5,"1,2,5,10,30",964995516,-5.943344553678748
A_cylinder,5,"2,9,11,14,24",283316341,-6.296862887905878
A_cylinder,5,"0,7,12,23,31",400941920,-5.8965207206367
A_cylinder,5,"0,1,4,14,18",475233790,-5.86744048644887
A_cylinder,5,"2,25,28,29,30",307561684,-6.474796748605839
A_cylinder,5,"8,9,13,14,26",1208657083,-5.94805131772312
A_cylinder,5,"8,11,18,25,27",878526372,-5.987606946301448
A_cylinder,5,"9,15,22,24,30",5202558,-6.745420421818045
A_cylinder,5,"2,4,17,20,29",1073204474,-6.280410932678021
A_cylinder,5,"12,13,19,24,30",1611037433,-6.088365042835263
A_cylinder,5,"10,12,18,20,27",1727175452,-6.14394660196553
A_cylinder,5,"1,14,16,18,20",466124500,-6.078611808380291
A_cylinder,5,"1,5,11,12,30",538624672,-5.923533843899981
A_cylinder,5,"1,8,15,17,23",506303138,-5.945371960156321
A_cylinder,5,"1,5,6,20,29",513755163,-5.91337192649236
A_cylinder,5,"6,11,17,19,23",65398950,-6.486608056890562
A_cylinder,5,"10,12,17,24,28",914812056,-6.390070320528294
A_cylinder,5,"2,7,16,22,30",1512019352,-6.154165278587616
A_cylinder,5,"8,10,14,23,30",1874754948,-6.001241388442103
A_cylinder,5,"1,4,5,9,14",383301345,-5.867093365123499
A_cylinder,5,"7,13,24,28,30",428401662,-5.989341592467921
A_cylinder,5,"3,4,20,26,29",1123133587,-6.083971943131909
A_cylinder,5,"1,14,16,20,29",31520796,-6.103393898882417
A_cylinder,5,"2,3,9,21,30",2050811574,-5.963771982688357
A_cylinder,5,"0,11,15,16,28",245097841,-5.891436143049916
A_cylinder,5,"0,15,24,29,31",1905220621,-5.957078879552198
A_cylinder,5,"12,15,16,19,25",319408293,-6.212770190756677
A_cylinder,5,"11,14,18,20,27",1360320541,-6.21309715477786
A_cylinder,5,"4,13,15,25,26",1205628671,-6.031777963266544
A_cylinder,5,"4,8,16,21,24",1862772977,-5.973103632960561
A_cylinder,5,"2,3,8,15,23",935339069,-5.942602332638547
A_cylinder,5,"10,14,24,29,30",1646988557,-6.2460352362563345
A_cylinder,5,"6,10,12,23,31",1535309281,-6.311456612937826
A_cylinder,5,"13,18,28,30,31",25917675,-6.080813820587417
A_cylinder,5,"6,12,15,24,27",1994685908,-6.706113730863265
A_cylinder,5,"3,8,17,18,27",1385454205,-5.925196281738723
A_cylinder,5,"7,16,21,25,27",1217797659,-6.155250216019516
A_cylinder,5,"2,9,11,13,14",508982055,-5.970717869713026
A_cylinder,5,"5,8,9,15,18",752680161,-5.921852150182312
A_cylinder,5,"2,6,13,21,23",295154589,-6.0054955264379055
A_cylinder,5,"0,12,20,22,27",1110259518,-5.818119256989253
A_cylinder,5,"5,14,19,26,29",1665519039,-6.042822789086939
A_cylinder,5,"1,9,18,19,25",1860325465,-6.149109508670362
A_cylinder,5,"19,20,28,29,31",847414350,-6.575497263289041
A_cylinder,5,"5,6,11,23,24",872838293,-5.969044176447192
A_cylinder,5,"3,4,12,16,27",396926300,-6.011793232008361
A_cylinder,5,"9,11,21,25,29",732826536,-6.107132454017142
A_cylinder,5,"6,8,10,16,26",389786754,-5.968021784169448
A_cylinder,5,"7,13,25,28,30",2095719491,-6.017786785312965
A_cylinder,5,"9,10,20,21,23",1298189745,-6.071761145820105
A_cylinder,5,"1,3,4,8,25",304358307,-5.890038020050978
A_cylinder,5,"7,15,18,22,29",1496829303,-6.234712524773003
A_cylinder,5,"7,9,11,18,28",959754319,-6.17424720116029
A_cylinder,5,"0,14,26,28,30",1452368355,-5.93318645322251
A_cylinder,5,"2,18,19,23,28",1711414344,-6.296300679326371
A_cylinder,5,"9,10,13,28,29",54877422,-6.022820798509703
A_cylinder,5,"3,7,9,13,23",1328987557,-5.952999034834359
A_cylinder,5,"0,2,12,20,22",672207523,-5.841833844376916
A_cylinder,5,"3,18,21,24,30",120032422,-6.017353629151034
A_cylinder,5,"1,5,13,20,30",1216759071,-5.923641404537368
A_cylinder,5,"4,5,10,11,17",417476050,-5.90518417003786
A_cylinder,5,"6,11,21,23,25",738095209,-6.174383416698228
A_cylinder,5,"9,13,19,21,22",1005744344,-6.011819892588317
A_cylinder,5,"12,13,25,27,28",1409541629,-5.974107544044589
A_cylinder,5,"2,5,15,24,28",1506259281,-5.987730945745304
A_cylinder,5,"0,7,16,17,26",1247995299,-5.901486897097411
A_cylinder,5,"0,1,3,11,21",735760497,-5.894520114396703
A_cylinder,5,"1,4,8,15,26",436823697,-5.967112491481648
A_cylinder,5,"7,14,15,30,31",2097968238,-6.9795611449556825
A_cylinder,5,"11,14,25,26,27",1956921122,-6.267872948881288
A_cylinder,5,"3,12,20,25,29",2092417925,-6.1034881796250255
A_cylinder,5,"6,14,20,28,31",410559572,-6.821560839168031
A_cylinder,5,"2,13,14,17,24",1083855489,-5.972210605830625
A_cylinder,5,"0,16,17,20,23",1815773881,-5.8877042635178585
A_cylinder,5,"2,14,19,23,31",1753205784,-6.725392947771362
A_cylinder,5,"1,5,19,24,31",1013962755,-6.00970964539667
A_cylinder,5,"1,14,21,25,29",9399949,-6.137649941771608
A_cylinder,5,"1,5,14,27,28",805542731,-5.936318801847349
A_cylinder,5,"4,7,11,14,23",122262382,-6.3872563865649985
A_cylinder,5,"6,10,18,28,29",1378679860,-6.233396366462283
A_cylinder,5,"7,13,14,18,28",175517281,-5.9491013080288395
A_cylinder,5,"13,14,18,23,27",1538269613,-6.015969184473361
A_cylinder,5,"2,3,6,18,24",1662435302,-6.047728762252366
A_cylinder,5,"6,7,16,22,31",1050688831,-6.175628154968448
A_cylinder,5,"0,1,5,9,12",2093044391,-5.855428981111279
A_cylinder,5,"3,5,21,22,30",878414858,-5.923297707042865
A_cylinder,5,"3,6,7,19,31",554418482,-6.129600704131574
A_cylinder,5,"13,21,22,24,27",772854525,-6.054685412040206
A_cylinder,5,"5,7,9,19,22",36337203,-5.9368423791564
A_cylinder,5,"6,16,18,30,31",747577917,-6.053547506113642
A_cylinder,5,"4,6,8,19,24",703735731,-5.972182676525722
A_cylinder,5,"12,14,18,25,29",680278177,-6.196661507815321
A_cylinder,5,"5,6,10,17,23",123383410,-5.926600487579253
A_cylinder,5,"17,20,22,25,26",589597307,-6.377664099269973
A_cylinder,5,"4,12,14,21,22",2070311152,-6.099262374504768
A_prism16,3,"11,21,30",295068208,-6.132075030959696
A_prism16,3,"0,18,22",684676270,-5.8102839110639115
A_prism16,3,"14,17,28",2099303676,-6.696453864254018
A_prism16,3,"17,25,30",63534706,-8.100447105340496
A_prism16,3,"11,25,26",1108170921,-6.288003808274428
A_prism16,3,"2,11,27",804498010,-6.372524732501216
A_prism16,3,"15,25,29",624728661,-6.5892989162797
A_prism16,3,"0,15,25",1255076726,-5.88667607293563
A_prism16,3,"1,10,14",910833151,-6.0603497186807775
A_prism16,3,"2,11,17",652465272,-6.222997406234372
A_prism16,3,"11,17,19",1513004276,-6.406845513450654
A_prism16,3,"5,7,27",1059089957,-5.898200370934442
A_prism16,3,"3,4,23",974736029,-5.947460013499581
A_prism16,3,"3,16,31",1743651648,-6.119160276493901
A_prism16,3,"1,8,25",1205654256,-5.884230534079664
A_prism16,3,"6,11,16",1902774362,-6.042845060729011
A_prism16,3,"16,23,25",1694286301,-6.086197095700438
A_prism16,3,"1,2,25",1783744477,-6.666491726133797
A_prism16,3,"12,15,31",1708017902,-6.731212551989635
A_prism16,3,"7,12,24",36082740,-6.5437118428538845
A_prism16,3,"9,12,20",750968716,-8.54347207596553
A_prism16,3,"4,19,21",618417584,-6.01482512554238
A_prism16,3,"2,13,18",663885995,-5.990844616005122
A_prism16,3,"2,3,15",1873310906,-5.979476239275218
A_prism16,3,"6,22,31",709637652,-6.681719553640696
A_prism16,3,"8,14,21",1967293213,-5.916529295176846
A_prism16,3,"16,17,24",896117759,-6.10015375158457
A_prism16,3,"9,26,30",773705257,-6.233029722360076
A_prism16,3,"9,25,26",1926901696,-6.2672757249750894
A_prism16,3,"4,7,20",635812738,-8.233963270752222
A_prism16,3,"1,24,25",1585320775,-6.402989366884535
A_prism16,3,"8,14,17",800260205,-5.883592905887735
A_prism16,3,"0,1,17",2123998134,-5.822704849384597
A_prism16,3,"6,25,30",699596660,-7.7246752447947244
A_prism16,3,"11,15,23",892611820,-6.607454464625223
A_prism16,3,"3,9,27",1517066458,-5.968239299286139
A_prism16,3,"12,13,26",1346947283,-5.904134423030655
A_prism16,3,"6,10,16",1582732035,-6.0695315740401865
A_prism16,3,"1,3,15",718084196,-5.951378180901115
A_prism16,3,"18,22,26",701299542,-6.088632118744417
A_prism16,3,"5,19,27",1461514303,-5.9246189044621635
A_prism16,3,"7,17,29",587648786,-6.336091688782891
A_prism16,3,"7,11,18",1620821168,-6.202948535300526
A_prism16,3,"13,16,19",1013491159,-5.937328583147401
A_prism16,3,"15,20,28",2126819494,-7.662245685949396
A_prism16,3,"12,18,26",850821629,-6.156434008026945
A_prism16,3,"5,24,31",1609312928,-5.971715651240659
A_prism16,3,"12,13,27",1304861543,-5.904165533019846
A_prism16,3,"14,22,27",230322683,-6.8853772916340406
A_prism16,3,"5,12,24",2061720213,-5.8696556517049645
A_prism16,3,"4,17,29",1403973867,-6.327946342094998
A_prism16,3,"22,24,28",738146755,-6.52565745027998
A_prism16,3,"0,18,25",1356322699,-5.823549542761213
A_prism16,3,"5,10,17",494154788,-5.943454020819719
A_prism16,3,"20,22,28",830995223,-6.883658273163542
A_prism16,3,"11,17,22",807667428,-6.444295930654647
A_prism16,3,"9,15,22",1722231510,-7.295598688710347
A_prism16,3,"2,14,29",1787456524,-6.349317381719115
A_prism16,3,"18,25,26",1736737306,-6.110634582315476
A_prism16,3,"12,23,29",251573517,-6.351562750259512
A_prism16,3,"4,5,12",1059946592,-5.869426240948913
A_prism16,3,"19,20,30",928511942,-7.677837610307832
A_prism16,3,"5,17,30",1292089733,-5.880445822345873
A_prism16,3,"5,16,29",33139925,-6.037707212231954
A_prism16,3,"0,9,25",1312283308,-5.7856711257687925
A_prism16,3,"3,9,20",355253465,-5.898202848038861
A_prism16,3,"8,12,16",1957843523,-5.871194341753448
A_prism16,3,"2,19,28",246107273,-6.668735149501123
A_prism16,3,"11,14,25",920070487,-6.524551891806702
A_prism16,3,"3,6,9",8240787,-5.8888098845180386
A_prism16,3,"5,11,26",2111750306,-5.903309271756791
A_prism16,3,"1,8,23",1530121572,-5.908194789731546
A_prism16,3,"5,8,15",1626387273,-5.850092873328691
A_prism16,3,"2,15,26",1078855057,-6.189045423227801
A_prism16,3,"3,16,20",868616186,-5.988465863796096
A_prism16,3,"3,15,24",601539624,-6.056384805289889
A_prism16,3,"6,18,28",629952994,-6.120378520615717
A_prism16,3,"11,17,29",263480987,-6.364972272437137
A_prism16,3,"1,17,22",2096999131,-6.583383853792733
A_prism16,3,"9,20,25",1810711257,-8.945211209790948
A_prism16,3,"4,18,31",99280749,-6.157644206318805
A_prism16,3,"0,15,25",562505651,-5.886445807817277
A_prism16,3,"5,19,28",13198080,-5.924100936766484
A_prism16,3,"3,13,30",1691217187,-5.965966314309906
A_prism16,3,"5,7,15",583075310,-5.874907933915731
A_prism16,3,"16,26,29",377239172,-6.1756310097528875
A_prism16,3,"16,19,21",1785492683,-6.143092048961987
A_prism16,3,"0,4,11",1787686683,-5.859375655032305
A_prism16,3,"3,18,26",1080445479,-6.051180684632557
A_prism16,3,"11,24,25",1450273064,-6.307536436141284
A_prism16,3,"1,12,21",87125502,-5.99374709027597
A_prism16,3,"17,19,31",752424879,-6.852219594620716
A_prism16,3,"13,18,19",2128062565,-5.918584334976269
A_prism16,3,"0,21,22",290094610,-5.825717151378802
A_prism16,3,"3,4,29",1190821520,-6.060325804565256
A_prism16,3,"9,17,19",684839696,-7.135260316924007
A_prism16,3,"0,23,28",1205574263,-5.782086720241261
A_prism16,3,"16,26,31",1268230422,-6.119726610763497
A_prism16,3,"2,8,15",1646545895,-5.933412372619456
A_prism16,3,"2,4,15",2077794919,-6.560754159031818
A_prism16,3,"7,14,15",1171472595,-7.291513239756883
A_prism16,3,"4,17,19",2139871780,-6.938233550898967
A_prism16,3,"2,10,19",415727130,-6.146364657777002
A_prism16,3,"2,5,26",413931704,-5.985490624056529
A_prism16,3,"7,13,18",2019899157,-5.927945670564162
A_prism16,3,"2,6,22",865303515,-6.634654572619829
A_prism16,3,"4,19,26",1358846907,-6.208818275157575
A_prism16,3,"17,25,28",1646774387,-6.73873608660776
A_prism16,3,"0,4,29",1842123696,-5.889573173273358
A_prism16,3,"0,7,30",712881065,-5.835632523885874
A_prism16,3,"3,4,6",155653587,-5.85887044899509
A_prism16,3,"6,13,24",359372182,-5.950349024946696
A_prism16,3,"5,13,22",682665643,-5.860732725522685
A_prism16,3,"4,18,28",98107331,-6.095499866742771
A_prism16,3,"1,20,31",18175871,-6.508555701479676
A_prism16,3,"1,6,11",1287976134,-6.242932856698401
A_prism16,3,"2,9,28",1880095218,-6.519300142987132
A_prism16,3,"5,11,17",1520447118,-5.911733685175637
A_prism16,3,"5,28,29",1035708714,-5.907734540784913
A_prism16,3,"1,6,17",1966460353,-7.426986985012573
A_prism16,3,"6,14,26",1939426032,-6.124305717621463
A_prism16,3,"20,28,30",1318997286,-6.7585427617708485
A_prism16,3,"8,10,30",1292439028,-5.895791863597434
A_prism16,3,"9,16,19",1630678308,-6.082197134120356
A_prism16,3,"0,9,23",987703505,-5.795481289388137
A_prism16,3,"2,8,9",1206879715,-5.903430116373231
A_prism16,3,"7,11,20",231839591,-6.308913909135769
A_prism16,3,"10,11,24",828940187,-6.2721555943189395
A_prism16,3,"15,19,31",931934568,-6.414083975244376
A_prism16,3,"12,22,24",133468105,-6.463396453753936
A_prism16,3,"10,16,24",1746454162,-6.212769717481779
A_prism16,3,"6,8,16",91380147,-5.881928079441723
A_prism16,3,"8,13,15",102502299,-5.878003308115905
A_prism16,3,"5,13,27",186878624,-5.8987849323439105
A_prism16,3,"2,16,25",1629821264,-6.157044681050051
A_prism16,3,"3,4,17",1557537457,-5.8520324438347355
A_prism16,3,"4,25,28",1849684695,-7.43643537190899
A_prism16,3,"5,20,31",1938529709,-5.877065582565326
A_prism16,3,"14,20,21",2121328855,-5.992103518068018
A_prism16,3,"2,28,29",1432735803,-6.386059679768161
A_prism16,3,"15,25,26",2053931243,-6.327753757490387
A_prism16,3,"6,11,24",411461846,-6.326608295289844
A_prism16,3,"3,4,27",908021240,-5.959449375889111
A_prism16,3,"5,11,24",1720641268,-5.901331287808026
A_prism16,3,"9,20,27",558324145,-7.726658663705817
A_prism16,3,"13,22,30",2115526279,-5.984214704409549
A_prism16,3,"1,2,17",2110997174,-6.464578705769435
A_prism16,3,"4,23,29",1501338610,-6.356967601565689
A_prism16,3,"11,12,18",76205657,-6.136668575531422
A_prism16,3,"8,9,13",2050520510,-5.848902135582408
A_prism16,3,"4,18,24",1122335367,-6.1607369401992145
A_prism16,3,"14,17,27",1776562043,-6.9244514168313875
A_prism16,3,"3,6,14",252758450,-5.888514988040354
A_prism16,3,"5,12,26",1941025276,-5.871096939989178
A_prism16,3,"2,17,31",1429490254,-6.493246054026583
A_prism16,3,"10,23,30",1931363787,-6.285296281219005
A_prism16,3,"5,12,14",328052372,-5.844548509047325
A_prism16,3,"3,23,27",342457370,-6.058086102244027
A_prism16,3,"1,3,20",306624615,-5.912133755741132
A_prism16,3,"10,24,29",1478329488,-6.274881174094912
A_prism16,3,"3,22,30",1878865706,-6.019421350010949
A_prism16,3,"3,15,29",68706006,-6.166269226603599
A_prism16,3,"9,10,11",1984789257,-6.098338497488699
A_prism16,3,"11,12,22",1329044959,-6.351819715514512
A_prism16,3,"18,25,28",844957496,-6.1987898611561665
A_prism16,3,"1,10,21",1170332919,-6.057800797851052
A_prism16,3,"8,16,23",754382852,-5.9582454696022005
A_prism16,3,"5,7,13",1663340335,-5.875652092069153
A_prism16,3,"4,26,30",512076254,-6.239054401846099
A_prism16,3,"4,19,22",1177437905,-7.0557552740065335
A_prism16,3,"4,10,16",1300078657,-6.022807257949537
A_prism16,3,"15,20,31",1706523005,-6.49770566037486
A_prism16,3,"0,11,13",1135815912,-5.886987698150482
A_prism16,3,"4,9,13",1505547454,-5.883845605437097
A_prism16,3,"0,18,28",840480185,-5.828850756445422
A_prism16,3,"19,23,29",853207394,-6.581530725813418
A_prism16,3,"2,14,26",907295878,-6.142870764747628
A_prism16,3,"0,23,25",1228444608,-5.8283255213964065
A_prism16,3,"10,14,25",1826045407,-6.216293467665293
A_prism16,3,"4,11,18",1688772762,-6.12176901267334
A_prism16,3,"7,14,29",1840798206,-6.351974051344723
A_prism16,3,"0,6,17",981787601,-5.804965161058772
A_prism16,3,"11,18,21",65545896,-6.078836724146262
A_prism16,3,"10,20,21",903732697,-6.170763123401341
A_prism16,3,"0,15,28",841297,-5.831973253531809
A_prism16,3,"14,26,27",1909897991,-6.266655066705981
A_prism16,3,"1,2,18",466114323,-6.14330948629107
A_prism16,3,"3,6,26",274983387,-6.031555610075532
A_prism16,3,"5,6,12",1950367799,-5.83805931629248
A_prism16,3,"12,24,26",1860250232,-6.2116234873005265
A_prism16,3,"19,25,29",476604697,-6.494173075275288
A_prism16,3,"4,20,26",1459505038,-6.1713938681153895
A_prism16,3,"0,14,26",1299712725,-5.836226897586637
A_prism16,3,"19,22,30",1755389673,-7.515928669810588
A_prism16,3,"9,11,14",267929425,-6.291257215115723
A_prism16,3,"2,6,23",786416778,-6.438244896085274
A_prism16,3,"6,9,12",1284117736,-8.204143271689894
A_prism16,3,"5,9,22",1939057605,-5.834405023864525
A_prism16,3,"3,7,17",1342176633,-5.908609922108673
A_prism16,3,"8,14,20",398811717,-5.82693921064525
A_prism16,3,"0,26,31",69977690,-5.909829791259506
A_prism16,3,"4,14,28",121190416,-7.2755229415300295
A_prism16,3,"6,22,31",342000720,-6.586483242522726
A_prism16,3,"3,7,19",680813032,-6.002855402256608
A_prism16,3,"9,11,23",650697692,-6.509652503177937
A_prism16,3,"0,11,28",1307492357,-5.814060183151947
A_prism16,3,"2,17,31",1694766439,-6.445332388994509
A_prism16,3,"2,17,20",1436925633,-6.678979437068541
A_prism16,3,"10,25,26",1138807185,-6.215421073621426
A_prism16,3,"9,10,12",316149453,-6.144971126610972
A_prism16,3,"9,18,24",1506189402,-6.167415273061201
A_prism16,3,"0,19,28",539148646,-5.8451938263434915
A_prism16,3,"1,15,27",1805260750,-7.588223341665756
A_prism16,3,"6,8,9",1454939263,-5.841987494787628
A_prism16,3,"10,26,30",1811236016,-6.245356162258182
A_prism16,3,"10,26,30",752908791,-6.1931784989442376
A_prism16,3,"3,5,8",90243133,-5.953335859629096
A_prism16,3,"5,6,10",1476313540,-5.858583129073989
A_prism16,3,"11,16,22",227438252,-6.149582711216108
A_prism16,3,"20,21,27",1502184209,-6.12210134171317
A_prism16,3,"8,12,19",2035211152,-5.893286636260676
A_prism16,3,"8,18,30",175721232,-5.901878336993887
A_prism16,3,"14,18,24",718994938,-6.1970719045964255
A_prism16,3,"9,10,28",1532375567,-6.154289803042993
A_prism16,3,"8,14,28",526970094,-5.874263392114003
A_prism16,3,"3,17,21",543399663,-6.034781294773327
A_prism16,3,"14,19,27",936404486,-7.227923637778488
A_prism16,3,"12,24,26",345825623,-6.3548052457648385
A_prism16,3,"2,14,15",2029987224,-6.638521120714175
A_prism16,3,"0,14,27",713250508,-5.862753830930352
A_prism16,3,"10,22,26",432385715,-6.181507296141136
A_prism16,3,"3,8,14",1799804937,-5.860759481242323
A_prism16,3,"0,3,20",2084138924,-5.829539738099771
A_prism16,3,"14,19,30",2031527793,-7.460388600665998
A_prism16,3,"12,14,17",838860520,-6.614910121644226
A_prism16,3,"0,15,30",1665787779,-5.849436623265925
A_prism16,3,"16,20,27",153676529,-6.128444631551539
A_prism16,3,"14,24,30",1026131919,-6.41779897940188
A_prism16,3,"9,14,25",1382503983,-7.430840207085181
A_prism16,3,"12,22,30",1323550342,-7.776624703007907
A_prism16,3,"7,24,30",1462720985,-6.338629348437153
A_prism16,3,"10,12,24",1328910729,-6.264426299807528
A_prism16,3,"0,3,22",436035531,-5.879209658694602
A_prism16,3,"1,10,12",1083005127,-6.068881942349622
A_prism16,3,"4,8,21",489017094,-5.9388717185583015
A_prism16,3,"7,22,24",1604126678,-6.535299236600162
A_prism16,3,"14,15,16",1255813140,-6.102026865497732
A_prism16,3,"0,12,22",1084312218,-5.803911120548071
A_prism16,3,"4,14,15",1039597100,-7.087313212779644
A_prism16,3,"9,14,24",1356979268,-6.519787934839452
A_prism16,3,"17,18,19",1956422709,-6.172321596997999
A_prism16,3,"13,22,26",431757084,-5.95300436859646
A_prism16,3,"9,17,18",1144731217,-6.084975816653609
A_prism16,3,"1,3,26",1552932140,-6.002089929834769
A_prism16,3,"0,9,24",923021001,-5.805870975688951
A_prism16,3,"5,23,30",775291500,-5.930107377528553
A_prism16,3,"1,10,15",1600225164,-6.184523767001788
A_prism16,3,"9,21,27",1293638721,-6.078115055631453
A_prism16,3,"1,13,30",1988929783,-5.927876405742193
A_prism16,3,"5,22,30",358698321,-5.911838554883954
A_prism16,3,"2,12,13",461348350,-5.936751415471443
A_prism16,3,"9,27,31",2146940878,-6.791984513811719
A_prism16,3,"9,10,12",1414443172,-6.088563659100501
A_prism16,3,"2,3,16",1556206170,-5.979479591946827
A_prism16,3,"2,10,29",848657738,-6.19929017435163
A_prism16,3,"10,11,21",144784212,-6.079147342216447
A_prism16,3,"3,17,18",107328910,-6.0316003367178785
A_prism16,3,"7,9,17",1816865209,-7.64615027590177
A_prism16,3,"15,28,31",183692722,-6.503175886214828
A_prism16,3,"18,23,26",1369825359,-6.138785502797881
A_prism16,3,"8,10,30",2015435965,-5.8802311188325
A_prism16,3,"1,4,6",186027422,-7.311552017903119
A_prism16,3,"15,19,23",1981998644,-6.6345260702166735
A_prism16,3,"4,6,8",1441042023,-5.844842387564067
A_prism16,3,"10,14,21",607565868,-6.137312843577375
A_prism16,3,"4,5,20",1921769503,-5.842436252449534
A_prism16,3,"12,18,23",772992395,-6.1674179126735345
A_prism16,3,"3,21,31",1080441444,-6.082260297243441
A_prism16,3,"12,26,29",1894499322,-6.310538961243492
A_prism16,3,"2,16,26",667765649,-6.1126059019461385
A_prism16,3,"5,12,14",400023649,-5.776014168388894
A_prism16,3,"3,16,21",1277246848,-6.007043315368392
A_prism16,3,"13,18,30",626995107,-5.956666863618566
A_prism16,3,"8,27,28",461396409,-5.8725992367260345
A_prism16,3,"0,22,24",1827618633,-5.8362457966514185
A_prism16,3,"8,13,30",652912080,-5.895118020172102
A_prism16,3,"3,8,11",834475109,-5.914190007816367
A_prism16,3,"9,23,29",1906319539,-6.387504291578214
A_prism16,3,"7,10,12",1813297998,-6.06959957373944
A_prism16,3,"4,18,22",482701000,-6.125047131767141
A_prism16,3,"4,17,23",1942370658,-6.586322076186972
A_prism16,3,"9,10,16",1736497104,-6.072334379373535
A_prism16,3,"0,19,29",1780321912,-5.915684561045
A_prism16,3,"1,19,28",1520433979,-7.237041703004471
A_prism16,3,"18,20,23",232477130,-6.242681325900966
A_prism16,3,"5,7,16",790692905,-5.892044098721288
A_prism16,3,"0,14,27",1912566120,-5.8270846491263315
A_prism16,3,"1,21,30",1486333058,-6.041477304753715
A_prism16,3,"12,19,27",232105370,-7.449812160432155
A_prism16,3,"0,28,31",653304881,-5.873140974202528
A_prism16,3,"20,22,29",1847454692,-6.464100033530843
A_prism16,3,"18,21,29",278245109,-6.125322556763732
A_prism16,3,"1,25,30",1230465314,-8.042479307777924
A_prism16,3,"2,8,29",455987873,-5.958017556677735
A_prism16,3,"1,9,18",1530702879,-6.060444599769714
A_prism16,3,"5,21,26",1252672637,-5.908951650859801
A_prism16,3,"5,7,13",1781222247,-5.850236466661497
A_prism16,3,"22,24,29",1750950709,-6.363154583126576
A_prism16,3,"3,8,16",179788832,-5.946179674623041
A_prism16,3,"0,13,27",542025717,-5.807134371620022
A_prism16,3,"2,4,10",1401863760,-6.06140526258701
A_prism16,3,"5,8,15",1300580090,-5.853474269677248
A_prism16,3,"4,10,19",692410333,-6.18569393931555
A_prism16,3,"13,19,29",2112169141,-5.9593794041726
A_prism16,3,"18,20,29",1041057820,-6.179325219482472
A_prism16,3,"7,21,22",1914899890,-6.135631115780775
A_prism16,3,"2,22,27",1973995422,-6.744573264264249
A_prism16,3,"7,22,30",1451856413,-7.792549139372101
A_prism16,3,"6,24,25",1771855346,-6.583398385899047
A_prism16,3,"1,20,28",474626969,-6.620916556240273
A_prism16,3,"9,19,22",1579969446,-7.228830149904389
A_prism16,3,"11,21,30",323638102,-6.193793935673017
A_prism16,3,"13,28,30",919584761,-5.908631564165485
A_prism16,3,"5,25,27",206372313,-5.909858384660227
A_prism16,3,"2,22,26",633835970,-6.298459541637418
A_prism16,3,"17,18,24",1523197364,-6.1260502361823574
A_prism16,3,"0,5,27",1082299949,-5.818320001636225
A_prism16,3,"12,14,30",1467687969,-7.871997868887162
A_prism16,3,"10,11,22",634543169,-6.2046438590563495
A_prism16,3,"12,15,24",1952483323,-6.538239059693304
A_prism16,3,"9,23,31",1454575883,-6.698150125203698
A_prism16,3,"3,16,23",327078854,-6.0592434161818245
A_prism16,3,"6,13,16",114758939,-5.941514095147219
A_prism16,3,"1,25,29",1933680737,-6.484750444020291
A_prism16,3,"1,15,29",435249412,-6.467273267371989
A_prism16,3,"19,28,29",1534987404,-6.489886861127475
A_prism16,3,"8,14,31",1470524561,-5.926867179208432
A_prism16,3,"1,20,28",1496493213,-6.67956741949418
A_prism16,3,"27,30,31",1917297329,-6.624391732234975
A_prism16,3,"6,14,25",1787844221,-7.796060813559554
A_prism16,3,"6,17,18",1680220850,-6.092480304903188
A_prism16,3,"6,17,25",752334488,-7.6105699803236355
A_prism16,3,"1,17,20",1777308800,-7.987804310738486
A_prism16,3,"21,28,30",120123089,-6.089622270634562
A_prism16,3,"7,14,15",1698443072,-7.094060333219006
A_prism16,3,"2,10,29",1861038245,-6.122503187016955
A_prism16,3,"8,9,20",711843981,-5.874554991148229
A_prism16,3,"2,17,21",513662131,-6.076581301035101
A_prism16,3,"0,3,5",1008624516,-5.927811564857079
A_prism16,3,"5,14,19",42978244,-5.834403580181059
A_prism16,3,"14,18,24",884003244,-6.175073820877181
A_prism16,3,"7,9,30",1083580545,-8.697700208671055
A_prism16,3,"3,8,10",1449396473,-5.918655561188977
A_prism16,3,"3,12,26",1582627219,-6.037214449742624
A_prism16,3,"0,2,22",25742164,-5.878391698936461
A_prism16,3,"1,20,31",1838909619,-6.555886863414563
A_prism16,3,"0,5,14",1421343575,-5.845045437207326
A_prism16,3,"15,17,20",21634446,-7.34331684150568
A_prism16,3,"1,9,26",1842867385,-6.263457345781654
A_prism16,3,"12,27,28",139602532,-6.772460093385563
A_prism16,3,"9,10,23",258799108,-6.204471765920797
A_prism16,3,"16,23,29",1791388111,-6.070045658070395
A_prism16,3,"4,10,30",1594017364,-6.131132999649827
A_prism16,3,"3,7,20",1071599173,-5.972404145694629
A_prism16,3,"13,22,29",775642689,-5.972868780380967
A_prism16,3,"2,14,29",1738686916,-6.353930540960015
A_prism16,3,"4,16,30",1058330822,-6.055400211920892
A_prism16,3,"1,7,20",1833139617,-8.44344720452497
A_prism16,3,"7,20,31",271010398,-6.543572518701467
A_prism16,3,"23,25,31",1559518197,-6.597656940236683
A_prism16,3,"11,15,17",1077587431,-6.479190419455134
A_prism16,3,"12,17,19",1073192436,-7.102949011151078
A_prism16,3,"5,19,27",985185518,-5.9150148098041795
A_prism16,3,"18,24,25",1574301529,-6.109498932911906
A_prism16,3,"0,7,16",1793629930,-5.8204820418852385
A_prism16,3,"7,13,16",537632507,-5.932885856698916
A_prism16,3,"4,21,25",2034881835,-5.995532478880128
A_prism16,3,"17,19,30",1949533533,-7.440681404417177
A_prism16,3,"21,23,25",1619329538,-6.081598995489819
A_prism16,3,"0,11,31",1656889991,-5.9187255064666076
A_prism16,3,"16,24,26",428496442,-6.202856434750449
A_prism16,3,"8,17,21",86337189,-5.940622910260736
A_prism16,3,"3,16,18",470384347,-6.026333700721736
A_prism16,3,"5,17,29",1164306076,-5.95447049932101
A_prism16,3,"8,11,23",792737522,-5.9758244665384845
A_prism16,3,"2,7,31",1619255987,-6.515903796014503
A_prism16,3,"7,8,26",1954836168,-5.908042919898407
A_prism16,3,"1,24,26",761991623,-6.174660497828745
A_prism16,3,"2,17,29",1452322062,-6.294670589686613
A_prism16,3,"3,20,21",994772704,-6.005966041968902
A_prism16,3,"2,19,30",2135389236,-6.76782704604415
A_prism16,3,"6,10,17",1014546932,-6.122367877697859
A_prism16,3,"1,15,21",1258763009,-6.034231574657959
A_prism16,3,"24,25,31",444347868,-6.4860579068813635
A_prism16,3,"6,10,15",434040925,-6.208730371157063
A_prism16,3,"14,17,28",78403400,-6.797172064702302
A_prism16,3,"1,18,23",431077036,-6.095560544656419
A_prism16,3,"4,8,23",1465765889,-5.870523614723044
A_prism16,3,"17,23,24",2138363298,-6.4397129634587875
A_prism16,3,"15,25,29",286237693,-6.4062813569608
A_prism16,3,"12,17,20",1730198442,-8.441160274133239
A_prism16,3,"18,19,28",1082368644,-6.221822209460721
A_prism16,3,"5,6,12",1804303048,-5.8712857142326635
A_prism16,3,"0,28,31",1097752151,-5.854261858129866
A_prism16,3,"0,15,25",1301180937,-5.876241988359883
A_prism16,3,"2,4,9",1754640600,-6.298690039524317
A_prism16,3,"12,26,29",860787940,-6.257048476323504
A_prism16,3,"14,16,21",53180938,-6.101657530729143
A_prism16,3,"2,12,19",276034590,-6.648824849716606
A_prism16,3,"23,26,27",1769496663,-6.389740905333971
A_prism16,3,"2,25,31",368739435,-6.480841867932776
A_prism16,3,"3,15,17",1335979083,-6.0309575050392885
A_prism16,3,"5,13,31",2104234834,-5.8684136107042395
A_prism16,3,"14,15,26",2070663846,-6.293658817060508
A_prism16,3,"7,30,31",113874752,-6.75441553018127
A_prism16,3,"23,24,28",733696082,-6.463465324967632
A_prism16,3,"3,20,25",1677868711,-5.979205666074274
A_prism16,3,"2,27,31",2068096717,-6.582885971587429
A_prism16,3,"3,22,28",385614763,-6.050679195688737
A_prism16,3,"13,19,25",1111084918,-5.911840652361457
A_prism16,3,"4,5,13",2009855281,-5.903603462528259
A_prism16,3,"15,16,29",1851524022,-6.119331671438958
A_prism16,3,"9,20,28",148921141,-7.70916704601911
A_prism16,3,"4,21,30",1048948140,-6.0573705369913124
A_prism16,3,"3,18,23",1097264379,-6.037714748249313
A_prism16,3,"8,11,13",1432233821,-5.877758973576314
A_prism16,3,"3,9,21",1078932172,-5.964494456021688
A_prism16,3,"11,12,18",1947727373,-6.130563967159178
A_prism16,3,"2,12,19",513497056,-6.673365503899548
A_prism16,3,"12,29,31",1229259245,-6.490455037803097
A_prism16,3,"5,11,26",1935297831,-5.908948150870122
A_prism16,3,"12,15,26",95253767,-6.376022649780584
A_prism16,3,"3,9,22",644951063,-5.922479772203832
A_prism16,3,"15,24,27",1932200737,-6.473196597049862
A_prism16,3,"3,19,28",490465843,-6.088682592611157
A_prism16,3,"14,24,25",1031097864,-6.510042907182083
A_prism16,3,"1,18,31",1433049634,-6.147411835798082
A_prism16,3,"6,14,20",545018598,-7.302836966925176
A_prism16,3,"17,22,30",1011532229,-7.894084881691273
A_prism16,3,"10,20,30",1379651543,-6.335603804685214
A_prism16,3,"3,16,25",1585319094,-5.97804663792509
A_prism16,3,"6,19,20",1435638965,-7.447180533827222
A_prism16,3,"9,18,29",707850193,-6.204677756405073
A_prism16,3,"3,13,21",523701565,-5.975282715840578
A_prism16,3,"7,24,28",1439226231,-6.5032828124053905
A_prism16,3,"16,20,26",650360245,-6.030440698543969
A_prism16,3,"24,29,30",1865454443,-6.531206511247119
A_prism16,3,"17,19,25",952892572,-7.390743790588953
A_prism16,3,"17,28,31",1956913300,-6.736629867647689
A_prism16,3,"10,22,23",1669231951,-6.248454562925036
A_prism16,3,"6,19,31",1274125843,-6.561779546331668
A_prism16,3,"2,20,29",690248498,-6.437454589446998
A_prism16,3,"3,23,28",795398508,-6.057978996988955
A_prism16,3,"8,12,18",941211523,-5.846126302601351
A_prism16,3,"1,9,29",228063644,-6.349722024132501
A_prism16,3,"7,16,24",1842563100,-6.14891988659848
A_prism16,3,"5,28,30",552113589,-5.923015466386256
A_prism16,3,"4,10,18",731901130,-6.069014237330749
A_prism16,3,"8,16,24",1395359208,-5.948054261256549
A_prism16,3,"15,17,24",402968825,-6.501261375862717
A_prism16,3,"1,5,12",2019108080,-5.813028373664877
A_prism16,3,"10,15,26",616795234,-6.181679649270846
A_prism16,3,"6,16,29",1747249293,-6.145412925886293
A_prism16,3,"0,19,31",651592827,-5.849294264818295
A_prism16,3,"7,24,29",376772614,-6.4071055315735705
A_prism16,3,"11,13,16",1386848891,-6.022671421616363
A_prism16,3,"9,10,16",150493808,-6.046358164810066
A_prism16,3,"2,6,17",961362767,-6.474291744666233
A_prism16,3,"3,4,17",2044925984,-5.8362832005089995
A_prism16,3,"14,20,24",469065366,-6.320751205295582
A_prism16,3,"4,19,28",910370500,-7.040522374842454
A_prism16,3,"9,11,29",1362394764,-6.2468480940003985
A_prism16,3,"16,18,19",1896447451,-6.029445589923899
A_prism16,3,"20,21,25",277253872,-6.094063122577531
A_prism16,3,"5,22,28",1478463701,-5.901847422369135
A_prism16,3,"2,3,5",327017520,-5.904538373496895
A_prism16,3,"17,21,30",515005310,-6.113927459965304
A_prism16,3,"5,10,28",684749282,-5.856888806211623
A_prism16,3,"4,27,31",1335007268,-6.647712290590965
A_prism16,3,"13,20,21",261759590,-5.937090007107546
A_prism16,3,"0,26,27",1623415506,-5.84784931282364
A_prism16,3,"10,11,14",1463520562,-6.062647889099476
A_prism16,3,"3,25,29",719690541,-6.107419002662638
A_prism16,3,"1,11,16",236109917,-6.075742324217307
A_prism16,3,"0,3,5",1735727310,-5.925252294317759
A_prism16,3,"9,10,18",802658649,-6.09240510566868
A_prism16,3,"3,11,21",679140573,-6.015165343618268
A_prism16,3,"14,26,27",1683742677,-6.28786955900061
A_prism16,3,"19,28,31",1398812614,-6.650330314584336
A_prism16,3,"20,23,26",2084593719,-6.39458951544017
A_prism16,3,"11,16,26",496862471,-6.073551403088703
A_prism16,3,"3,18,22",712237047,-6.021103362042726
A_prism16,3,"7,8,25",173776393,-5.8825577268813785
A_prism16,3,"3,4,13",1468722672,-5.9165002608370045
A_prism16,3,"7,18,29",1872512566,-6.132640318272337
A_prism16,3,"10,13,17",1410606731,-5.95342348030639
A_prism16,3,"8,13,26",1704060295,-5.9010227121043775
A_prism16,3,"2,23,25",1812867448,-6.629509587163347
A_prism16,3,"3,10,12",1796606774,-5.9347664975479875
A_prism16,3,"10,27,29",1625639059,-6.30994583653826
A_prism16,3,"5,13,15",1139307529,-5.867482490845463
A_prism16,3,"14,27,29",756377627,-6.457059044633948
A_prism16,3,"7,20,27",1362947225,-6.7168657457897725
A_prism16,3,"1,24,29",2088516984,-6.538591268066211
A_prism16,3,"14,17,19",208282655,-7.350900457877848
A_prism16,3,"4,14,19",1412674223,-7.010657274716257
A_prism16,3,"1,16,29",767095092,-6.167429839761578
A_prism16,3,"19,20,26",1289031503,-6.38039347175296
A_prism16,3,"1,4,16",613218444,-6.029431811381054
A_prism16,3,"11,22,23",1986749328,-6.412976284365568
A_prism16,3,"17,22,24",1547597667,-6.506125874704801
A_prism16,3,"15,18,28",53582110,-6.1675201336102035
A_prism16,3,"0,16,23",2090458330,-5.834558512057721
A_prism16,3,"7,9,21",2032078153,-6.003681032030321
A_prism16,3,"2,17,25",1207239527,-6.73069159720199
A_prism16,3,"11,13,31",2026108638,-5.9827098938724905
A_prism16,3,"4,22,27",259561847,-7.426876545070858
A_prism16,3,"9,20,27",1915956937,-7.61142244002996
A_prism16,3,"2,16,26",1584037269,-6.048696032930487
A_prism16,3,"0,25,27",42893246,-5.839923110169003
A_prism16,3,"3,8,12",1652868777,-5.836185413007592
A_prism16,3,"7,9,19",947695232,-7.109975097806213
A_prism16,3,"25,26,27",736623107,-6.30435545725766
A_prism16,3,"4,27,31",2025316956,-6.682296972695106
A_prism16,3,"14,21,31",509601624,-6.164755078335195
A_prism16,3,"8,11,28",721665375,-5.888329160684461
A_prism16,3,"11,22,30",2073854636,-6.521081655410723
A_prism16,3,"4,13,17",749450362,-5.867358178232648
A_prism16,3,"2,8,13",983284530,-5.885601856149869
A_prism16,3,"12,14,31",1780994828,-6.6023482847520025
A_prism16,3,"9,23,27",549334063,-6.7405453619897715
A_prism16,3,"6,10,16",1295714475,-6.073824062681863
A_prism16,3,"3,10,17",1084299286,-5.958203510553667
A_prism16,3,"0,18,29",1538027103,-5.910372537657831
A_prism16,3,"2,9,25",1849603738,-6.587051921696676
A_prism16,3,"5,7,30",521577494,-5.889466424367938
A_prism16,3,"2,19,27",1194187301,-6.707354268629742
A_prism16,3,"13,19,24",894281699,-5.986648223957696
A_prism16,3,"9,16,29",531286112,-6.099685628600223
A_prism16,3,"2,3,31",1137411479,-6.08202060481646
A_prism16,3,"6,11,18",2022778040,-6.165537779548567
A_prism16,3,"5,27,28",765969238,-5.88678348778153
A_prism16,3,"4,7,13",1342582181,-5.902667871524831
A_prism16,3,"3,5,19",165924738,-5.944964830111096
A_prism16,3,"11,13,14",679123032,-5.993842178652413
A_prism16,3,"2,15,16",600546124,-6.078272556105494
A_prism16,3,"0,4,31",2003210386,-5.810849034907619
A_prism16,3,"0,14,22",450144120,-5.764212545520563
A_prism16,3,"2,15,22",403852237,-6.658278902497582
A_prism16,3,"6,7,15",908357767,-7.316619697875964
A_prism16,3,"7,17,29",503801873,-6.367352682265687
A_prism16,3,"4,6,12",432959849,-7.676422993555219
A_prism16,3,"7,21,25",1296247871,-6.070904843109558
A_prism16,3,"2,20,25",1173696827,-6.733458426134739
A_prism16,3,"8,17,19",1974233884,-5.86762018381967
A_prism16,3,"6,9,12",911890849,-7.910724205959513
A_prism16,3,"1,8,13",1209099990,-5.877621023548644
A_prism16,3,"5,20,26",190444387,-5.924890137513409
A_prism16,3,"15,16,21",698931066,-6.067098925754868
A_prism16,3,"4,10,20",113976029,-6.115601440537076
A_prism16,3,"3,15,31",660385895,-6.08913006893964
A_prism16,3,"8,12,14",1397779560,-5.769850198497602
A_prism16,3,"1,26,27",149963550,-6.311605749031301
A_prism16,3,"10,22,26",499687705,-6.132713123421995
A_prism16,3,"3,11,28",320935151,-6.079063833104481
A_prism16,3,"8,21,22",864927548,-5.901656154601276
A_prism16,3,"8,19,21",894832554,-5.886190369083197
A_prism16,3,"2,22,27",1893852475,-6.66840281165047
A_prism16,3,"7,17,23",596169120,-6.600820220867525
A_prism16,3,"16,26,31",911018013,-6.183033167386917
A_prism16,3,"5,10,16",2122342658,-5.87807007785299
A_prism16,3,"1,22,26",1696901658,-6.269253222977956
A_prism16,3,"0,10,30",801575974,-5.8151341379058215
A_prism16,3,"1,7,11",969303166,-6.27595641425684
A_prism16,3,"2,22,27",771003038,-6.831857891253701
A_prism16,3,"6,12,26",307696444,-6.230640039631603
A_prism16,3,"0,23,31",798990701,-5.877969470463272
A_prism16,3,"5,12,24",1845897456,-5.869911487243712
A_prism16,3,"17,21,30",2080237381,-6.128500664660175
A_prism16,3,"16,17,19",1544292879,-6.120519954106939
A_prism16,3,"2,6,13",1593096001,-5.9801216836266295
A_prism16,3,"8,12,15",1027910802,-5.884811409906401
A_prism16,3,"0,4,7",820481583,-5.832596875694442
A_prism16,3,"0,2,31",1307717347,-5.832769475699271
A_prism16,3,"9,25,26",671964270,-6.202759426661365
A_prism16,3,"1,8,26",2068100483,-5.898512335482784
A_prism16,3,"8,17,26",1753333309,-5.954372598833301
A_prism16,3,"10,20,21",1406920580,-6.070432974171204
A_prism16,3,"6,18,20",332300290,-6.041016291050818
A_prism16,3,"2,6,11",908451126,-6.246342959692841
A_prism16,3,"13,15,23",1971980301,-5.978850960255568
A_prism16,3,"13,23,28",1699966029,-5.958906668534041
A_prism16,3,"7,29,30",1268586297,-6.447016597074954
A_prism16,3,"0,15,30",2011554,-5.824622128940313
A_prism16,3,"19,20,27",868691472,-6.999386569713135
A_prism16,3,"2,12,27",1009912793,-6.659880997698008
A_prism16,3,"13,17,19",1159963346,-5.925661040908174
A_prism16,3,"26,28,31",1020639407,-6.357700328746428
A_prism16,3,"13,20,30",1734564076,-6.01069259211254
A_prism16,3,"14,20,23",1127126627,-6.558784383719461
A_prism16,3,"14,18,30",59413468,-6.127206891844727
A_prism16,3,"1,8,25",657754929,-5.846830730678746
A_prism16,3,"7,22,25",832577108,-6.543626153131642
A_prism16,3,"2,7,26",502446850,-6.325101712413199
A_prism16,3,"8,10,21",1163381637,-5.895879791161279
A_prism16,3,"1,5,10",1176373410,-5.857460685233644
A_prism16,3,"1,5,10",272306522,-5.844308838211799
A_prism16,3,"5,6,22",798013215,-5.872445759667776
A_prism16,3,"0,24,25",329617482,-5.825110095241832
A_prism16,3,"8,24,27",219030144,-5.940813565817281
A_prism16,3,"1,11,13",1077224105,-5.964466436548297
A_prism16,3,"4,13,15",109920934,-5.926547994767341
A_prism16,3,"11,21,25",1063126183,-6.118909376395272
A_prism16,3,"0,27,29",1039979266,-5.916951963854031
A_prism16,3,"8,26,31",59844797,-5.9658977257396
A_prism16,3,"8,10,16",226598726,-5.907818521990708
A_prism16,3,"3,8,25",1049592292,-5.9304278331159495
A_prism16,3,"12,22,23",188437784,-6.878757766359777
A_prism16,3,"12,18,25",760776577,-6.185921479614731
A_prism16,3,"10,19,29",1145223304,-6.266199454056439
A_prism16,3,"0,9,21",320791658,-5.806972827546705
A_prism16,3,"8,12,21",1582643763,-5.8882176929792305
A_prism16,3,"2,10,22",61132241,-6.147131002775135
A_prism16,3,"13,17,22",738856762,-5.897335656251389
A_prism16,3,"7,15,31",1471409175,-6.49760098414789
A_prism16,3,"3,24,25",474215917,-6.049391603174491
A_prism16,3,"16,19,20",825445328,-6.16446886881456
A_prism16,3,"10,21,30",530055902,-6.135069523246776
A_prism16,3,"8,20,26",904075079,-5.897028830983608
A_prism16,3,"10,30,31",1816814087,-6.371228609638881
A_prism16,3,"4,21,30",967607849,-6.065148806104092
A_prism16,3,"14,22,31",1534611393,-6.618544303171343
A_prism16,3,"3,16,21",1341109184,-6.067284840002264
A_prism16,3,"3,17,20",1771122919,-5.946606357764507
A_prism16,3,"2,3,16",1700546634,-5.969409534508723
A_prism16,3,"11,14,17",524393840,-6.336681787300186
A_prism16,3,"4,23,31",469719432,-6.661713578143857
A_prism16,3,"3,7,17",310786970,-5.926213856038558
A_prism16,3,"8,12,16",49681978,-5.881562360458726
A_prism16,3,"1,12,21",1455319604,-6.082488114933456
A_prism16,3,"14,16,26",186549606,-6.077911722931253
A_prism16,3,"17,18,27",1990622923,-6.134115124155585
A_prism16,3,"4,22,27",1307379384,-7.398586950980043
A_prism16,3,"17,23,30",904863370,-6.739255952748888
A_prism16,3,"0,26,31",45217455,-5.880670997459993
A_prism16,3,"19,26,27",789516319,-6.3867934784510165
A_prism16,3,"8,18,31",2143921885,-5.990612954885881
A_prism16,3,"3,16,19",593611418,-6.024689240013132
A_prism16,3,"9,22,26",552352233,-6.2701880662536755
A_prism16,3,"3,12,14",481266745,-5.91557790654143
A_prism16,3,"20,25,29",2007862573,-6.437908282949361
A_prism16,3,"4,9,20",1152964108,-8.181537874125848
A_prism16,3,"14,25,31",829363296,-6.827501733751771
A_prism16,3,"13,15,19",1669440266,-5.97938490386525
A_prism16,3,"14,23,27",1492581894,-6.790385380232916
A_prism16,3,"10,14,23",2046879200,-6.25515662318259
A_prism16,3,"2,7,9",1783871001,-6.424105133483982
A_prism16,3,"17,22,24",278384635,-6.523493756017136
A_prism16,3,"0,4,20",1338611398,-5.810508480882485
A_prism16,3,"3,17,22",8068492,-5.953559646803748
A_prism16,3,"9,14,15",275807018,-7.379106907885996
A_prism16,3,"0,1,20",938104082,-5.8292486675099475
A_prism16,3,"16,28,31",527473882,-6.140161998413118
A_prism16,3,"23,26,30",382325326,-6.335641642942996
A_prism16,3,"3,13,23",2047845781,-5.992461622702975
A_prism16,3,"14,16,26",2036990597,-6.10340044502747
A_prism16,3,"0,8,10",1959281381,-5.89998525925388
A_prism16,3,"0,4,9",1057135915,-5.89279721996312
A_prism16,3,"18,26,31",792396016,-6.188437019245342
A_prism16,3,"20,28,30",1693780030,-6.76634350291381
A_prism16,3,"23,25,28",409489076,-6.851775764734019
A_prism16,3,"3,17,25",1890279246,-5.936757798245442
A_prism16,3,"5,10,21",1101962916,-5.869738697130826
A_prism16,3,"0,6,10",1873346816,-5.807436449395858
A_prism16,3,"22,29,31",406388516,-6.502291294915336
A_prism16,3,"9,10,29",1010577871,-6.204980948993922
A_prism16,3,"5,26,29",2065400424,-5.94430034726789
A_prism16,3,"2,4,24",686682165,-6.3889102023524655
A_prism16,3,"0,14,22",1954019039,-5.837144379699998
A_prism16,3,"4,16,17",802699464,-6.020704298719053
A_prism16,3,"16,29,31",1274637909,-6.136198586202866
A_prism16,3,"2,19,21",662319558,-6.1097194647807225
A_prism16,3,"12,17,28",1266342371,-6.812407695486077
A_prism16,3,"3,24,26",110331397,-6.071900639734709
A_prism16,3,"24,26,27",588316430,-6.304226080242124
A_prism16,3,"12,21,26",1570964063,-6.086327953390722
A_prism16,3,"7,16,31",988074338,-6.162236786008611
A_prism16,3,"6,10,30",1030372970,-6.249519902075567
A_prism16,3,"9,11,24",1443860652,-6.299932756808772
A_prism16,3,"4,10,25",229282123,-6.18861434514759
A_prism16,3,"4,12,22",1768388777,-7.279979848795144
A_prism16,3,"3,8,21",1626889756,-5.968013637878728
A_prism16,3,"13,23,25",1415270281,-5.974050364152493
A_prism16,3,"12,14,30",1128454050,-8.02410007917317
A_prism16,3,"12,26,27",1170099584,-6.283400293322444
A_prism16,3,"3,8,30",1460376010,-5.862598124248749
A_prism16,3,"2,24,28",1600145204,-6.3946313945019675
A_prism16,3,"10,15,27",1819060926,-6.248068076123698
A_prism16,3,"4,13,17",74988723,-5.858112548427207
A_prism16,3,"5,9,24",514289942,-5.917641156026266
A_prism16,3,"8,17,20",1766910295,-5.864873829737613
A_prism16,3,"7,14,16",730003014,-6.063884893630536
A_prism16,3,"2,7,27",671778841,-6.5989220739280405
A_prism16,3,"3,5,20",898428384,-5.942673942301662
A_prism16,3,"10,13,28",2097854368,-5.991798803179439
A_prism16,3,"10,14,27",1182893039,-6.1833728322348565
A_prism16,3,"5,13,19",391810820,-5.860468686521854
A_prism16,3,"2,6,28",1151772625,-6.64466370782505
A_prism16,3,"5,9,25",1309335603,-5.811833726947041
A_prism16,3,"1,24,31",1003932545,-6.3252872951719326
A_prism16,3,"1,6,31",378681432,-6.4266545734420255
A_prism16,3,"16,20,22",1532307462,-6.158590622213456
A_prism16,3,"0,3,15",1608475876,-5.88956910545895
A_prism16,3,"22,23,31",1564710961,-6.609619387537316
A_prism16,3,"18,19,30",1594633359,-6.277776636991352
A_prism16,3,"6,12,23",604378964,-6.561601541828295
A_prism16,3,"20,25,29",1943125470,-6.6398578637062435
A_prism16,3,"10,28,30",1373868260,-6.263552092646951
A_prism16,3,"18,21,31",1150359752,-6.221841251785696
A_prism16,3,"0,14,16",2146914217,-5.819559733980635
A_prism16,3,"9,14,18",212812974,-6.0900953278316425
A_prism16,3,"1,6,13",1768624419,-5.950623946135997
A_prism16,3,"1,24,29",482431102,-6.342862923698073
A_prism16,3,"0,6,21",366871452,-5.828433247994182
A_prism16,3,"6,19,31",1419183425,-6.4972741610005205
A_prism16,3,"0,11,23",1054872174,-5.825350572702451
A_prism16,3,"1,12,24",357597306,-6.4293152930393145
A_prism16,3,"1,8,11",33914529,-5.946603886504561
A_prism16,3,"1,16,20",1380875701,-6.061782527984607
A_prism16,3,"5,27,29",1075934892,-5.927902013722034
A_prism16,3,"1,9,23",1698753404,-6.542633206478142
A_prism16,3,"14,23,31",208510511,-6.424969848146011
A_prism16,3,"3,15,25",1946699481,-6.053920973312979
A_prism16,3,"4,8,13",334971263,-5.94103212732001
A_prism16,3,"3,6,17",628443087,-5.917527373577961
A_prism16,3,"10,19,30",129855876,-6.253545829633326
A_prism16,3,"19,22,26",1515088914,-6.344701559334307
A_prism16,3,"6,8,26",1619086833,-5.904164418938122
A_prism16,3,"2,3,8",254613199,-5.9151291289087204
A_prism16,3,"11,25,27",100264867,-6.5136589500876605
A_prism16,3,"1,8,17",1067404179,-5.846012915753837
A_prism16,3,"4,9,14",884264547,-7.243587332050655
A_prism16,3,"19,27,31",451044751,-6.578833275720563
A_prism16,3,"1,21,26",197163276,-6.03233311718462
A_prism16,3,"9,16,26",789745098,-6.098560110318011
A_prism16,3,"3,16,27",120063801,-6.042298543323623
A_prism16,3,"4,28,30",1615385570,-7.47132442577009
A_prism16,3,"2,21,23",1245365277,-6.09478911556893
A_prism16,3,"18,22,30",2108872532,-6.171595819181721
A_prism16,3,"8,13,23",106966324,-5.8773963471849955
A_prism16,3,"7,25,28",1645826705,-6.803932258108091
A_prism16,3,"6,12,18",1263709196,-6.162541041095395
A_prism16,3,"6,16,27",1002692263,-6.026927320458951
A_prism16,3,"17,19,29",1611379585,-6.358554286974098
A_prism16,3,"23,25,31",794620601,-6.646652919811926
A_prism16,3,"1,5,29",517914417,-5.916372293624696
A_prism16,3,"2,11,21",1458693772,-6.1111207740864755
A_prism16,3,"3,29,31",1833422229,-6.183893349261383
A_prism16,3,"12,16,26",1162734212,-6.161954707760958
A_prism16,3,"13,15,25",1716540473,-5.985870939816641
A_prism16,3,"4,12,15",2145068071,-7.067898019845678
A_prism16,3,"9,13,31",1709619954,-5.962385302408338
A_prism16,3,"5,27,31",1643814965,-5.900411253824117
A_prism16,3,"12,20,31",1661433045,-6.576160810365235
A_prism16,3,"19,25,29",1071882364,-6.5002162656121865
A_prism16,3,"4,12,23",103021650,-6.6741034150692995
A_prism16,3,"9,12,20",1484662631,-8.878486061822425
A_prism16,3,"1,5,19",1184310046,-5.875440496267406
A_prism16,3,"14,25,30",518876232,-7.790784721673497
A_prism16,3,"3,17,21",1344339565,-5.9860321755370185
A_prism16,3,"6,8,11",1607123731,-5.944766940729905
A_prism16,3,"1,17,20",2012789661,-8.15518615238951
A_prism16,3,"10,27,30",1748004031,-6.310270513368505
A_prism16,3,"6,13,14",611981643,-5.8602414313364894
A_prism16,3,"13,14,23",828212389,-5.99176889480241
A_prism16,3,"22,26,31",10336514,-6.263906555392776
A_prism16,3,"5,12,31",1183445175,-5.9001873298767675
A_prism16,3,"17,18,31",1911197148,-6.206062248115112
A_prism16,3,"5,14,17",116326539,-5.856506121341688
A_prism16,3,"3,11,18",468675593,-5.993398304121314
A_prism16,3,"10,12,27",1520840185,-6.157782752599233
A_prism16,3,"2,7,24",1757685962,-6.416727561363882
A_prism16,3,"4,8,26",1032424067,-5.984351479475591
A_prism16,3,"11,19,22",1154967127,-6.51196675172758
A_prism16,3,"11,19,26",2118809446,-6.386368626880319
A_prism16,3,"4,7,15",1160987888,-6.862462375985607
A_prism16,3,"11,13,24",1391382259,-5.9823619566433495
A_prism16,3,"0,20,30",1848958391,-5.857632122008722
A_prism16,3,"13,20,23",486798798,-5.991700661484954
A_prism16,3,"2,21,31",1581811961,-6.131003666918529
A_prism16,3,"6,9,22",211271359,-8.063638255373595
A_prism16,3,"1,4,26",306126884,-6.188952668335527
A_prism16,3,"2,28,30",1521342749,-6.7450104861941345
A_prism16,3,"10,11,29",2019898251,-6.241205338365743
A_prism16,3,"5,22,29",321790234,-5.917559153213169
A_prism16,3,"3,11,27",1495108763,-6.020824809621636
A_prism16,3,"2,3,26",2075590388,-6.076750739103038
A_prism16,3,"3,9,25",1565409296,-5.989505692389388
A_prism16,3,"5,10,12",1379382932,-5.836296343954579
A_prism16,3,"2,15,26",422702066,-6.242330766639713
A_prism16,3,"12,16,27",543890204,-6.0822908375954325
A_prism16,3,"3,6,19",2093051515,-5.998920952502168
A_prism16,3,"6,13,19",624829868,-5.922861354883878
A_prism16,3,"4,14,30",1451534517,-8.086945906423887
A_prism16,3,"4,14,24",264199636,-6.326596750268161
A_prism16,3,"1,7,30",1989886418,-7.396169757819933
A_prism16,3,"3,13,31",379644239,-6.026794512744065
A_prism16,3,"5,7,18",1982445772,-5.881878798159236
A_prism16,3,"0,10,16",1339470897,-5.91808579383148
A_prism16,3,"10,18,30",1078892289,-6.160941321268275
A_prism16,3,"0,15,25",621944689,-5.802169865967905
A_prism16,3,"7,17,27",1717399196,-6.9101930162238805
A_prism16,3,"7,10,22",1300803621,-6.1464716972168345
A_prism16,3,"16,20,21",33125229,-6.159772473537972
A_prism16,3,"5,11,22",813353780,-5.870797896890378
A_prism16,3,"17,21,30",1595557782,-6.100182589939387
A_prism16,3,"14,23,31",884797911,-6.457472783128075
A_prism16,3,"18,26,28",1539851241,-6.2066339106961825
A_prism16,3,"2,8,23",422061001,-5.888280919391851
A_prism16,3,"25,26,31",801544794,-6.42357033871027
A_prism16,3,"2,6,7",1518726223,-6.590001182927038
A_prism16,3,"9,10,15",2006770710,-6.157271959635726
A_prism16,3,"2,6,20",1359685228,-6.591701929382409
A_prism16,3,"6,13,15",1637614355,-5.9715466142761535
A_prism16,3,"11,14,21",985796283,-6.138591291057694
A_prism16,3,"5,13,14",342733538,-5.893632363066591
A_prism16,3,"5,6,15",691057093,-5.878990063100184
A_prism16,3,"6,17,26",1843487920,-6.405138162187202
A_prism16,3,"3,24,25",720742971,-6.086352632247638
A_prism16,3,"13,21,26",1621205859,-6.008393034814831
A_prism16,3,"7,16,27",1865438716,-6.0582424646287185
A_prism16,3,"8,13,20",2093101641,-5.873413496042316
A_prism16,3,"0,16,27",639200986,-5.827179410442669
A_prism16,3,"1,16,23",987566113,-6.1225997455340195
A_prism16,3,"18,19,26",338624242,-6.169016363097277
A_prism16,3,"4,14,29",1219043627,-6.31867918192993
A_prism16,3,"4,14,31",228836780,-6.563646368306261
A_prism16,3,"10,16,29",1505697860,-6.1560552630869045
A_prism16,3,"14,18,24",116503007,-6.164500679298231
A_prism16,3,"0,12,24",1208078184,-5.811562358995191
A_prism16,3,"2,7,30",1637930176,-6.865885383403281
A_prism16,3,"8,19,25",1782803800,-5.889827141704426
A_prism16,3,"0,12,29",1939512283,-5.894437835809254
A_prism16,3,"0,5,13",1219062916,-5.9120789957478745
A_prism16,3,"1,15,22",1125605570,-7.464099547280216
A_prism16,3,"6,25,31",1210984628,-6.566137131044755
A_prism16,3,"7,19,29",666632243,-6.4972712930863965
A_prism16,3,"3,5,13",43890248,-5.939718948282919
A_prism16,3,"3,16,26",557416478,-6.040076692804721
A_prism16,3,"7,11,12",2053072300,-6.370516005499845
A_prism16,3,"7,14,22",157663286,-6.439277526774049
A_prism16,3,"1,8,29",1220780383,-5.931856579312095
A_prism16,3,"2,17,20",1607635551,-6.674142633818118
A_prism16,3,"1,25,27",30279315,-7.087630610773979
A_prism16,3,"5,9,21",1314817966,-5.918379125330352
A_prism16,3,"3,22,31",1971518055,-6.065202875798445
A_prism16,3,"10,15,31",559907203,-6.303389405216503
A_prism16,3,"13,23,31",1257417678,-5.996589473099229
A_prism16,3,"8,17,24",16738439,-5.893478505141017
A_prism16,3,"7,18,19",904214543,-6.153103296526556
A_prism16,3,"5,8,9",2093087272,-5.8399187503049905
A_prism16,3,"4,7,28",223145965,-7.087400104210238
A_prism16,3,"4,21,31",389753296,-6.107571520488489
A_prism16,3,"9,18,30",1012822373,-6.138598825587875
A_prism16,3,"3,15,26",1742126610,-6.014695049495232
A_prism16,3,"14,23,27",491860814,-6.688736307821409
A_prism16,3,"4,27,30",1542013497,-7.605701733783704
A_prism16,3,"0,1,20",1179322898,-5.826123890870863
A_prism16,3,"15,19,30",564407014,-7.1148636636045355
A_prism16,3,"7,13,27",891951377,-5.896361612508159
A_prism16,3,"9,23,24",1921841415,-6.306148056870445
A_prism16,3,"8,24,26",1721225847,-5.940751127539038
A_prism16,3,"17,19,22",861496949,-7.606690268394639
A_prism16,3,"17,18,21",592003517,-6.154599119446324
A_prism16,3,"2,14,22",751917379,-6.596312269364787
A_prism16,3,"8,11,17",961791931,-5.937601696632657
A_prism16,3,"1,26,30",922906313,-6.241969386064801
A_prism16,3,"11,19,20",510039130,-6.5879632906187044
A_prism16,3,"16,17,28",1806975742,-6.104565776564278
A_prism16,3,"17,20,21",1575572233,-6.036401725677667
A_prism16,3,"0,6,19",1030271003,-5.830913092338703
A_prism16,3,"2,4,26",387643623,-6.261143506363199
A_prism16,3,"4,8,10",2002493883,-5.847943640948638
A_prism16,3,"12,21,26",598554947,-6.145876820682293
A_prism16,3,"8,9,12",1546090063,-5.817683069734527
A_prism16,3,"8,16,19",1029289090,-5.883443390943596
A_prism16,3,"21,25,26",215454498,-6.040402658692316
A_prism16,3,"1,20,30",329349260,-7.478868636249743
A_prism16,3,"5,6,9",272436446,-5.8423986470617
A_prism16,3,"11,12,14",1261574214,-6.390222132128074
A_prism16,3,"3,13,16",1025839319,-5.971445030055307
A_prism16,3,"6,15,17",194118021,-7.457074988311473
A_prism16,3,"14,27,30",455423632,-6.940474215392942
A_prism16,3,"25,26,29",1137093992,-6.2382945140174
A_prism16,3,"8,24,29",2138143528,-5.972430602443968
A_prism16,3,"0,11,25",202761104,-5.862959843321542
A_prism16,3,"0,7,26",2131475690,-5.837942902533462
A_prism16,3,"11,21,22",968503245,-6.167321947043654
A_prism16,3,"8,22,28",906771548,-5.852367847786963
A_prism16,3,"7,11,25",1145202649,-6.270441561666812
A_prism16,3,"11,28,30",98064289,-6.509714951919948
A_prism16,3,"8,12,14",1759713466,-5.8591755817133295
A_prism16,3,"13,14,26",1677744563,-5.962373404275355
A_prism16,3,"8,12,24",49054798,-5.865998360766258
A_prism16,3,"6,9,30",1143687646,-8.17185897004635
A_prism16,3,"14,15,23",942732046,-6.689853336882169
A_prism16,3,"0,12,27",1475456043,-5.814632469792569
A_prism16,3,"14,23,25",1098337876,-6.961083915332495
A_prism16,3,"10,16,18",1311771092,-6.042916225669906
A_prism16,3,"0,9,19",1524696229,-5.793173703395565
A_prism16,3,"6,11,18",10390914,-6.200916515237107
A_prism16,3,"14,18,23",97616427,-6.188544963101952
A_prism16,3,"2,19,22",2019353066,-6.664769325016032
A_prism16,3,"6,14,17",2034700217,-7.520072025088746
A_prism16,3,"0,7,16",399972293,-5.824171595139598
A_prism16,3,"1,13,16",1113955501,-5.927582652667369
A_prism16,3,"16,22,26",78623210,-6.087485577220452
A_prism16,3,"0,11,15",1544456566,-5.875731863575681
A_prism16,3,"19,26,29",379360729,-6.273227168762717
A_prism16,3,"0,4,13",1993117566,-5.89125547030772
A_prism16,3,"5,13,24",2044698937,-5.966571918021719
A_prism16,3,"9,11,27",1672073256,-6.489987296457529
A_prism16,3,"0,4,30",1204954194,-5.808860943279017
A_prism16,3,"0,11,31",234416482,-5.911845150092507
A_prism16,3,"5,28,29",1165623245,-5.9282326200489
A_prism16,3,"12,14,15",1313044893,-7.614928116291462
A_prism16,3,"10,15,30",150290076,-6.275679363112513
A_prism16,3,"0,6,14",53839667,-5.790639103180435
A_prism16,3,"0,2,25",975429312,-5.853923769260511
A_prism16,3,"3,18,23",1024110710,-6.045730547528656
A_prism16,3,"11,16,31",21775128,-6.106631730342249
A_prism16,3,"9,18,26",2026262686,-6.1088790239363755
A_prism16,3,"2,12,17",629245709,-6.601603786150774
A_prism16,3,"20,27,31",1352044573,-6.615841577821025
A_prism16,3,"14,16,22",954507165,-6.02956507487094
A_prism16,3,"0,18,30",981365511,-5.83931370311239
A_prism16,3,"13,22,26",1239263821,-5.935520692855429
A_prism16,3,"11,16,27",504277300,-6.1683891315893495
A_prism16,3,"8,18,29",1372823320,-6.018161689133124
A_prism16,3,"0,5,18",590705096,-5.903130136796528
A_prism16,3,"4,5,24",1556728236,-5.934310139526934
A_prism16,3,"0,4,30",1978416910,-5.798902127792914
A_prism16,3,"19,27,30",1831715861,-7.200185305008942
A_prism16,3,"6,11,22",192675651,-6.460992037445221
A_prism16,3,"3,4,6",447485745,-5.870903100471071
A_prism16,3,"3,12,27",613993199,-5.993667843460441
A_prism16,3,"10,20,23",1832536968,-6.2869893020774805
A_prism16,3,"14,18,25",660769117,-6.128490466921186
A_prism16,3,"2,16,29",1593424972,-6.054055404246571
A_prism16,3,"9,20,22",1613868362,-8.795682186195062
A_prism16,3,"2,6,25",990910825,-6.711858204570072
A_prism16,3,"2,5,19",1642128841,-5.863520225132533
A_prism16,3,"8,13,30",1292288976,-5.909379187692205
A_prism16,3,"1,2,24",188532385,-6.398679324660432
A_prism16,3,"6,8,24",304789401,-5.9219667345577065
A_prism16,3,"8,24,27",929737129,-5.9220628855546265
A_prism16,3,"7,14,22",573014901,-6.574692432026986
A_prism16,3,"3,18,20",736087832,-5.946157997060231
A_prism16,3,"21,26,27",574737165,-6.12691960959523
A_prism16,3,"17,22,23",1880714842,-6.680168995447255
A_prism16,3,"10,22,23",509064150,-6.195067164130423
A_prism16,3,"5,16,31",529529784,-5.942278573601922
A_prism16,3,"0,13,16",1494084736,-5.8413884920591865
A_prism16,3,"5,26,29",687587247,-5.948459016268386
A_prism16,3,"2,14,31",266561402,-6.517634365263364
A_prism16,3,"6,10,20",1630431685,-6.185275923877576
A_prism16,3,"1,14,23",60603620,-6.516014883988241
A_prism16,3,"0,22,24",1626212083,-5.819955905080671
A_prism16,3,"7,16,23",1151149423,-6.125109159922
A_prism16,3,"2,9,27",1322884628,-6.643158342491265
A_prism16,3,"6,13,21",1503950050,-5.959335482365274
A_prism16,3,"2,26,31",265455130,-6.355867254443476
A_prism16,3,"6,22,29",376107196,-6.308670797721579
A_prism16,3,"20,23,30",1253140853,-6.65809872832008
A_prism16,3,"9,16,28",1383303318,-6.068474649990704
A_prism16,3,"12,23,27",101232306,-6.751015239373321
A_prism16,3,"4,25,26",1849579344,-6.2463923651195765
A_prism16,3,"1,18,27",274491756,-6.138055243429022
A_prism16,3,"6,19,25",706417015,-7.447771538538466
A_prism16,3,"2,6,17",375111923,-6.579330496455951
A_prism16,3,"9,20,26",1968799129,-6.167305688214019
A_prism16,3,"1,3,17",765341707,-5.849112171862619
A_prism16,3,"10,25,30",505910515,-6.349178761822996
A_prism16,3,"0,14,21",2037288511,-5.841108122629193
A_prism16,3,"2,13,29",372469329,-5.995839460333154
A_prism16,3,"10,22,25",1632176878,-6.227438449448502
A_prism16,3,"4,8,24",644157447,-5.875785532696407
A_prism16,3,"11,14,27",1167965339,-6.411867397804236
A_prism16,3,"3,25,26",605607954,-6.048643466868036
A_prism16,3,"2,6,26",529469855,-6.262217815522807
A_prism16,3,"2,4,15",510564645,-6.536463530840656
A_prism16,3,"0,21,29",1654355009,-5.921511176904246
A_prism16,3,"0,7,31",1368105994,-5.845411102836056
A_prism16,3,"1,3,10",1923046438,-5.899955066018248
A_prism16,3,"4,5,24",1963795678,-5.92654012758697
A_prism16,3,"5,13,18",57226344,-5.944711144058921
A_prism16,3,"0,5,22",1866371550,-5.818910257588173
A_prism16,3,"2,28,31",1599087770,-6.69402444589179
A_prism16,3,"7,19,22",1161759272,-7.44194849061358
A_prism16,3,"13,26,30",2013601885,-5.985066870308122
A_prism16,5,"1,4,8,11,22",1703044322,-5.92389090923728
A_prism16,5,"6,14,15,17,19",1828960920,-7.395804051670238
A_prism16,5,"6,11,14,22,30",1651939521,-6.703990609858358
A_prism16,5,"18,24,25,28,31",430271961,-6.345671452148993
A_prism16,5,"11,13,16,26,28",1691926337,-6.090359078988816
A_prism16,5,"2,7,12,27,28",2111394174,-6.840378814588838
A_prism16,5,"4,6,16,21,22",863590513,-6.042709065872769
A_prism16,5,"5,15,16,22,28",1948792414,-6.001212854118023
A_prism16,5,"11,14,17,18,25",2122306252,-6.2077943087695715
A_prism16,5,"2,4,10,25,27",688357201,-6.283126153537231
A_prism16,5,"1,18,27,28,31",1515625311,-6.342512077754843
A_prism16,5,"0,2,4,13,31",283861375,-5.871800553578483
A_prism16,5,"0,8,14,15,24",1544420360,-5.81564367745666
A_prism16,5,"0,15,19,20,26",955137660,-5.878370211979601
A_prism16,5,"10,12,14,17,18",313248412,-6.075319520509578
A_prism16,5,"1,11,16,19,23",1645664684,-6.228110268759269
A_prism16,5,"9,23,25,29,31",1080284278,-6.462337502586002
A_prism16,5,"10,15,18,24,25",1748669305,-6.170789026251561
A_prism16,5,"9,15,18,26,31",1032575604,-6.1818273321914905
A_prism16,5,"1,3,5,12,19",164024932,-5.934677752407987
A_prism16,5,"7,12,14,21,27",1844592663,-6.110467038872812
A_prism16,5,"19,21,24,26,28",526422356,-6.269535829537505
A_prism16,5,"3,15,26,28,31",447734037,-6.151398263724221
A_prism16,5,"5,9,15,17,20",1104553691,-5.96171765253813
A_prism16,5,"3,6,8,10,23",1243395852,-5.992816889231128
A_prism16,5,"1,4,10,23,30",996486041,-6.352864452440644
A_prism16,5,"17,22,24,28,30",1683768192,-6.595456650558712
A_prism16,5,"4,5,19,30,31",343671040,-6.0259039965626915
A_prism16,5,"11,22,24,25,31",888995829,-6.47960656413649
A_prism16,5,"3,16,17,22,24",1731698368,-6.033231401866188
A_prism16,5,"1,4,18,19,25",2061164450,-6.188692164746792
A_prism16,5,"3,6,9,16,24",18742383,-6.031866406383022
A_prism16,5,"1,5,7,17,25",331683291,-5.925718468410377
A_prism16,5,"1,8,23,28,30",439717770,-5.967836540039539
A_prism16,5,"1,3,5,8,15",502956135,-5.917730988849355
A_prism16,5,"1,2,4,7,31",1459078549,-6.442866099241395
A_prism16,5,"5,7,19,22,29",1542635962,-6.000872339765371
A_prism16,5,"5,19,24,30,31",1943335955,-6.003293911286247
A_prism16,5,"0,9,11,15,22",1651912730,-5.868599516326855
A_prism16,5,"7,11,19,23,24",1038177431,-6.40888678621795
A_prism16,5,"5,18,19,26,28",1830400210,-6.055534056976314
A_prism16,5,"9,14,21,24,29",85622736,-6.180106511028913
A_prism16,5,"0,19,22,24,29",697518892,-5.951131476653866
A_prism16,5,"5,13,14,16,19",1214229041,-5.927407802877448
A_prism16,5,"9,10,27,28,31",1404996800,-6.398596641146823
A_prism16,5,"0,4,13,26,31",1569946766,-5.924360543897089
A_prism16,5,"5,8,25,26,27",388517953,-5.938975563971249
A_prism16,5,"1,6,7,9,30",491693109,-8.414512799890655
A_prism16,5,"1,3,14,20,21",1652123909,-6.023235907785301
A_prism16,5,"4,12,13,16,25",1011215640,-5.984436340358
A_prism16,5,"4,9,12,13,15",1734912953,-5.960200043237587
A_prism16,5,"3,6,9,16,29",619068186,-6.033145207873981
A_prism16,5,"17,19,21,27,28",1222926272,-6.233248605191749
A_prism16,5,"1,12,19,23,25",1184138544,-6.944577441212344
A_prism16,5,"0,6,9,13,18",850573626,-5.9002344600956915
A_prism16,5,"9,14,19,28,30",976903107,-7.3323179701455174
A_prism16,5,"8,10,11,18,21",1401745895,-5.953016243440433
A_prism16,5,"4,13,15,20,22",713484622,-5.930993633409983
A_prism16,5,"5,23,26,29,31",649432015,-5.9844241962068345
A_prism16,5,"10,13,23,26,27",663012790,-6.011873045908713
A_prism16,5,"0,2,20,22,25",1686556707,-5.883260985673987
A_prism16,5,"2,3,7,16,17",323066890,-5.991146446282104
A_prism16,5,"0,2,12,15,16",311107533,-5.883156303564965
A_prism16,5,"9,11,20,22,24",1878881678,-6.449556538697891
A_prism16,5,"0,14,22,25,27",761282091,-5.84763450790003
A_prism16,5,"2,5,10,12,26",399156279,-5.937087402318255
A_prism16,5,"5,10,19,21,23",777373773,-5.958501529579056
A_prism16,5,"0,6,20,24,30",1553124720,-5.860071427792055
A_prism16,5,"7,19,20,23,30",33303349,-7.001448640239257
A_prism16,5,"1,15,18,21,24",1518886225,-6.13521050445798
A_prism16,5,"6,10,22,29,30",2098828124,-6.358253515538873
A_prism16,5,"1,6,15,21,28",1048461299,-6.189471694819571
A_prism16,5,"0,8,9,20,30",195106205,-5.8762331183346905
A_prism16,5,"8,9,15,26,30",840932981,-5.989467203892847
A_prism16,5,"6,10,13,27,30",2093961105,-6.084769482204362
A_prism16,5,"7,11,19,25,26",777664795,-6.304875072565002
A_prism16,5,"9,22,24,26,29",1625610543,-6.371538128314375
A_prism16,5,"13,19,24,26,28",1582953364,-6.086942409228281
A_prism16,5,"0,18,20,25,31",153083947,-5.850038435180357
A_prism16,5,"1,3,9,16,22",339986815,-5.961971630067794
A_prism16,5,"1,11,17,20,28",865142224,-6.56268514961295
A_prism16,5,"1,8,21,26,30",1401218472,-5.986278509485717
A_prism16,5,"8,10,12,21,26",1566236975,-5.985999934258682
A_prism16,5,"1,9,10,29,30",2020146170,-6.232721745688295
A_prism16,5,"2,11,14,15,24",1729355072,-6.438437586251732
A_prism16,5,"12,14,17,22,30",946299216,-7.978535439679619
A_prism16,5,"1,12,20,21,23",822077700,-6.119344979296215
A_prism16,5,"2,7,15,22,26",1361162169,-6.333464928842976
A_prism16,5,"1,3,5,17,28",790304393,-5.941421256183777
A_prism16,5,"0,14,21,25,29",193378841,-5.9252315690723805
A_prism16,5,"5,12,14,21,26",1927524224,-5.970876001478575
A_prism16,5,"6,12,13,16,21",1054093800,-6.038586712252891
A_prism16,5,"1,13,14,29,30",251004962,-6.0715327426420345
A_prism16,5,"17,20,23,24,31",542343832,-6.558607134229123
A_prism16,5,"13,16,20,29,31",510859278,-6.025541587907977
A_prism16,5,"7,16,17,24,27",1824600789,-6.286463346306133
A_prism16,5,"11,14,26,28,29",1103800030,-6.301050396096401
A_prism16,5,"8,11,16,25,28",1772563037,-5.976692545247012
A_prism16,5,"5,16,22,24,31",295232516,-6.035358357038149
A_prism16,5,"4,23,26,30,31",1826811740,-6.425563153148963
A_prism16,5,"1,3,17,25,28",585151109,-6.101443040693648
A_prism16,5,"0,2,12,13,28",801351026,-5.8680577536679595
A_prism16,5,"0,7,12,21,22",1509944335,-5.822131210142546
A_prism16,5,"0,10,14,24,29",124059756,-5.949434530957522
A_prism16,5,"6,17,20,30,31",627262478,-6.841333178356616
A_prism16,5,"1,12,21,24,28",614993991,-6.141787011557407
A_prism16,5,"12,13,14,22,26",1192103476,-6.043174524642269
A_prism16,5,"1,4,6,9,31",577876892,-6.555631919824353
A_prism16,5,"1,5,6,10,15",617833154,-5.957821401432912
A_prism16,5,"1,3,11,13,20",1722532173,-5.955421921136397
A_prism16,5,"0,5,8,25,29",1709441738,-5.871887933215467
A_prism16,5,"1,4,8,16,29",1626699298,-5.960120218696055
A_prism16,5,"0,3,10,18,30",609162856,-5.889958356266601
A_prism16,5,"4,7,11,13,18",622425384,-6.004699657538385
A_prism16,5,"9,17,20,27,31",630190857,-6.688917443696355
A_prism16,5,"5,6,14,16,31",1653267495,-5.925363189360356
A_prism16,5,"1,3,11,14,15",2045325418,-6.0599936396242216
A_prism16,5,"5,12,17,23,28",1453555009,-5.951193773516265
A_prism16,5,"3,16,18,23,30",2050474165,-6.096080236863707
A_prism16,5,"1,16,17,22,24",328940487,-6.188764663458503
A_prism16,5,"1,7,24,27,30",1419122202,-6.64411650343126
A_prism16,5,"5,8,17,23,24",899121834,-5.9408827595224425
A_prism16,5,"1,3,8,13,25",1331099946,-5.921275079769232
A_prism16,5,"7,9,17,20,27",836806742,-7.887908511966263
A_prism16,5,"4,20,21,26,27",739077064,-6.125239240055814
A_prism16,5,"2,8,11,22,30",2002557001,-5.995042267255651
A_prism16,5,"3,8,9,16,21",657546498,-5.94635436800121
A_prism16,5,"1,9,18,20,21",906323677,-6.092702159861391
A_prism16,5,"6,7,12,14,23",392318600,-6.774063115647248
A_prism16,5,"4,18,25,27,31",239344039,-6.33885576292142
A_prism16,5,"0,3,8,26,28",1998236844,-5.890058676278109
A_prism16,5,"0,1,18,21,22",398171660,-5.90663387018806
A_prism16,5,"2,21,24,25,27",74142181,-6.195396748888655
A_prism16,5,"0,9,16,17,30",1617169921,-5.881469509722202
A_prism16,5,"4,5,16,18,31",1533691634,-5.963455471604744
A_prism16,5,"5,14,26,29,30",646851048,-5.985383646101896
A_prism16,5,"4,8,13,21,31",1107554356,-5.975463454738596
A_prism16,5,"3,12,19,20,22",50113921,-6.099381050137517
A_prism16,5,"1,2,14,20,24",2046350523,-6.578076690046344
A_prism16,5,"8,18,20,26,30",2097648953,-6.033779378349065
A_prism16,5,"14,15,17,24,28",477432339,-6.6716458701508214
A_prism16,5,"4,7,11,16,30",879018878,-6.100900057881002
A_prism16,5,"1,8,12,14,21",191831427,-5.98747505382607
A_prism16,5,"2,4,9,12,22",6870437,-6.772103475410062
A_prism16,5,"2,4,18,28,30",1013462164,-6.255344783532462
A_prism16,5,"2,4,13,21,25",1226828053,-5.980992620396205
A_prism16,5,"1,5,6,10,30",1777888018,-5.942794948107797
A_prism16,5,"8,12,23,24,26",1601765136,-6.049225155349376
A_prism16,5,"0,14,20,23,25",116478468,-5.8578114027399
A_prism16,5,"5,7,17,24,29",1793995968,-6.035376893076654
A_prism16,5,"11,17,18,26,30",1952573671,-6.186508745475857
A_prism16,5,"0,5,10,14,23",648782010,-5.87134227921294
A_prism16,5,"1,10,16,21,25",1951323295,-6.1317345862953285
A_prism16,5,"3,9,11,16,24",1928971420,-6.0346697999573395
A_prism16,5,"3,12,18,22,29",995449553,-6.096983424636347
A_prism16,5,"0,13,15,19,30",1688118310,-5.838783292812591
A_prism16,5,"0,6,7,14,19",1297192641,-5.8399693456293305
A_prism16,5,"2,4,11,14,15",1993589099,-6.365918930642224
A_prism16,5,"2,9,10,18,31",706857379,-6.206097070744525
A_prism16,5,"0,8,9,10,24",1619382991,-5.878399684934064
A_prism16,5,"0,3,21,26,27",2043159688,-5.928886467615619
A_prism16,5,"4,10,11,14,26",60704430,-6.134245574771221
A_prism16,5,"0,1,15,22,30",1205027622,-5.904283083986665
A_prism16,5,"0,17,21,26,27",27518444,-5.918805221356159
A_prism16,5,"15,17,23,30,31",851773852,-6.769447808372044
A_prism16,5,"6,8,11,14,20",38731323,-5.969498773324407
A_prism16,5,"9,10,16,19,29",91657869,-6.161763492597524
A_prism16,5,"1,4,19,25,29",1062424439,-6.521585705064638
A_prism16,5,"17,22,24,25,27",633468933,-6.608294647147526
A_prism16,5,"11,15,27,28,31",1129228388,-6.587145513518273
A_prism16,5,"0,3,7,14,20",1740778958,-5.8234633711293045
A_prism16,5,"11,18,25,26,30",1802220900,-6.191020795905729
A_prism16,5,"10,12,15,23,26",348264537,-6.206093373975995
A_prism16,5,"0,8,13,14,25",2000617733,-5.895527581703937
A_prism16,5,"19,20,23,25,29",1393948978,-6.582059219338626
A_prism16,5,"0,2,16,17,23",265437931,-5.877903708405293
A_prism16,5,"6,11,19,27,31",1826283147,-6.7015104793610645
A_prism16,5,"0,5,7,13,16",1846350076,-5.909531031933249
A_prism16,5,"0,17,21,29,31",490192155,-5.9385460264268435
A_prism16,5,"0,9,10,12,15",1383959078,-5.8522976031696885
A_prism16,5,"2,7,13,24,29",850268029,-6.078617556959598
A_prism16,5,"1,18,24,27,31",1203391569,-6.264519285723615
A_prism16,5,"4,7,15,23,27",1404688666,-6.868449750266972
A_prism16,5,"1,4,16,17,18",519704936,-6.111758343670694
A_prism16,5,"2,8,13,18,28",73128912,-5.944804810979509
A_prism16,5,"4,6,29,30,31",1414334774,-6.544535176562003
A_prism16,5,"4,7,8,11,27",2056247292,-5.969029060051797
A_prism16,5,"5,16,21,22,24",2079571327,-5.98395030978827
A_prism16,5,"1,21,27,28,29",1714010431,-6.2495125634090885
A_prism16,5,"6,24,26,29,30",330817471,-6.377105760558795
A_prism16,5,"14,19,20,25,31",312307134,-6.892815947173615
A_prism16,5,"2,11,18,24,28",2084703829,-6.127336786736516
A_prism16,5,"13,15,19,22,29",1449335704,-6.055662318766202
A_prism16,5,"4,20,21,22,29",521422521,-6.115142488277853
A_prism16,5,"5,10,14,18,23",276103234,-5.959337992773605
A_prism16,5,"13,14,16,18,21",337749630,-6.023861111893241
A_prism16,5,"8,10,11,23,29",1954943422,-5.9921974587274685
A_prism16,5,"12,15,16,18,19",1760715033,-6.159161206524694
A_prism16,5,"9,13,19,28,29",226946864,-6.023467962418032
A_prism16,5,"4,12,18,25,27",811769629,-6.255921264089353
A_prism16,5,"1,3,21,23,29",1161924384,-6.050612574245487
A_prism16,5,"4,6,16,20,27",1947406962,-6.194516899097533
A_prism16,5,"9,11,13,28,30",700857285,-6.034844707258393
A_prism16,5,"1,6,7,19,22",661633420,-7.518858562199112
A_prism16,5,"5,15,26,29,31",1413644632,-5.97599912450253
A_prism16,5,"9,11,12,14,21",1221197956,-6.1096509166637825
A_prism16,5,"7,8,12,21,29",1719223815,-5.991859449855636
A_prism16,5,"14,15,16,19,25",1051204711,-6.248396860897963
A_prism16,5,"1,7,9,14,27",124966913,-8.094017868876984
A_prism16,5,"1,3,8,9,13",1793185435,-5.904648582634396
A_prism16,5,"9,20,24,29,30",906187949,-6.462477203690065
A_prism16,5,"4,9,14,16,20",1797103343,-6.157832597772295
A_prism16,5,"12,15,17,28,30",1935282579,-7.623508495559179
A_prism16,5,"12,16,18,20,25",1180311017,-6.108419667411009
A_prism16,5,"2,5,7,9,10",1377474855,-5.911306266373586
A_prism16,5,"1,5,10,23,24",1885437104,-5.996940190370247
A_prism16,5,"3,12,13,21,24",1761793681,-5.9417950685922465
A_prism16,5,"1,13,20,25,28",342083206,-6.012897006547377
A_prism16,5,"0,6,8,12,20",541542239,-5.870238405322243
A_prism16,5,"1,2,7,26,28",1108786117,-6.393995643203837
A_prism16,5,"2,3,12,17,20",969730724,-6.053850209808688
A_prism16,5,"1,7,14,15,24",1522460101,-6.4981963918173875
A_prism16,5,"10,16,18,22,28",150143350,-6.141730633002471
A_prism16,5,"8,14,18,19,21",370406691,-5.956723396925622
A_prism16,5,"16,24,25,29,31",1191841699,-6.336510009424572
A_prism16,5,"0,5,24,27,30",252865024,-5.827253365775617
A_prism16,5,"0,4,17,19,26",1523502790,-5.890644615881479
A_prism16,5,"10,14,15,27,31",1218581033,-6.390185872950006
A_prism16,5,"4,6,11,15,29",167141052,-6.409943059673686
A_prism16,5,"5,16,19,26,30",857157872,-6.004113587295362
A_prism16,5,"2,3,7,25,26",378661706,-6.050673754801857
A_prism16,5,"7,15,21,22,30",1950832840,-6.165072738130946
A_prism16,5,"9,16,18,22,30",218555311,-6.045130354703201
A_prism16,5,"1,8,14,16,30",1590187022,-5.9548582100932235
A_prism16,5,"12,13,14,18,28",1368578400,-5.942258005887293
A_prism16,5,"0,11,25,27,28",62586377,-5.906246114125865
A_prism16,5,"15,24,28,30,31",311561989,-6.490790678614792
A_prism16,5,"7,18,20,21,29",1420783166,-6.094731367360823
A_prism16,5,"9,12,13,21,31",1137220793,-6.017829022254025
A_prism16,5,"8,12,15,18,30",1277463264,-5.997629558741393
A_prism16,5,"1,10,20,27,30",1620646530,-6.342238002101152
A_prism16,5,"6,7,23,25,27",1717467441,-6.822681616239535
A_prism16,5,"11,12,27,28,31",1505586755,-6.510706614923732
A_prism16,5,"4,7,11,19,23",196489317,-6.4793748375930855
A_prism16,5,"0,3,4,17,25",1672608816,-5.854373841047204
A_prism16,5,"0,6,14,19,31",1817421382,-5.8544585278240655
A_prism16,5,"2,3,9,26,28",1206261592,-6.110820446806725
A_prism16,5,"1,11,17,24,26",560017618,-6.230883557280711
A_prism16,5,"3,12,18,28,31",1330487045,-6.151261548793191
A_prism16,5,"1,13,15,28,30",83615435,-6.027225250530753
A_prism16,5,"1,8,11,13,16",414220953,-5.924545877123827
A_prism16,5,"3,7,19,25,27",736631493,-6.194895956641876
A_prism16,5,"8,12,19,30,31",1787407223,-6.031072133536239
A_prism16,5,"12,13,15,28,29",1766470587,-6.090872194818834
A_prism16,5,"2,17,19,20,28",1492377731,-6.879278094284517
A_prism16,5,"15,20,21,26,31",1535236069,-6.194076832039499
A_prism16,5,"2,5,12,14,18",1779200806,-5.952708958857667
A_prism16,5,"10,13,18,26,30",1867888285,-6.042894460217962
A_prism16,5,"0,3,4,11,27",1506582159,-5.85289107723543
A_prism16,5,"11,14,16,19,24",15081852,-6.223765334275927
A_prism16,5,"6,8,12,14,21",384427439,-5.926274874055649
A_prism16,5,"1,7,9,11,22",1541876642,-6.490513283831648
A_prism16,5,"0,12,25,26,29",785239638,-5.9247798322313905
A_prism16,5,"3,4,20,22,25",765867583,-6.024029992101273
A_prism16,5,"0,12,13,24,28",1725299613,-5.886951710623032
A_prism16,5,"15,20,23,28,29",103460793,-6.691287492301969
A_prism16,5,"1,10,15,27,28",917035927,-6.441799443578425
A_prism16,5,"3,4,6,7,18",368982263,-5.991690709180374
A_prism16,5,"3,4,20,22,27",91551097,-6.0920756188172005
A_prism16,5,"0,2,6,21,24",183709443,-5.940182715986326
A_prism16,5,"1,3,16,17,20",1697816040,-6.0189321244070495
A_prism16,5,"11,13,14,25,29",263275344,-6.04639371561009
A_prism16,5,"0,10,16,27,28",1954916291,-5.897300994508321
A_prism16,5,"6,14,18,24,30",1499919817,-6.23829101252591
A_prism16,5,"2,18,21,22,31",1502417362,-6.179187927145917
A_prism16,5,"1,9,12,25,28",2085207002,-8.057939697837803
A_prism16,5,"1,6,7,20,25",2110940755,-7.313092067779265
A_prism16,5,"3,9,23,24,28",1112335384,-6.194074210067144
A_prism16,5,"0,3,9,13,25",2068271764,-5.866847028758683
A_prism16,5,"5,12,26,30,31",1502911021,-6.048171624342285
A_prism16,5,"1,4,17,23,28",431819546,-6.835508991350011
A_prism16,5,"4,16,22,25,29",915010094,-6.184448610191478
A_prism16,5,"8,9,14,19,23",1307316550,-6.000223938668994
A_prism16,5,"0,2,5,18,27",275236053,-5.879120358324253
A_prism16,5,"12,14,16,21,23",2030902368,-6.121204092779594
A_prism16,5,"0,2,5,6,13",982174035,-5.894297275263377
A_prism16,5,"0,11,12,15,22",1165267540,-5.861528466892125
A_prism16,5,"13,14,15,18,21",2025731381,-6.013488993948325
A_prism16,5,"1,3,8,12,31",132910305,-5.9380703937637245
A_prism16,5,"1,6,10,13,24",489607578,-6.035668920582854
A_prism16,5,"9,11,12,13,29",2082318829,-6.002699406513139
A_prism16,5,"5,6,16,17,28",1823011394,-5.963262689868414
A_prism16,5,"3,9,10,15,27",1674944118,-6.015034636177662
A_prism16,5,"5,14,18,23,28",1544304471,-6.043318604568539
A_prism16,5,"2,8,18,21,22",640813572,-5.957390303729399
A_prism16,5,"11,12,15,27,31",1766443030,-6.589507973226635
A_prism16,5,"0,7,18,20,26",392125905,-5.931462714727634
A_prism16,5,"6,8,9,13,17",574083226,-5.903658265524346
A_prism16,5,"1,4,9,18,25",5561731,-6.166963259091054
A_prism16,5,"4,10,12,23,29",13912566,-6.257946140868364
A_prism16,5,"0,12,19,20,28",667593927,-5.910627405684876
A_prism16,5,"6,7,10,21,22",291979126,-6.154593019117016
A_prism16,5,"0,5,9,17,29",410748133,-5.855603471106489
A_prism16,5,"0,1,18,24,28",1355354360,-5.934020385356522
A_prism16,5,"1,7,11,18,24",1535861329,-6.183865813396721
A_prism16,5,"7,18,22,24,25",637177203,-6.147392985751356
A_prism16,5,"12,15,17,23,29",2088698975,-6.479597830862537
A_prism16,5,"9,11,21,24,26",1894135456,-6.2202993432408835
A_prism16,5,"0,5,8,17,31",2071307495,-5.864945684937791
A_prism16,5,"0,1,12,14,22",1205203323,-5.878225609605867
A_prism16,5,"16,18,19,22,26",795908561,-6.1615117117889815
A_prism16,5,"3,10,16,18,30",1540236213,-6.045114526001867
A_prism16,5,"2,5,20,24,25",1461305515,-5.984317485372862
A_prism16,5,"15,17,23,25,30",1865661210,-7.1021447886294995
A_prism16,5,"1,3,10,21,28",1359222420,-6.076738994952545
A_prism16,5,"4,12,22,29,30",1821594640,-6.428295837938305
A_prism16,5,"2,11,13,19,27",1276821128,-6.028097007397894
A_prism16,5,"6,16,20,23,30",221165118,-6.216351529671594
A_prism16,5,"0,8,13,18,21",1402634726,-5.934578135153383
A_prism16,5,"4,25,26,28,29",387493322,-6.305274112243606
A_prism16,5,"5,7,20,22,29",2134485152,-5.951360447725155
A_prism16,5,"19,21,23,28,29",525285239,-6.334571911460176
A_prism16,5,"3,13,17,21,23",386363089,-5.959893637091464
A_prism16,5,"4,18,19,24,29",526456722,-6.248767278716616
A_prism16,5,"0,15,18,25,29",1945233273,-5.933066210768405
A_prism16,5,"0,1,9,16,21",1109751703,-5.889264198364026
A_prism16,5,"8,15,17,21,28",2061784044,-5.981999226804472
A_prism16,5,"15,17,26,27,28",1453657856,-6.393207110373992
A_prism16,5,"4,5,11,17,18",1334099471,-5.933584845058563
A_prism16,5,"10,13,19,22,31",1358058164,-6.040702237961999
A_prism16,5,"0,6,13,17,28",137808348,-5.890596377294913
A_prism16,5,"0,6,13,22,29",1303814333,-5.89608189194209
A_prism16,5,"9,21,26,27,30",1230902155,-6.224417966859275
A_prism16,5,"1,8,9,15,25",1503521456,-5.943693252420588
A_prism16,5,"4,6,7,25,27",1516793905,-7.5107447645026015
A_prism16,5,"1,14,19,21,23",786251103,-6.242244235535249
A_prism16,5,"4,19,20,22,23",493101451,-6.918944332819778
A_prism16,5,"4,10,15,17,19",1335450999,-6.276476980052464
A_prism16,5,"8,9,13,23,27",1486479027,-5.865436555125343
A_prism16,5,"5,10,15,18,23",1179726633,-5.9819160779659395
A_prism16,5,"1,11,13,14,15",1316422252,-6.011434311688398
A_prism16,5,"7,12,13,25,27",993368260,-6.006632977954158
A_prism16,5,"2,9,11,13,14",1250287342,-5.962735961009586
A_prism16,5,"3,10,14,19,28",337084233,-6.075487728619874
A_prism16,5,"2,7,9,18,22",1493385702,-6.130360392348353
A_prism16,5,"8,11,13,22,25",1936112227,-5.89901408072033
A_prism16,5,"2,7,12,13,16",251297506,-5.983561187801503
A_prism16,5,"12,24,25,27,28",152683872,-6.7634838461541475
A_prism16,5,"0,2,11,14,30",924288548,-5.897504155420372
A_prism16,5,"6,10,11,23,27",979293147,-6.26058478694891
A_prism16,5,"1,10,23,25,27",1510726499,-6.411659611951498
A_prism16,5,"3,7,17,24,25",1861332251,-6.087506597489777
A_prism16,5,"20,22,23,26,31",224590361,-6.427347233198947
A_prism16,5,"9,18,20,22,24",852415716,-6.239333796705056
A_prism16,5,"9,15,22,28,29",1620889031,-6.525902700129177
A_prism16,5,"5,11,14,19,24",405040641,-6.028915714548022
A_prism16,5,"4,11,24,25,31",686053554,-6.4886218221279375
A_prism16,5,"5,10,15,21,28",1931940033,-5.963985813436475
A_prism16,5,"11,16,21,25,27",823809162,-6.145217581588828
A_prism16,5,"2,7,11,13,19",585924829,-6.027656873363327
A_prism16,5,"4,10,11,17,26",43904299,-6.154754549595505
A_prism16,5,"0,4,18,23,27",287821120,-5.914678757989864
A_prism16,5,"3,8,13,23,31",1723255698,-5.97922696339172
A_prism16,5,"8,16,23,26,29",442532922,-6.008784938171785
A_prism16,5,"0,2,6,10,20",488803638,-5.873901868441641
A_prism16,5,"16,18,23,26,30",1346577343,-6.188528123342762
A_prism16,5,"2,16,19,25,29",87128757,-6.185764717602853
A_prism16,5,"3,7,11,16,27",2106481449,-6.034023835567541
A_prism16,5,"0,11,15,23,31",1356239080,-5.936439662866825
A_prism16,5,"3,9,10,16,23",243047149,-6.022268604363485
A_prism16,5,"4,9,16,18,21",474929112,-6.057749377893539
A_prism16,5,"0,7,12,16,30",1926224475,-5.821628622593393
A_prism16,5,"0,3,5,18,25",1976348795,-5.887869446711247
A_prism16,5,"2,6,10,21,24",1252906395,-6.1165565823840415
A_prism16,5,"13,19,21,24,29",1476979981,-6.10073853137639
A_prism16,5,"6,7,10,12,26",1931652309,-6.105208661893508
A_prism16,5,"5,9,10,14,27",916375858,-5.9367433430784695
A_prism16,5,"0,4,13,24,26",720339096,-5.905699762299962
A_prism16,5,"1,13,16,19,26",871520240,-6.052580844957615
A_prism16,5,"7,8,11,15,27",172392179,-5.985853992347421
A_prism16,5,"1,6,17,20,28",1771376426,-6.930465362664652
A_prism16,5,"2,9,10,22,28",1572258223,-6.294898623909794
A_prism16,5,"6,10,15,16,23",2108451331,-6.1708932263583565
A_prism16,5,"5,6,7,14,19",816842271,-5.896878734530312
A_prism16,5,"2,5,7,23,27",1428094253,-5.991601091636609
A_prism16,5,"5,16,17,18,31",1838227661,-5.986231973897483
A_prism16,5,"1,14,20,27,30",2069277644,-7.101371446730135
A_prism16,5,"16,22,29,30,31",521862684,-6.232992399452626
A_prism16,5,"4,8,9,20,23",1943217408,-5.881619106329103
A_prism16,5,"0,11,14,24,29",769716945,-5.950351640544725
A_prism16,5,"4,6,22,27,30",2134391785,-7.613887851239991
A_prism16,5,"3,4,20,22,26",1713657203,-6.051728342697918
A_prism16,5,"3,5,10,20,29",1619170164,-5.957054723127335
A_prism16,5,"4,14,21,27,28",273160573,-6.2568851610436695
A_prism16,5,"3,4,5,8,24",45753376,-5.905618428317479
A_prism16,5,"3,25,27,30,31",223193952,-6.259761714851408
A_prism16,5,"2,8,15,29,30",1893201691,-6.018225391078892
A_prism16,5,"8,10,12,24,28",2129079598,-5.982505304432157
A_prism16,5,"8,10,16,23,27",444052368,-6.00592374251631
A_prism16,5,"1,7,21,24,30",1667345695,-6.2421547123314935
A_prism16,5,"4,6,8,18,19",148261821,-5.9285008141223114
A_prism16,5,"12,15,18,22,25",1883270983,-6.29790733408573
A_prism16,5,"15,19,25,26,31",327475169,-6.52682947526076
A_prism16,5,"11,12,13,18,19",1575114856,-5.992201959801836
A_prism16,5,"0,8,10,16,22",780819708,-5.898613069603955
A_prism16,5,"2,5,12,14,27",1738733406,-5.926037584618373
A_prism16,5,"3,6,13,14,17",91544602,-5.95432036951621
A_prism16,5,"2,3,9,15,27",458189894,-6.0793135232135445
A_prism16,5,"6,8,14,18,27",2096435395,-5.926506966267646
A_prism16,5,"3,18,20,21,23",1377263856,-6.08029660260969
A_prism16,5,"0,1,12,19,21",2061794218,-5.879799340007858
A_prism16,5,"0,14,15,24,26",217794900,-5.89742930780633
A_prism16,5,"0,8,21,27,29",1506074002,-5.9069090451041175
A_prism16,5,"4,7,13,15,24",884640263,-6.031461221402953
A_prism16,5,"3,4,11,20,30",228378903,-6.093612956813292
A_prism16,5,"11,18,21,23,29",726576334,-6.185964894913504
A_prism16,5,"1,5,6,12,17",2104809405,-5.894331009935083
A_prism16,5,"3,5,13,21,23",1855373477,-5.954802689153632
A_prism16,5,"1,16,18,23,24",860452487,-6.226179395581023
A_prism16,5,"12,15,19,22,27",1575393461,-7.62962326713798
A_prism16,5,"3,18,19,20,25",384458955,-6.109314280376861
A_prism16,5,"1,6,9,24,31",1410435115,-6.633830371625201
A_prism16,5,"0,7,13,17,20",868592817,-5.811535414235499
A_prism16,5,"3,9,12,25,30",1061592659,-6.083223459477508
A_prism16,5,"0,12,13,16,26",405749633,-5.906765742984378
A_prism16,5,"3,6,19,24,26",208106456,-6.120207412720442
A_prism16,5,"8,16,17,26,29",723917209,-6.025423462018748
A_prism16,5,"4,6,15,16,22",781684559,-6.163647271477992
A_prism16,5,"5,21,22,28,31",1058862548,-6.004834038008626
A_prism16,5,"0,1,14,20,22",1428455253,-5.834415686543756
A_prism16,5,"6,10,16,24,25",701759981,-6.160059833672894
A_prism16,5,"1,4,8,19,23",872413757,-5.947107886277598
A_prism16,5,"4,9,11,16,18",809409235,-6.025333620993852
A_prism16,5,"1,2,12,13,14",96220317,-5.974322926209074
A_prism16,5,"0,3,10,17,23",778556138,-5.8835118276269105
A_prism16,5,"3,12,15,16,25",1952000637,-6.005145914060129
A_prism16,5,"12,14,21,24,31",712630307,-6.234851537162248
A_prism16,5,"3,14,17,18,24",643232297,-6.083434285356036
A_prism16,5,"5,6,12,18,21",1126772629,-5.971741043459973
A_prism16,5,"5,6,13,24,26",273031725,-5.9660471222290585
A_prism16,5,"1,9,12,14,31",11060286,-6.824584169556044
A_prism16,5,"0,1,19,30,31",1714284802,-5.952566331559346
A_prism16,5,"0,12,19,21,26",301104246,-5.910889534319169
A_prism16,5,"3,8,17,21,27",1039598987,-5.966861765571549
A_prism16,5,"4,8,14,24,27",1013689010,-5.986809637021047
A_prism16,5,"2,26,29,30,31",778281569,-6.360416864564143
A_prism16,5,"5,10,18,23,24",989316142,-6.025169660544952
A_prism16,5,"3,12,14,25,28",1481561806,-6.066364349817093
A_prism16,5,"8,16,20,24,27",1453327550,-5.942892997342442
A_prism16,5,"7,16,21,23,30",786287056,-6.145508925659873
A_prism16,5,"0,4,16,28,31",2022425527,-5.9122880613883675
A_prism16,5,"1,4,20,23,28",1441402816,-6.799430160679804
A_prism16,5,"6,7,19,21,27",417938939,-6.17012939315896
A_prism16,5,"2,5,14,18,25",2025041056,-5.932274414549749
A_prism16,5,"3,7,9,16,30",770058101,-6.044557556227429
A_prism16,5,"2,15,19,21,29",670870650,-6.164742743555018
A_prism16,5,"2,5,7,18,27",908725525,-5.951534169193837
A_prism16,5,"4,9,14,22,31",1924124371,-6.565149486330834
A_prism16,5,"4,5,6,15,16",1093412118,-5.9372172812492465
A_prism16,5,"2,3,12,19,28",1922651034,-6.101713627340609
A_prism16,5,"6,10,14,21,30",1270335077,-6.175008068097125
A_prism16,5,"11,16,22,23,29",1689000010,-6.253926902826112
A_prism16,5,"5,8,15,16,17",976227002,-5.917100357330835
A_prism16,5,"10,11,12,17,26",465214059,-6.1186982424774685
A_prism16,5,"1,16,18,22,24",1869837737,-6.165548083144619
A_prism16,5,"5,9,14,23,26",247213202,-6.005937049446872
A_prism16,5,"9,14,18,22,27",28634949,-6.221838843102439
A_prism16,5,"1,2,4,10,20",1742270813,-6.100595628900955
A_prism16,5,"2,5,6,18,21",1185253632,-5.949818922567957
A_prism16,5,"1,13,15,22,28",1167243890,-6.087014766177705
A_prism16,5,"0,4,7,11,16",246944473,-5.876778252578791
A_prism16,5,"1,2,5,20,24",296716254,-5.956950839323483
A_prism16,5,"6,21,27,28,29",527096645,-6.277464439863592
A_prism16,5,"12,13,16,30,31",1498567512,-6.0301157631316915
A_prism16,5,"8,9,13,21,27",391378294,-5.948470170830276
A_prism16,5,"0,6,16,21,25",321118682,-5.8871132566333015
A_prism16,5,"7,10,19,20,21",389231310,-6.140060067535373
A_prism16,5,"1,5,10,22,23",114685769,-5.970405205273977
A_prism16,5,"6,23,28,29,31",305906213,-6.766174332134962
A_prism16,5,"3,8,9,17,30",1038309583,-5.900596953234838
A_prism16,5,"4,9,13,23,28",1177692201,-6.043971659663937
A_prism16,5,"8,14,22,25,26",1461413284,-6.023456768883486
A_prism16,5,"5,12,14,15,17",1853849838,-5.924739351784562
A_prism16,5,"4,5,9,11,31",1655068603,-5.934665939098046
A_prism16,5,"2,13,16,21,22",1146216031,-5.9967633128381985
A_prism16,5,"1,2,3,18,21",1635178865,-6.029455987443771
A_prism16,5,"4,9,21,22,26",166873118,-6.106144660366789
A_prism16,5,"0,5,10,23,30",1496522377,-5.89986708993684
A_prism16,5,"0,3,16,22,31",1936176245,-5.907891453300711
A_prism16,5,"3,8,17,20,23",276131655,-5.904004540897639
A_prism16,5,"2,5,6,10,20",873776413,-5.946397448601149
A_prism16,5,"3,5,8,17,31",130191652,-5.911327965770383
A_prism16,5,"2,10,18,20,28",342740221,-6.216420538306237
A_prism16,5,"10,15,22,30,31",98536764,-6.36998071822419
A_prism16,5,"1,12,14,21,29",498216674,-6.179729346285541
A_prism16,5,"5,7,8,13,31",993209505,-5.959386455369094
A_prism16,5,"11,16,17,28,31",491065986,-6.258986159469509
A_prism16,5,"1,10,13,14,19",803762007,-6.004420711402046
A_prism16,5,"2,6,13,16,30",1252335359,-6.014682167550788
A_prism16,5,"0,4,17,24,31",141411960,-5.9081417744231315
A_prism16,5,"1,8,10,27,31",2041219787,-5.999642127160671
A_prism16,5,"0,17,18,24,31",73360292,-5.849058152272972
A_prism16,5,"8,9,14,16,22",1784696536,-5.939849324039064
A_prism16,5,"0,4,9,23,27",778874504,-5.873471327624359
A_prism16,5,"7,10,11,18,25",150785249,-6.142088342296604
A_prism16,5,"3,5,15,26,27",1303280215,-5.9829103715151115
A_prism16,5,"10,17,18,21,25",683926527,-6.052186408439692
A_prism16,5,"4,7,10,13,22",153591073,-5.9787053267792265
A_prism16,5,"0,13,15,19,22",907137829,-5.887776957347433
A_prism16,5,"5,10,12,15,17",313916075,-5.934633415401603
A_prism16,5,"0,2,3,13,22",1655769039,-5.8761047454095765
A_prism16,5,"5,13,16,17,30",1562550900,-5.907085338363135
A_prism16,5,"1,8,12,14,18",1278729671,-5.944634184979183
A_prism16,5,"4,7,14,21,31",1251672958,-6.238955667190694
A_prism16,5,"16,23,27,28,30",1343818926,-6.2357107373060625
A_prism16,5,"6,22,24,25,31",1780438852,-6.628616776187875
A_prism16,5,"5,6,16,17,31",1736402434,-5.969670960533199
A_prism16,5,"0,10,12,13,21",799248669,-5.876379041648232
A_prism16,5,"4,16,17,22,24",1635768504,-6.185192186269501
A_prism16,5,"11,12,14,29,31",2090154887,-6.350170426255363
A_prism16,5,"10,11,13,20,26",1195758579,-6.066430364764186
A_prism16,5,"3,10,16,17,20",2095941459,-6.024602951510962
A_prism16,5,"3,9,27,28,29",2086935324,-6.147077453752019
A_prism16,5,"4,6,9,23,29",1274226835,-6.37053596842874
A_prism16,5,"1,9,25,26,27",1650203783,-6.376438389577545
A_prism16,5,"6,22,25,29,31",1937845576,-6.678903165996964
A_prism16,5,"7,8,9,12,29",27054664,-5.980329842098625
A_prism16,5,"1,9,10,25,28",1648721828,-6.282883757986737
A_prism16,5,"0,8,22,25,30",1679704059,-5.80230345030565
A_prism16,5,"2,5,20,21,27",267051169,-5.951182359277918
A_prism16,5,"6,21,25,26,28",141659212,-6.217077975858123
A_prism16,5,"2,3,6,15,18",601487479,-6.019301402498681
A_prism16,5,"6,20,26,29,31",772642727,-6.2307377571325935
A_prism16,5,"7,8,17,22,29",207962017,-5.971425658592965
A_prism16,5,"9,12,18,22,26",2110546614,-6.169104409743925
A_prism16,5,"0,6,7,9,19",1913125361,-5.866554882580427
A_prism16,5,"10,13,15,26,27",749225446,-6.034006347355177
A_prism16,5,"0,22,25,28,30",785326082,-5.876550116215618
A_prism16,5,"6,9,10,17,28",67548001,-6.262985054159173
A_prism16,5,"2,4,15,23,30",1341826792,-6.626659825943664
A_prism16,5,"3,8,20,22,23",264413808,-5.891485320372463
A_prism16,5,"4,19,20,24,26",781404927,-6.351996648896837
A_prism16,5,"1,2,12,16,28",16047172,-6.249803682595793
A_prism16,5,"0,7,13,25,27",276038120,-5.812781939320321
A_prism16,5,"12,19,21,23,24",692614789,-6.1307845602222635
A_prism16,5,"2,24,29,30,31",1503163357,-6.455233825775593
A_prism16,5,"8,9,13,15,22",138233676,-5.934786988386521
A_prism16,5,"6,20,24,30,31",764939182,-6.455798773726453
A_prism16,5,"3,9,16,21,29",445203531,-6.036474088124824
A_prism16,5,"4,6,11,12,26",1752262958,-6.19423651323487
A_prism16,5,"17,19,23,26,30",355914072,-6.50083915108276
A_prism16,5,"2,7,19,21,24",1830413552,-6.133503923436493
A_prism16,5,"0,2,3,21,28",1142030123,-5.887270236322077
A_prism16,5,"9,13,14,17,27",37764879,-5.966770036999149
A_prism16,5,"4,9,10,12,30",858173854,-6.198733722658551
A_prism16,5,"1,13,14,19,20",1053477197,-6.0416530147808665
A_prism16,5,"4,7,8,13,30",448896352,-5.862905152418396
A_prism16,5,"1,5,8,29,31",1677235003,-5.972861907602657
A_prism16,5,"0,7,11,17,28",948164595,-5.88270251535565
A_prism16,5,"4,13,16,17,28",1793112107,-5.972713469277128
A_prism16,5,"2,3,4,20,27",260750181,-6.075805637765277
A_prism16,5,"5,16,17,24,30",983566529,-5.98180948059476
A_prism16,5,"4,12,17,21,27",513834709,-6.193200868133052
A_prism16,5,"3,4,8,19,29",221265587,-5.948589576274974
A_prism16,5,"8,13,16,18,20",764761596,-5.966230148459269
A_prism16,5,"2,7,18,20,29",1386281278,-6.222801948754921
A_prism16,5,"1,2,7,22,30",2076745352,-6.938753570519619
A_prism16,5,"1,3,5,19,28",1089612758,-5.9514826048077
A_prism16,5,"2,5,19,27,29",1810191077,-6.017432502478684
A_prism16,5,"0,8,12,15,23",847750474,-5.870249123752469
A_prism16,5,"1,3,8,18,30",898623339,-5.950627744111918
A_prism16,5,"1,16,19,22,30",534531116,-6.199902137679266
A_prism16,5,"5,8,13,14,15",1054477752,-5.911064739631153
A_prism16,5,"5,6,13,21,26",1490755170,-6.003176174567663
A_prism16,5,"2,7,11,12,14",1087402071,-6.383201245739002
A_prism16,5,"0,2,4,17,23",1919206916,-5.857117623174246
A_prism16,5,"0,1,3,10,20",1362564942,-5.886486409324596
A_prism16,5,"5,6,14,18,27",440062595,-6.000811910570108
A_prism16,5,"0,5,15,21,26",511293880,-5.887590830180022
A_prism16,5,"4,5,11,19,21",1253404966,-5.9531829380555035
A_prism16,5,"6,7,9,13,15",1868139178,-5.976762751295841
A_prism16,5,"9,13,15,20,22",900842378,-6.040069871089213
A_prism16,5,"8,12,24,27,30",1464395767,-5.93685245695979
A_prism16,5,"5,14,18,22,30",1460931335,-5.9854956607585335
A_prism16,5,"0,6,16,24,30",126981040,-5.855540391216885
A_prism16,5,"0,10,15,25,30",19294332,-5.883589232479436
A_prism16,5,"3,18,20,22,28",1538076417,-6.073286287753744
A_prism16,5,"0,8,25,30,31",486336415,-5.812649740787694
A_prism16,5,"6,8,11,13,21",636597276,-5.958475634754542
A_prism16,5,"2,6,19,20,21",1427515140,-6.171605328868056
A_prism16,5,"8,11,13,14,29",959247189,-5.999548670154384
A_prism16,5,"2,18,19,25,31",1087487266,-6.293620320027856
A_prism16,5,"8,10,13,19,24",1587769137,-5.955097726443935
A_prism16,5,"1,9,15,23,29",951413574,-6.498368734891044
A_prism16,5,"10,14,20,21,26",1478156239,-6.110166911022074
A_prism16,5,"4,10,14,17,26",1690462432,-6.145724838471922
A_prism16,5,"9,12,19,20,22",150016058,-7.439244459575159
A_prism16,5,"3,7,17,20,23",1888291859,-6.0906732098816025
A_prism16,5,"0,9,15,17,22",140899678,-5.8609897997132805
A_prism16,5,"9,10,16,21,27",719143775,-6.070488055391965
A_prism16,5,"9,15,16,21,28",314719803,-6.106929824682735
A_prism16,5,"0,1,5,16,18",1601544297,-5.915389739289414
A_prism16,5,"2,11,18,24,27",925189244,-6.215877969440723
A_prism16,5,"11,12,13,27,31",415498378,-6.054117210639188
A_prism16,5,"0,2,3,10,14",2108966249,-5.8742814457988475
A_prism16,5,"18,24,25,26,27",1556248420,-6.243039994668445
A_prism16,5,"5,7,19,21,25",1092991329,-5.966479461240865
A_prism16,5,"4,12,19,22,23",2141140097,-6.90375493039391
A_prism16,5,"1,15,17,18,20",1302694652,-6.209331869372841
A_prism16,5,"0,3,5,19,25",2058002869,-5.852672024568425
A_prism16,5,"2,9,19,30,31",727503360,-6.6518031565848394
A_prism16,5,"0,3,16,22,25",2054094288,-5.866025443446815
A_prism16,5,"2,3,5,26,30",719236465,-5.964091238541983
A_prism16,5,"2,9,10,14,27",1539419998,-6.349909998042811
A_prism16,5,"1,3,9,21,30",983978040,-6.025170694686321
A_prism16,5,"8,9,13,17,18",711193310,-5.966026394166106
A_prism16,5,"3,7,9,22,23",363645822,-6.156201045623223
A_prism16,5,"12,13,17,28,30",504227807,-5.975330208718479
A_prism16,5,"5,9,14,17,19",797550146,-5.927698741242952
A_prism16,5,"3,7,20,29,30",1132633507,-6.178025032081714
A_prism16,5,"13,19,20,21,30",1653625477,-6.078791070616956
A_prism16,5,"9,13,17,25,29",1122721357,-6.0048586979071965
A_prism16,5,"0,2,21,23,29",431471082,-5.934330461142869
A_prism16,5,"4,23,25,26,29",233601137,-6.445418253084041
A_prism16,5,"6,14,16,22,31",701937045,-6.2421411803879705
A_prism16,5,"7,11,19,23,29",1776945798,-6.409432927883517
A_prism16,5,"5,17,20,24,29",818512816,-6.00158416839757
A_prism16,5,"8,10,20,21,23",439951634,-5.9996508240000255
A_prism16,5,"11,16,18,19,29",1004075786,-6.2046702523716215
A_prism16,5,"8,18,21,24,25",353434629,-5.971939967152167
A_prism16,5,"1,8,23,29,31",1783843254,-6.0766338865564675
A_prism16,5,"4,5,9,23,26",2110184345,-5.983056370070319
A_prism16,5,"10,15,16,23,28",36354181,-6.219531836160528
A_prism16,5,"1,7,14,19,29",230236715,-6.549300927677248
A_prism16,5,"2,5,6,9,14",719065614,-5.900961218892502
A_prism16,5,"5,13,20,30,31",7480551,-5.915066705508448
A_prism16,5,"1,4,12,23,25",27375392,-6.761539891134028
A_prism16,5,"1,2,3,18,21",1933279258,-6.046102120076003
A_prism16,5,"4,6,10,11,25",1344160577,-6.22596443914079
A_prism16,5,"6,8,13,14,21",1805768767,-5.886393234745742
A_prism16,5,"2,3,15,19,23",226270604,-6.191326741418308
A_prism16,5,"12,26,27,28,31",1552608885,-6.344636435187245
A_prism16,5,"5,19,21,24,27",1835807033,-6.039650558090965
A_prism16,5,"1,8,10,13,29",2038513892,-5.965713609089825
A_prism16,5,"0,15,16,25,30",2030599690,-5.900292921008903
A_prism16,5,"0,6,17,25,28",1564190921,-5.8142319061571195
A_prism16,5,"2,8,18,19,28",1298791272,-5.995574471463036
A_prism16,5,"9,12,17,21,22",450566991,-6.113405876464394
A_prism16,5,"1,4,12,16,17",1029502578,-6.0590623205472465
A_prism16,5,"5,14,18,22,26",1699777383,-5.98925394511241
A_prism16,5,"10,11,18,28,31",1990957286,-6.254505062093411
A_prism16,5,"15,19,21,29,31",542174184,-6.164726139943007
A_prism16,5,"2,17,19,26,29",289466019,-6.37198605908626
A_prism16,5,"0,15,21,28,29",1153982253,-5.956021173964264
A_prism16,5,"6,15,17,26,28",223269249,-6.421816424854774
A_prism16,5,"0,1,7,21,30",414961467,-5.8972429206830475
A_prism16,5,"0,2,15,25,28",1726586241,-5.894615645307697
A_prism16,5,"5,6,8,18,31",191177157,-5.937612324826501
A_prism16,5,"5,7,14,18,22",2086538874,-5.915820933812516
A_prism16,5,"5,7,11,16,29",550842321,-5.976610090485237
A_prism16,5,"11,12,16,21,31",1192292568,-6.115673976949175
A_prism16,5,"4,8,15,19,22",2019793504,-5.980298077265831
A_prism16,5,"3,4,10,21,26",213485228,-6.01628260774101
A_prism16,5,"2,4,18,19,21",1855119487,-6.067508445498463
A_prism16,5,"1,5,11,15,18",2042380086,-5.934914974595028
A_prism16,5,"4,12,14,21,24",312657487,-6.1886815405141515
A_prism16,5,"3,16,27,28,29",872303114,-6.180079226797852
A_prism16,5,"19,20,21,26,28",410076147,-6.286925742883317
A_prism16,5,"9,15,17,20,21",2079233804,-6.198004179978966
A_prism16,5,"2,6,10,12,16",448741266,-6.0775044635008
A_prism16,5,"2,10,15,16,22",1375673631,-6.132960904916785
A_prism16,5,"0,11,14,27,28",935695378,-5.855939582281108
A_prism16,5,"7,10,17,18,27",2393820,-6.216989611314923
A_prism16,5,"0,4,9,16,28",1613420094,-5.87652551688737
A_prism16,5,"7,10,13,23,30",367138953,-6.015161132589053
A_prism16,5,"9,12,15,26,31",1804340796,-6.347313168295712
A_prism16,5,"3,6,13,14,28",952431810,-5.957495704907844
A_prism16,5,"1,13,17,21,31",1528144406,-6.064092491072342
A_prism16,5,"4,6,7,24,25",586605560,-6.517515289914689
A_prism16,5,"8,10,11,16,30",1218476425,-5.9679506258374095
A_prism16,5,"0,15,22,23,29",1008733373,-5.933218155985843
A_prism16,5,"4,11,13,20,22",316526875,-6.01669331629776
A_prism16,5,"3,7,19,23,30",1941028706,-6.16879302287201
A_prism16,5,"8,15,21,23,29",1663897043,-6.008007875675716
A_prism16,5,"0,19,23,26,30",1616651603,-5.955657312324625
A_prism16,5,"7,12,13,22,28",607471444,-6.023100100540078
A_prism16,5,"14,16,19,21,28",1155975415,-6.109157641916231
A_prism16,5,"1,8,9,10,24",575911217,-5.970046408037359
A_prism16,5,"4,6,8,16,30",608147230,-5.950502937065529
A_prism16,5,"10,12,21,24,25",1219072943,-6.1730423318648695
A_prism16,5,"7,15,21,22,23",1452721491,-6.23460077498736
A_prism16,5,"0,1,13,16,28",118945441,-5.913926708328135
A_prism16,5,"6,12,15,25,29",1449899746,-6.500069308232033
A_prism16,5,"1,19,22,26,30",272942379,-6.461045897999474
A_prism16,5,"9,15,21,22,28",1397977667,-6.2857156463864055
A_prism16,5,"5,19,26,27,31",1896433562,-6.064096979538325
A_prism16,5,"0,3,19,27,30",1584044416,-5.90466295266761
A_prism16,5,"10,11,15,23,27",1201672143,-6.339655864957367
A_prism16,5,"2,11,19,20,21",2049451259,-6.184370251420557
A_prism16,5,"6,8,16,19,28",1946239820,-5.9791593638304095
A_prism16,5,"21,25,28,30,31",446032794,-6.2982177856262656
A_prism16,5,"5,13,15,21,28",245646941,-5.96616221104139
A_prism16,5,"1,2,7,20,23",2100347429,-6.665901132615901
A_prism16,5,"4,6,16,25,28",572124793,-6.170676211121562
A_prism16,5,"11,22,27,29,31",820701677,-6.4546850778161655
A_prism16,5,"5,13,14,26,28",1096500010,-5.887141918840714
A_prism16,5,"2,14,16,24,29",1025255706,-6.3421563128661225
A_prism16,5,"2,12,13,14,21",1827001116,-5.999231855285183
A_prism16,5,"1,4,17,18,26",1315292095,-6.1801866808927635
A_prism16,5,"7,9,21,28,29",778682741,-6.212479103499203
A_prism16,5,"2,16,26,27,31",302129593,-6.248505897951442
A_prism16,5,"6,17,21,24,27",210087686,-6.153889794757653
A_prism16,5,"4,16,20,21,23",710160017,-6.110311332399291
A_prism16,5,"1,2,8,15,26",75245449,-5.9773762136159885
A_prism16,5,"5,19,20,22,26",904265681,-6.058791454379756
A_prism16,5,"3,4,6,7,30",374630012,-6.078457605168525
A_prism16,5,"0,10,11,23,26",519805791,-5.907939234509507
A_prism16,5,"1,6,13,22,31",202329952,-6.085471777314199
A_prism16,5,"8,16,17,24,25",1109588627,-6.017930579938804
A_prism16,5,"0,11,25,29,31",879847441,-5.957210955244493
A_prism16,5,"13,18,19,25,27",996829607,-6.038768458911489
A_prism16,5,"12,16,17,20,28",2004861126,-6.125711972516976
A_prism16,5,"1,9,14,15,20",549126753,-7.559109104679569
A_prism16,5,"9,12,16,24,28",707959714,-6.301514793711423
A_prism16,5,"12,19,26,28,30",464186358,-6.448589800372659
A_prism16,5,"2,18,19,22,29",1985009146,-6.243461597263947
A_prism16,5,"1,10,25,28,30",1290417357,-6.391330888504456
A_prism16,5,"6,12,14,22,24",435329913,-6.5715049283932
A_prism16,5,"11,18,21,30,31",1451151569,-6.183071253605249
A_prism16,5,"0,13,15,21,25",2049528947,-5.896963481563495
A_prism16,5,"10,11,21,26,27",654924492,-6.176185540819341
A_prism16,5,"9,20,21,22,28",2036536587,-6.186893945270287
A_prism16,5,"2,8,14,17,22",145746144,-5.925482105743251
A_prism16,5,"15,21,22,26,27",1923760443,-6.224319601969162
A_prism16,5,"2,6,11,16,22",234204146,-6.11168445119583
A_prism16,5,"8,14,21,23,28",418704592,-6.018121534325874
A_prism16,5,"7,9,14,17,30",1275257773,-8.815152529301216
A_prism16,5,"0,15,24,30,31",1549305692,-5.971927820941406
A_prism16,5,"4,13,14,24,27",2080360622,-5.968766835633636
A_prism16,5,"13,15,16,25,27",455009533,-6.032434806975357
A_prism16,5,"1,11,12,25,29",1379972415,-6.3587946342472
A_prism16,5,"8,11,19,20,27",795473441,-6.023826703380048
A_prism16,5,"3,4,11,22,26",698126860,-6.024013157267558
A_prism16,5,"10,12,15,16,17",1449674631,-6.099875874462849
A_prism16,5,"2,6,9,11,18",777688720,-6.152187886316853
A_prism16,5,"0,3,7,15,23",706747996,-5.895269668772487
A_prism16,5,"0,12,14,15,18",721493531,-5.885465543722389
A_prism16,5,"19,21,23,24,30",1325136739,-6.290931599302133
A_prism16,5,"5,13,15,29,30",509181394,-5.942501818881185
A_prism16,5,"2,7,10,11,25",354911048,-6.2060059311230935
A_prism16,5,"2,9,11,22,29",1151486253,-6.292920846738694
A_prism16,5,"3,6,7,13,19",2038276030,-5.966516729648024
A_prism16,5,"0,9,10,25,29",1467955844,-5.868579667848825
A_prism16,5,"3,5,14,16,27",434027936,-5.941525728409714
A_prism16,5,"0,5,6,14,27",504536216,-5.8051897726350115
A_prism16,5,"3,8,14,18,30",1411993367,-5.948276923161011
A_prism16,5,"3,10,13,18,22",1083832803,-5.970121645490743
A_prism16,5,"6,12,14,18,19",1259402912,-6.266173864608935
A_prism16,5,"5,7,9,11,12",1944165087,-5.928231029873922
A_prism16,5,"14,20,22,27,30",533748777,-7.058933840083201
A_prism16,5,"0,8,13,22,28",1115319343,-5.880730599765015
A_prism16,5,"5,7,9,20,27",860034619,-5.90982699288185
A_prism16,5,"2,4,19,25,26",59475001,-6.378733834422051
A_prism16,5,"7,11,15,23,30",1731836822,-6.645474012593473
A_prism16,5,"1,2,5,15,31",1962765802,-6.003236181957407
A_prism16,5,"2,11,25,27,28",2067877586,-6.65542443594118
A_prism16,5,"1,2,25,26,28",711833323,-6.3182656941042445
A_prism16,5,"3,14,17,23,28",1114129901,-6.194152996950496
A_prism16,5,"11,20,26,27,30",206146144,-6.373210590167457
A_prism16,5,"1,3,13,18,24",703080207,-5.979589142232866
A_prism16,5,"1,13,23,27,31",2055465524,-6.132225694067449
A_prism16,5,"4,8,10,20,31",1900553956,-5.977791062295033
A_prism16,5,"6,7,15,21,30",1511985100,-6.165626657920531
A_prism16,5,"0,2,9,10,27",432059781,-5.86299002937511
A_prism16,5,"6,15,21,23,24",1920431848,-6.207204480753471
A_prism16,5,"3,6,21,25,27",956884186,-6.061339620900617
A_prism16,5,"11,24,25,29,30",1878081186,-6.443764073659884
A_prism16,5,"2,6,16,26,31",1828792700,-6.121841041904419
A_prism16,5,"4,9,14,16,25",1698635751,-6.168696384520242
A_prism16,5,"1,12,15,16,23",794745109,-6.1630072553283854
A_prism16,5,"9,12,14,19,25",671701951,-7.537697632720531
A_prism16,5,"1,8,17,24,27",1473339130,-5.960211519087
A_prism16,5,"7,10,12,29,31",523320130,-6.232163907994536
A_prism16,5,"16,21,23,26,27",478632887,-6.172654922673656
A_prism16,5,"8,9,10,23,27",2011985946,-5.993423912336529
A_prism16,5,"10,11,13,27,30",1733262379,-6.042165729310179
A_prism16,5,"6,17,19,28,31",1987165885,-6.896920250260014
A_prism16,5,"0,1,5,16,29",945545620,-5.920473296021097
A_prism16,5,"0,1,6,24,31",1350033011,-5.9327718546600074
A_prism16,5,"1,4,10,18,23",1221821090,-6.1722375921192905
A_prism16,5,"7,8,18,19,25",1245296191,-6.004666046855269
A_prism16,5,"19,20,26,27,30",1287507531,-6.5586410171737155
A_prism16,5,"1,7,21,29,30",2113468653,-6.237609116332357
A_prism16,5,"16,19,20,22,26",1872769609,-6.1386832990498315
A_prism16,5,"6,8,9,14,17",620498154,-5.866485205087599
A_prism16,5,"4,14,19,20,31",1477548422,-6.842100843673957
A_prism16,5,"2,3,12,24,31",33296400,-6.132002469734402
A_prism16,5,"3,13,14,29,31",1609870987,-6.057201610686776
A_prism16,5,"1,8,12,22,31",600492603,-5.980035189036467
A_prism16,5,"6,7,15,25,27",1462716069,-7.651027036988195
A_prism16,5,"8,10,25,28,29",904204526,-5.973881710543903
A_prism16,5,"2,3,8,12,17",323203640,-5.884103504253242
A_prism16,5,"6,13,20,25,29",608141999,-6.076007908633129
A_prism16,5,"5,8,17,20,23",1895649195,-5.8623983600322855
A_prism16,5,"15,17,18,22,26",1144616109,-6.214635081313251
A_prism16,5,"9,15,16,20,31",1004819061,-6.237708277981663
A_prism16,5,"5,6,8,14,23",12620521,-5.841966563832039
A_prism16,5,"1,4,6,13,30",1537376252,-5.989585033627705
A_prism16,5,"6,7,10,29,31",1540094391,-6.2750955085385876
A_prism16,5,"1,10,15,23,28",586011962,-6.389360531076497
A_prism16,5,"10,14,15,18,26",953955542,-6.117905640969479
A_prism16,5,"5,8,11,15,23",372413877,-5.935539839384647
A_prism16,5,"4,6,14,17,28",916448335,-7.3025299287198
A_prism16,5,"9,14,15,19,28",1239831659,-7.241945210193626
A_prism16,5,"5,22,27,29,30",2082856290,-5.956969650824513
A_prism16,5,"5,10,16,17,29",1817836970,-5.957882559072931
A_prism16,5,"4,7,8,10,20",1138224102,-5.920667049711722
A_prism16,5,"4,7,14,16,20",1994806131,-6.195016191485145
A_prism16,5,"11,12,13,17,21",1728871072,-5.987615488458573
A_prism16,5,"3,7,11,14,31",247772299,-6.175403404305228
A_prism16,5,"0,4,8,10,24",82772309,-5.892643356287312
A_prism16,5,"1,10,13,19,30",1510888377,-6.030592671523132
A_prism16,5,"0,7,12,13,28",1904523218,-5.824558803498865
A_prism16,5,"0,11,16,26,28",205208727,-5.91476130185626
A_prism16,5,"3,4,13,23,30",1828124044,-5.98102732177156
A_prism16,5,"11,13,18,21,22",1194976908,-5.989329174565673
A_prism16,5,"2,12,18,19,21",857556519,-6.159732415102881
A_prism16,5,"10,13,19,21,23",1982700665,-6.081013043588903
A_prism16,5,"3,12,17,20,30",572032380,-6.065982022706762
A_prism16,5,"9,14,16,19,24",1289900348,-6.216587250229401
A_prism16,5,"11,15,16,23,26",1863247335,-6.22355225728111
A_prism16,5,"0,2,3,20,26",398266809,-5.8866971233069165
A_prism16,5,"14,15,21,23,26",707420038,-6.220989316347419
A_prism16,5,"7,17,18,20,31",581020613,-6.134989985284261
A_prism16,5,"0,15,16,25,28",917716664,-5.903134464517661
A_prism16,5,"2,17,19,22,25",3752253,-6.820378007429857
A_prism16,5,"2,3,12,18,25",582168793,-5.994153642990305
A_prism16,5,"5,7,11,23,29",1487268703,-6.01119123073141
A_prism16,5,"3,11,14,27,31",783623712,-6.200282478971389
A_prism16,5,"6,7,13,16,25",1732882871,-5.9470455098326696
A_prism16,5,"6,15,18,26,27",166931948,-6.298417552021784
A_prism16,5,"0,1,15,19,27",1055487851,-5.868045835943089
A_prism16,5,"0,8,9,18,19",1734113955,-5.877906184730293
A_prism16,5,"4,6,12,21,28",2082859198,-6.142700963560573
A_prism16,5,"1,3,12,16,31",296036092,-6.05493483534895
A_prism16,5,"1,4,9,21,26",494986289,-6.1476129568483255
A_prism16,5,"9,13,26,30,31",391753723,-6.055669950371035
A_prism16,5,"7,13,21,25,26",61076738,-6.055630402941862
A_prism16,5,"5,7,10,19,28",159646953,-5.988049155457514
A_prism16,5,"7,9,14,21,27",927645062,-6.0703152496377095
A_prism16,5,"9,15,18,23,27",1307650553,-6.348992119522099
A_prism16,5,"17,18,20,25,30",887370566,-6.240458936267622
A_prism16,5,"4,8,10,12,15",1358335067,-5.902792965966053
A_prism16,5,"3,4,7,10,31",1793932060,-6.05188829093646
A_prism16,5,"9,16,19,20,22",2001823211,-6.255035059239598
A_prism16,5,"6,13,16,19,23",2082377124,-6.046974076524507
A_prism16,5,"4,5,6,8,28",1675641415,-5.9128754409444815
A_prism16,5,"4,11,12,16,20",1126152437,-6.130348289778585
A_prism16,5,"1,8,21,29,30",506186496,-6.004578559675833
A_prism16,5,"1,3,6,15,23",387343323,-6.10465081262476
A_prism16,5,"9,13,18,21,29",896252470,-6.024578435314862
A_prism16,5,"7,10,12,16,22",780502202,-6.105388264050783
A_prism16,5,"1,2,12,19,29",743369716,-6.356436872670565
A_prism16,5,"3,4,5,13,18",1148901489,-5.917096209478842
A_prism16,5,"2,14,20,27,30",1123078929,-7.130697593303231
A_prism16,5,"1,7,8,11,18",1142497577,-5.967682204550841
A_prism16,5,"2,3,5,9,23",1959621619,-5.897679165903481
A_prism16,5,"5,9,19,21,31",526981952,-5.97211031686655
A_prism16,5,"3,5,9,10,21",1661820276,-5.9120526161768625
A_prism16,5,"3,5,17,18,26",499412988,-5.970801472126321
A_prism16,5,"6,9,15,28,30",535088536,-7.51521948740321
A_prism16,5,"0,4,17,30,31",107073400,-5.901979846865892
A_prism16,5,"2,3,9,10,18",1037419480,-5.99344292901227
A_prism16,5,"3,10,13,15,23",296969713,-5.975901475192146
A_prism16,5,"4,5,9,21,28",716296897,-5.973443855267579
A_prism16,5,"6,16,18,20,26",72359040,-6.10818801138975
A_prism16,5,"1,5,7,12,20",1327373906,-5.861255159622209
A_prism16,5,"6,11,12,15,31",1543342943,-6.559715164983654
A_prism16,5,"13,22,24,25,30",1600306939,-6.021881303160811
A_prism16,5,"11,17,19,28,29",356026326,-6.483492239845721
A_prism16,5,"12,16,23,24,29",2031827904,-6.198993599809288
A_prism16,5,"6,9,23,25,27",1171766144,-7.0169520734583735
A_prism16,5,"8,15,19,24,27",593077749,-5.999893999127512
A_prism16,5,"4,20,24,26,28",2009336924,-6.321978881166456
A_prism16,5,"0,7,9,16,31",749576649,-5.906806361808932
A_prism16,5,"1,2,7,20,26",1674284810,-6.306371315217685
A_prism16,5,"1,20,27,29,30",1213907821,-6.554355000958296
A_prism16,5,"1,6,8,14,30",291484129,-5.994376226788557
A_prism16,5,"4,5,6,14,22",1603247823,-5.869415547625011
A_prism16,5,"8,13,19,22,27",836578035,-5.9660323989480935
A_prism16,5,"2,4,9,15,29",76656269,-6.313359698060865
A_prism16,5,"2,12,23,24,26",765303146,-6.380615274775959
A_prism16,5,"6,7,13,16,31",735060337,-6.013646449218191
A_prism16,5,"1,3,7,12,29",1651008600,-6.091369448323115
A_prism16,5,"12,14,16,25,28",630049395,-6.187821291931025
A_prism16,5,"10,15,16,20,25",1967743270,-6.216119818366946
A_prism16,5,"4,7,14,29,31",552647634,-6.312505079614951
A_prism16,5,"0,10,13,27,28",1802921932,-5.877929768981084
A_prism16,5,"8,15,25,28,31",338858010,-6.04913483061589
A_prism16,5,"5,12,13,14,16",233198796,-5.928798709014785
A_prism16,5,"3,4,9,14,27",371151196,-6.096869052954027
A_prism16,5,"0,7,15,21,24",1693364101,-5.853769416801859
A_prism16,5,"3,13,14,24,27",1383591666,-6.016398877287028
A_prism16,5,"1,3,6,19,23",667399467,-6.120772470714104
A_prism16,5,"7,18,25,26,31",1455589182,-6.370758168235154
A_prism16,5,"3,18,25,26,27",482440288,-6.07928576368778
A_prism16,5,"1,7,19,21,29",1978996940,-6.310381587328378
A_prism16,5,"8,9,15,24,27",683556600,-5.984234173479124
A_prism16,5,"7,8,23,27,30",2120185132,-5.975970568429802
A_prism16,5,"3,25,27,29,31",822070033,-6.204429202204097
A_prism16,5,"1,2,8,24,30",312185145,-5.981532717954955
A_prism16,5,"2,7,10,16,29",1933943116,-6.142385755444108
A_prism16,5,"10,25,28,30,31",719969448,-6.536822313295396
A_prism16,5,"4,8,20,25,28",216163905,-5.909166080166025
A_prism16,5,"2,9,17,18,30",1233643126,-6.170070554062758
A_prism16,5,"6,13,20,25,27",1054221551,-5.977412036011409
A_prism16,5,"0,4,11,23,24",1336989311,-5.90527287241145
A_prism16,5,"19,22,28,30,31",1227496828,-6.809074397073124
A_prism16,5,"1,2,3,9,16",819743179,-5.960733266780182
A_prism16,5,"0,4,13,18,20",697041025,-5.905632761549208
A_prism16,5,"13,23,24,25,29",827226490,-6.09334247678071
A_prism16,5,"1,15,20,29,31",506063034,-6.490117408862105
A_prism16,5,"4,7,24,27,30",1340775703,-6.606360668197412
A_prism16,5,"7,12,14,26,27",50067328,-6.458299745615788
A_prism16,5,"3,5,11,25,29",379170433,-5.941447393140092
A_prism16,5,"1,8,14,23,30",273811173,-5.969570173905792
A_prism16,5,"0,5,6,15,20",1172422891,-5.882335060816565
A_prism16,5,"1,4,14,18,29",95389969,-6.203412689306566
A_prism16,5,"1,9,17,28,29",1454820359,-6.389549023538788
A_prism16,5,"0,8,24,27,28",1872082884,-5.833012334078031
A_prism16,5,"3,7,18,22,23",1315922649,-6.068638018144337
A_prism16,5,"6,18,25,27,29",1644279807,-6.199710657704803
A_prism16,5,"1,5,8,25,28",1417833894,-5.929400881220052
A_prism16,5,"8,11,15,17,21",706269262,-5.9527879396483225
A_prism16,5,"1,5,6,8,12",1103356728,-5.915488345938946
A_prism16,5,"4,8,18,28,29",483862561,-6.020943311059447
A_prism16,5,"1,11,20,25,28",22486232,-6.728304002492489
A_prism16,5,"1,3,8,26,30",713104869,-5.939403915254405
A_prism16,5,"1,9,17,22,23",354735253,-6.911489435546485
A_prism16,5,"0,1,4,5,19",1335749980,-5.86442749443494
A_prism16,5,"6,10,12,16,25",1638805782,-6.082259420150464
A_prism16,5,"0,7,9,13,23",1074773283,-5.883649399798531
A_prism16,5,"3,4,10,15,26",730922805,-6.053974097251636
A_prism16,5,"6,9,23,25,30",1337402816,-7.013099772961625
A_prism16,5,"5,17,20,21,30",1908309561,-5.914550214623126
A_prism16,5,"9,11,19,27,30",155270225,-6.707112645780171
A_prism16,5,"20,22,25,26,28",2015614788,-6.391161261262573
A_prism16,5,"7,12,16,17,27",841869907,-6.125024824179981
A_prism16,5,"0,20,21,28,30",1140781471,-5.843604316988924
A_prism16,5,"8,9,15,22,25",739296315,-5.97245831240068
A_prism16,5,"1,7,8,20,22",2016085410,-5.902067793788063
A_prism16,5,"0,1,19,23,31",187148495,-5.935772972332826
A_prism16,5,"3,4,15,16,29",1930774544,-6.031851990387261
A_prism16,5,"4,11,19,23,29",1916539528,-6.3907978860895955
A_prism16,5,"0,7,9,10,27",1987812341,-5.883224280991427
A_prism16,5,"6,13,15,16,30",91996234,-6.032536511223856
A_prism16,5,"0,8,15,21,30",70622169,-5.817129470610507
A_prism16,5,"3,7,9,24,30",1326049464,-6.092424508427358
A_prism16,5,"0,2,3,5,30",1390862844,-5.863872387386531
A_prism16,5,"15,17,20,21,23",1558494748,-6.240581057284493
A_prism16,5,"2,14,20,24,28",271495396,-6.58838665041395
A_prism16,5,"4,14,18,19,21",247048654,-6.203503999430695
A_prism16,5,"2,5,8,10,22",291125030,-5.929015880046097
A_prism16,5,"0,13,14,25,28",1052604322,-5.8144079973886935
A_prism16,5,"7,9,16,23,28",2012764683,-6.127096771994465
A_prism16,5,"8,9,11,15,26",1790201786,-5.942487423613627
A_prism16,5,"6,8,11,21,22",1533371235,-5.955338025833861
A_prism16,5,"0,2,3,7,12",1392591002,-5.856505920216401
A_prism16,5,"1,9,13,22,25",880560028,-5.944641075163454
A_prism16,5,"13,20,22,24,25",1072673567,-6.0580381625066035
A_prism16,5,"0,7,8,9,17",76656397,-5.8580811418014695
A_prism16,5,"4,5,7,24,26",207054325,-5.9821799406135545
A_prism16,5,"4,5,12,22,27",1519102596,-5.949274217794542
A_prism16,5,"3,4,5,8,13",1205530326,-5.918824125503638
A_prism16,5,"2,8,16,29,31",2029215096,-6.04639359995601
A_prism16,5,"18,20,22,25,30",147360962,-6.301624272235566
A_prism16,5,"2,4,21,27,28",234860429,-6.215612017064197
A_prism16,5,"4,5,12,19,20",434411180,-5.93250232455416
A_prism16,5,"1,7,19,25,31",1643960468,-6.7559227723015365
A_prism16,5,"1,11,23,25,30",1593228859,-6.656639924018011
A_prism16,5,"7,8,9,24,30",2134114436,-5.904436982733804
A_prism16,5,"0,2,10,16,25",602980375,-5.882707040518335
A_prism16,5,"0,12,21,27,31",4531036,-5.8458407693983725
A_prism16,5,"7,15,21,24,30",1273284881,-6.121398632318054
A_prism16,5,"6,12,13,16,17",1498967622,-5.985992385494835
A_prism16,5,"9,17,21,23,29",1503065456,-6.173003373298638
A_prism16,5,"2,3,16,20,21",1715412028,-6.007829687137917
A_prism16,5,"0,17,19,20,23",1738140468,-5.84821982151044
A_prism16,5,"12,15,21,25,31",697193645,-6.1841243659123455
A_prism16,5,"1,15,26,30,31",295484980,-6.49720540839399
A_prism16,5,"2,5,20,25,31",95578811,-6.0119646790523396
A_prism16,5,"5,8,22,23,29",1155091261,-5.970177653505
A_prism16,5,"5,16,19,25,31",1490485396,-6.003003155180167
A_prism16,5,"0,2,17,19,27",1895515986,-5.901541863306031
A_prism16,5,"4,6,11,15,20",1076348834,-6.440834525972167
A_prism16,5,"16,26,29,30,31",725900061,-6.2206057251566005
A_prism16,5,"0,1,7,21,26",1329237515,-5.917410019525312
A_prism16,5,"0,4,6,9,25",343078303,-5.845755255085868
A_prism16,5,"5,6,8,11,27",1213882128,-5.925412000478062
A_prism16,5,"4,9,14,18,23",1247860757,-6.2057624833347464
A_prism32,3,"20,23,31",1571727393,-6.618790168296199
A_prism32,3,"9,12,22",443079058,-8.094807315583017
A_prism32,3,"19,21,25",366513026,-6.15963958245979
A_prism32,3,"0,19,28",133899194,-5.8180874756289676
A_prism32,3,"7,20,26",1597526106,-6.198455481832146
A_prism32,3,"7,23,24",762860498,-6.5017325644646755
A_prism32,3,"3,16,26",1362213295,-6.027814418166464
A_prism32,3,"9,10,14",1731509431,-6.132050023269647
A_prism32,3,"7,21,22",721039046,-6.033882330508571
A_prism32,3,"4,13,18",196805928,-5.885708094605614
A_prism32,3,"10,18,26",99933183,-5.999514661544214
A_prism32,3,"13,18,30",286853496,-5.924390269090428
A_prism32,3,"4,21,24",753516987,-5.994411765713486
A_prism32,3,"7,19,20",727477930,-6.894707819610709
A_prism32,3,"2,17,19",1668712026,-6.624305406248207
A_prism32,3,"6,23,24",1273051789,-6.538438971284559
A_prism32,3,"13,18,28",2070044665,-5.95327920940812
A_prism32,3,"18,19,23",1211307619,-6.222320360080408
A_prism32,3,"13,16,21",59926068,-5.967228424329966
A_prism32,3,"0,12,20",1364333757,-5.804325993263285
A_prism32,3,"2,10,28",45789773,-6.234139806141205
A_prism32,3,"2,6,15",637744253,-6.59687582453813
A_prism32,3,"3,9,12",1541531930,-5.843261900263393
A_prism32,3,"0,11,26",456697901,-5.905024750848271
A_prism32,3,"7,16,17",1894008368,-6.001287555034623
A_prism32,3,"14,18,22",1493118029,-6.104314722998899
A_prism32,3,"4,7,30",114838938,-7.468311948896136
A_prism32,3,"6,10,29",837071510,-6.188569518655278
A_prism32,3,"8,16,18",1136829254,-5.979217216722632
A_prism32,3,"1,11,22",1508888823,-6.310247006085146
A_prism32,3,"13,17,27",49445634,-5.926226478740473
A_prism32,3,"8,15,16",57617542,-5.887803390649334
A_prism32,3,"0,20,30",745588341,-5.821305393309009
A_prism32,3,"2,18,27",1387612340,-6.142969973147004
A_prism32,3,"9,14,24",242501413,-6.432940249551773
A_prism32,3,"0,5,24",2098089246,-5.824515100380103
A_prism32,3,"8,23,28",550810625,-5.931558582416211
A_prism32,3,"9,19,24",642450371,-6.3940826572964555
A_prism32,3,"8,17,24",1719689178,-5.905821852774512
A_prism32,3,"10,16,18",1007075726,-6.02677903972802
A_prism32,3,"13,24,29",1804892437,-5.966623738431325
A_prism32,3,"16,25,26",1272839402,-6.1405407663359615
A_prism32,3,"18,22,25",1435115088,-6.148562500595006
A_prism32,3,"5,8,22",869173134,-5.844109158293818
A_prism32,3,"5,6,22",141742433,-5.8591313671065635
A_prism32,3,"20,21,27",1164624442,-6.110818257640395
A_prism32,3,"8,11,26",706651461,-6.0003572979257855
A_prism32,3,"1,3,8",1294069479,-5.872500107568128
A_prism32,3,"1,10,13",392493345,-5.973449608142843
A_prism32,3,"3,9,27",1782225016,-5.966833644076727
A_prism32,3,"15,17,26",444771789,-6.247683811012889
A_prism32,3,"6,14,25",2065671326,-7.660399999171808
A_prism32,3,"20,21,25",1286576188,-6.0653685768788135
A_prism32,3,"4,23,24",1160571393,-6.438123707778297
A_prism32,3,"9,13,24",2029615997,-5.916832911252053
A_prism32,3,"8,11,20",2026963818,-5.9400899233957904
A_prism32,3,"11,23,29",1073781258,-6.284817623632041
A_prism32,3,"8,16,28",569633831,-5.862647986978872
A_prism32,3,"7,15,26",1434910623,-6.19387261825301
A_prism32,3,"2,15,21",1423851632,-6.04663450073265
A_prism32,3,"10,27,29",1002571903,-6.237912291727049
A_prism32,3,"1,3,12",1422149304,-5.85840633058861
A_prism32,3,"1,4,16",1303781425,-5.967054712676497
A_prism32,3,"2,11,13",1387530965,-5.945451684608415
A_prism32,3,"1,12,25",40122721,-7.720748422142759
A_prism32,3,"2,15,20",589751297,-6.675076852308539
A_prism32,3,"5,9,14",937554210,-5.823716470653474
A_prism32,3,"13,27,30",818984192,-6.001556088317433
A_prism32,3,"11,17,29",1195368608,-6.3072021106601985
A_prism32,3,"8,29,31",867378044,-6.042423154176385
A_prism32,3,"4,6,20",1673281167,-7.8383339799991685
A_prism32,3,"11,15,19",972686948,-6.3980451133966385
A_prism32,3,"13,17,22",1307692008,-5.9035084164391405
A_prism32,3,"0,18,28",54034086,-5.819510771729046
A_prism32,3,"4,17,25",1818421934,-8.269936001742906
A_prism32,3,"11,28,31",1555015404,-6.69737840133667
A_prism32,3,"0,8,9",1782706974,-5.885937451384248
A_prism32,3,"12,14,23",1983001992,-6.704588461049391
A_prism32,3,"7,21,24",1939083595,-6.100578745152138
A_prism32,3,"0,2,9",1030151873,-5.85996972850718
A_prism32,3,"3,11,18",1408463769,-5.996927438212392
A_prism32,3,"14,22,28",10685361,-7.388393627648206
A_prism32,3,"3,28,31",1815703436,-6.062858973713795
A_prism32,3,"5,12,23",1066274880,-5.862425041173913
A_prism32,3,"3,7,11",1542980678,-5.961920097144322
A_prism32,3,"8,10,25",942654178,-5.920423139335741
A_prism32,3,"11,19,27",1087489591,-6.527109732234046
A_prism32,3,"10,14,30",228749954,-6.27666321539181
A_prism32,3,"5,15,16",1957456497,-5.863956967420577
A_prism32,3,"8,18,26",1845578884,-5.977159317562068
A_prism32,3,"5,22,25",1906365335,-5.846590718542809
A_prism32,3,"21,26,27",1259368666,-6.114111036672399
A_prism32,3,"5,10,24",1002797001,-5.961299067544256
A_prism32,3,"7,16,26",843639731,-6.064075490952774
A_prism32,3,"16,20,30",785105892,-6.152894465192551
A_prism32,3,"10,16,17",1215621293,-6.025405275486023
A_prism32,3,"6,11,31",815837760,-6.451171529235557
A_prism32,3,"5,9,13",1275942493,-5.8988614836801645
A_prism32,3,"13,28,29",197407047,-5.95441006659443
A_prism32,3,"5,18,31",832198922,-5.909734838064994
A_prism32,3,"3,6,19",446583737,-6.032692961833576
A_prism32,3,"1,27,28",1171150505,-7.368652690354631
A_prism32,3,"0,18,26",1211938837,-5.918071956420524
A_prism32,3,"8,24,27",1503467590,-5.893934718765051
A_prism32,3,"0,9,13",1817100827,-5.875567023406648
A_prism32,3,"1,9,21",170706483,-6.085660879196903
A_prism32,3,"18,22,26",1750780186,-6.2210663742285455
A_prism32,3,"5,26,30",197269604,-5.904814002924576
A_prism32,3,"4,21,30",553304171,-6.081106948917965
A_prism32,3,"15,20,25",41407758,-7.166378866641799
A_prism32,3,"4,13,25",1379778408,-5.870108362571566
A_prism32,3,"8,15,16",1089339413,-5.87188350637623
A_prism32,3,"9,22,26",1387109868,-6.18225438227875
A_prism32,3,"14,17,19",406683945,-7.297196610924434
A_prism32,3,"3,10,28",1652404711,-6.038437103675043
A_prism32,3,"2,11,12",1493086266,-6.205730442147743
A_prism32,3,"26,29,30",2137879523,-6.262775404590879
A_prism32,3,"18,19,23",1329190352,-6.160300751509583
A_prism32,3,"20,25,31",894981654,-6.904852480219963
A_prism32,3,"2,5,7",1778903860,-5.909957597722795
A_prism32,3,"0,24,28",1418543363,-5.843541281204801
A_prism32,3,"5,10,22",1977853620,-5.927539930244888
A_prism32,3,"13,21,31",1318564852,-5.963977520751554
A_prism32,3,"1,10,15",1345528965,-6.131674818316634
A_prism32,3,"26,27,28",1774349780,-6.381053562828937
A_prism32,3,"6,11,26",2052758187,-6.246063454591826
A_prism32,3,"1,10,13",129897245,-5.990188341762136
A_prism32,3,"9,26,27",1328765516,-6.218523705621044
A_prism32,3,"4,6,20",1527136961,-7.639233543200485
A_prism32,3,"9,10,16",855879424,-6.028077908856973
A_prism32,3,"5,16,26",514956469,-5.963751135854054
A_prism32,3,"2,12,25",1521788465,-6.704519396321512
A_prism32,3,"4,9,21",286082257,-6.031773090694963
A_prism32,3,"6,11,21",1667222727,-6.07989159020051
A_prism32,3,"7,17,21",358021501,-5.989643577815927
A_prism32,3,"17,20,30",1688929609,-7.248091788431098
A_prism32,3,"6,10,11",962687548,-6.09039854013448
A_prism32,3,"11,23,30",1321567371,-6.545149489070927
A_prism32,3,"13,22,31",1533732415,-6.047403740789671
A_prism32,3,"7,16,25",2037989578,-6.028350582320965
A_prism32,3,"9,10,11",968123947,-6.095383824537635
A_prism32,3,"0,9,12",1038685307,-5.8668482610848995
A_prism32,3,"7,13,21",551673769,-5.949410410948586
A_prism32,3,"9,14,21",483747271,-6.030472014880533
A_prism32,3,"6,24,30",424923865,-6.548363918349345
A_prism32,3,"3,11,14",2003376599,-5.998809458117638
A_prism32,3,"12,23,26",803666516,-6.276445181640223
A_prism32,3,"13,14,21",1241065535,-5.919388470109487
A_prism32,3,"4,9,16",199042292,-6.0343751200143565
A_prism32,3,"2,5,21",1733430907,-5.869501113393218
A_prism32,3,"6,16,29",412179018,-6.087064049450102
A_prism32,3,"2,13,19",2139988649,-5.988189932359884
A_prism32,3,"4,9,27",1286706102,-7.300470427228039
A_prism32,3,"17,22,29",1955813588,-6.3919206571997345
A_prism32,3,"0,2,28",18559971,-5.801830970483646
A_prism32,3,"4,6,15",794179282,-7.034978914150331
A_prism32,3,"3,5,10",818447111,-5.925397925548886
A_prism32,3,"17,22,29",1154050539,-6.478018880376909
A_prism32,3,"11,24,27",1056485113,-6.389820322338068
A_prism32,3,"6,11,13",1641357709,-5.965552321994868
A_prism32,3,"24,29,31",94577401,-6.350380020391385
A_prism32,3,"14,15,27",862711019,-7.04957812374191
A_prism32,3,"6,16,29",1144451892,-6.062081897890396
A_prism32,3,"17,19,26",329483903,-6.3130988692404815
A_prism32,3,"0,7,28",1280335387,-5.804170417309362
A_prism32,3,"5,6,16",1454437129,-5.855218681070669
A_prism32,3,"6,18,23",1340507241,-6.169921707522743
A_prism32,3,"3,12,31",712980293,-5.979590699377435
A_prism32,3,"0,4,17",910354393,-5.854306479505178
A_prism32,3,"11,23,24",372398687,-6.370114414550569
A_prism32,3,"3,14,16",1647455438,-6.014782406781756
A_prism32,3,"11,23,29",1109269504,-6.379363771025461
A_prism32,3,"12,22,30",972221236,-7.095172604340173
A_prism32,3,"11,18,30",1370831546,-6.167393444409361
A_prism32,3,"7,10,13",513357218,-5.996451096560034
A_prism32,3,"4,23,26",1650297707,-6.21735667425556
A_prism32,3,"3,7,12",2118457106,-5.88985175883848
A_prism32,3,"2,27,31",1480427951,-6.540404107816978
A_prism32,3,"0,4,10",553110851,-5.853140263616175
A_prism32,3,"1,7,16",631513087,-5.974442322718111
A_prism32,3,"1,8,29",569162820,-5.914180970398807
A_prism32,3,"1,6,13",226567450,-5.92390076923273
A_prism32,3,"4,9,26",150331927,-6.2494693641045
A_prism32,3,"0,1,29",696169892,-5.903040089845731
A_prism32,3,"12,25,26",1951902261,-6.311660468161024
A_prism32,3,"14,15,23",1615302946,-6.8010846119164965
A_prism32,3,"7,29,31",1249237176,-6.346312036833025
A_prism32,3,"1,13,28",1035251253,-5.963619668937976
A_prism32,3,"10,13,19",24577011,-6.006089403360589
A_prism32,3,"9,11,13",647437156,-5.9489422564589045
A_prism32,3,"7,21,30",1426469673,-6.120917550679579
A_prism32,3,"17,25,31",1551426909,-6.672220528626686
A_prism32,3,"0,11,15",1022861591,-5.870171012407536
A_prism32,3,"7,17,28",1948822662,-7.6577656073149
A_prism32,3,"0,2,31",793850243,-5.879195095295525
A_prism32,3,"6,13,16",1183463146,-5.932032058217264
A_prism32,3,"1,2,8",1133790718,-5.911397686137378
A_prism32,3,"10,20,24",701717365,-6.247908981736998
A_prism32,3,"13,20,25",442953031,-5.931043488171617
A_prism32,3,"6,15,17",273880252,-7.1219179685317275
A_prism32,3,"4,8,23",1454937607,-5.924175708234863
A_prism32,3,"6,11,17",1683756606,-6.342669775610309
A_prism32,3,"8,27,29",1713345892,-5.9226349505276135
A_prism32,3,"1,20,23",170075833,-6.661208478594528
A_prism32,3,"8,21,25",1518063317,-5.937637718716676
A_prism32,3,"19,20,26",1948427307,-6.282988766281489
A_prism32,3,"8,10,20",231786881,-5.877927322923017
A_prism32,3,"7,18,19",1291952635,-6.1650622782404705
A_prism32,3,"5,9,28",2012979494,-5.8390172258536115
A_prism32,3,"12,15,21",674668679,-6.110475569655055
A_prism32,3,"3,18,28",957970858,-6.044840561644335
A_prism32,3,"14,15,27",1283024799,-6.963317398056212
A_prism32,3,"6,10,13",1107922199,-5.975695641738946
A_prism32,3,"4,15,20",491174041,-7.048981779802799
A_prism32,3,"1,11,31",1691847250,-6.4983349623191495
A_prism32,3,"16,23,25",295419209,-6.080115245522132
A_prism32,3,"10,16,24",1535403072,-6.099246851288518
A_prism32,3,"10,17,27",743686887,-6.223517082179348
A_prism32,3,"2,7,28",1970831520,-6.641612592858276
A_prism32,3,"0,4,16",1706696356,-5.86092852694828
A_prism32,3,"12,26,29",907669468,-6.315207477898844
A_prism32,3,"16,18,31",355739802,-6.1134086852434875
A_prism32,3,"15,23,28",237431009,-6.6547124035255205
A_prism32,3,"1,4,13",1821247277,-5.897297501609189
A_prism32,3,"12,21,25",1761238906,-6.055903208916673
A_prism32,3,"8,16,17",1291404728,-5.858299663280212
A_prism32,3,"9,20,21",451246611,-6.0253668578719
A_prism32,3,"2,24,28",987151102,-6.3444541882984415
A_prism32,3,"10,25,29",1555894089,-6.155332808189219
A_prism32,3,"6,13,17",2023580004,-5.932630074753574
A_prism32,3,"5,14,21",188916939,-5.853705378113774
A_prism32,3,"10,26,31",678672804,-6.280443286072195
A_prism32,3,"20,25,30",1664995615,-6.898830023370981
A_prism32,3,"13,17,19",1402843688,-5.95523822716596
A_prism32,3,"1,5,31",208321061,-5.910531241187938
A_prism32,3,"4,12,16",1817444110,-6.033874897092553
A_prism32,3,"2,4,27",776865325,-6.536028748614789
A_prism32,3,"3,5,23",1805847095,-5.929116626769894
A_prism32,3,"1,13,20",402854800,-5.9348732420043975
A_prism32,3,"3,7,29",1830813326,-6.091571749666068
A_prism32,3,"3,13,19",2056227987,-5.927960662323546
A_prism32,3,"2,4,10",1873715307,-6.035168676508038
A_prism32,3,"9,11,20",1509736817,-6.379462001241029
A_prism32,3,"3,11,26",1193470284,-6.029081321485536
A_prism32,3,"18,22,31",1969463843,-6.149675409754953
A_prism32,3,"20,24,28",1796645848,-6.726162135564423
A_prism32,3,"10,15,18",131625829,-6.150760743216071
A_prism32,3,"2,11,16",476715679,-6.050259059907078
A_prism32,3,"9,18,31",348108443,-6.201348737063279
A_prism32,3,"1,9,23",1345999360,-6.676561376000011
A_prism32,3,"14,25,28",119051199,-7.4331010163022775
A_prism32,3,"3,4,18",1377288365,-5.943681397391774
A_prism32,3,"15,26,29",109982948,-6.191018980971078
A_prism32,3,"9,25,28",107925555,-7.6134883917115745
A_prism32,3,"1,15,23",1969901934,-6.807484442180324
A_prism32,3,"1,2,18",1795935665,-6.041386928017575
A_prism32,3,"8,13,25",1636503216,-5.8483847999759195
A_prism32,3,"5,8,23",59243891,-5.866931475496283
A_prism32,3,"9,15,24",1259406724,-6.564380789480546
A_prism32,3,"2,7,14",450002557,-6.458978708841091
A_prism32,3,"6,17,22",574615180,-8.038233241979155
A_prism32,3,"20,23,28",2076064470,-6.86170722973403
A_prism32,3,"0,10,30",1335510179,-5.815061395783821
A_prism32,3,"13,15,19",457858645,-5.957089897277005
A_prism32,3,"1,17,25",454603162,-7.956311363111496
A_prism32,3,"1,11,13",614263427,-5.966951874290054
A_prism32,3,"0,6,12",511327057,-5.809152898530814
A_prism32,3,"14,15,16",1929503682,-6.092793149104275
A_prism32,3,"0,7,29",939546103,-5.903613844181344
A_prism32,3,"7,9,18",647294548,-6.039935425396755
A_prism32,3,"22,24,28",2136851682,-6.569366038321079
A_prism32,3,"11,21,28",1356791324,-6.197689217050707
A_prism32,3,"0,1,19",2017132734,-5.820752113724224
A_prism32,3,"5,15,19",947999204,-5.913822551626948
A_prism32,3,"8,19,28",1532718757,-5.916830320490055
A_prism32,3,"20,26,28",1820906246,-6.310093147962402
A_prism32,3,"5,22,25",2093909913,-5.848228251539594
A_prism32,3,"5,11,31",2009916418,-5.967054052839079
A_prism32,3,"12,14,19",774037707,-6.765269234098291
A_prism32,3,"1,3,20",949860626,-5.939702307600682
A_prism32,3,"3,10,27",1703426812,-6.028104764870363
A_prism32,3,"4,16,27",694352674,-6.106815109059878
A_prism32,3,"9,16,21",1171806230,-6.00866181620363
A_prism32,3,"11,28,30",118566604,-6.745465673386463
A_prism32,3,"13,18,29",1191459350,-6.010542053061447
A_prism32,3,"1,2,10",352943768,-6.123236162435483
A_prism32,3,"0,22,31",1787463084,-5.814085644546722
A_prism32,3,"3,15,30",1647109539,-6.068685135243464
A_prism32,3,"9,16,30",1558678250,-6.068160915048412
A_prism32,3,"3,6,20",1328457596,-5.922733976940786
A_prism32,3,"4,10,16",1894152495,-6.0123033997759645
A_prism32,3,"10,13,24",1981611861,-6.025580799541627
A_prism32,3,"1,15,22",1373949805,-6.985506118460129
A_prism32,3,"0,10,25",1974162264,-5.86010081694802
A_prism32,3,"3,7,15",1667019402,-6.000511732318846
A_prism32,3,"0,5,18",546502807,-5.901502178325282
A_prism32,3,"0,17,18",1354765254,-5.798495545518598
A_prism32,3,"10,19,26",107962630,-6.212468089101751
A_prism32,3,"3,15,23",269972865,-6.090605170644997
A_prism32,3,"2,7,21",347692452,-6.074600734070797
A_prism32,3,"0,8,22",1385134480,-5.807357246809166
A_prism32,3,"8,14,31",265017445,-5.903330298622645
A_prism32,3,"6,22,23",1272444820,-6.803719398275992
A_prism32,3,"10,27,31",1668973534,-6.335728442964058
A_prism32,3,"13,19,29",2093534844,-5.988157885577472
A_prism32,3,"3,15,27",1995481646,-6.030741156390912
A_prism32,3,"1,13,20",2096771839,-5.934598956546501
A_prism32,3,"3,22,24",1522383462,-6.074869679066028
A_prism32,3,"6,10,22",328566507,-6.113588230856121
A_prism32,3,"1,20,22",1755095645,-7.002745327841482
A_prism32,3,"11,13,25",1526010315,-5.977488880110918
A_prism32,3,"6,8,27",90600430,-5.898801765292177
A_prism32,3,"5,12,18",1510150478,-5.917575051341397
A_prism32,3,"1,6,13",1737078371,-5.933150689235559
A_prism32,3,"2,12,16",978950519,-6.060715328290711
A_prism32,3,"7,25,31",2016922551,-6.669094794688593
A_prism32,3,"13,20,27",1252112611,-5.974192922095611
A_prism32,3,"10,19,28",1883938134,-6.328195018158233
A_prism32,3,"1,16,30",1385793303,-6.075466203157464
A_prism32,3,"3,11,16",1128162463,-5.988560992779304
A_prism32,3,"12,18,31",645975048,-6.236430886209015
A_prism32,3,"12,18,30",1050381167,-6.111478127405772
A_prism32,3,"18,21,29",852186289,-6.142900343928978
A_prism32,3,"24,27,30",857953777,-6.672370533675507
A_prism32,3,"13,22,24",1317157996,-5.934112734804936
A_prism32,3,"10,23,25",749411225,-6.377458253074213
A_prism32,3,"5,22,25",1075749630,-5.855822699410178
A_prism32,3,"10,21,23",229569661,-6.172667247166965
A_prism32,3,"12,20,23",361053938,-6.685161968375422
A_prism32,3,"11,17,18",640569307,-6.095402690183609
A_prism32,3,"25,26,31",1688084618,-6.320605001533704
A_prism32,3,"5,18,20",1648693058,-5.865758229000912
A_prism32,3,"18,19,23",540170755,-6.121357153974973
A_prism32,3,"5,20,30",979706846,-5.878742018065172
A_prism32,3,"4,5,15",323149845,-5.876086778017056
A_prism32,3,"1,17,21",48446685,-5.991722089951779
A_prism32,3,"1,17,30",46574930,-7.333344128405475
A_prism32,3,"2,12,24",1139407525,-6.284084071202759
A_prism32,3,"5,17,25",73625019,-5.820780484270098
A_prism32,3,"3,9,13",1161578356,-5.887240146011223
A_prism32,3,"13,17,27",255618083,-5.897797318330346
A_prism32,3,"7,11,22",1650605268,-6.340914246464055
A_prism32,3,"15,18,23",1881347433,-6.209523348952169
A_prism32,3,"5,9,28",665787255,-5.860995934999301
A_prism32,3,"1,6,20",897676082,-7.321183410611626
A_prism32,3,"8,11,30",1539653812,-5.947362988043337
A_prism32,3,"21,22,29",1281068685,-6.160476517952764
A_prism32,3,"12,27,28",856137186,-7.733074492548765
A_prism32,3,"16,21,22",1863172614,-6.100268243946808
A_prism32,3,"7,26,31",880723995,-6.3002902510923375
A_prism32,3,"5,9,23",1213701024,-5.930024693992027
A_prism32,3,"3,15,16",1513021819,-5.993588176766116
A_prism32,3,"13,26,27",1748327591,-5.984046164247468
A_prism32,3,"0,18,19",637382533,-5.8140141935787115
A_prism32,3,"5,23,26",347413144,-5.914539732203145
A_prism32,3,"3,30,31",1795994230,-6.038660327165143
A_prism32,3,"10,24,30",620056477,-6.241367005040401
A_prism32,3,"4,8,9",1422068836,-5.887577008023437
A_prism32,3,"0,13,17",1459316580,-5.800954566524665
A_prism32,3,"3,9,11",262291156,-5.94998446191716
A_prism32,3,"11,15,20",816125123,-6.467192247526673
A_prism32,3,"3,15,16",792953347,-5.968752342091264
A_prism32,3,"16,20,21",322161445,-6.1094891362855535
A_prism32,3,"5,11,15",2135857870,-5.931977633113106
A_prism32,3,"2,24,25",591218876,-6.456335033525617
A_prism32,3,"9,16,29",2119718767,-6.101129965867223
A_prism32,3,"14,25,30",565964968,-7.040963156012552
A_prism32,3,"19,22,26",1815688086,-6.310702601821233
A_prism32,3,"17,25,28",2055843049,-8.103978348047692
A_prism32,3,"17,22,29",980821613,-6.344716832168606
A_prism32,3,"16,24,27",418684820,-6.0991742639948
A_prism32,3,"3,8,30",773524754,-5.856600041796892
A_prism32,3,"0,11,28",2092836722,-5.878478297275777
A_prism32,3,"1,6,28",1254078001,-7.169153575180698
A_prism32,3,"12,16,26",2026618917,-6.081738865755524
A_prism32,3,"5,10,16",1644650939,-5.8827815718758965
A_prism32,3,"7,16,19",1947066081,-6.0541650952516575
A_prism32,3,"4,16,19",285985429,-6.085600577635015
A_prism32,3,"9,26,29",1805383301,-6.246467026096504
A_prism32,3,"12,13,30",318908116,-5.927594298030805
A_prism32,3,"11,23,24",1313907548,-6.384143879176804
A_prism32,3,"13,15,22",827356197,-6.00911918662493
A_prism32,3,"4,18,29",971311763,-6.129939679118275
A_prism32,3,"2,6,22",155683999,-6.566033831728913
A_prism32,3,"9,25,29",742908298,-6.488526320612167
A_prism32,3,"2,8,13",2110494638,-5.861703037526907
A_prism32,3,"6,16,22",397339449,-6.024612476212741
A_prism32,3,"3,12,15",29725731,-5.989007421757424
A_prism32,3,"1,15,22",690810245,-7.065489353418392
A_prism32,3,"12,20,31",1297459007,-6.659306062247784
A_prism32,3,"0,12,24",147384537,-5.807782544352026
A_prism32,3,"18,19,21",1818519563,-6.1126670395515506
A_prism32,3,"1,25,31",1196490924,-6.732440057851898
A_prism32,3,"7,17,28",1930172484,-7.886246351777953
A_prism32,3,"10,11,24",1111769109,-6.1864086591326855
A_prism32,3,"12,16,17",1365327454,-5.999782773691432
A_prism32,3,"15,25,30",1551366597,-7.365571790729573
A_prism32,3,"4,9,31",377929260,-6.471569685876969
A_prism32,3,"0,20,26",559442710,-5.828891176664961
A_prism32,3,"5,15,24",1766939440,-5.890678998025706
A_prism32,3,"2,16,19",1431939534,-6.08795075988532
A_prism32,3,"1,5,26",652498000,-5.900592292686378
A_prism32,3,"3,8,21",70271106,-5.962837500648494
A_prism32,3,"6,19,27",1382174087,-6.881855996022617
A_prism32,3,"1,7,15",568882518,-6.672762130661404
A_prism32,3,"12,21,30",1417435322,-6.079571032786404
A_prism32,3,"11,14,19",951400382,-6.443516208966338
A_prism32,3,"2,22,23",1103511611,-6.612301746122899
A_prism32,3,"6,14,16",1868192526,-6.090557092609982
A_prism32,3,"13,15,30",2039696707,-5.962166322520503
A_prism32,3,"16,17,19",1944687254,-6.093626455151942
A_prism32,3,"5,20,22",1617130909,-5.852435443882333
A_prism32,3,"1,14,19",1628540666,-6.817446593135068
A_prism32,3,"9,26,29",661970415,-6.309526044093078
A_prism32,3,"5,20,30",786409073,-5.883490136367855
A_prism32,3,"0,9,13",751645523,-5.897287523134093
A_prism32,3,"1,8,14",2007375881,-5.89965867373104
A_prism32,3,"8,12,26",1869076071,-5.859482069094203
A_prism32,3,"5,10,27",1666574623,-5.8519209548984605
A_prism32,3,"9,17,19",443113620,-7.061591140134526
A_prism32,3,"18,21,27",256887092,-6.087817354738244
A_prism32,3,"3,12,16",1751561729,-5.97500560172625
A_prism32,3,"2,16,29",1474370483,-6.11711290088837
A_prism32,3,"0,10,28",1260641004,-5.8134595051346345
A_prism32,3,"22,28,29",2051434216,-6.58181275505973
A_prism32,3,"6,9,28",1530284256,-7.7226498119455895
A_prism32,3,"4,7,18",1359923467,-6.0979796459027895
A_prism32,3,"9,20,29",1457795753,-6.330617135086358
A_prism32,3,"17,29,31",516680243,-6.43289664007754
A_prism32,3,"6,9,29",1904752395,-6.414913149385058
A_prism32,3,"3,11,27",1417898102,-6.021558564955099
A_prism32,3,"2,6,30",331740408,-6.845450096240608
A_prism32,3,"8,10,11",437466995,-5.867805276189226
A_prism32,3,"1,12,22",540728782,-7.884706350820715
A_prism32,3,"14,19,23",1709278042,-6.78042096675528
A_prism32,3,"0,14,29",1699546218,-5.895363470737868
A_prism32,3,"0,1,25",656117120,-5.797525554426288
A_prism32,3,"1,25,26",1510341548,-6.227225109782588
A_prism32,3,"2,15,20",622382389,-6.590603000160023
A_prism32,3,"4,8,19",2061063000,-5.895712545472612
A_prism32,3,"5,7,8",1393762280,-5.858334234511056
A_prism32,3,"17,24,27",1752821384,-6.5206192550240685
A_prism32,3,"0,6,22",70847208,-5.8149717851613305
A_prism32,3,"4,14,16",917889948,-5.973761999544927
A_prism32,3,"3,6,11",44115454,-5.909475592106086
A_prism32,3,"0,19,25",716666803,-5.872412738177265
A_prism32,3,"12,19,26",2016216939,-6.347831943972511
A_prism32,3,"5,12,16",574611002,-5.9095703494761445
A_prism32,3,"5,6,19",947672029,-5.949755229134761
A_prism32,3,"2,7,30",1687736378,-6.729014870440114
A_prism32,3,"8,16,23",1509702006,-5.872076001396215
A_prism32,3,"2,22,28",1241355641,-6.822709732067609
A_prism32,3,"6,20,25",223224642,-7.874246148616728
A_prism32,3,"11,17,29",1186164725,-6.230757383367636
A_prism32,3,"10,20,23",1120754906,-6.197327458193132
A_prism32,3,"3,16,22",1948690544,-5.997677860712017
A_prism32,3,"9,15,18",1137328297,-6.186762907208809
A_prism32,3,"6,7,8",26223271,-5.891272132183647
A_prism32,3,"6,27,31",302131576,-6.5921309740064595
A_prism32,3,"6,16,31",682592384,-6.134839191233874
A_prism32,3,"7,8,14",528554395,-5.880479176745912
A_prism32,3,"14,19,24",275688587,-6.401491938707897
A_prism32,3,"6,26,27",332676493,-6.275745606963547
A_prism32,3,"6,12,28",157379121,-7.438308941110461
A_prism32,3,"9,28,30",865604404,-7.716792541933656
A_prism32,3,"3,5,6",1964011952,-5.927567775253051
A_prism32,3,"3,15,29",2065270569,-6.072139412103712
A_prism32,3,"5,20,23",1837656452,-5.918717385012946
A_prism32,3,"1,22,30",640473705,-7.298357234297348
A_prism32,3,"17,23,28",920806600,-6.605566532391577
A_prism32,3,"9,24,28",1188702223,-6.3803654258644595
A_prism32,3,"22,25,26",1743615856,-6.388238048905677
A_prism32,3,"14,22,29",2120147658,-6.395188305829032
A_prism32,3,"11,12,15",1164413281,-6.418589356469855
A_prism32,3,"0,4,21",342698783,-5.80207019755746
A_prism32,3,"9,20,28",1155769442,-7.8059174722265645
A_prism32,3,"1,2,30",1371586532,-6.627484330861002
A_prism32,3,"3,13,30",1216819714,-5.952438672729311
A_prism32,3,"6,18,26",1019435567,-6.073778997840609
A_prism32,3,"6,8,18",340456926,-5.87640184053205
A_prism32,3,"10,16,26",1517946066,-6.148633798545803
A_prism32,3,"2,6,10",1458375737,-6.129045120575975
A_prism32,3,"7,14,18",566129575,-6.084793451098676
A_prism32,3,"9,13,28",1552153274,-5.919918949930648
A_prism32,3,"5,16,24",1933945844,-5.921593174823688
A_prism32,3,"19,22,28",1585216351,-6.942691059065885
A_prism32,3,"3,7,29",1654200146,-6.044568372841682
A_prism32,3,"11,15,25",343041945,-6.437564686427043
A_prism32,3,"2,17,19",304919025,-6.582334446406685
A_prism32,3,"5,10,13",1421388667,-5.848073981145272
A_prism32,3,"5,25,27",940097637,-5.8736630361396145
A_prism32,3,"4,8,26",1210006457,-5.957286068616655
A_prism32,3,"0,19,30",104347992,-5.828027304735919
A_prism32,3,"0,11,14",573139079,-5.873544753508471
A_prism32,3,"4,12,31",289981840,-6.540851061311512
A_prism32,3,"3,5,21",1352592491,-5.93699272266555
A_prism32,3,"4,9,11",326528723,-6.223313224494603
A_prism32,3,"8,26,31",662975328,-6.012963074607938
A_prism32,3,"10,21,29",517106803,-6.108611648762638
A_prism32,3,"9,12,15",967351192,-7.168090758003613
A_prism32,3,"7,17,26",1966949457,-6.2253159904382604
A_prism32,3,"0,5,24",1166191446,-5.822678042980732
A_prism32,3,"8,21,24",1215637757,-5.944602922379647
A_prism32,3,"8,15,28",1962347340,-5.883663226404488
A_prism32,3,"7,9,12",1930908045,-7.96985435898615
A_prism32,3,"16,19,20",689727617,-6.092674808714699
A_prism32,3,"1,2,16",1878773397,-6.064214101213237
A_prism32,3,"4,30,31",1651615030,-6.585268507990891
A_prism32,3,"7,16,26",1897862494,-6.035584521306654
A_prism32,3,"14,15,27",974778977,-6.969395487486128
A_prism32,3,"11,26,31",769795771,-6.176774138927278
A_prism32,3,"8,16,29",1431119258,-5.990465335763361
A_prism32,3,"5,16,17",449184550,-5.912910409423504
A_prism32,3,"2,4,17",930456974,-6.382613919760765
A_prism32,3,"0,24,31",1648800767,-5.870478765011141
A_prism32,3,"9,17,28",928951614,-7.654837147962203
A_prism32,3,"16,27,28",557819665,-6.102886887391972
A_prism32,3,"2,7,14",244375357,-6.509858833273853
A_prism32,3,"3,5,30",1362923575,-5.928057036959804
A_prism32,3,"2,6,26",848169059,-6.243680356651467
A_prism32,3,"4,9,23",2016156367,-6.445694374418927
A_prism32,3,"23,24,26",1198388463,-6.182668259152248
A_prism32,3,"9,13,23",224577401,-5.904493348681613
A_prism32,3,"0,23,28",1699610723,-5.8325862141440625
A_prism32,3,"0,9,27",956210675,-5.784423612195345
A_prism32,3,"9,15,24",18464832,-6.419983556703717
A_prism32,3,"6,15,29",1747955217,-6.402734054080233
A_prism32,3,"11,16,29",187603761,-6.080258573387485
A_prism32,3,"1,3,15",1747266411,-5.991503979150164
A_prism32,3,"5,14,18",203929595,-5.876993070319173
A_prism32,3,"8,18,28",1382245132,-5.888925368575947
A_prism32,3,"13,17,25",1676151094,-5.901308576240169
A_prism32,3,"15,17,30",759854949,-7.389533816639034
A_prism32,3,"18,23,30",2146640981,-6.24482869870615
A_prism32,3,"10,18,26",584852803,-6.060898634466453
A_prism32,3,"4,5,17",1201237301,-5.8549974409288605
A_prism32,3,"12,23,26",1602806439,-6.368920865127877
A_prism32,3,"9,10,23",722330155,-6.191514035513866
A_prism32,3,"0,2,17",1455528833,-5.859290510986451
A_prism32,3,"16,18,23",926706113,-6.024439559753586
A_prism32,3,"17,18,30",2032186146,-6.115970532576975
A_prism32,3,"4,12,28",2086613016,-7.095504730412133
A_prism32,3,"10,12,30",448438142,-6.237868028465169
A_prism32,3,"8,13,25",1457960196,-5.912135934414288
A_prism32,3,"15,17,30",1449130072,-7.41236269541156
A_prism32,3,"2,5,10",1064465863,-5.915166825529743
A_prism32,3,"5,29,30",1828466405,-5.920905552811279
A_prism32,3,"14,19,21",1094820052,-6.033946635506582
A_prism32,3,"12,13,14",1397982165,-5.886405545973324
A_prism32,3,"5,15,31",583904382,-5.915153848730256
A_prism32,3,"8,14,21",421923372,-5.895025103325892
A_prism32,3,"1,6,26",1090125677,-6.165717964370022
A_prism32,3,"12,16,28",345299130,-6.080585850204324
A_prism32,3,"18,19,30",1932521677,-6.154494910026801
A_prism32,3,"7,8,25",839772486,-5.857063574661267
A_prism32,3,"6,15,28",1995425712,-7.048937255313327
A_prism32,3,"2,20,31",648164652,-6.493205729034765
A_prism32,3,"4,14,29",652679923,-6.29859189837789
A_prism32,3,"1,9,25",149548144,-7.61291416247299
A_prism32,3,"8,13,17",1242471216,-5.912108916299432
A_prism32,3,"9,10,23",1687877270,-6.204715089494228
A_prism32,3,"23,24,27",1254860346,-6.64714086736301
A_prism32,3,"6,16,27",1413418613,-6.108510448274753
A_prism32,3,"11,29,31",1080884711,-6.344158163689684
A_prism32,3,"9,14,26",543136394,-6.324936081444876
A_prism32,3,"15,24,27",1283563853,-6.654683601652219
A_prism32,3,"11,12,13",1796709506,-5.9608889524318185
A_prism32,3,"6,16,21",624299492,-6.06083287238452
A_prism32,3,"15,22,29",1074552031,-6.450551768497459
A_prism32,3,"14,28,31",1521416547,-6.669926358182209
A_prism32,3,"4,7,27",1906441693,-7.354943354698937
A_prism32,3,"4,5,20",167690816,-5.807734076719456
A_prism32,3,"16,17,28",546850790,-6.084828739186743
A_prism32,3,"21,23,28",578090737,-6.129692876315067
A_prism32,3,"3,12,27",1280165570,-5.951727647665216
A_prism32,3,"16,23,24",1779874198,-6.1026164537304615
A_prism32,3,"3,7,27",274675425,-6.002454523748545
A_prism32,3,"20,24,30",1474911770,-6.543734269303776
A_prism32,3,"4,17,26",1211430667,-6.179996376877946
A_prism32,3,"23,25,30",1034942045,-6.897999612030573
A_prism32,3,"7,8,26",954557078,-5.890534476196443
A_prism32,3,"5,18,20",1020571716,-5.862264299231139
A_prism32,3,"16,23,25",1178583260,-6.130135350112773
A_prism32,3,"18,24,25",667223090,-6.08374260061342
A_prism32,3,"2,5,25",1508629604,-5.893573600248562
A_prism32,3,"21,24,26",1406253756,-6.087407191595637
A_prism32,3,"20,22,31",1436876903,-6.547109260996383
A_prism32,3,"2,16,24",1161179623,-6.114986149286938
A_prism32,3,"3,18,24",1604065542,-6.0602321244490165
A_prism32,3,"5,6,11",416150701,-5.915072319363345
A_prism32,3,"5,23,24",676101899,-5.932178494910249
A_prism32,3,"0,7,13",2032276871,-5.828887145763694
A_prism32,3,"3,15,28",1700017401,-6.0659974038317825
A_prism32,3,"3,5,22",1662559830,-5.884108791171581
A_prism32,3,"9,11,19",2119443476,-6.435642623233606
A_prism32,3,"19,22,29",1620632072,-6.456737954662973
A_prism32,3,"2,11,19",1086354716,-6.351706852934136
A_prism32,3,"4,6,27",1511521806,-7.410717143000898
A_prism32,3,"6,20,30",441392426,-7.6512526609667635
A_prism32,3,"7,25,31",878915617,-6.529630817538329
A_prism32,3,"13,18,26",1893792186,-6.045208655404686
A_prism32,3,"13,14,15",123630242,-5.939928557379925
A_prism32,3,"15,27,31",2126745456,-6.71977228226791
A_prism32,3,"3,13,22",654988353,-5.956036038019276
A_prism32,3,"13,25,26",1246282382,-5.9829621918061795
A_prism32,3,"5,15,22",1278314647,-5.9185369277669855
A_prism32,3,"0,17,23",1636336959,-5.80577900949889
A_prism32,3,"1,20,26",2052605766,-6.220186590786779
A_prism32,3,"1,16,26",1641866336,-6.069255045796776
A_prism32,3,"12,23,30",1528559159,-6.861467958469267
A_prism32,3,"5,18,25",1126866551,-5.872122042998452
A_prism32,3,"5,12,31",667308982,-5.9423760139469115
A_prism32,3,"4,22,27",2063788655,-7.613868355782751
A_prism32,3,"1,21,25",684923941,-6.069667239922454
A_prism32,3,"4,8,23",2019089243,-5.92045735456862
A_prism32,3,"23,29,31",496845635,-6.5198130645874395
A_prism32,3,"1,11,15",373290464,-6.338800786562552
A_prism32,3,"3,9,14",118622033,-5.8750968122039735
A_prism32,3,"0,5,12",1904544582,-5.8062796503267675
A_prism32,3,"20,22,25",1110304086,-7.141999709182229
A_prism32,3,"8,21,26",1356806872,-5.923198012631629
A_prism32,3,"1,21,29",1960151614,-6.041117430032541
A_prism32,3,"11,21,27",1788936336,-6.171244681574035
A_prism32,3,"24,27,30",1311726270,-6.617381684008021
A_prism32,3,"11,29,31",1502380,-6.384410835493006
A_prism32,3,"12,24,28",1546191978,-6.403412418963342
A_prism32,3,"15,28,31",451562333,-6.620700975372777
A_prism32,3,"10,26,27",941097794,-6.148491860704078
A_prism32,3,"16,20,23",1852068257,-6.11731449060772
A_prism32,3,"15,18,26",756402805,-6.140072132549459
A_prism32,3,"1,7,25",1317973585,-7.651429010515292
A_prism32,3,"1,6,13",1415651437,-5.911226405336858
A_prism32,3,"2,9,16",284062880,-5.996476225464795
A_prism32,3,"2,14,30",816579633,-6.840184303150374
A_prism32,3,"0,8,26",808020331,-5.902107329394753
A_prism32,3,"6,11,13",1842384778,-5.964017531352735
A_prism32,3,"0,8,21",1455135032,-5.911550697850007
A_prism32,3,"6,18,28",1424915814,-6.166322463300467
A_prism32,3,"8,21,31",1651444991,-5.919546812911632
A_prism32,3,"12,26,31",1687236373,-6.356684348829926
A_prism32,3,"7,21,24",1669467282,-6.044256866047428
A_prism32,3,"16,20,27",712070178,-6.115324173410199
A_prism32,3,"1,7,26",416821295,-6.2583273012132254
A_prism32,3,"11,27,28",1405426188,-6.657180907565874
A_prism32,3,"5,18,21",1955395610,-5.896969745552688
A_prism32,3,"14,16,18",149284196,-6.004934689543285
A_prism32,3,"1,6,8",131026196,-5.863578509187544
A_prism32,3,"9,22,26",459959752,-6.2666331070748305
A_prism32,3,"10,16,30",561562228,-6.150689811688949
A_prism32,3,"12,17,23",349812452,-6.600379287238231
A_prism32,3,"1,14,23",1135361724,-6.528982895637918
A_prism32,3,"16,21,22",1473598280,-6.101443238433992
A_prism32,3,"12,18,31",1553398066,-6.189499310066042
A_prism32,3,"1,2,19",437530168,-6.586952301160049
A_prism32,3,"8,15,30",545155858,-5.892816295649968
A_prism32,3,"7,28,29",1105364445,-6.3106112752918495
A_prism32,3,"7,25,29",246771960,-6.4316768082624955
A_prism32,3,"3,11,12",1331800729,-5.965535305359654
A_prism32,3,"5,6,8",1038298319,-5.845989619346587
A_prism32,3,"12,18,27",1262381904,-6.154119029529743
A_prism32,3,"18,27,30",697660847,-6.2196330623584135
A_prism32,3,"21,25,31",1526272293,-6.197445425405619
A_prism32,3,"3,12,24",1818989772,-6.017168964809497
A_prism32,3,"1,24,28",200753069,-6.496288881161355
A_prism32,3,"1,5,14",738150816,-5.856731396182378
A_prism32,3,"4,23,30",1059738754,-6.706800749149475
A_prism32,3,"13,19,20",1143916386,-5.990827108962523
A_prism32,3,"14,15,23",612813240,-6.868883447354064
A_prism32,3,"18,19,27",1308572339,-6.219725428488063
A_prism32,3,"5,13,24",2001091648,-5.955565035281495
A_prism32,3,"15,27,28",538504560,-7.1010108754090355
A_prism32,3,"9,26,28",1811460715,-6.197227509216405
A_prism32,3,"0,25,28",461962380,-5.807050913486624
A_prism32,3,"7,16,17",1590265125,-6.044158830005519
A_prism32,3,"1,12,27",1016307724,-6.928920158959418
A_prism32,3,"6,16,20",523538740,-6.078025811621057
A_prism32,3,"4,10,18",815121967,-6.046114051616852
A_prism32,3,"4,10,21",586629260,-6.031870351328099
A_prism32,3,"8,19,20",1901697908,-5.901178765058309
A_prism32,3,"0,10,18",293658225,-5.832209986808277
A_prism32,3,"0,17,29",1107707310,-5.886563808483929
A_prism32,3,"8,9,16",954560951,-5.857515145143314
A_prism32,3,"15,20,26",1035017257,-6.389757717343681
A_prism32,3,"3,29,30",1887809785,-6.140772386183706
A_prism32,3,"4,13,22",1128967755,-5.884087669275024
A_prism32,3,"2,22,31",1612718661,-6.635424625510243
A_prism32,3,"5,15,20",1380738441,-5.858842325524727
A_prism32,3,"23,25,26",2126208810,-6.271107703821734
A_prism32,3,"10,16,25",1043463283,-6.079280950309722
A_prism32,3,"17,25,31",1657690034,-6.791484285557491
A_prism32,3,"16,18,28",1986192105,-6.071234287550268
A_prism32,3,"8,14,29",1610657563,-5.895654863158185
A_prism32,3,"3,17,23",605320794,-6.062825247362551
A_prism32,3,"5,14,25",1633489451,-5.847329726150042
A_prism32,3,"2,18,30",2143246384,-6.1269521890127185
A_prism32,3,"6,14,22",2037030605,-7.657002621641925
A_prism32,3,"10,21,28",1837550886,-6.115807432230596
A_prism32,3,"11,13,22",975422797,-5.941421619819356
A_prism32,3,"3,4,24",1181589250,-6.012962617791555
A_prism32,3,"9,22,23",261127879,-6.675062627805665
A_prism32,3,"7,15,23",1169492704,-6.836087232325755
A_prism32,3,"13,14,28",1584980634,-5.950310325660883
A_prism32,3,"2,13,16",480926067,-5.96959117278867
A_prism32,3,"19,26,28",120015626,-6.425543460198456
A_prism32,3,"11,15,27",407281303,-6.417703086139284
A_prism32,3,"3,7,16",1014340234,-5.98769744521017
A_prism32,3,"10,20,22",200347091,-6.221304273809597
A_prism32,3,"15,27,28",874529136,-6.880667589928754
A_prism32,3,"15,20,25",1633760931,-7.2374061890332335
A_prism32,3,"1,9,15",2017678895,-6.959339370801323
A_prism32,3,"1,15,30",565111363,-7.058390613513164
A_prism32,3,"7,21,24",1439526144,-6.064229014271829
A_prism32,3,"11,17,22",1261616277,-6.4225745359216
A_prism32,3,"8,17,18",808028219,-5.868877278753142
A_prism32,3,"6,14,21",627768986,-6.056577425531213
A_prism32,3,"0,7,10",1839545666,-5.806500669574191
A_prism32,3,"23,26,27",1176016447,-6.3330959518435375
A_prism32,3,"6,20,29",1037604271,-6.353899379573986
A_prism32,3,"2,15,28",1380087476,-6.6662022150962015
A_prism32,3,"17,18,25",101296982,-6.071847761608003
A_prism32,3,"16,24,28",1077768347,-6.18976994199758
A_prism32,3,"1,27,31",901192328,-6.610405139119477
A_prism32,3,"0,8,27",124045127,-5.828250265103231
A_prism32,3,"0,26,31",569047157,-5.916811126230854
A_prism32,3,"11,14,30",1623808278,-6.524848269974518
A_prism32,3,"7,8,12",801122734,-5.853184191912603
A_prism32,3,"1,16,24",1544208862,-6.065526222403918
A_prism32,3,"12,16,27",1387569804,-6.07055137691614
A_prism32,3,"2,5,26",1788339326,-5.976465073970945
A_prism32,3,"8,15,17",2059723582,-5.909853146905737
A_prism32,3,"5,23,27",410898265,-5.913273560715403
A_prism32,3,"19,22,27",1765173080,-7.075505249360613
A_prism32,3,"10,12,16",1595687374,-6.067683203519603
A_prism32,3,"13,24,29",159649834,-6.024645656567597
A_prism32,3,"1,24,31",189510254,-6.4854283775364445
A_prism32,3,"12,19,20",135413611,-6.978089044477723
A_prism32,3,"11,18,22",121599074,-6.124864712027213
A_prism32,3,"2,17,23",1447928567,-6.417770814637668
A_prism32,3,"5,24,31",1211998881,-5.935286466168816
A_prism32,3,"3,20,29",420209614,-6.1191416261851135
A_prism32,3,"4,19,25",1623319006,-7.2332411376620165
A_prism32,3,"9,15,19",1759161218,-7.057240179547976
A_prism32,3,"1,4,19",232383118,-6.829618428855027
A_prism32,3,"0,8,20",366982267,-5.816387311877211
A_prism32,3,"7,9,30",535853589,-7.288175111579342
A_prism32,3,"16,24,28",2021324986,-6.111507850668635
A_prism32,3,"10,20,23",467680073,-6.163985835028864
A_prism32,3,"6,25,28",2036645587,-7.848551141475732
A_prism32,3,"10,20,31",710684919,-6.153915582088753
A_prism32,3,"8,13,30",2067737443,-5.882335913431325
A_prism32,3,"21,22,25",1085613567,-6.064189750748353
A_prism32,3,"11,18,25",57306958,-6.136509257330531
A_prism32,3,"11,18,31",2084043362,-6.188114925090016
A_prism32,3,"24,25,28",1170858682,-6.718973234042482
A_prism32,3,"7,8,29",2069791410,-5.85784180034129
A_prism32,3,"24,26,30",993329124,-6.318183370921454
A_prism32,3,"5,8,23",1216640725,-5.85440052149854
A_prism32,3,"5,18,23",1885658877,-5.879625227838392
A_prism32,3,"16,21,24",1049949473,-6.124041205538447
A_prism32,3,"7,18,24",1379741138,-6.110507178774034
A_prism32,3,"14,23,28",341067805,-6.666925362685864
A_prism32,3,"8,9,19",323281443,-5.932632231666234
A_prism32,3,"4,14,21",990028587,-6.002122745434299
A_prism32,3,"9,17,21",946244725,-6.077822814770895
A_prism32,3,"0,8,27",1790252307,-5.808949411249576
A_prism32,3,"2,17,29",1579955031,-6.333164761882659
A_prism32,3,"5,25,26",71015702,-5.968162854333497
A_prism32,3,"16,17,30",1824459504,-6.05192460760792
A_prism32,3,"2,29,31",1421435204,-6.281701803609193
A_prism32,3,"15,16,23",201086860,-6.072124896127985
A_prism32,3,"16,23,29",1239317460,-6.1162940463740725
A_prism32,3,"19,22,25",768588891,-6.980779885591695
A_prism32,3,"2,7,13",1617917600,-5.951452279905531
A_prism32,3,"16,18,22",2114870272,-6.078375073738429
A_prism32,3,"0,11,19",1845121906,-5.879376823509752
A_prism32,3,"4,5,6",949606025,-5.895957618888578
A_prism32,3,"1,2,3",379828970,-5.919453689135149
A_prism32,3,"2,9,15",841459907,-6.49528165924801
A_prism32,3,"7,8,25",1396633992,-5.840453670246369
A_prism32,3,"7,21,31",656570720,-6.072675315359648
A_prism32,3,"15,21,27",1711301150,-6.08092390128121
A_prism32,3,"2,3,25",1796811551,-5.961395513264637
A_prism32,3,"2,11,20",712048286,-6.186637947936582
A_prism32,3,"1,24,25",1624066777,-6.51866594935727
A_prism32,3,"17,18,23",1598096357,-6.11737988029393
A_prism32,3,"19,23,31",371903630,-6.569129086346738
A_prism32,3,"8,18,22",1081349718,-5.872067810173968
A_prism32,3,"1,6,20",1269023052,-7.430389080515155
A_prism32,3,"1,4,12",76542575,-7.193615082334201
A_prism32,3,"7,14,26",748976809,-6.226237009685693
A_prism32,3,"5,12,18",1998033364,-5.9219307319416465
A_prism32,3,"0,4,18",909254326,-5.870339955730676
A_prism32,3,"7,16,31",2090972873,-6.134202071187317
A_prism32,3,"1,4,18",834836558,-6.0099771564693905
A_prism32,3,"9,12,16",1082934059,-6.085454159838952
A_prism32,3,"10,12,14",297075292,-6.148401878180366
A_prism32,3,"8,15,29",2120851957,-5.989469652701982
A_prism32,3,"16,25,30",980290622,-6.122707923190899
A_prism32,3,"10,14,29",1438572543,-6.240123315149743
A_prism32,3,"5,12,31",946651927,-5.970860897895863
A_prism32,3,"2,25,26",154953240,-6.314715885481941
A_prism32,3,"2,26,29",1590078267,-6.313403827849724
A_prism32,3,"4,12,16",1366872646,-6.052966965896587
A_prism32,3,"2,8,23",505258931,-5.874101217372475
A_prism32,3,"5,22,23",801374249,-5.959332479819394
A_prism32,3,"5,17,18",1542486521,-5.913556678018635
A_prism32,3,"2,22,30",889392349,-6.813645935687585
A_prism32,3,"2,24,29",639299187,-6.31126285890173
A_prism32,3,"5,14,20",454738127,-5.875382935431104
A_prism32,3,"17,18,19",1863841071,-6.127730044521565
A_prism32,3,"11,12,29",815847221,-6.297563353347753
A_prism32,3,"0,16,20",463873537,-5.8167965198862115
A_prism32,3,"7,16,23",1968209348,-6.064366919782556
A_prism32,3,"2,3,10",1487525272,-5.953914790657916
A_prism32,3,"7,8,20",1995956456,-5.85419222995031
A_prism32,3,"3,13,23",198091260,-5.9791729094345145
A_prism32,3,"10,18,28",1189571513,-6.137403078415473
A_prism32,3,"2,10,31",1559790246,-6.224373742429107
A_prism32,3,"4,10,22",630663988,-6.099522730559083
A_prism32,3,"7,8,24",2003176482,-5.897106131636517
A_prism32,3,"6,30,31",1247092123,-6.696029719528171
A_prism32,3,"0,1,25",214610018,-5.803584555598381
A_prism32,3,"19,26,30",856858767,-6.378020273185343
A_prism32,3,"0,9,11",1152900204,-5.854990891845675
A_prism32,3,"3,4,24",490129065,-6.018788405234624
A_prism32,3,"10,12,16",1011017884,-6.037286039508373
A_prism32,3,"4,8,14",919706557,-5.824458123717543
A_prism32,3,"12,28,30",1728172177,-7.531257125237521
A_prism32,3,"2,15,24",749343480,-6.442311608121762
A_prism32,3,"17,22,26",1939801528,-6.306669607919764
A_prism32,3,"7,18,31",1260431947,-6.154577609509397
A_prism32,3,"2,4,16",188457533,-6.05389451221268
A_prism32,3,"4,16,24",1815063079,-6.079032102538613
A_prism32,3,"18,24,29",808771992,-6.135186957186282
A_prism32,3,"10,17,26",1911223766,-6.134938291893185
A_prism32,3,"6,22,28",1506644121,-7.606611399365108
A_prism32,3,"4,12,13",1744818134,-5.845823446884861
A_prism32,3,"10,25,30",409453352,-6.3308434457697285
A_prism32,3,"4,12,18",1856418862,-6.040905211289008
A_prism32,3,"12,19,28",2010227733,-6.936717781010998
A_prism32,3,"14,18,22",2078766272,-6.106543394705496
A_prism32,3,"3,9,10",2008386054,-5.941661823904171
A_prism32,3,"8,14,22",1444406675,-5.855769886742982
A_prism32,3,"5,15,16",414988684,-5.8747508101157635
A_prism32,3,"2,15,28",1874520988,-6.7275894644810625
A_prism32,3,"22,23,30",1541675443,-7.090554755058955
A_prism32,3,"8,9,31",863646633,-5.888569235350093
A_prism32,3,"0,3,11",717440920,-5.893830156298719
A_prism32,3,"0,1,31",2040335872,-5.826712708290371
A_prism32,3,"5,8,28",1001493252,-5.846127949245245
A_prism32,3,"5,22,26",359886310,-5.932904967973527
A_prism32,3,"7,12,31",1911970998,-6.690209826726348
A_prism32,3,"16,22,30",977171312,-6.126523350253707
A_prism32,3,"2,15,16",2130616334,-6.046930940318684
A_prism32,3,"2,9,30",227380135,-6.729496361866482
A_prism32,3,"13,20,21",382715383,-5.926065026356677
A_prism32,3,"7,8,13",873585645,-5.871775241839032
A_prism32,3,"11,13,30",1617280482,-6.0073556262637755
A_prism32,3,"3,9,15",1333075467,-5.9586088113302855
A_prism32,3,"9,15,19",2135415575,-6.867645856500232
A_prism32,3,"4,10,28",899917361,-6.228306540009085
A_prism32,3,"4,14,26",291764710,-6.286346176706186
A_prism32,3,"0,9,22",630165397,-5.851995639877327
A_prism32,3,"13,14,17",1948219793,-5.876945552749442
A_prism32,3,"14,22,28",1572674389,-7.230976005768938
A_prism32,3,"14,26,30",776149062,-6.161823596233927
A_prism32,3,"13,25,31",1503856978,-6.023330896330919
A_prism32,3,"12,13,22",1254986544,-5.902391239653192
A_prism32,3,"8,16,19",919323782,-5.881476826118613
A_prism32,3,"4,6,13",1220044497,-5.892893632783948
A_prism32,3,"4,23,27",1950728639,-6.69446241270837
A_prism32,3,"0,14,28",504893422,-5.812003251111123
A_prism32,3,"11,13,17",114714520,-5.97540651591715
A_prism32,3,"10,16,21",1757560432,-6.102542425753035
A_prism32,3,"6,15,25",2027588984,-7.0895805799433775
A_prism32,3,"1,11,31",397655740,-6.423468802550977
A_prism32,3,"2,8,25",1959447854,-5.885373099138449
A_prism32,3,"1,17,28",1317358199,-7.7943495462616115
A_prism32,3,"2,6,14",619515581,-6.559847457665427
A_prism32,3,"5,20,24",1281173550,-5.884067672687383
A_prism32,3,"1,7,15",50946491,-6.868869532399378
A_prism32,3,"4,19,20",349427530,-6.978510122932136
A_prism32,3,"8,17,26",234646026,-5.939298575248908
A_prism32,3,"1,25,29",1586585867,-6.493289548938928
A_prism32,3,"15,20,24",1318330031,-6.608199738661896
A_prism32,3,"2,11,25",337960806,-6.345614705420078
A_prism32,3,"8,9,11",1364792633,-5.8926701524619
A_prism32,3,"5,19,28",191827619,-5.901355047851346
A_prism32,3,"12,23,29",303756562,-6.36705423958133
A_prism32,3,"6,17,25",303373865,-7.974385115369091
A_prism32,3,"18,22,25",1731217503,-6.126239274495963
A_prism32,3,"0,5,27",168188511,-5.80887971927211
A_prism32,3,"8,16,19",829541546,-5.840010361949398
A_prism32,3,"4,5,22",1043981649,-5.879835599879179
A_prism32,3,"1,12,22",2059222945,-7.47184402269059
A_prism32,3,"0,19,22",1176697735,-5.876641452434058
A_prism32,3,"12,23,27",1009957517,-6.811132041556911
A_prism32,3,"1,28,29",1238562715,-6.485967716991665
A_prism32,3,"4,23,24",400458717,-6.4431919321921605
A_prism32,3,"1,10,12",1909897351,-6.02532753480751
A_prism32,3,"22,26,31",1057442913,-6.306122830517019
A_prism32,3,"14,17,21",962644838,-6.021300031337658
A_prism32,3,"3,10,24",750931879,-5.975979271556373
A_prism32,3,"20,23,31",1978008515,-6.5710414891243305
A_prism32,3,"10,13,31",1945729520,-6.0334957625697605
A_prism32,3,"4,16,23",1522252975,-6.083596542946892
A_prism32,3,"10,13,26",128378878,-5.951389933939628
A_prism32,3,"15,21,26",2010295818,-6.098715400756747
A_prism32,3,"15,21,28",871245105,-6.114085370547275
A_prism32,3,"10,11,30",725134724,-6.164831839145751
A_prism32,3,"4,16,18",170780932,-6.054995515317255
A_prism32,3,"12,22,27",1360277845,-6.979397274259673
A_prism32,3,"10,25,29",452801209,-6.2576532695053135
A_prism32,3,"8,13,27",2000877560,-5.872102568507841
A_prism32,3,"3,20,22",106183905,-5.967612080934723
A_prism32,3,"6,7,22",181731842,-7.434758036912244
A_prism32,3,"7,8,10",844422148,-5.853619174106477
A_prism32,3,"12,22,26",498164164,-6.296333803959166
A_prism32,3,"0,19,29",1783315878,-5.91338491616292
A_prism32,3,"6,16,19",840721431,-6.066709938803425
A_prism32,3,"15,23,29",608942945,-6.420965581247391
A_prism32,3,"15,20,27",1171712671,-7.050263653641322
A_prism32,3,"4,23,27",1151779668,-6.746836940443788
A_prism32,3,"0,11,23",1375292684,-5.8855702236318015
A_prism32,3,"10,12,19",1281574280,-6.196500320763628
A_prism32,3,"16,17,23",1591845133,-6.098129425857883
A_prism32,3,"8,11,27",1548364869,-5.946893126490595
A_prism32,3,"16,18,22",1673217557,-6.0561102775944065
A_prism32,3,"4,14,28",477784194,-7.313660068607994
A_prism32,3,"15,16,24",1610645911,-6.113709655682342
A_prism32,3,"6,9,26",523528116,-6.176159481448924
A_prism32,3,"9,12,24",1996301096,-6.376466511865016
A_prism32,3,"12,27,31",1329851011,-6.762477578208949
A_prism32,3,"6,12,31",419123272,-6.694077248557719
A_prism32,3,"14,17,20",1462141123,-7.491491710744332
A_prism32,3,"0,14,28",1409190856,-5.811514868495292
A_prism32,3,"0,8,22",1698421256,-5.80331213084835
A_prism32,3,"2,9,31",743276042,-6.44815764126814
A_prism32,3,"9,26,29",1796837653,-6.225547972288011
A_prism32,3,"5,24,26",1410941578,-5.949003524804313
A_prism32,3,"4,6,29",1580188889,-6.311502166166152
A_prism32,3,"7,14,25",859726797,-7.464688874014217
A_prism32,3,"0,9,27",401078046,-5.784981048657301
A_prism32,3,"1,9,30",697267915,-7.274056476919794
A_prism32,3,"1,16,22",1538325339,-6.059609418705683
A_prism32,3,"13,15,25",1007961201,-6.00630709579607
A_prism32,3,"8,14,31",792282679,-5.904941609818601
A_prism32,3,"4,6,13",618720068,-5.8598755156695574
A_prism32,3,"0,8,17",1026934772,-5.812427751704297
A_prism32,3,"9,21,23",722306218,-6.1284963505639185
A_prism32,3,"2,25,29",1943418983,-6.42991306919257
A_prism32,3,"10,25,31",1839116305,-6.335614995527155
A_prism32,3,"6,8,11",1511381978,-5.92305834460418
A_prism32,3,"0,4,13",1088314726,-5.875321334277826
A_prism32,3,"18,25,28",1283723093,-6.116104649531141
A_prism32,3,"18,19,29",384256240,-6.2172734103763885
A_prism32,3,"1,19,21",46734390,-6.062342522524337
A_prism32,3,"13,21,30",880956964,-5.921848402707351
A_prism32,3,"9,13,17",1895846905,-5.855994067188431
A_prism32,3,"19,30,31",483597410,-6.7184834794894845
A_prism32,3,"13,21,23",1091568091,-5.955033616599024
A_prism32,3,"0,6,21",185064134,-5.838845651089875
A_prism32,3,"25,26,27",1318193217,-6.290834961027759
A_prism32,3,"3,21,29",625793507,-6.038036197958419
A_prism32,3,"5,16,23",841150205,-5.890996336422272
A_prism32,3,"16,25,31",770698559,-6.112538907508094
A_prism32,3,"7,10,21",1403471576,-6.051874919703988
A_prism32,3,"17,22,24",499258461,-6.370642092976994
A_prism32,3,"7,11,30",94657641,-6.527800717259407
A_prism32,3,"3,21,30",1302592740,-6.020720806276809
A_prism32,3,"5,8,23",1955375301,-5.857215268859557
A_prism32,3,"5,10,19",270085110,-5.9453835818128224
A_prism32,3,"2,18,31",1883291925,-6.101487633275372
A_prism32,3,"9,14,21",1995847201,-6.026564620906037
A_prism32,3,"4,6,17",1389609247,-7.871031803885936
A_prism32,3,"8,19,20",1382139197,-5.898446218405781
A_prism32,3,"10,24,25",115552993,-6.196426399808006
A_prism32,3,"18,27,31",90825881,-6.191806230668184
A_prism32,3,"17,23,31",438402964,-6.808973341167611
A_prism32,3,"7,16,29",896360934,-6.104198262287796
A_prism32,3,"2,4,22",1285690025,-6.625879178813403
A_prism32,3,"2,11,18",1931082807,-6.127846159661502
A_prism32,3,"15,29,30",1749191928,-6.537471880068141
A_prism32,3,"4,10,31",1608787978,-6.193491317577009
A_prism32,3,"8,23,28",410982591,-5.891920753478758
A_prism32,3,"9,17,27",1038906042,-7.1808400214572625
A_prism32,3,"13,17,30",1928182358,-5.8935934540856065
A_prism32,3,"19,24,31",4880395,-6.763244271101968
A_prism32,3,"0,13,18",341552063,-5.8557011290058485
A_prism32,3,"17,22,29",1050670924,-6.4484638045218095
A_prism32,3,"4,11,18",447639156,-6.06344537263378
A_prism32,3,"3,9,23",1069087748,-5.970901027999586
A_prism32,3,"1,16,22",839545441,-6.041280649340663
A_prism32,3,"1,25,30",996417441,-7.25642773185157
A_prism32,3,"12,21,31",111710571,-6.149623422929843
A_prism32,3,"2,10,26",541052832,-6.207063759450054
A_prism32,3,"7,8,23",204610982,-5.888019079321747
A_prism32,3,"15,18,27",410022926,-6.198476512595813
A_prism32,3,"14,21,31",596779336,-6.217749513366662
A_prism32,3,"6,9,14",1859035429,-7.814604724362647
A_prism32,5,"0,1,14,15,29",484662953,-5.891117608045593
A_prism32,5,"5,12,16,25,27",1806643413,-5.938749155294856
A_prism32,5,"8,16,17,18,26",2102613191,-5.976254135287413
A_prism32,5,"10,11,25,26,28",1799883074,-6.250556796162138
A_prism32,5,"6,12,17,18,30",728881099,-6.260133581374854
A_prism32,5,"4,5,19,24,27",1149632076,-5.978338716335441
A_prism32,5,"6,15,18,20,28",129889387,-6.261381886230493
A_prism32,5,"1,5,11,18,28",963216836,-5.959374352859965
A_prism32,5,"2,22,25,28,31",689545831,-6.775358761833669
A_prism32,5,"5,14,15,17,23",1173498263,-5.968330399447987
A_prism32,5,"1,8,12,20,31",983449145,-5.950797087289761
A_prism32,5,"11,13,15,26,30",2124931317,-6.046294856541252
A_prism32,5,"13,21,22,24,29",1398678480,-6.062405925790199
A_prism32,5,"0,5,15,19,24",1402303194,-5.8932372054616815
A_prism32,5,"0,3,14,17,18",975594288,-5.851899287462796
A_prism32,5,"2,4,8,13,20",359458562,-5.901359096091093
A_prism32,5,"2,11,12,19,24",2053105988,-6.342205730630027
A_prism32,5,"4,10,14,19,23",1155253169,-6.243528796122232
A_prism32,5,"1,5,13,19,23",1928785278,-5.9242836699349555
A_prism32,5,"7,9,15,17,31",2103144668,-6.578339953848936
A_prism32,5,"6,18,20,21,22",1432442980,-6.136147735226785
A_prism32,5,"1,7,15,18,26",559123846,-6.18656617068372
A_prism32,5,"2,4,11,16,23",1567898036,-6.088896567910457
A_prism32,5,"9,10,13,14,17",682264616,-5.937605295436751
A_prism32,5,"2,12,13,14,20",2025522285,-5.979264518516629
A_prism32,5,"8,20,26,27,28",1051431602,-5.956416942753523
A_prism32,5,"10,13,24,29,31",214726317,-6.0519629468384375
A_prism32,5,"2,5,10,17,27",2130208249,-5.9302004440041545
A_prism32,5,"11,13,14,26,27",49464180,-6.05695776383382
A_prism32,5,"0,1,6,9,19",13580124,-5.851134935101054
A_prism32,5,"2,6,8,10,26",178576568,-5.9802975677452554
A_prism32,5,"12,16,19,27,29",1306719773,-6.220143656108125
A_prism32,5,"3,8,10,11,13",917695659,-5.9409206462569255
A_prism32,5,"2,19,20,26,31",36861867,-6.350910597060218
A_prism32,5,"6,7,11,17,28",1840127283,-6.594969769043744
A_prism32,5,"11,16,18,26,30",62731121,-6.223312057254233
A_prism32,5,"3,4,8,10,16",1530969287,-5.920459230084665
A_prism32,5,"6,14,15,19,27",120455762,-6.867264752733442
A_prism32,5,"14,16,21,26,28",390029825,-6.099786655732154
A_prism32,5,"13,20,24,25,31",1975504650,-6.117937358304713
A_prism32,5,"2,10,18,28,30",440812765,-6.202210359212791
A_prism32,5,"1,4,13,15,29",1991697243,-6.017348737401492
A_prism32,5,"8,14,16,17,21",564399642,-5.95938492374325
A_prism32,5,"9,12,15,23,27",1432163872,-6.843129070201789
A_prism32,5,"7,9,19,27,31",762473177,-6.774858843782648
A_prism32,5,"2,4,8,15,27",465982506,-5.929887792110403
A_prism32,5,"4,7,13,20,25",1390416440,-5.968259805072873
A_prism32,5,"11,20,23,25,28",128102220,-6.611414929052988
A_prism32,5,"13,25,26,28,30",1421460932,-6.049370251974424
A_prism32,5,"3,8,11,20,23",1360662935,-5.919139599885102
A_prism32,5,"4,6,13,25,31",449204960,-5.99730441642206
A_prism32,5,"3,14,22,26,28",1780122780,-6.145870704587041
A_prism32,5,"0,7,25,30,31",1031399687,-5.90922228370378
A_prism32,5,"11,14,19,23,29",1045497635,-6.4790968040606565
A_prism32,5,"19,21,23,27,29",701130875,-6.190444787082702
A_prism32,5,"4,14,24,27,29",963346674,-6.48690532346563
A_prism32,5,"4,7,15,16,21",135049975,-6.056041722945143
A_prism32,5,"1,19,20,24,28",637830292,-6.813114787847644
A_prism32,5,"0,9,22,25,26",1794204972,-5.885499288426583
A_prism32,5,"2,4,15,16,31",1711582091,-6.140994809932628
A_prism32,5,"2,4,8,15,21",247925260,-5.906825943468839
A_prism32,5,"2,3,11,24,26",1142080655,-6.111036543760636
A_prism32,5,"4,16,20,30,31",1068192515,-6.205144287469973
A_prism32,5,"4,10,19,20,29",1537041297,-6.262980228919413
A_prism32,5,"2,7,12,18,21",2145346514,-6.081916215667967
A_prism32,5,"5,10,17,24,28",1545725080,-5.969962055157083
A_prism32,5,"4,15,17,19,20",1836289794,-7.076458169272268
A_prism32,5,"3,17,23,25,30",2082638837,-6.170980227631744
A_prism32,5,"0,7,19,28,31",1546118044,-5.925773989920326
A_prism32,5,"0,2,16,21,24",1710025705,-5.908813703535152
A_prism32,5,"2,4,14,30,31",1027140715,-6.53245579153876
A_prism32,5,"3,14,22,24,27",1170896472,-6.188413442776449
A_prism32,5,"4,5,15,22,25",2002711145,-5.9397989679691605
A_prism32,5,"3,7,9,16,25",1940601174,-5.981218591782962
A_prism32,5,"11,12,16,27,28",1690084033,-6.195378191224413
A_prism32,5,"6,8,10,15,22",878044258,-5.952468991875733
A_prism32,5,"7,10,12,19,20",941152025,-6.351712310004536
A_prism32,5,"5,6,16,25,31",811802260,-5.893001334691584
A_prism32,5,"0,10,14,17,28",1373120615,-5.876722062789972
A_prism32,5,"7,8,9,11,15",661065307,-5.9318984212089365
A_prism32,5,"1,6,10,16,22",469413564,-6.116466621510941
A_prism32,5,"1,5,6,19,30",502455474,-5.98104235395808
A_prism32,5,"6,8,12,23,29",1179277595,-6.006225200399936
A_prism32,5,"0,1,6,17,23",1772093106,-5.859330273832305
A_prism32,5,"12,21,27,28,29",1062037195,-6.184194228327908
A_prism32,5,"3,4,5,17,19",675354076,-5.876234104247098
A_prism32,5,"12,17,24,26,29",1212188460,-6.3059633191231885
A_prism32,5,"12,19,20,23,30",1253535281,-7.035522507277299
A_prism32,5,"2,9,10,14,22",753860296,-6.224761782181798
A_prism32,5,"0,6,9,15,31",1346050933,-5.869185800629715
A_prism32,5,"1,20,21,28,29",1312086316,-6.11846873153869
A_prism32,5,"1,6,7,9,12",2023503999,-8.13093576617135
A_prism32,5,"5,7,8,21,30",1185755638,-5.928653339973678
A_prism32,5,"1,10,13,20,26",1402382312,-6.006129722884873
A_prism32,5,"3,9,16,21,25",1412568582,-6.000168631347814
A_prism32,5,"3,5,6,7,23",1156290213,-5.936863468000992
A_prism32,5,"5,7,14,18,27",1379308407,-5.947405592100479
A_prism32,5,"12,14,18,25,31",425105517,-6.197671774338348
A_prism32,5,"9,18,19,24,30",1147226144,-6.270966188261055
A_prism32,5,"13,16,18,21,31",933946899,-6.022830244141999
A_prism32,5,"4,5,10,13,17",1500254037,-5.8958480522527985
A_prism32,5,"0,3,5,6,29",1563596953,-5.868229760444965
A_prism32,5,"1,4,13,23,25",36220431,-5.988739582679328
A_prism32,5,"6,16,17,25,26",2072336693,-6.130978330932398
A_prism32,5,"10,12,16,24,29",581851181,-6.126633638503782
A_prism32,5,"7,8,15,19,29",1902504954,-6.028009798620073
A_prism32,5,"12,17,27,30,31",118666,-7.035614534178981
A_prism32,5,"12,17,21,25,26",93555593,-6.152753264686978
A_prism32,5,"8,13,16,17,22",1979774332,-5.939982028305783
A_prism32,5,"3,15,23,28,29",1940542158,-6.147346529617445
A_prism32,5,"15,19,24,26,30",543862399,-6.420409696985439
A_prism32,5,"16,21,23,29,30",34921233,-6.175340933850804
A_prism32,5,"4,8,20,23,28",1010462439,-6.001900638776844
A_prism32,5,"5,15,16,22,27",2038931848,-5.987193194559256
A_prism32,5,"1,4,8,9,16",251425129,-5.895377038891997
A_prism32,5,"0,2,3,11,22",1622319595,-5.8555791800211665
A_prism32,5,"14,15,25,26,28",1593638525,-6.388960203752685
A_prism32,5,"0,2,3,26,28",409077998,-5.889650895886201
A_prism32,5,"1,4,6,15,17",409657474,-7.08673635781866
A_prism32,5,"0,8,9,10,27",1529449314,-5.8583613553363385
A_prism32,5,"3,14,16,19,24",1595592402,-6.050395368719562
A_prism32,5,"13,20,22,24,29",1887650244,-6.0734512782293475
A_prism32,5,"4,8,16,22,26",1088733762,-5.960762973115954
A_prism32,5,"3,6,10,25,26",485826120,-6.061357575767286
A_prism32,5,"2,10,13,15,20",2109947145,-5.964846789047295
A_prism32,5,"0,5,8,16,22",1347419648,-5.884536846078501
A_prism32,5,"0,10,16,23,25",1097184876,-5.902554049442431
A_prism32,5,"8,14,21,25,27",2054019335,-6.0093294110273545
A_prism32,5,"8,16,17,23,25",2061049625,-5.952273004025925
A_prism32,5,"4,20,25,29,31",1577044019,-6.484777953551135
A_prism32,5,"6,7,16,29,31",604059731,-6.180951374688673
A_prism32,5,"3,4,10,11,16",227047086,-5.964181769896617
A_prism32,5,"11,18,19,23,25",892668926,-6.284577472941084
A_prism32,5,"0,4,8,19,21",2112862174,-5.8563010889355
A_prism32,5,"4,6,19,21,31",1595912503,-6.214943997681068
A_prism32,5,"1,2,19,27,29",1284813447,-6.488235481877085
A_prism32,5,"0,5,13,14,24",369231509,-5.870633629721125
A_prism32,5,"4,17,20,22,25",361453447,-7.937196756615308
A_prism32,5,"11,17,21,29,31",1687731659,-6.165031483829846
A_prism32,5,"0,6,15,21,24",350715449,-5.920694363959532
A_prism32,5,"11,17,21,24,31",1367350299,-6.10065195343481
A_prism32,5,"15,20,24,28,31",1694096945,-6.634305187869579
A_prism32,5,"3,9,10,12,16",25730384,-5.966982020533958
A_prism32,5,"9,15,20,22,27",1839899841,-7.5275980105014355
A_prism32,5,"2,9,10,18,20",492522622,-6.063997607622191
A_prism32,5,"0,16,21,22,31",1908541856,-5.923701629245761
A_prism32,5,"5,10,16,18,23",1393338180,-5.997873799885754
A_prism32,5,"1,5,6,7,13",991350521,-5.9275661902228
A_prism32,5,"7,13,19,24,30",443348178,-6.065074189890811
A_prism32,5,"13,18,19,24,30",1029117654,-6.031196813182598
A_prism32,5,"1,4,16,17,29",1670129272,-6.138470737852685
A_prism32,5,"4,13,20,25,30",624823419,-6.00353296183544
A_prism32,5,"10,17,19,26,31",2110650605,-6.2719001146520545
A_prism32,5,"0,4,11,20,30",110395532,-5.859942736728452
A_prism32,5,"10,12,15,18,26",1171006708,-6.120762710791573
A_prism32,5,"9,14,20,26,27",1415787084,-6.443278819246514
A_prism32,5,"0,6,7,8,24",199404302,-5.817022791121653
A_prism32,5,"9,16,18,24,29",1620898231,-6.16011761534666
A_prism32,5,"3,6,7,28,29",1122274271,-6.121727982329972
A_prism32,5,"0,3,12,15,31",2111992474,-5.869259930831245
A_prism32,5,"5,8,27,30,31",178381413,-5.9725382016761275
A_prism32,5,"10,17,20,30,31",477295859,-6.416134170696654
A_prism32,5,"6,11,20,29,30",1277736453,-6.504103731232122
A_prism32,5,"6,21,26,27,28",1399580268,-6.1211764841225325
A_prism32,5,"4,6,20,21,23",546273984,-6.160467519343091
A_prism32,5,"3,6,12,22,27",872519795,-6.090857254065683
A_prism32,5,"0,2,6,7,19",575461833,-5.865790859875225
A_prism32,5,"9,14,20,22,29",1058687538,-6.457520179451921
A_prism32,5,"2,17,20,23,26",154480590,-6.2045526031133065
A_prism32,5,"2,7,9,27,31",8092378,-6.572576431682975
A_prism32,5,"2,13,14,18,28",701784903,-6.0012682353495626
A_prism32,5,"9,12,13,16,20",856258995,-5.9652284673753675
A_prism32,5,"7,13,26,29,31",2011763898,-6.107474209808801
A_prism32,5,"4,12,15,22,24",47077950,-6.404170476797281
A_prism32,5,"12,13,14,20,27",667201007,-5.946356287618709
A_prism32,5,"6,12,16,19,22",1478738844,-6.191598251281787
A_prism32,5,"3,8,11,15,31",440545519,-5.943312265508084
A_prism32,5,"0,9,16,17,18",2013856105,-5.870342357105618
A_prism32,5,"7,13,17,23,28",1323175840,-6.0680742234380975
A_prism32,5,"13,19,22,29,31",317583097,-6.0852750190815375
A_prism32,5,"2,4,10,23,25",505658408,-6.210380067078406
A_prism32,5,"12,19,21,24,25",717441313,-6.218506506966885
A_prism32,5,"4,5,6,29,30",265581648,-5.9520726723093125
A_prism32,5,"9,12,16,29,31",827946172,-6.231701447229763
A_prism32,5,"3,17,25,26,27",816523402,-6.090745608236395
A_prism32,5,"14,15,19,25,31",513260943,-6.913184474846905
A_prism32,5,"6,7,14,25,26",259576426,-6.363597325104028
A_prism32,5,"14,17,22,26,31",1500791482,-6.36983391233668
A_prism32,5,"17,19,23,26,30",1108996590,-6.355219140052941
A_prism32,5,"3,4,5,17,21",663863395,-5.876736168474433
A_prism32,5,"15,16,22,24,30",1928221980,-6.195426973899955
A_prism32,5,"6,7,12,14,15",491741116,-7.341560432147003
A_prism32,5,"5,14,20,22,28",405852314,-5.915644884326773
A_prism32,5,"4,6,15,22,29",6068580,-6.380898148506839
A_prism32,5,"8,13,24,26,31",1315078148,-6.004660225709267
A_prism32,5,"5,8,11,12,30",1677273891,-5.89515684097425
A_prism32,5,"3,17,18,19,23",368953773,-6.096381828640603
A_prism32,5,"3,6,14,20,21",1695473708,-6.013769496913127
A_prism32,5,"8,15,16,18,27",371458280,-5.998404273399324
A_prism32,5,"16,17,19,21,25",1633858932,-6.0788216678583415
A_prism32,5,"17,21,24,27,30",386493750,-6.184109273086574
A_prism32,5,"2,15,16,19,26",579651350,-6.164111780801745
A_prism32,5,"14,22,25,30,31",1952848296,-6.89492958033338
A_prism32,5,"1,7,8,10,21",1552091896,-5.981624872517088
A_prism32,5,"0,10,19,20,22",1159421324,-5.884444613383463
A_prism32,5,"1,4,9,16,23",894148335,-6.129012480511491
A_prism32,5,"11,16,19,27,29",2011195163,-6.218660825994482
A_prism32,5,"2,8,21,22,27",424028166,-5.96203713930804
A_prism32,5,"2,10,25,28,31",1270540227,-6.308944554202073
A_prism32,5,"1,13,21,26,28",1518448503,-5.954953394636641
A_prism32,5,"8,12,15,19,28",1510387928,-5.984626257217936
A_prism32,5,"3,9,16,17,29",1270870845,-6.0647192332729265
A_prism32,5,"0,15,20,21,30",500282523,-5.900635676885863
A_prism32,5,"3,7,21,24,31",656588172,-6.079594614963981
A_prism32,5,"4,5,7,16,21",1843292176,-5.961737149217156
A_prism32,5,"8,11,19,29,30",1404491854,-6.024514550041582
A_prism32,5,"5,6,7,21,27",364372024,-5.962399640304905
A_prism32,5,"2,3,7,21,23",1786904779,-6.010093643938037
A_prism32,5,"17,20,22,25,28",627856296,-8.448180125736574
A_prism32,5,"0,3,12,20,25",1983885766,-5.848539762849874
A_prism32,5,"11,13,14,21,29",1751244685,-5.98682404850123
A_prism32,5,"5,10,22,30,31",1395112352,-6.012182074991611
A_prism32,5,"2,15,16,18,30",2132031671,-6.171837479699581
A_prism32,5,"19,27,28,29,31",925258554,-6.578598288503437
A_prism32,5,"4,6,14,23,31",137874988,-6.612436067023642
A_prism32,5,"3,4,15,27,30",1693779182,-6.106269505925699
A_prism32,5,"4,10,11,23,27",434382337,-6.243960992351578
A_prism32,5,"11,20,23,29,30",1932009899,-6.436387173359706
A_prism32,5,"4,10,12,26,27",1190889510,-6.144964415644173
A_prism32,5,"1,10,15,20,25",1893007709,-6.309543575299101
A_prism32,5,"7,13,18,26,28",1270152070,-6.069346029508333
A_prism32,5,"7,14,16,23,30",1365435350,-6.121673179390213
A_prism32,5,"12,15,16,21,30",1915828592,-6.092321295367318
A_prism32,5,"5,7,25,28,29",895977359,-6.016010719269819
A_prism32,5,"4,12,24,25,26",56394230,-6.234103991778674
A_prism32,5,"3,14,18,23,29",1980397145,-6.107552751298745
A_prism32,5,"8,17,19,22,25",950074477,-5.961465889014231
A_prism32,5,"4,5,6,19,28",213993666,-5.9496956309636735
A_prism32,5,"0,20,21,25,26",1564407048,-5.942131758565006
A_prism32,5,"4,12,16,20,24",2004934149,-6.179422619093998
A_prism32,5,"1,6,19,23,28",1111043920,-6.820033187813559
A_prism32,5,"1,3,4,5,17",1466689171,-5.871479721222375
A_prism32,5,"10,14,20,21,23",220623504,-6.1643828935724
A_prism32,5,"5,11,22,26,30",185163164,-5.981989358195079
A_prism32,5,"7,9,12,14,28",1792094946,-7.669417007039505
A_prism32,5,"2,13,16,24,27",159993456,-5.991554776435261
A_prism32,5,"9,12,13,20,26",2068544667,-6.02724893446526
A_prism32,5,"0,7,16,17,22",1346230886,-5.792535300160374
A_prism32,5,"2,5,9,10,15",426939203,-5.9080114995261335
A_prism32,5,"5,16,18,21,30",1575846919,-5.9596655522366735
A_prism32,5,"3,12,13,14,20",153446612,-5.924471073717635
A_prism32,5,"2,6,13,15,21",988727725,-5.983054790576327
A_prism32,5,"9,14,16,27,29",1386096256,-6.1699213576053324
A_prism32,5,"5,9,17,19,25",457433350,-5.928744311609439
A_prism32,5,"8,17,18,19,26",864737000,-5.976959307605588
A_prism32,5,"6,7,16,28,31",964707585,-6.243735699558854
A_prism32,5,"18,22,24,25,26",1703584141,-6.187154605780796
A_prism32,5,"4,6,7,13,21",1102805987,-5.986961471856538
A_prism32,5,"7,8,23,26,28",1167631240,-6.042904261604321
A_prism32,5,"4,9,13,26,31",693177029,-6.06610684392357
A_prism32,5,"2,3,4,7,11",1541803528,-5.965156931097018
A_prism32,5,"1,10,11,20,25",750693070,-6.258403331353089
A_prism32,5,"3,8,19,21,29",1514839715,-5.981802328404269
A_prism32,5,"0,9,13,19,27",1959124536,-5.868693830157847
A_prism32,5,"12,18,23,26,27",2003175002,-6.238872187299008
A_prism32,5,"0,13,15,25,30",1163809385,-5.880539311310553
A_prism32,5,"5,9,11,27,31",935686440,-6.006729301370182
A_prism32,5,"11,12,14,17,19",1347660405,-6.536348055013494
A_prism32,5,"0,5,9,11,14",1674062965,-5.852236257822115
A_prism32,5,"6,8,12,15,27",817857114,-5.969308822304106
A_prism32,5,"3,5,9,26,27",1751959095,-5.932837035418925
A_prism32,5,"1,13,14,24,26",605531503,-6.056961742676895
A_prism32,5,"6,8,19,22,31",209743936,-6.029754452623516
A_prism32,5,"1,2,14,18,24",718345982,-6.191356083469303
A_prism32,5,"10,13,16,26,28",306156142,-6.007465336492194
A_prism32,5,"16,18,19,23,28",401762405,-6.207089527780532
A_prism32,5,"0,8,18,21,22",711003561,-5.898684904754987
A_prism32,5,"8,9,23,26,28",125537139,-5.994832968244267
A_prism32,5,"12,13,18,21,29",328500960,-6.020087298431566
A_prism32,5,"0,3,12,22,29",2130261889,-5.863233926523765
A_prism32,5,"3,4,5,7,20",1190788851,-5.891640309668704
A_prism32,5,"10,14,18,20,29",1897047422,-6.217110997785719
A_prism32,5,"0,5,7,21,30",587522717,-5.882193849483777
A_prism32,5,"13,22,24,28,31",862504404,-6.087566978488448
A_prism32,5,"11,18,19,28,31",526006640,-6.315160056806075
A_prism32,5,"19,22,24,25,26",1503666838,-6.313887593562195
A_prism32,5,"1,3,5,19,29",1439296559,-5.957882875801779
A_prism32,5,"0,2,17,25,27",1431034572,-5.852194945686985
A_prism32,5,"10,16,18,27,28",627096274,-6.100413066015301
A_prism32,5,"17,24,26,30,31",91699012,-6.343233990706405
A_prism32,5,"1,4,9,12,17",1269534860,-7.695735817308511
A_prism32,5,"3,7,9,29,31",14196874,-6.0986435908163115
A_prism32,5,"0,2,6,14,17",1132248003,-5.850215635831316
A_prism32,5,"2,4,16,22,27",1747356427,-6.1503245075867925
A_prism32,5,"1,2,5,16,27",466826840,-5.9268736582300825
A_prism32,5,"0,2,7,10,20",1330986451,-5.872696748469227
A_prism32,5,"0,8,13,21,30",2017596607,-5.911078855860894
A_prism32,5,"0,5,17,19,24",691351732,-5.868495022100565
A_prism32,5,"5,9,13,20,27",369015912,-5.904556167307797
A_prism32,5,"3,11,22,23,27",1115534268,-6.152077144839059
A_prism32,5,"10,14,15,18,20",1268296205,-6.15330228988013
A_prism32,5,"3,7,13,14,21",1682843597,-5.9287786601547205
A_prism32,5,"15,24,25,27,30",64133224,-6.750598754005735
A_prism32,5,"3,12,13,18,20",666124731,-5.940698619286889
A_prism32,5,"0,1,17,18,20",386265853,-5.8704576697183795
A_prism32,5,"1,3,4,7,23",1076889191,-6.003735786994631
A_prism32,5,"9,11,15,18,20",287600887,-6.182980042398735
A_prism32,5,"8,24,26,30,31",1467967731,-6.043126066370699
A_prism32,5,"5,12,13,20,24",1067439120,-5.944400876596541
A_prism32,5,"1,5,7,13,26",1259778460,-5.934686143495636
A_prism32,5,"0,6,10,16,25",354509353,-5.874725060920252
A_prism32,5,"9,17,21,22,31",53095048,-6.177307335956952
A_prism32,5,"10,18,19,26,29",1433988172,-6.146146806797404
A_prism32,5,"1,5,14,23,26",533203100,-5.959778674797728
A_prism32,5,"4,5,6,21,31",1127384152,-5.9536348946484
A_prism32,5,"0,2,6,20,30",1891962943,-5.884466796833302
A_prism32,5,"5,7,8,10,14",948300878,-5.911269354911692
A_prism32,5,"9,18,19,21,23",285740802,-6.165981322900946
A_prism32,5,"1,4,17,19,22",2457613,-7.173519764642621
A_prism32,5,"13,24,25,28,30",2058215891,-5.989029911600371
A_prism32,5,"8,20,21,27,28",2057834453,-5.9441525097158365
A_prism32,5,"5,6,11,20,25",578765508,-5.969955631093181
A_prism32,5,"6,19,20,23,28",1745713016,-6.894384228537138
A_prism32,5,"13,22,26,28,30",1804071397,-6.0889334084560796
A_prism32,5,"12,14,17,23,30",922606313,-6.928836208478504
A_prism32,5,"17,19,23,24,26",768247949,-6.323689526197336
A_prism32,5,"3,11,17,25,31",1077815586,-6.063731000424391
A_prism32,5,"6,8,18,20,29",382502027,-5.968651679917469
A_prism32,5,"0,8,18,22,25",1169037875,-5.807277204141106
A_prism32,5,"1,5,10,16,30",1142715343,-5.964250504139444
A_prism32,5,"0,10,19,20,26",1875862839,-5.911614251322041
A_prism32,5,"1,3,5,26,29",205037969,-5.973077310027
A_prism32,5,"5,9,14,17,18",1318480779,-5.92393895624516
A_prism32,5,"0,1,15,16,19",171761110,-5.892101547866091
A_prism32,5,"0,1,2,5,24",1923226048,-5.885609392699708
A_prism32,5,"3,5,7,19,30",631231369,-5.950780049606562
A_prism32,5,"2,8,11,21,29",1727861706,-5.98596184523431
A_prism32,5,"8,23,24,29,30",495864211,-6.052378296087564
A_prism32,5,"0,3,18,26,30",482600677,-5.90481479893108
A_prism32,5,"0,4,9,14,22",1023674812,-5.837898475121955
A_prism32,5,"0,2,8,9,17",648349025,-5.839728310641756
A_prism32,5,"7,8,22,27,31",1249897165,-6.0442382691094965
A_prism32,5,"1,8,10,18,24",455831026,-5.9600076910794
A_prism32,5,"0,18,23,28,30",1588049907,-5.929593580423927
A_prism32,5,"0,4,7,11,21",293549274,-5.871933148231688
A_prism32,5,"7,9,15,26,27",376113047,-6.239641185606089
A_prism32,5,"6,15,16,22,30",1631648260,-6.2565614912375835
A_prism32,5,"4,6,17,19,29",1566960137,-6.4313794020286625
A_prism32,5,"4,10,11,14,31",1465562911,-6.24850304279716
A_prism32,5,"4,5,25,27,31",921544038,-6.0046366414865435
A_prism32,5,"6,12,13,20,28",271099040,-6.041296074959077
A_prism32,5,"0,2,7,13,17",1965795444,-5.865900152063883
A_prism32,5,"1,2,10,21,31",1576580709,-6.104583973392473
A_prism32,5,"2,3,8,17,20",526219371,-5.90209029113732
A_prism32,5,"1,11,15,23,26",174058594,-6.333395523863655
A_prism32,5,"2,7,14,22,25",186756932,-6.94767614506113
A_prism32,5,"8,10,16,17,28",1492640898,-5.949026710579534
A_prism32,5,"4,9,11,13,21",250449672,-5.94004737759786
A_prism32,5,"6,12,14,23,31",1365842719,-6.567762162149014
A_prism32,5,"2,6,9,14,23",925432691,-6.5190617938838065
A_prism32,5,"5,10,15,18,21",54059586,-5.962233087791962
A_prism32,5,"3,7,23,28,29",1858988412,-6.183417292919488
A_prism32,5,"1,16,17,25,31",1503261150,-6.1765750713292755
A_prism32,5,"3,17,18,20,30",991164882,-6.0388132515241315
A_prism32,5,"16,23,28,29,31",1625023623,-6.26763703842949
A_prism32,5,"4,8,13,25,30",1603149104,-5.9163064692992
A_prism32,5,"13,16,22,23,25",1230949904,-6.031559229250935
A_prism32,5,"8,17,23,30,31",127404106,-6.010231509216018
A_prism32,5,"0,9,16,21,24",438079652,-5.894567412398509
A_prism32,5,"0,11,14,29,31",127645452,-5.929637256875144
A_prism32,5,"5,6,10,16,20",335789417,-5.947718382707625
A_prism32,5,"7,20,21,22,26",1582280142,-6.151762994991919
A_prism32,5,"1,4,12,16,31",1886953569,-6.104767495669376
A_prism32,5,"1,6,7,21,30",305133822,-6.08933659451413
A_prism32,5,"6,9,20,26,30",649437908,-6.373743081429966
A_prism32,5,"4,8,27,29,30",1055259575,-5.97929549723058
A_prism32,5,"3,11,18,25,30",645825708,-6.071517696780885
A_prism32,5,"6,9,12,16,26",2018615770,-6.124742178290101
A_prism32,5,"8,12,15,17,23",143564260,-5.956051545634277
A_prism32,5,"5,6,10,13,26",446422040,-5.94594455099444
A_prism32,5,"1,5,9,13,23",347335638,-5.8963889253623964
A_prism32,5,"3,7,25,29,31",1219795797,-6.134169838881173
A_prism32,5,"0,4,20,21,29",939936608,-5.8957530344837465
A_prism32,5,"0,4,10,17,29",1601570493,-5.865124664710794
A_prism32,5,"2,13,17,28,31",1762803130,-6.020036558147464
A_prism32,5,"5,13,16,21,30",1543190874,-5.949604928290657
A_prism32,5,"8,13,16,25,29",1514998343,-5.963970288148898
A_prism32,5,"7,19,22,25,27",1585696734,-7.440668507590765
A_prism32,5,"0,14,15,29,31",2144247647,-5.936168182726287
A_prism32,5,"5,6,14,20,31",1055300618,-5.999677054646476
A_prism32,5,"0,3,8,18,19",1055994235,-5.888129595540615
A_prism32,5,"3,5,19,30,31",835219265,-5.967551853622808
A_prism32,5,"13,18,21,26,29",1935410574,-6.06140119568771
A_prism32,5,"4,19,20,22,31",1499984528,-6.731422037423345
A_prism32,5,"18,24,25,27,31",447568819,-6.27376166971157
A_prism32,5,"10,21,25,29,31",102675846,-6.099521714757876
A_prism32,5,"3,4,7,8,27",234468839,-5.899482726134478
A_prism32,5,"3,4,18,25,27",1253814394,-6.032722095100185
A_prism32,5,"4,13,20,21,27",1620849749,-6.020628525953839
A_prism32,5,"2,9,11,13,19",91274129,-5.93522602524317
A_prism32,5,"1,3,5,8,29",1519958378,-5.911578798431942
A_prism32,5,"12,13,17,21,22",1404190287,-5.997167918561728
A_prism32,5,"14,17,21,24,30",716053295,-6.092624703838307
A_prism32,5,"3,5,11,14,19",1432859257,-5.921609054863262
A_prism32,5,"8,19,20,24,26",545694723,-6.042366257148704
A_prism32,5,"7,8,13,19,30",1173412940,-5.934899077553392
A_prism32,5,"3,4,6,14,23",458104487,-6.039776714916799
A_prism32,5,"9,16,22,23,24",1056511527,-6.149690762806974
A_prism32,5,"0,5,7,17,20",855048712,-5.788133393696171
A_prism32,5,"1,9,11,14,30",806867750,-6.525329298634893
A_prism32,5,"0,8,17,26,28",1136181693,-5.884815210041528
A_prism32,5,"9,15,26,28,29",443802930,-6.339505726172644
A_prism32,5,"7,16,17,26,28",58457781,-6.177251859202948
A_prism32,5,"7,8,20,22,30",1666988650,-5.918605932503489
A_prism32,5,"12,17,18,25,26",941138988,-6.183857418802984
A_prism32,5,"5,8,25,28,31",788399103,-5.929793773850779
A_prism32,5,"7,9,13,30,31",848620636,-5.999280820218986
A_prism32,5,"3,14,21,23,24",1878202780,-6.066460913773299
A_prism32,5,"3,4,6,14,21",470715872,-6.032276948907066
A_prism32,5,"2,12,23,24,29",1399403951,-6.308368133973396
A_prism32,5,"0,5,20,28,31",1561797231,-5.885912246703035
A_prism32,5,"2,7,10,23,25",1906773074,-6.265569104613112
A_prism32,5,"1,7,20,24,26",96375735,-6.282055306347444
A_prism32,5,"5,6,7,16,20",466049148,-5.877089194192367
A_prism32,5,"3,5,12,21,22",1085697211,-5.919551143891638
A_prism32,5,"2,9,11,12,24",225141670,-6.2681149117369195
A_prism32,5,"2,9,12,23,24",586854844,-6.411502984952638
A_prism32,5,"3,5,12,14,23",253159440,-5.934933914250145
A_prism32,5,"1,7,13,18,25",973559594,-5.9296800259296365
A_prism32,5,"0,1,4,10,25",624158047,-5.830338194585235
A_prism32,5,"1,4,7,15,23",1567421159,-6.685619874734981
A_prism32,5,"2,4,13,18,24",1368333059,-5.994983761672474
A_prism32,5,"4,21,24,25,31",1148110216,-6.1289296895360525
A_prism32,5,"0,19,21,26,27",1767801179,-5.940456142605916
A_prism32,5,"3,9,14,19,22",368951323,-6.084457379794936
A_prism32,5,"5,9,14,15,17",1693222466,-5.924832182089983
A_prism32,5,"6,7,12,28,29",1779746173,-6.561646924208655
A_prism32,5,"2,7,18,20,24",418697876,-6.1828312242418955
A_prism32,5,"1,3,10,14,25",2006535540,-6.011649167163006
A_prism32,5,"5,18,22,27,29",1259996309,-5.968696260175819
A_prism32,5,"1,4,5,18,26",1011871631,-5.945859155448328
A_prism32,5,"6,10,15,24,29",1643613736,-6.291567195067276
A_prism32,5,"2,6,8,10,17",1566964035,-5.918378568608216
A_prism32,5,"8,20,22,25,30",1338936544,-5.947095956726379
A_prism32,5,"3,20,21,29,31",304919062,-6.086442156909355
A_prism32,5,"1,15,22,25,28",1515788152,-7.115853749374563
A_prism32,5,"13,14,15,21,28",1358844224,-5.986293778056123
A_prism32,5,"2,10,13,14,18",1297841704,-5.998214374691736
A_prism32,5,"6,12,14,18,28",495808777,-6.178749120979693
A_prism32,5,"12,15,16,23,31",468634998,-6.256325667100843
A_prism32,5,"9,12,21,26,28",1270965192,-6.1496826954650095
A_prism32,5,"1,4,14,24,25",792963611,-6.664701873941411
A_prism32,5,"10,11,13,20,29",537306441,-6.017048617859024
A_prism32,5,"3,8,12,20,24",666272982,-5.915027810077954
A_prism32,5,"4,11,14,18,28",852231930,-6.213759711891432
A_prism32,5,"1,2,16,24,31",2073582940,-6.248033466924844
A_prism32,5,"12,13,15,20,21",628746146,-5.992109089302956
A_prism32,5,"6,13,15,16,26",530364768,-5.980865110576923
A_prism32,5,"0,1,9,28,30",1206597229,-5.81403075488018
A_prism32,5,"15,18,19,20,23",1801140949,-6.291784491570883
A_prism32,5,"6,10,12,16,25",1409571464,-6.076848745230149
A_prism32,5,"7,14,20,23,26",23205141,-6.370363984884553
A_prism32,5,"0,12,23,28,30",1112390262,-5.910633167053145
A_prism32,5,"0,3,7,25,27",1484462007,-5.869524174810401
A_prism32,5,"5,8,10,20,25",857054531,-5.892801166912776
A_prism32,5,"8,9,11,20,24",391577121,-5.950319434781933
A_prism32,5,"9,10,13,20,28",1732692670,-5.978941403913265
A_prism32,5,"2,3,13,16,25",215628311,-5.946598489611009
A_prism32,5,"1,20,22,24,29",656397477,-6.436524139457135
A_prism32,5,"5,21,24,26,29",1079417721,-6.0164674642870235
A_prism32,5,"4,8,18,28,31",678224810,-5.979194539588676
A_prism32,5,"0,2,6,17,20",1623957067,-5.8426972507687625
A_prism32,5,"8,13,18,21,30",582041967,-5.969347384863877
A_prism32,5,"8,16,22,25,27",1477182337,-5.914462365458296
A_prism32,5,"2,3,5,18,21",419927001,-5.942218781344734
A_prism32,5,"4,20,24,25,31",2089707732,-6.418069463331785
A_prism32,5,"7,13,17,20,28",1898233442,-5.9442875168022375
A_prism32,5,"8,10,13,17,22",103301697,-5.902892708477081
A_prism32,5,"3,7,17,18,20",151249510,-6.002785573000574
A_prism32,5,"3,6,8,14,22",440258070,-5.91632131490726
A_prism32,5,"0,11,22,28,29",560891560,-5.905298521068523
A_prism32,5,"8,24,27,30,31",1005343706,-6.0599555592717484
A_prism32,5,"3,14,15,20,29",1592903725,-6.153132048568989
A_prism32,5,"1,12,17,24,28",482405072,-6.4894277786419465
A_prism32,5,"3,7,9,21,31",1080363355,-5.995392995102491
A_prism32,5,"1,10,18,25,27",1329405067,-6.16390487115362
A_prism32,5,"0,9,17,25,27",1499793398,-5.862007173244064
A_prism32,5,"4,7,9,14,26",1105267610,-6.340156730982605
A_prism32,5,"7,9,21,23,31",283962959,-6.182450733257374
A_prism32,5,"7,23,25,26,29",736087944,-6.399024696065276
A_prism32,5,"7,19,21,22,25",1637654108,-6.215403169024977
A_prism32,5,"0,2,14,17,30",1064516866,-5.854923203397189
A_prism32,5,"1,6,24,27,29",849887946,-6.409579944822233
A_prism32,5,"3,12,22,25,30",386593644,-6.158001767909207
A_prism32,5,"2,14,26,28,31",356561024,-6.365175971053666
A_prism32,5,"2,7,16,25,30",1799895566,-6.215846225739682
A_prism32,5,"9,19,20,22,25",817995424,-7.364303205269125
A_prism32,5,"5,9,15,17,25",53645199,-5.926075479865242
A_prism32,5,"2,14,20,22,23",447050699,-6.634369068311188
A_prism32,5,"1,12,15,16,18",1139815835,-6.110350862800051
A_prism32,5,"7,10,11,15,19",1755409668,-6.313333189847625
A_prism32,5,"5,11,12,20,30",180338799,-5.946982389217868
A_prism32,5,"14,17,19,24,28",1257362924,-6.678133913565294
A_prism32,5,"13,21,23,27,29",234498949,-6.059084316523492
A_prism32,5,"7,10,21,29,31",1175445750,-6.183060753734632
A_prism32,5,"1,7,22,25,27",1082069068,-7.450980036904965
A_prism32,5,"9,19,20,21,26",1042773107,-6.152674399227343
A_prism32,5,"4,18,20,28,29",1574693822,-6.184895729916088
A_prism32,5,"3,10,23,24,25",1165400349,-6.133794942026964
A_prism32,5,"1,3,6,12,31",479869703,-6.046660045304791
A_prism32,5,"4,6,9,10,23",602740220,-6.189426520756142
A_prism32,5,"3,5,16,20,23",1103726046,-5.939656344717979
A_prism32,5,"1,8,16,28,31",1195774269,-5.9421660989112155
A_prism32,5,"5,10,17,24,29",987924644,-5.970952190899628
A_prism32,5,"3,7,13,22,24",1280699092,-5.942196817507334
A_prism32,5,"1,5,9,16,21",1245719092,-5.9331699225606105
A_prism32,5,"3,5,21,23,26",147184160,-5.980547972818164
A_prism32,5,"7,22,26,27,28",1346262389,-6.449935502973075
A_prism32,5,"3,5,12,17,18",816794312,-5.892427632479079
A_prism32,5,"1,4,17,19,23",953523161,-6.661873753752961
A_prism32,5,"0,9,20,25,29",571555947,-5.88292546814747
A_prism32,5,"0,17,19,23,30",1043935477,-5.90452830609427
A_prism32,5,"1,4,7,11,26",1150499102,-6.229065753471012
A_prism32,5,"2,3,6,16,23",730542810,-6.047412746386389
A_prism32,5,"0,7,9,20,21",1685077825,-5.894026113723165
A_prism32,5,"5,8,18,23,31",965115194,-5.945548055626077
A_prism32,5,"9,10,19,26,28",574347247,-6.216341573203612
A_prism32,5,"0,11,14,16,21",1931818345,-5.9047894294204575
A_prism32,5,"0,1,3,11,12",708704083,-5.855343852341126
A_prism32,5,"1,2,10,19,27",712661582,-6.34125215110656
A_prism32,5,"6,14,15,19,31",265847724,-6.660706147892864
A_prism32,5,"2,5,6,14,31",926941736,-5.96482524106872
A_prism32,5,"3,6,19,30,31",1217883087,-6.184125346232073
A_prism32,5,"7,15,22,24,29",812327819,-6.476300249853247
A_prism32,5,"1,7,12,15,26",1971181704,-6.325725343279026
A_prism32,5,"4,8,18,24,29",819081698,-5.989695290743888
A_prism32,5,"0,4,9,12,24",294812696,-5.8510124202547384
A_prism32,5,"5,7,9,12,19",1926831473,-5.905182574797691
A_prism32,5,"2,18,20,28,30",567367453,-6.364806318152643
A_prism32,5,"9,12,15,20,29",1019276707,-6.434392776160388
A_prism32,5,"6,9,11,16,24",233423920,-6.1151317421176055
A_prism32,5,"2,7,9,27,28",1007182203,-6.863452165403589
A_prism32,5,"1,14,19,26,29",116932129,-6.295131940046172
A_prism32,5,"5,11,20,24,26",1739308243,-6.0266684019599435
A_prism32,5,"7,9,15,17,28",1060425047,-7.276094672397059
A_prism32,5,"9,23,24,27,28",1148974222,-6.738708254938191
A_prism32,5,"4,18,21,23,28",148639516,-6.094602140117381
A_prism32,5,"8,9,12,19,26",71691339,-5.975282341115303
A_prism32,5,"5,7,11,13,17",1510498679,-5.899485642679689
A_prism32,5,"2,6,13,23,24",650918634,-6.0078112409378495
A_prism32,5,"6,14,18,29,30",739201414,-6.304845227151975
A_prism32,5,"5,10,12,16,26",1601111120,-5.959256495435877
A_prism32,5,"0,6,14,26,29",351664411,-5.933224516648999
A_prism32,5,"4,12,19,21,24",527961451,-6.129459288941543
A_prism32,5,"0,7,12,18,19",287651039,-5.8694734766019385
A_prism32,5,"0,2,3,11,20",647404153,-5.869885085952722
A_prism32,5,"0,10,13,26,30",1823442196,-5.888545307257618
A_prism32,5,"6,9,20,23,27",1475495488,-6.895266041562235
A_prism32,5,"2,4,20,21,29",112928611,-6.1496319475418115
A_prism32,5,"1,2,5,13,31",472150894,-5.946612352619044
A_prism32,5,"8,17,22,26,29",1850065634,-5.962117404147491
A_prism32,5,"1,7,8,11,12",1880878485,-5.908495903260465
A_prism32,5,"7,14,25,27,31",470972564,-6.9202205810158315
A_prism32,5,"3,5,22,24,28",1573746238,-5.962201169835551
A_prism32,5,"7,26,27,30,31",1852339689,-6.45543914344656
A_prism32,5,"5,6,14,15,31",1741129325,-6.003122198680643
A_prism32,5,"2,22,26,28,31",595334230,-6.317993146983992
A_prism32,5,"7,10,12,17,21",1953135635,-6.022981490090804
A_prism32,5,"4,6,13,21,23",672503892,-5.993397039053801
A_prism32,5,"16,24,27,29,31",344826429,-6.301700500567328
A_prism32,5,"0,13,19,26,30",1257320406,-5.918874937370873
A_prism32,5,"3,8,13,14,30",2009756843,-5.933391298727422
A_prism32,5,"1,5,28,29,31",986112748,-5.973675116174826
A_prism32,5,"2,5,13,17,19",1732652920,-5.898671282066454
A_prism32,5,"4,5,8,17,31",1054316716,-5.925253271418542
A_prism32,5,"3,10,15,24,26",1048560846,-6.098469079973963
A_prism32,5,"3,4,21,22,27",477247268,-6.003255525410276
A_prism32,5,"2,6,9,14,17",266636493,-6.736203488217905
A_prism32,5,"3,6,21,27,29",1858966420,-6.1013805792684535
A_prism32,5,"2,4,7,18,30",232239166,-6.204844830340168
A_prism32,5,"1,6,14,17,19",1932992974,-7.2943681818143595
A_prism32,5,"9,13,18,27,31",1123690328,-6.012682372354129
A_prism32,5,"6,14,18,24,26",738211549,-6.235756739649769
A_prism32,5,"1,10,13,19,23",1020519857,-6.009431816359019
A_prism32,5,"3,9,14,22,30",758834347,-6.1260547700520736
A_prism32,5,"6,12,13,15,28",1887461076,-6.03072001715072
A_prism32,5,"8,9,17,25,27",924049240,-5.941901407774296
A_prism32,5,"7,14,15,16,24",763275185,-6.104990765969089
A_prism32,5,"1,13,15,20,21",1780149653,-6.025195729276687
A_prism32,5,"0,11,14,18,23",1889130355,-5.90395629437459
A_prism32,5,"0,6,8,15,27",1856097050,-5.873563321398069
A_prism32,5,"1,19,24,26,30",1479440125,-6.385024913535205
A_prism32,5,"6,8,11,12,27",899886391,-5.931229080736685
A_prism32,5,"9,17,23,25,27",832745212,-6.9211551022617455
A_prism32,5,"0,4,20,25,28",1296367601,-5.875427335432942
A_prism32,5,"5,7,14,17,24",1103638926,-5.9688420356720355
A_prism32,5,"4,12,18,22,26",771763990,-6.125960115159029
A_prism32,5,"3,5,7,16,28",931024442,-5.916458193476864
A_prism32,5,"12,15,17,23,31",1913678879,-6.782736549324771
A_prism32,5,"3,5,6,15,27",363153338,-5.946846493139216
A_prism32,5,"9,17,20,24,31",2115736049,-6.535046887473946
A_prism32,5,"4,9,12,22,30",452686066,-7.877812173096402
A_prism32,5,"6,9,10,11,14",1227866424,-6.182210123961475
A_prism32,5,"11,14,17,18,24",1104187308,-6.240869693918234
A_prism32,5,"7,12,13,19,28",1385241271,-6.011782776505407
A_prism32,5,"11,14,21,27,29",887963468,-6.212938497315848
A_prism32,5,"9,13,16,27,31",751859054,-5.998725117101191
A_prism32,5,"1,11,19,24,30",1210514365,-6.443677292793223
A_prism32,5,"4,7,19,22,24",231016783,-6.571781836721669
A_prism32,5,"1,9,15,17,27",236418747,-7.34449587583009
A_prism32,5,"3,8,13,19,27",1319281884,-5.921419565840755
A_prism32,5,"11,21,25,26,31",86238079,-6.1574157925407125
A_prism32,5,"13,17,19,21,28",1871705043,-6.016390722136344
A_prism32,5,"8,9,13,21,30",1502489195,-5.941328136002835
A_prism32,5,"1,3,6,8,29",1454829697,-5.938385065131632
A_prism32,5,"2,5,8,26,27",508017555,-5.945085895705058
A_prism32,5,"0,6,12,14,30",1204402610,-5.872029756792234
A_prism32,5,"6,9,10,15,30",782379884,-6.281660704509802
A_prism32,5,"1,6,10,25,28",1947254820,-6.395322590489262
A_prism32,5,"11,17,21,24,27",1426119638,-6.1647802692189115
A_prism32,5,"5,13,15,16,19",472143708,-5.953608011696237
A_prism32,5,"2,5,11,13,26",871030197,-5.954857882102132
A_prism32,5,"2,4,7,18,25",75349068,-6.1054197539094535
A_prism32,5,"0,2,5,7,12",1112846639,-5.859670287018639
A_prism32,5,"3,4,10,17,29",860541840,-6.027658653526711
A_prism32,5,"3,6,8,18,31",1184396080,-5.945852738572472
A_prism32,5,"13,15,25,27,29",1032749607,-6.096862529956909
A_prism32,5,"0,5,23,27,31",1620917261,-5.897669298035766
A_prism32,5,"0,3,4,8,14",795123394,-5.861797847477228
A_prism32,5,"2,9,24,28,29",1832718126,-6.3063780646309535
A_prism32,5,"6,9,12,13,17",2093110724,-5.960786870160129
A_prism32,5,"3,6,14,19,22",1192730000,-6.095256744755517
A_prism32,5,"5,6,16,23,25",1335556775,-5.9681592212558074
A_prism32,5,"2,5,8,28,30",1868430543,-5.923234379268147
A_prism32,5,"10,14,23,24,26",697725254,-6.203489158689941
A_prism32,5,"2,5,11,17,29",493357703,-5.949365570867043
A_prism32,5,"6,25,26,28,30",752935202,-6.428908321568084
A_prism32,5,"6,10,17,25,27",1210095614,-6.359542451935517
A_prism32,5,"12,15,22,24,31",260110708,-6.6534749448050805
A_prism32,5,"0,8,11,20,25",761238132,-5.870968108866662
A_prism32,5,"5,7,12,19,22",1445369347,-5.933332216730988
A_prism32,5,"3,6,12,13,17",1749743926,-5.921530538749867
A_prism32,5,"5,12,21,25,29",1058525889,-5.986576180444532
A_prism32,5,"4,5,8,11,16",522651602,-5.890497468667691
A_prism32,5,"4,10,18,21,27",187342511,-6.119442787237019
A_prism32,5,"4,6,9,10,19",141438462,-6.220526843893613
A_prism32,5,"3,8,18,27,29",1526318527,-5.971653620765107
A_prism32,5,"3,12,24,30,31",1013583203,-6.178372172777247
A_prism32,5,"2,11,18,26,29",589421489,-6.148911857283216
A_prism32,5,"7,10,20,24,25",1460555825,-6.354805118819134
A_prism32,5,"17,21,22,26,30",482341707,-6.132076606114802
A_prism32,5,"3,8,9,12,15",1312813302,-5.881622246298393
A_prism32,5,"3,13,20,22,27",286955393,-5.9708605208661325
A_prism32,5,"5,10,15,17,21",1211220616,-5.942334268819289
A_prism32,5,"11,15,19,20,29",1046823702,-6.506049637134636
A_prism32,5,"5,13,17,24,25",795395753,-5.930891720477352
A_prism32,5,"6,18,19,29,30",2110146851,-6.27316414418051
A_prism32,5,"6,12,16,21,24",1633929859,-6.103961309074692
A_prism32,5,"9,12,18,26,30",920136715,-6.167307024354001
A_prism32,5,"19,22,23,24,26",425196054,-6.427538268525101
A_prism32,5,"11,13,17,24,25",949329501,-5.993321847624937
A_prism32,5,"3,9,15,20,26",454821900,-6.090437871067974
A_prism32,5,"4,8,10,28,29",232103131,-5.976436958728174
A_prism32,5,"0,6,9,15,29",1985201478,-5.880605329994775
A_prism32,5,"2,3,18,19,29",742919210,-6.042411160523462
A_prism32,5,"1,7,12,15,29",103396151,-6.325369784908305
A_prism32,5,"9,19,24,26,27",1226058347,-6.341539488946539
A_prism32,5,"3,13,16,22,25",250222736,-5.9829835582649595
A_prism32,5,"2,13,16,18,21",1110409903,-6.008823813229806
A_prism32,5,"0,3,15,21,30",984437673,-5.882924307432509
A_prism32,5,"1,24,25,29,31",1481548882,-6.484415024311348
A_prism32,5,"0,1,23,26,27",1679783145,-5.925002543582605
A_prism32,5,"0,7,8,11,31",1167556888,-5.878856101003174
A_prism32,5,"5,17,19,22,30",575228072,-5.9747328715937655
A_prism32,5,"1,14,16,18,27",932418826,-6.057250982417955
A_prism32,5,"0,9,15,19,25",711571509,-5.859364413126482
A_prism32,5,"1,8,17,19,27",529346663,-5.951057423189254
A_prism32,5,"4,7,11,13,25",915386838,-5.999712836044911
A_prism32,5,"3,26,27,28,29",1361877395,-6.1773511663417455
A_prism32,5,"10,11,12,17,24",500423692,-6.152588481434442
A_prism32,5,"3,7,16,22,28",857791058,-6.042038295073193
A_prism32,5,"10,17,19,20,21",868625890,-6.112857405004865
A_prism32,5,"12,16,17,21,25",738135723,-6.083541774194396
A_prism32,5,"4,8,14,21,29",1959187563,-5.94937025083409
A_prism32,5,"6,14,21,23,31",1046811394,-6.22798389086924
A_prism32,5,"0,4,7,27,30",2005227929,-5.873497137244853
A_prism32,5,"0,14,24,26,29",180412694,-5.9487993413200035
A_prism32,5,"4,9,14,16,21",589796941,-6.046918999794194
A_prism32,5,"2,6,19,20,25",2058687332,-6.870164084824565
A_prism32,5,"18,19,22,24,26",1762277323,-6.309359294735569
A_prism32,5,"1,3,5,10,14",729704009,-5.905159192613738
A_prism32,5,"5,7,12,19,21",441085201,-5.933257861196168
A_prism32,5,"6,13,18,23,24",280141395,-6.065094751178383
A_prism32,5,"2,11,14,22,31",1207440858,-6.5390999018248275
A_prism32,5,"2,14,23,25,27",833658298,-6.683892640707388
A_prism32,5,"1,4,6,12,15",1434141324,-7.03784669941657
A_prism32,5,"9,11,16,17,30",793099470,-6.183869766781146
A_prism32,5,"9,10,11,24,25",149221025,-6.2276451126307375
A_prism32,5,"0,7,9,17,22",1412611176,-5.8455468036777045
A_prism32,5,"9,15,17,20,29",1630972252,-6.506934772294235
A_prism32,5,"6,8,20,22,26",1123449716,-5.975815920286029
A_prism32,5,"2,15,18,25,26",978898254,-6.173479643253346
A_prism32,5,"9,14,19,20,28",2039637642,-7.293802090932472
A_prism32,5,"9,11,21,27,30",1017017231,-6.139893602851863
A_prism32,5,"0,14,16,20,24",798544866,-5.839153524273462
A_prism32,5,"10,14,17,27,29",1978523701,-6.388230201954048
A_prism32,5,"8,10,11,14,21",1452687823,-5.965149174707581
A_prism32,5,"5,15,17,22,27",2016072212,-5.962351146805572
A_prism32,5,"10,12,13,23,24",1139069579,-6.0316514431140495
A_prism32,5,"1,4,7,14,19",1426928974,-7.123870304018255
A_prism32,5,"0,12,21,24,25",1081346834,-5.901817437948517
A_prism32,5,"5,7,18,20,21",1996395187,-5.955799314970827
A_prism32,5,"1,7,11,30,31",1059244764,-6.615489353219614
A_prism32,5,"4,10,23,26,29",1642263621,-6.255749839945445
A_prism32,5,"6,8,12,13,24",595052927,-5.938331323955256
A_prism32,5,"0,4,11,22,23",78619320,-5.846507183181422
A_prism32,5,"1,5,20,21,30",552330072,-5.895521542893921
A_prism32,5,"1,8,10,13,20",851537825,-5.922486950418863
A_prism32,5,"1,2,10,26,30",1070117613,-6.19533130442009
A_prism32,5,"3,9,12,15,26",387942120,-6.063379939426099
A_prism32,5,"5,10,12,13,17",812585854,-5.891538850084191
A_prism32,5,"1,14,16,20,31",2071619216,-6.147792490502984
A_prism32,5,"2,10,12,19,29",535917678,-6.2601498831586975
A_prism32,5,"1,4,6,14,25",1910984024,-8.398317595215048
A_prism32,5,"6,20,24,28,31",329379474,-6.780934640434008
A_prism32,5,"10,12,15,24,28",1227035554,-6.3375142555411745
A_prism32,5,"1,6,10,23,24",513261017,-6.3574966498678736
A_prism32,5,"1,7,10,22,26",1075341013,-6.193635920545266
A_prism32,5,"4,10,12,23,29",1604357933,-6.261197167203912
A_prism32,5,"1,8,11,13,14",765963426,-5.903454774927097
A_prism32,5,"2,9,14,26,27",143835423,-6.354556270316936
A_prism32,5,"7,16,23,24,25",159941126,-6.227766973237155
A_prism32,5,"10,14,19,25,28",302654388,-6.378621862562107
A_prism32,5,"3,6,8,9,30",1129649388,-5.898838892101758
A_prism32,5,"8,15,23,25,28",1414589157,-6.01565300585791
A_prism32,5,"13,15,18,29,30",286025299,-6.0746389260374105
A_prism32,5,"5,8,18,19,25",377133984,-5.910173156398067
A_prism32,5,"5,7,12,16,26",1395931745,-5.958973978993373
A_prism32,5,"3,8,14,20,30",1735561990,-5.952624387319672
A_prism32,5,"11,14,24,29,30",1604362301,-6.466298446737868
A_prism32,5,"0,9,11,23,26",605428197,-5.886349080813175
A_prism32,5,"7,8,15,21,24",427236498,-6.002721940862204
A_prism32,5,"8,11,13,14,19",1631064985,-5.9305299859785805
A_prism32,5,"10,13,23,25,29",1855905475,-6.044314011117416
A_prism32,5,"7,15,23,26,27",560702835,-6.464202863235461
A_prism32,5,"5,8,12,13,19",1415642446,-5.887422230628647
A_prism32,5,"1,6,11,13,21",2110765918,-6.018724767181951
A_prism32,5,"0,3,10,11,16",1418790667,-5.894598175352458
A_prism32,5,"1,6,7,14,15",1712006506,-6.969320638861566
A_prism32,5,"3,7,13,24,28",1695806776,-5.990614759897201
A_prism32,5,"1,9,10,16,29",235701909,-6.103072778511462
A_prism32,5,"1,6,13,23,27",606339486,-5.983377046921145
A_prism32,5,"6,17,23,27,28",1668705389,-6.971516647183654
A_prism32,5,"1,3,10,12,28",1101769801,-6.010450631784759
A_prism32,5,"4,11,12,13,30",667360221,-6.006902594150603
A_prism32,5,"5,6,7,22,25",1268200670,-5.89939345128834
A_prism32,5,"1,13,16,21,26",589032439,-6.027396313866779
A_prism32,5,"0,7,9,20,29",2111237612,-5.878849547106057
A_prism32,5,"0,6,8,12,28",1074354917,-5.871600675059773
A_prism32,5,"4,6,16,28,29",1668182219,-6.15233188478133
A_prism32,5,"6,7,8,12,29",1138652788,-5.973208626377217
A_prism32,5,"3,6,9,25,31",1456064543,-6.128294422791161
A_prism32,5,"12,17,19,26,30",1874195323,-6.374694144388474
A_prism32,5,"3,5,6,18,25",1425452815,-5.898092690165072
A_prism32,5,"1,3,7,14,28",1155343646,-6.0195400442499345
A_prism32,5,"1,8,11,18,24",826247351,-6.029815491473762
A_prism32,5,"3,20,25,27,31",1484520538,-6.201492057963754
A_prism32,5,"0,12,21,26,30",843341441,-5.942220982505933
A_prism32,5,"4,16,18,26,30",1067066203,-6.092518966910611
A_prism32,5,"2,8,11,22,23",327005399,-5.9581567318648965
A_prism32,5,"0,3,4,14,16",198983008,-5.8519344564846705
A_prism32,5,"10,12,17,21,31",548512882,-6.139785166410865
A_prism32,5,"0,3,11,15,19",7591652,-5.875832506066247
A_prism32,5,"6,12,19,22,31",249388767,-6.838972426953024
A_prism32,5,"8,11,14,20,25",1847030710,-5.937369903746451
A_prism32,5,"12,14,20,22,25",1705007307,-7.426136701805352
A_prism32,5,"4,6,20,28,31",1075361105,-6.696366306974509
A_prism32,5,"0,2,20,22,24",829673730,-5.8743173597438405
A_prism32,5,"4,9,11,24,29",68208772,-6.243950271706441
A_prism32,5,"1,3,21,22,24",885140528,-6.049462842685212
A_prism32,5,"9,14,20,25,31",803300048,-6.83703418022527
A_prism32,5,"3,8,15,25,28",385828651,-5.926875599406101
A_prism32,5,"3,8,14,27,28",276869347,-5.956316866827987
A_prism32,5,"3,21,22,23,31",1230133247,-6.054597579192721
A_prism32,5,"2,5,6,12,22",1748102594,-5.888066737004156
A_prism32,5,"0,2,15,21,24",1081349926,-5.911011882852482
A_prism32,5,"6,17,28,29,30",1392875738,-6.571350176215259
A_prism32,5,"2,15,19,20,21",2066329319,-6.201181692664627
A_prism32,5,"20,22,24,25,31",78720312,-6.6892186969138105
A_prism32,5,"2,8,15,16,18",95693010,-5.943698081705253
A_prism32,5,"11,14,16,18,21",1430826559,-6.049513531419323
A_prism32,5,"1,13,15,22,26",515878448,-6.025862327241249
A_prism32,5,"2,12,22,24,28",1328441367,-6.562848760760354
A_prism32,5,"0,9,10,19,29",821416167,-5.877444977219397
A_prism32,5,"9,10,12,19,23",319606671,-6.298143204477631
A_prism32,5,"2,9,13,24,29",1002811100,-6.02169377581842
A_prism32,5,"3,17,19,20,25",1779922752,-6.139964385780786
A_prism32,5,"2,7,9,10,16",813944365,-6.039364050717035
A_prism32,5,"3,5,14,20,29",649228157,-5.957554417166952
A_prism32,5,"1,2,9,16,23",520460897,-6.114231008754743
A_prism32,5,"7,12,14,22,30",1512619097,-7.265103674868402
A_prism32,5,"2,22,28,29,30",31868914,-6.546855587840754
A_prism32,5,"3,7,9,20,28",17095101,-6.11612284146097
A_prism32,5,"5,6,18,21,30",1756717001,-5.964673782209522
A_prism32,5,"2,9,10,25,26",470771144,-6.103088800542771
A_prism32,5,"4,15,16,25,27",889396049,-6.159839621193315
A_prism32,5,"9,24,28,29,30",1800056729,-6.440425830147364
A_prism32,5,"7,12,14,19,31",742469650,-6.691533305555885
A_prism32,5,"3,5,8,14,22",1945404769,-5.896764144174605
A_prism32,5,"7,14,27,28,29",1571113415,-6.48853526547677
A_prism32,5,"4,8,20,24,25",2047922704,-5.956097431140424
A_prism32,5,"0,2,5,14,31",1131690374,-5.8682988958367055
A_prism32,5,"5,10,20,24,31",181973538,-6.018697200310649
A_prism32,5,"6,19,25,28,31",1154080186,-6.906181695079697
A_prism32,5,"15,28,29,30,31",538667805,-6.522607993850956
A_prism32,5,"7,17,19,29,31",1256135697,-6.516444867131137
A_prism32,5,"9,13,15,21,26",304438647,-6.0019573740850225
A_prism32,5,"4,11,14,15,31",1640738638,-6.378199350950792
A_prism32,5,"0,4,10,15,17",202376047,-5.830517432913119
A_prism32,5,"1,5,10,15,20",97973219,-5.943794829453183
A_prism32,5,"9,12,13,19,23",739024536,-6.00908186727482
A_prism32,5,"3,8,9,17,30",1817595740,-5.897245549093056
A_prism32,5,"0,4,5,6,11",1516408501,-5.854413148065331
A_prism32,5,"11,18,25,29,31",1496892375,-6.323579901659886
A_prism32,5,"12,15,20,21,24",1925182663,-6.126346997219281
A_prism32,5,"7,11,13,24,27",1894419411,-6.052095594433625
A_prism32,5,"2,5,26,28,29",1225015772,-6.0236986089522855
A_prism32,5,"5,9,14,18,30",2053510091,-5.953206930794835
A_prism32,5,"6,10,13,17,20",1984654527,-5.976526035431534
A_prism32,5,"9,16,18,26,29",1354766349,-6.109753904781285
A_prism32,5,"0,1,11,14,20",761214302,-5.880412873465552
A_prism32,5,"5,6,11,16,28",2143906869,-5.951698717163234
A_prism32,5,"0,7,17,19,31",1972882398,-5.888401039699478
A_prism32,5,"2,11,16,27,28",2013245214,-6.168877311886609
A_prism32,5,"1,5,16,20,29",755361317,-5.962549590735292
A_prism32,5,"10,15,25,27,30",1698483756,-6.46746966898882
A_prism32,5,"16,17,21,26,31",192147444,-6.10028012272887
A_prism32,5,"0,15,24,29,30",1005793524,-5.9356244717837265
A_prism32,5,"4,7,8,11,14",1793941387,-5.916429550669929
A_prism32,5,"11,16,25,26,27",1718236651,-6.113431351260958
A_prism32,5,"12,13,16,18,26",2029562131,-6.004821958460418
A_prism32,5,"0,5,12,19,27",1596631914,-5.863695586033934
A_prism32,5,"4,6,15,17,23",31804993,-6.709085344974103
A_prism32,5,"11,16,18,27,31",1090745515,-6.165321448409002
A_prism32,5,"10,15,18,21,25",220941507,-6.062265485868182
A_prism32,5,"1,2,7,8,21",952069744,-5.928249574095947
A_prism32,5,"3,4,9,11,27",824103590,-6.0030710501553335
A_prism32,5,"3,5,11,22,25",1070868262,-5.916522800230757
A_prism32,5,"3,4,8,25,26",387599911,-5.920602716385508
A_prism32,5,"10,13,21,22,27",1288047192,-5.98260366349912
A_prism32,5,"2,10,19,25,29",1154173334,-6.275080126149362
A_prism32,5,"2,7,9,24,31",1207066299,-6.453398690040122
A_prism32,5,"2,7,12,29,31",172955681,-6.482295729944014
A_prism32,5,"1,11,15,23,27",2091083443,-6.55830105584375
A_prism32,5,"1,8,11,14,21",894354520,-5.957322991136889
A_prism32,5,"6,10,15,16,27",1012839127,-6.155990614639681
A_prism32,5,"0,1,5,26,31",372017350,-5.902570175330136
A_prism32,5,"1,2,8,12,28",900329393,-5.934230805537437
A_prism32,5,"16,18,22,25,27",813972784,-6.205621996939085
A_prism32,5,"0,3,9,19,26",1595853787,-5.858589492225702
A_prism32,5,"9,13,16,26,30",229081256,-6.0159069876008155
A_prism32,5,"1,2,9,27,31",445871512,-6.637147271662551
A_prism32,5,"11,18,20,28,29",1964743534,-6.214904152504829
A_prism32,5,"11,14,17,24,30",2115155920,-6.600497912483407
A_prism32,5,"6,8,13,16,20",2036088435,-5.942706976536375
A_prism32,5,"0,1,7,12,24",170417780,-5.802665914318595
A_prism32,5,"0,1,6,27,31",39895021,-5.903540532983943
A_prism32,5,"11,12,14,19,21",424124859,-6.10872462382767
A_prism32,5,"3,6,12,20,28",134083048,-6.084466438036029
A_prism32,5,"11,16,19,23,30",1122881714,-6.265909634886302
A_prism32,5,"1,12,21,28,29",1291106819,-6.223571746277927
A_prism32,5,"1,6,13,17,30",795877187,-5.974635167647081
A_prism32,5,"1,6,13,27,30",1209437361,-5.977495659807535
A_prism32,5,"3,10,13,20,24",2016783115,-5.991790433744811
A_prism32,5,"2,3,15,16,28",1394971402,-6.058409228048363
A_prism32,5,"5,8,20,28,30",1801072205,-5.8726425300257015
A_prism32,5,"5,6,11,26,30",412450700,-5.978445824168728
A_prism32,5,"10,14,22,23,24",1108209135,-6.334341663506593
A_prism32,5,"1,6,14,27,29",999675600,-6.503705631263607
A_prism32,5,"2,8,19,21,25",897849134,-5.949721977707177
A_prism32,5,"0,3,18,20,27",654905482,-5.888998347402927
A_prism32,5,"8,9,13,25,30",1420834012,-5.837641817592999
A_prism32,5,"5,6,8,23,26",1194950019,-5.931561726620671
A_prism32,5,"1,3,11,20,28",1062417598,-6.087536921417464
A_prism32,5,"4,5,16,20,28",1531451163,-5.950717304579153
A_prism32,5,"3,13,15,21,29",2143160234,-6.044586325594946
A_prism32,5,"5,7,10,11,19",739191779,-5.961844301768378
A_prism32,5,"1,3,9,14,17",713110633,-5.976611839882583
A_prism32,5,"2,14,17,18,22",1961504608,-6.194479111913311
A_prism32,5,"1,5,14,20,23",1042065164,-5.923315255965155
A_prism32,5,"6,7,10,13,20",1601090157,-6.004493169140153
A_prism32,5,"1,5,7,30,31",350240491,-6.002686301071995
A_prism32,5,"2,8,21,27,29",1316391689,-6.029391636599088
A_prism32,5,"2,7,14,23,28",1490750145,-6.680019375276825
A_prism32,5,"2,5,6,11,13",1338372077,-5.899857720303382
A_prism32,5,"0,5,15,28,31",1193978973,-5.895243163926718
A_prism32,5,"0,8,15,23,31",1821222304,-5.892588409615508
A_prism32,5,"11,20,22,25,31",1965301128,-6.546131980511787
A_prism32,5,"4,8,16,19,20",92266658,-5.953214377136001
A_prism32,5,"7,8,12,28,29",1528621352,-6.0025810610060635
A_prism32,5,"1,8,18,19,26",1453203793,-5.992975198137739
A_prism32,5,"6,17,18,24,30",253301658,-6.250852114271223
A_prism32,5,"5,15,21,27,31",411277675,-6.003186818977132
A_prism32,5,"7,17,19,22,25",1759694798,-7.574945078441938
A_prism32,5,"2,4,12,13,22",734927825,-5.948497660672567
A_prism32,5,"0,10,11,17,31",528048695,-5.899373776522979
A_prism32,5,"1,6,8,10,17",1697812359,-5.913632738654618
A_prism32,5,"9,13,17,20,24",1691081765,-6.0171831459191845
A_prism32,5,"14,16,18,21,28",519886308,-6.1034486453605
A_prism32,5,"15,16,20,22,26",30519524,-6.186851879995968
A_prism32,5,"5,7,12,17,20",658732338,-5.837172608891508
A_prism32,5,"2,4,6,23,27",884119585,-6.563755958116894
A_prism32,5,"0,6,7,15,30",1099829232,-5.885453879406333
A_prism32,5,"7,9,18,21,28",98350703,-6.111148160886865
A_prism32,5,"1,4,18,26,28",236631826,-6.113780404249119
A_prism32,5,"7,13,17,22,28",1936400049,-5.9901184813771255
A_prism32,5,"7,8,11,22,28",1450085759,-5.964532650369045
A_prism32,5,"4,13,14,15,28",750294925,-5.9921155644804305
A_prism32,5,"3,13,16,28,31",1663734741,-5.964146638316275
A_prism32,5,"12,13,21,29,31",226727893,-6.03065519391496
A_prism32,5,"0,2,5,25,29",1122803641,-5.862845847121966
A_prism32,5,"7,9,12,27,29",2087512553,-6.465120725418874
A_prism32,5,"10,11,16,18,31",612637581,-6.098573204649981
A_prism32,5,"12,21,23,26,28",2103168047,-6.192887028014479
A_prism32,5,"2,3,12,18,19",1174969734,-6.010164983721952
A_prism32,5,"1,2,12,23,28",1560555855,-6.550011877878895
A_prism32,5,"8,13,20,24,26",1450506283,-5.971441731676199
A_prism32,5,"2,6,13,17,30",795344835,-5.97421005346642
A_prism32,5,"1,15,18,19,31",251524742,-6.303445235100508
A_prism32,5,"7,8,11,16,30",282911462,-5.953349913610175
A_prism32,5,"1,6,19,27,31",1268505539,-6.613404862034562
A_prism32,5,"0,1,3,9,27",549534621,-5.851053785214763
A_prism32,5,"6,11,17,22,27",462630513,-6.6094663720164535
A_prism32,5,"15,17,24,28,30",1311904792,-6.638983871057894
A_prism32,5,"3,9,15,16,28",770589005,-6.02044431127819
A_prism32,5,"8,9,19,21,24",1039362234,-5.968543974357711
A_prism32,5,"4,11,13,19,27",1128498833,-6.021571246776752
A_prism32,5,"6,12,17,24,28",1100198873,-6.602429272931789
A_prism32,5,"3,15,16,22,27",1084633537,-6.0317271045780005
A_prism32,5,"2,6,11,12,22",964081107,-6.34498923402541
A_prism32,5,"1,3,7,16,24",865155556,-6.023310564874601
A_prism32,5,"0,8,13,14,28",506684948,-5.88047161488168
A_prism32,5,"0,8,16,21,29",1309351375,-5.919117306794976
A_prism32,5,"0,8,9,11,30",809886083,-5.856470165940356
A_prism32,5,"17,22,24,25,28",756626151,-6.69216923075904
A_prism32,5,"0,23,25,26,27",923118992,-5.936895284493043
A_prism32,5,"2,11,16,24,30",1608211776,-6.168533033823454
A_prism32,5,"2,17,26,30,31",1627425355,-6.3098757817878655
A_prism32,5,"4,5,22,23,25",547226093,-5.966926959476314
A_prism32,5,"19,22,23,24,30",1671155477,-6.550109775338955
A_prism32,5,"4,12,18,27,30",1311411252,-6.235738252485608
A_prism32,5,"3,6,13,15,23",992237340,-5.998340083568755
A_prism32,5,"0,8,10,24,28",1864855046,-5.87885699585037
A_prism32,5,"7,11,12,23,29",1616632049,-6.36812816382928
A_prism32,5,"1,8,15,16,26",83951814,-5.998178942128098
A_prism32,5,"2,3,5,13,18",897779511,-5.9029635658486255
A_prism32,5,"1,6,15,21,24",533304950,-6.153848355887015
A_prism32,5,"0,1,13,25,28",747750262,-5.871989106408724
A_prism32,5,"4,20,23,25,31",803263356,-6.602557801058437
A_prism32,5,"2,3,17,22,24",971756498,-6.076631709599276
A_prism32,5,"1,10,11,21,22",489187299,-6.067041497524122
A_prism32,5,"1,6,13,14,30",59422076,-5.95531051617819
A_prism32,5,"2,3,17,18,28",528599360,-6.004827039331428
A_prism32,5,"4,9,15,25,27",1622427288,-7.229746469098893
A_prism32,5,"1,10,16,27,29",1425653247,-6.119033714980372
A_prism32,5,"3,4,28,29,31",1755987674,-6.140095750045807
A_prism32,5,"8,19,24,29,31",842610667,-6.061294042866889
A_prism32,5,"11,13,19,21,23",1066538956,-5.982145514603558
A_prism32,5,"8,12,16,23,28",1727561932,-5.999215103737868
A_prism32,5,"6,11,12,21,22",2033492492,-6.093230025371681
A_prism32,5,"2,5,14,22,24",1409417109,-5.925790116603316
A_prism32,5,"1,6,14,29,30",708532043,-6.456366322576862
A_prism32,5,"9,11,12,19,20",1315566582,-6.552260161814873
A_prism32,5,"7,10,16,17,31",1471914451,-6.096734819941432
A_prism32,5,"0,7,9,13,17",198335497,-5.855964315777445
A_prism32,5,"3,6,12,19,24",1392812086,-6.075000062692114
A_prism32,5,"7,11,15,16,25",1384448408,-6.195161328852738
A_prism32,5,"2,5,13,18,21",1872949946,-5.950937614372173
A_prism32,5,"6,9,12,18,29",1469952502,-6.158230392542518
A_prism32,5,"4,18,21,24,26",304804466,-6.096587020001391
A_prism32,5,"1,8,11,19,20",1032430709,-5.937054645902475
A_prism32,5,"10,17,26,27,31",1682494267,-6.212496319361026
A_prism32,5,"1,7,8,9,14",1725373147,-5.844212032440311
A_prism32,5,"8,21,24,25,28",2051585240,-6.020171864681832
A_prism32,5,"2,3,7,12,17",968820035,-5.9441711130665755
A_prism32,5,"2,3,5,15,16",1954203905,-5.91440555732251
A_prism32,5,"0,2,4,17,18",1596658556,-5.853402299053379
A_prism32,5,"7,16,20,24,31",462238349,-6.275533797826308
A_prism32,5,"6,16,18,20,31",1789887501,-6.0569062054887635
A_prism32,5,"10,13,15,24,30",1103527728,-6.020516695326367
A_prism32,5,"1,4,13,20,24",2079243810,-6.036748778569324
A_prism32,5,"9,14,17,20,29",937903508,-6.33122302881716
A_prism32,5,"6,9,13,18,28",58165959,-5.993644132148485
A_prism32,5,"4,10,22,27,28",625688610,-6.434670228329918
A_prism32,5,"3,5,10,19,22",545056254,-5.922779451059433
A_prism32,5,"1,18,25,28,31",1885123037,-6.302947603822694
A_prism32,5,"13,16,19,23,30",1571616465,-6.025556720702082
A_prism32,5,"0,14,21,22,24",980704607,-5.837561955330067
A_prism32,5,"2,14,15,23,31",292174793,-6.621666206776825
A_prism32,5,"0,6,10,11,25",70787297,-5.854190068144076
A_prism8,3,"0,2,16",917261398,-5.869165842669442
A_prism8,3,"17,26,31",251263916,-6.416144920770085
A_prism8,3,"12,17,21",1073402584,-6.086983033788101
A_prism8,3,"5,14,27",1038493128,-5.880258066802251
A_prism8,3,"4,21,31",1910783325,-6.0885434907860985
A_prism8,3,"7,15,28",894597365,-6.1527785764524685
A_prism8,3,"3,15,23",1686630392,-6.024373739489041
A_prism8,3,"8,12,22",1451237346,-5.857667101044436
A_prism8,3,"17,24,25",1753242014,-6.48770873748629
A_prism8,3,"15,23,28",670009200,-7.289878930061148
A_prism8,3,"0,2,18",724983920,-5.866351210554521
A_prism8,3,"0,17,31",673233068,-5.865810883510722
A_prism8,3,"13,22,27",1249171163,-6.004877386209307
A_prism8,3,"24,26,28",1806727388,-6.252853343880064
A_prism8,3,"6,14,18",274201311,-6.145228417497462
A_prism8,3,"17,27,29",190813805,-6.506045721269053
A_prism8,3,"5,10,16",1617337750,-6.018962641918806
A_prism8,3,"7,16,23",1605716081,-6.130426164231866
A_prism8,3,"0,19,31",479642892,-5.897828474706109
A_prism8,3,"3,24,28",1180020967,-6.044020216182886
A_prism8,3,"1,23,28",539222323,-6.959522519299772
A_prism8,3,"3,6,23",1714879264,-5.984156426001616
A_prism8,3,"11,21,28",1098122238,-6.072233253024669
A_prism8,3,"11,16,30",280522311,-6.147131093133719
A_prism8,3,"9,12,26",1017732686,-6.245260948899074
A_prism8,3,"18,20,24",310249408,-6.230547032280789
A_prism8,3,"6,17,28",1110707840,-7.26577187109772
A_prism8,3,"5,8,19",2046937764,-5.841946230703582
A_prism8,3,"1,17,29",1816884550,-6.285299630808346
A_prism8,3,"10,18,19",1652973185,-6.062727271405818
A_prism8,3,"6,14,31",1539142842,-6.993632943002143
A_prism8,3,"12,14,26",952427446,-6.280140614553408
A_prism8,3,"1,12,28",1405292794,-7.714335915054541
A_prism8,3,"13,27,30",316908421,-5.950320360961628
A_prism8,3,"14,16,28",1998914840,-6.184059035214819
A_prism8,3,"2,3,13",742970629,-5.925823305614871
A_prism8,3,"17,27,31",953005132,-6.948831261718386
A_prism8,3,"1,3,19",1006230310,-5.952831777815222
A_prism8,3,"16,28,29",1880461968,-6.20690377071174
A_prism8,3,"10,21,30",730616182,-6.118649710696501
A_prism8,3,"0,3,29",343828146,-5.805367397376684
A_prism8,3,"0,13,24",600993587,-5.841239368905834
A_prism8,3,"2,9,27",1115687583,-6.729984914296776
A_prism8,3,"3,21,29",895455436,-5.997529913853427
A_prism8,3,"6,29,30",152338750,-6.45907239300603
A_prism8,3,"1,3,14",1392173225,-5.9581385958986415
A_prism8,3,"8,12,19",1800492367,-6.016733219476938
A_prism8,3,"5,20,29",349346798,-5.921917471928896
A_prism8,3,"1,10,22",2116209858,-6.208495449392345
A_prism8,3,"2,9,12",1332911055,-6.41788859615962
A_prism8,3,"5,7,10",1111732570,-5.905794752405344
A_prism8,3,"19,27,31",1761202901,-7.206990817089394
A_prism8,3,"3,19,29",1489147107,-6.007414004838603
A_prism8,3,"8,11,16",441210924,-5.8895743945076
A_prism8,3,"1,16,22",887428668,-6.061953465981648
A_prism8,3,"10,11,18",1484630714,-6.163483059484642
A_prism8,3,"14,19,28",1754421023,-6.254323270777664
A_prism8,3,"1,10,22",1619345075,-6.089270893122879
A_prism8,3,"0,9,12",1036380479,-5.875128597840539
A_prism8,3,"14,18,23",82822520,-6.213609801041748
A_prism8,3,"3,4,27",226525905,-5.962458888672397
A_prism8,3,"6,20,24",1211537440,-6.656796060826294
A_prism8,3,"1,2,23",2090202951,-6.500209990670422
A_prism8,3,"2,27,29",1016955298,-6.386169813182383
A_prism8,3,"3,21,28",1817538348,-5.989198700039524
A_prism8,3,"11,22,26",977521358,-6.221039325688913
A_prism8,3,"14,18,27",1228391902,-6.22925737145817
A_prism8,3,"2,9,13",2004547489,-5.97105331428858
A_prism8,3,"6,8,24",461384452,-5.974481875338215
A_prism8,3,"13,16,19",1168624280,-5.999923407422092
A_prism8,3,"2,17,31",1828885160,-6.702320226805527
A_prism8,3,"1,9,15",2127907797,-6.875348138122734
A_prism8,3,"3,5,13",1498018479,-5.849763260242919
A_prism8,3,"5,20,26",903732671,-5.942425488660655
A_prism8,3,"18,26,27",358874095,-6.260331799136453
A_prism8,3,"0,9,19",377284677,-5.783017595055571
A_prism8,3,"11,14,22",1229696436,-6.561486993553624
A_prism8,3,"4,12,29",247475056,-6.380903164298089
A_prism8,3,"2,12,14",780522516,-6.704248093182527
A_prism8,3,"4,19,28",1925465367,-6.9206906410027695
A_prism8,3,"0,6,14",174551317,-5.819960914374411
A_prism8,3,"10,26,28",1898278156,-6.157518046103354
A_prism8,3,"8,15,28",271751622,-5.9120184856739675
A_prism8,3,"1,2,13",345823838,-5.935273953549774
A_prism8,3,"12,17,19",1814109545,-7.000472142256211
A_prism8,3,"1,6,14",1010090343,-6.993861396550494
A_prism8,3,"13,19,23",2017716309,-6.026026933988169
A_prism8,3,"3,17,30",2076399118,-5.98156695399837
A_prism8,3,"7,17,22",1690677112,-8.495073133228605
A_prism8,3,"6,13,28",2000114251,-5.991615530710778
A_prism8,3,"0,10,14",2035040097,-5.849151290450368
A_prism8,3,"11,18,23",1948381223,-6.251570916377392
A_prism8,3,"20,21,24",701797395,-6.188432238172122
A_prism8,3,"2,15,25",1642139304,-6.720179492667861
A_prism8,3,"8,9,27",1176981819,-5.873904076718702
A_prism8,3,"5,29,30",59521486,-5.972403600266308
A_prism8,3,"17,18,21",874619127,-6.0192006311778465
A_prism8,3,"5,10,28",579500781,-5.925495957360826
A_prism8,3,"5,9,14",1785318257,-5.859543635117232
A_prism8,3,"7,14,15",232696423,-6.448855454752132
A_prism8,3,"14,18,22",301425646,-6.1241114079073355
A_prism8,3,"8,19,28",1278843618,-5.9920396592361245
A_prism8,3,"0,1,25",258300736,-5.825142255089279
A_prism8,3,"17,24,26",2116275948,-6.245269702234322
A_prism8,3,"3,12,15",404867694,-5.900435141882553
A_prism8,3,"9,24,31",1062521084,-6.602474864441912
A_prism8,3,"8,17,29",1633486942,-5.938324225377223
A_prism8,3,"1,21,29",1525730595,-6.2098812743547755
A_prism8,3,"4,11,22",1854425056,-6.266445767975186
A_prism8,3,"7,8,9",1291709806,-5.854957210473513
A_prism8,3,"3,17,19",1321641324,-5.941354315784291
A_prism8,3,"2,7,8",1587711636,-5.862299627389848
A_prism8,3,"20,29,31",120677572,-6.545806178020143
A_prism8,3,"11,16,27",1097994556,-6.167109316489792
A_prism8,3,"25,28,31",1611047984,-7.154519412080955
A_prism8,3,"6,10,27",899816846,-6.310772205157464
A_prism8,3,"15,28,31",1847539870,-7.240204611799827
A_prism8,3,"8,10,26",324703486,-5.966335906773783
A_prism8,3,"12,13,21",1981212750,-6.001536729984875
A_prism8,3,"22,24,25",1004698459,-6.6826594329569735
A_prism8,3,"19,25,27",891140591,-6.333863262077875
A_prism8,3,"15,26,28",1864552621,-6.489100079424198
A_prism8,3,"4,11,20",1477130042,-6.469833232276028
A_prism8,3,"2,19,31",2080267245,-6.571491391248024
A_prism8,3,"2,4,25",812392705,-6.541138255399472
A_prism8,3,"0,11,27",367776820,-5.855186073025842
A_prism8,3,"6,8,12",23299429,-5.872310512082143
A_prism8,3,"1,10,13",797373771,-5.949010775943349
A_prism8,3,"1,26,31",320202883,-6.299444991390349
A_prism8,3,"0,7,26",1060777881,-5.874244173095659
A_prism8,3,"15,30,31",1705362602,-6.9314309641240115
A_prism8,3,"13,21,29",1062265307,-6.011812441602644
A_prism8,3,"13,19,22",46347795,-5.867919143969543
A_prism8,3,"11,14,26",137248393,-6.423619573136877
A_prism8,3,"9,25,27",1589489416,-7.451832739660628
A_prism8,3,"3,5,26",1938787458,-5.912875844639238
A_prism8,3,"6,11,13",678708433,-5.978579532099548
A_prism8,3,"5,10,18",52803923,-5.942823190872971
A_prism8,3,"5,8,10",279015277,-5.916708489256677
A_prism8,3,"14,23,28",1858279391,-7.019472080067308
A_prism8,3,"8,17,26",69618908,-5.937593024180015
A_prism8,3,"3,8,10",2102989722,-5.856856706066988
A_prism8,3,"2,4,14",975490804,-6.447740985514424
A_prism8,3,"4,21,30",1829857190,-6.197772778992128
A_prism8,3,"0,7,26",754863524,-5.869112399967443
A_prism8,3,"14,21,30",1813316331,-6.059033220439332
A_prism8,3,"9,12,27",2129670044,-7.313368081209699
A_prism8,3,"2,28,30",2041577182,-6.886442801876181
A_prism8,3,"6,10,24",510025411,-6.173302034904756
A_prism8,3,"13,14,24",771097527,-5.979514835015084
A_prism8,3,"2,7,20",1568548131,-6.794468303376651
A_prism8,3,"2,7,20",418409396,-6.800861046468079
A_prism8,3,"4,9,21",1516132565,-6.110979952821644
A_prism8,3,"1,3,12",1549217862,-5.870663594279713
A_prism8,3,"8,13,16",548866331,-5.8957265268528865
A_prism8,3,"1,10,28",1063208370,-6.231971827556605
A_prism8,3,"8,17,18",1272658455,-5.956224996165073
A_prism8,3,"1,4,11",1833434658,-6.134127641542292
A_prism8,3,"10,24,31",306663893,-6.259313729933589
A_prism8,3,"3,13,18",21038796,-5.883130108596758
A_prism8,3,"0,12,14",758182928,-5.8616709154585935
A_prism8,3,"4,18,25",707837297,-6.13559910987722
A_prism8,3,"14,28,30",1893756238,-6.558120569522161
A_prism8,3,"10,18,26",1898530886,-6.132946680684645
A_prism8,3,"7,22,28",456051427,-6.639147019306816
A_prism8,3,"9,13,20",177517006,-5.898096116142546
A_prism8,3,"1,5,7",1571850130,-5.869190526616115
A_prism8,3,"5,6,19",442430342,-5.930670139196556
A_prism8,3,"19,23,30",123901520,-7.288665443220465
A_prism8,3,"7,21,27",834927842,-6.160464952683526
A_prism8,3,"12,14,26",2123135805,-6.351892405712819
A_prism8,3,"14,24,30",1393355283,-6.699787768432083
A_prism8,3,"6,13,16",732263852,-5.95938115101371
A_prism8,3,"1,15,25",1588593614,-6.360320494873599
A_prism8,3,"2,3,6",511553842,-5.83613654887392
A_prism8,3,"4,18,22",1102058828,-6.018447961940924
A_prism8,3,"0,11,27",1809473800,-5.837738943599867
A_prism8,3,"0,14,26",1512675041,-5.863567368717627
A_prism8,3,"1,11,17",1033961049,-6.186622029285135
A_prism8,3,"13,19,21",998802333,-6.060633906085083
A_prism8,3,"21,24,29",1517922699,-6.249051108495973
A_prism8,3,"9,22,31",1063211244,-6.75006690197443
A_prism8,3,"4,7,16",978224188,-5.9743708879115305
A_prism8,3,"2,13,30",999750115,-5.975729061125865
A_prism8,3,"16,20,24",616601734,-6.194141560098004
A_prism8,3,"7,13,16",1069907213,-5.985663371105855
A_prism8,3,"8,11,14",492138310,-5.904544091112787
A_prism8,3,"19,28,30",358813788,-6.321240400538452
A_prism8,3,"0,12,27",1099231363,-5.843168811595284
A_prism8,3,"20,23,25",1729279875,-7.314977664404781
A_prism8,3,"22,24,31",850252132,-6.697536685956946
A_prism8,3,"2,14,30",814671706,-6.900005702553269
A_prism8,3,"18,25,28",1704676897,-6.2466186617423665
A_prism8,3,"18,19,27",1973435073,-6.25899337903218
A_prism8,3,"5,6,26",943121505,-5.936978260389378
A_prism8,3,"6,16,22",53591908,-6.1238729572464905
A_prism8,3,"4,24,30",107333516,-6.600828602084682
A_prism8,3,"8,20,28",732641101,-5.974641452771729
A_prism8,3,"10,12,21",553224380,-6.063560561481085
A_prism8,3,"4,13,15",715738603,-5.922562612245769
A_prism8,3,"23,24,28",1117192875,-6.549535012227613
A_prism8,3,"5,9,10",49719275,-5.8563766876793215
A_prism8,3,"11,13,29",894866996,-6.043014029726983
A_prism8,3,"4,19,31",1719467864,-6.564389518220878
A_prism8,3,"2,4,30",139784814,-6.640956635947649
A_prism8,3,"17,25,27",1309034331,-7.712678443157514
A_prism8,3,"3,16,24",994985573,-5.948652057367089
A_prism8,3,"19,21,28",1904401745,-6.1340962816121
A_prism8,3,"3,12,22",1414612564,-5.983618537462967
A_prism8,3,"5,11,21",848105337,-5.95930237015566
A_prism8,3,"0,13,23",1996406399,-5.801487777279857
A_prism8,3,"2,6,29",755347361,-6.409645624895529
A_prism8,3,"6,18,20",1879089521,-6.152814158826871
A_prism8,3,"1,18,26",1065887853,-6.099909007773615
A_prism8,3,"12,21,22",1683264883,-6.2173039985057015
A_prism8,3,"6,18,27",2122620777,-6.264620473833496
A_prism8,3,"7,8,10",147212550,-5.996679546676145
A_prism8,3,"1,7,12",288416106,-8.538105797981713
A_prism8,3,"0,20,22",1716957,-5.752370255078861
A_prism8,3,"2,16,17",269583726,-6.105571221369305
A_prism8,3,"3,21,27",1857648859,-5.9800302954382785
A_prism8,3,"6,21,28",1599982197,-6.1335517840932186
A_prism8,3,"13,25,31",1250932165,-5.990955515681549
A_prism8,3,"17,28,31",1919584618,-7.045444799976725
A_prism8,3,"2,8,23",56946583,-5.942913467203583
A_prism8,3,"3,22,25",1244703820,-6.038427272701993
A_prism8,3,"9,16,19",423819965,-6.138326109220224
A_prism8,3,"5,11,30",2021473096,-5.901278593765332
A_prism8,3,"11,27,28",1398019095,-6.617563499957729
A_prism8,3,"2,8,20",397164757,-5.910729740309261
A_prism8,3,"11,23,31",1998352389,-6.623174103425609
A_prism8,3,"14,19,28",317208235,-6.13404605649959
A_prism8,3,"18,22,30",1649097801,-6.2555611247798835
A_prism8,3,"0,17,31",2042273570,-5.869342873489481
A_prism8,3,"16,27,28",791655161,-6.258663237404477
A_prism8,3,"9,17,28",62852561,-7.293747596477201
A_prism8,3,"9,15,16",2049495711,-6.097201628497784
A_prism8,3,"6,17,25",999079576,-7.892632721038479
A_prism8,3,"10,22,29",855568996,-6.213873250807829
A_prism8,3,"8,14,19",1240089428,-5.905781720861979
A_prism8,3,"8,13,14",1068724832,-5.850868434587147
A_prism8,3,"4,10,16",792338841,-6.08143146986673
A_prism8,3,"5,6,20",1025505763,-5.843826497450419
A_prism8,3,"0,4,17",1808591917,-5.774304696543352
A_prism8,3,"1,2,14",418567367,-6.445413581535005
A_prism8,3,"8,21,25",1945578413,-5.884126609988195
A_prism8,3,"12,22,29",1417706166,-6.519266112518437
A_prism8,3,"13,15,26",103672547,-5.986440459103389
A_prism8,3,"0,17,23",273534749,-5.78532616686923
A_prism8,3,"1,4,17",368009667,-6.095291144697227
A_prism8,3,"9,23,27",552670368,-6.854701513229398
A_prism8,3,"0,10,16",1968763807,-5.822657929980034
A_prism8,3,"21,24,29",353106309,-6.135022746443888
A_prism8,3,"2,11,20",1842079335,-6.277615282642937
A_prism8,3,"12,16,19",465270860,-6.2652149609323775
A_prism8,3,"6,11,13",1718255350,-5.97091965199213
A_prism8,3,"24,27,30",718067903,-6.700688488664363
A_prism8,3,"21,24,27",1509324647,-6.11723076165312
A_prism8,3,"4,18,21",1747772622,-6.0263076897741445
A_prism8,3,"2,25,29",527737440,-6.658587636043088
A_prism8,3,"0,7,13",919387528,-5.8045799919931635
A_prism8,3,"9,16,24",1553848749,-6.103639709203532
A_prism8,3,"0,22,23",1083671132,-5.836777814078168
A_prism8,3,"8,24,27",34400554,-5.91435443118592
A_prism8,3,"23,26,31",1711093588,-6.367023491930948
A_prism8,3,"8,20,29",1978397842,-6.027273865054145
A_prism8,3,"3,4,16",667201479,-5.86298399674471
A_prism8,3,"5,18,22",1928590453,-5.862400113549107
A_prism8,3,"13,17,19",627119236,-5.979164237928541
A_prism8,3,"16,27,28",1638923686,-6.159354064695527
A_prism8,3,"3,4,21",1205956657,-6.036555895148186
A_prism8,3,"4,18,27",2089791101,-6.30681638223637
A_prism8,3,"5,12,29",1223166360,-5.95927596747969
A_prism8,3,"3,4,19",128611516,-5.997528441378172
A_prism8,3,"10,17,20",1238119001,-6.243766582883963
A_prism8,3,"12,16,17",1914953526,-6.0683530115211415
A_prism8,3,"10,16,23",1464755005,-6.210324582499926
A_prism8,3,"8,12,28",1302676392,-5.8628084430181175
A_prism8,3,"0,3,13",1225754752,-5.806607898378136
A_prism8,3,"0,5,12",1445812735,-5.849123341492551
A_prism8,3,"20,29,30",4332154,-6.678366556105606
A_prism8,3,"2,7,22",1413201278,-6.670060749387033
A_prism8,3,"4,13,23",1844897433,-5.905658863608561
A_prism8,3,"5,6,9",971726441,-5.837206484881096
A_prism8,3,"2,23,26",1271697563,-6.244396421711403
A_prism8,3,"16,29,30",1802744879,-6.268648601299067
A_prism8,3,"7,23,26",4853804,-6.426281727248605
A_prism8,3,"23,27,28",851465461,-7.302300808730138
A_prism8,3,"3,13,28",332902137,-5.9725815484548965
A_prism8,3,"2,9,11",977125265,-6.351113311499803
A_prism8,3,"2,14,19",2038266007,-6.606226377584881
A_prism8,3,"2,20,21",2037227260,-6.171253039062622
A_prism8,3,"4,23,24",1590648380,-6.68071671748381
A_prism8,3,"25,27,30",1842705958,-6.7456405942117454
A_prism8,3,"8,13,26",2000921215,-5.904676691022591
A_prism8,3,"10,11,25",1242135233,-6.274451763015742
A_prism8,3,"0,18,24",374543445,-5.824447993232025
A_prism8,3,"0,25,28",1797163863,-5.858733419705927
A_prism8,3,"4,7,9",1902587667,-7.82920207728136
A_prism8,3,"4,8,11",491337895,-5.844422071148278
A_prism8,3,"3,18,26",1075987813,-5.975666730072414
A_prism8,3,"2,9,15",967608360,-6.463099661575206
A_prism8,3,"7,15,20",169016513,-6.398856440695895
A_prism8,3,"1,2,6",404849364,-6.357056223984586
A_prism8,3,"7,10,22",366008628,-6.246459983524251
A_prism8,3,"3,9,15",1305414900,-5.916892986424379
A_prism8,3,"12,23,29",2057284621,-6.666196895157437
A_prism8,3,"1,8,15",1589509433,-5.923720974322641
A_prism8,3,"1,2,27",663817396,-6.601929217638891
A_prism8,3,"12,25,27",2131982923,-8.257830503891856
A_prism8,3,"20,22,31",660151513,-7.106272253612339
A_prism8,3,"8,16,23",1153079964,-5.975020971622074
A_prism8,3,"11,20,27",1211682475,-6.636678329845641
A_prism8,3,"8,22,31",2099642820,-5.897237281447893
A_prism8,3,"8,14,25",1266529910,-5.8812669030357405
A_prism8,3,"10,16,25",1286658556,-6.079429646121114
A_prism8,3,"28,29,30",1177330867,-6.557477470258028
A_prism8,3,"5,14,17",1577547333,-5.87906587428556
A_prism8,3,"4,9,30",64203812,-7.551885980819663
A_prism8,3,"4,13,21",1188088032,-6.002204197074326
A_prism8,3,"7,23,30",477432012,-7.2513851446138755
A_prism8,3,"3,21,28",152950,-5.92813445465861
A_prism8,3,"16,17,22",609370578,-6.100217513194116
A_prism8,3,"20,25,31",661076587,-6.90954084966426
A_prism8,3,"2,28,29",404706793,-6.409606925740056
A_prism8,3,"19,21,25",1694642675,-6.114416110275599
A_prism8,3,"2,7,19",58333913,-6.627695098706165
A_prism8,3,"11,19,22",1332587511,-6.569013231517939
A_prism8,3,"4,19,21",193005390,-6.154584911524917
A_prism8,3,"10,20,21",817381288,-6.116573597390933
A_prism8,3,"0,1,17",334544761,-5.784306844718383
A_prism8,3,"4,16,20",1063964573,-6.057130848993225
A_prism8,3,"22,23,26",991771407,-6.439594208261051
A_prism8,3,"2,3,29",2128694543,-5.9704129506900925
A_prism8,3,"0,7,20",784997123,-5.853719452367443
A_prism8,3,"9,16,23",697825412,-6.094313847420266
A_prism8,3,"5,8,27",490480943,-5.930748440623866
A_prism8,3,"16,24,26",525001893,-6.144291854884013
A_prism8,3,"15,24,28",1269503308,-6.820564367729911
A_prism8,3,"2,12,16",1733351948,-6.152358151057802
A_prism8,3,"9,14,23",1036358126,-6.877813047118591
A_prism8,3,"2,12,21",963069312,-6.0389848725360515
A_prism8,3,"1,12,28",1753423394,-8.003567370944676
A_prism8,3,"0,5,17",2105838509,-5.870488949730617
A_prism8,3,"6,28,31",1539296085,-7.126149258034977
A_prism8,3,"5,8,16",1725127149,-5.877517294158599
A_prism8,3,"1,15,18",779930854,-6.080514499654649
A_prism8,3,"4,7,13",1084596172,-5.904885604040174
A_prism8,3,"8,10,23",885836686,-5.891443641491497
A_prism8,3,"0,10,15",152357803,-5.847709528802184
A_prism8,3,"11,12,31",1946899594,-6.418914466758859
A_prism8,3,"4,19,30",1366100684,-6.838709419139295
A_prism8,3,"5,15,26",1733618205,-5.933954269675909
A_prism8,3,"11,12,26",1320110704,-6.221457759213391
A_prism8,3,"5,16,29",1940416143,-6.001398244684844
A_prism8,3,"11,15,27",30457908,-6.565955028646275
A_prism8,3,"3,4,24",654196814,-6.035371319251441
A_prism8,3,"8,26,29",147531929,-5.966835624304896
A_prism8,3,"17,28,30",620317021,-7.419381411399955
A_prism8,3,"14,19,30",1121109035,-6.508748051434621
A_prism8,3,"1,7,22",1595622516,-7.71196295458145
A_prism8,3,"16,17,19",1259675711,-6.120951531236865
A_prism8,3,"3,5,22",164153952,-5.835910221820148
A_prism8,3,"9,12,19",854070037,-6.94564441516985
A_prism8,3,"14,24,25",344478919,-6.705144753678678
A_prism8,3,"10,22,26",299063423,-6.294476107582594
A_prism8,3,"6,19,28",1718565752,-6.312924429688402
A_prism8,3,"3,25,30",1358551559,-6.0773624293123545
A_prism8,3,"2,8,11",1941895493,-5.929634103763884
A_prism8,3,"1,17,19",1485113119,-7.023120301460742
A_prism8,3,"15,19,28",344720719,-6.164681567077476
A_prism8,3,"3,5,27",1414597290,-5.825888646209565
A_prism8,3,"3,4,15",636549486,-5.960394379393991
A_prism8,3,"6,24,30",964057316,-6.640023845336315
A_prism8,3,"3,7,11",1280085475,-5.885716634937109
A_prism8,3,"2,4,28",306386288,-6.5170937138056155
A_prism8,3,"2,3,31",1990580731,-6.080819773424814
A_prism8,3,"1,17,25",1826795448,-8.555160418265269
A_prism8,3,"7,8,16",393025703,-5.861280675261976
A_prism8,3,"11,26,27",2020564306,-6.273545069398144
A_prism8,3,"6,19,25",1737316661,-6.397008236068048
A_prism8,3,"6,23,29",747698345,-6.616215456369739
A_prism8,3,"9,11,29",1748358019,-6.275315312899194
A_prism8,3,"5,6,7",1572089709,-5.836655554373294
A_prism8,3,"1,8,22",986388776,-5.807941558299266
A_prism8,3,"0,10,23",122203708,-5.866012522943294
A_prism8,3,"4,5,8",271713368,-5.8676652866545504
A_prism8,3,"2,18,29",446930773,-6.144199192295576
A_prism8,3,"23,24,27",1047415403,-6.740920070964261
A_prism8,3,"2,24,26",454272317,-6.392661401265405
A_prism8,3,"20,26,29",1051536778,-6.46431164714366
A_prism8,3,"7,27,30",1235605337,-6.700152916436058
A_prism8,3,"2,20,30",1511441041,-7.000371453961344
A_prism8,3,"8,25,31",1367127851,-5.984649833937954
A_prism8,3,"4,10,11",1867894904,-6.085743857919041
A_prism8,3,"9,16,26",1066788759,-6.171374239490137
A_prism8,3,"4,22,25",1171454302,-8.209214941655073
A_prism8,3,"22,27,30",1076774764,-6.766917585612164
A_prism8,3,"9,19,27",1967471680,-7.133777076025282
A_prism8,3,"6,13,17",1198510543,-5.898839047156296
A_prism8,3,"1,6,23",711375693,-6.887795726491388
A_prism8,3,"7,16,17",1365933490,-6.131872410932312
A_prism8,3,"4,7,20",197658268,-7.546194191810413
A_prism8,3,"6,8,25",268209449,-5.86108495330956
A_prism8,3,"5,10,20",1454627271,-5.916679195904763
A_prism8,3,"3,6,15",717937235,-6.006982964727932
A_prism8,3,"3,11,19",473960566,-5.968610787214184
A_prism8,3,"10,18,24",1248504079,-6.235029173254951
A_prism8,3,"9,13,17",304903770,-5.960923750113135
A_prism8,3,"0,24,29",878576016,-5.829127792276899
A_prism8,3,"12,17,21",649532763,-6.173964564555722
A_prism8,3,"6,13,30",1325174405,-5.96222532942879
A_prism8,3,"3,6,18",1149262980,-5.977747010550198
A_prism8,3,"0,1,15",572252204,-5.7939649739999535
A_prism8,3,"9,10,13",571744917,-6.058265736538712
A_prism8,3,"5,9,24",1540992123,-5.9348766137456135
A_prism8,3,"0,6,13",36436682,-5.812213490098915
A_prism8,3,"13,24,25",1391074728,-6.054858492093204
A_prism8,3,"11,23,25",1072297232,-6.464108576551459
A_prism8,3,"6,16,29",2009691269,-6.2165437120695595
A_prism8,3,"3,22,29",98397476,-5.9805537684007035
A_prism8,3,"3,8,17",499285553,-5.896867752895746
A_prism8,3,"5,14,21",473034477,-5.9361827282103174
A_prism8,3,"3,12,20",2069804275,-5.983862019219429
A_prism8,3,"5,12,21",1732654846,-5.949893682176483
A_prism8,3,"6,9,29",1245617146,-6.4810694242150655
A_prism8,3,"1,19,28",1919995443,-6.120871237557822
A_prism8,3,"3,15,18",1105152413,-5.969104294242107
A_prism8,3,"14,25,29",964648576,-6.372048281125143
A_prism8,3,"8,11,19",695075165,-5.882834468499876
A_prism8,3,"5,15,20",1362448344,-5.852004514820943
A_prism8,3,"14,22,28",1325229843,-6.6428111655478315
A_prism8,3,"7,15,30",737512263,-6.565465907482654
A_prism8,3,"0,4,26",1216428657,-5.8812570914841205
A_prism8,3,"7,25,29",961206704,-6.60258955713126
A_prism8,3,"1,7,26",1176412913,-6.23934496090361
A_prism8,3,"10,11,15",203944191,-6.222915452269173
A_prism8,3,"5,11,16",1524174442,-5.906510617851098
A_prism8,3,"1,22,24",769810201,-6.388337047950595
A_prism8,3,"3,16,20",158607188,-5.991745186979449
A_prism8,3,"4,5,13",1190707046,-5.8974076219122304
A_prism8,3,"2,11,12",1191279119,-6.320956343568906
A_prism8,3,"0,18,25",313422815,-5.806463459154193
A_prism8,3,"6,17,20",358810722,-7.728876797492039
A_prism8,3,"19,20,30",1381372544,-6.522095279481399
A_prism8,3,"0,3,12",1179166640,-5.864738120054199
A_prism8,3,"9,15,19",1406741762,-6.955369943384922
A_prism8,3,"9,13,14",241954234,-5.963232471100646
A_prism8,3,"3,15,29",1647471254,-5.999430638701472
A_prism8,3,"12,13,14",1279414387,-5.919600676266207
A_prism8,3,"6,24,28",1068546389,-6.6696865877495854
A_prism8,3,"5,14,31",1796416197,-5.876775420108099
A_prism8,3,"0,7,9",1379812504,-5.879282737419024
A_prism8,3,"8,10,26",2056911933,-5.975379425974447
A_prism8,3,"10,13,24",1982971679,-6.048746134017851
A_prism8,3,"4,7,23",231594376,-6.449232618780001
A_prism8,3,"0,6,10",1848874948,-5.839484105363106
A_prism8,3,"6,14,20",83597448,-7.129460562477216
A_prism8,3,"4,10,15",909185990,-6.158152937849964
A_prism8,3,"7,8,25",791170397,-5.918942355614079
A_prism8,3,"4,19,27",1404153915,-6.8759345785278185
A_prism8,3,"1,4,14",1428900806,-8.17294534530354
A_prism8,3,"12,15,19",1322364770,-7.607735816665558
A_prism8,3,"3,7,13",1853754474,-5.930709747858619
A_prism8,3,"11,13,15",1364694716,-5.925268296650963
A_prism8,3,"8,11,16",1752324895,-5.876209307246063
A_prism8,3,"5,7,17",562004532,-5.870885536908357
A_prism8,3,"11,21,26",974815764,-6.187565676694104
A_prism8,3,"7,15,22",438021554,-6.372786250940017
A_prism8,3,"3,16,20",2138936005,-5.987143661497003
A_prism8,3,"0,11,25",1025621587,-5.847403778143403
A_prism8,3,"25,27,30",1720234707,-6.7629074275517755
A_prism8,3,"16,22,27",776282235,-6.2167680974815775
A_prism8,3,"10,12,29",1796463218,-6.172431754532475
A_prism8,3,"5,15,25",1950359394,-5.846886906573154
A_prism8,3,"2,4,24",845317043,-6.4137345242883805
A_prism8,3,"4,18,29",661624544,-6.15263820850711
A_prism8,3,"1,2,13",1431775900,-5.872334755061819
A_prism8,3,"1,18,22",150821585,-6.10695198118441
A_prism8,3,"4,6,16",325190962,-6.134036463940652
A_prism8,3,"18,27,30",705957748,-6.304573355204075
A_prism8,3,"10,13,16",1741829914,-5.9780646658664445
A_prism8,3,"2,18,20",2090081768,-6.181147744425922
A_prism8,3,"5,20,24",796244206,-5.9463597559290795
A_prism8,3,"0,15,28",1548912611,-5.794937057903018
A_prism8,3,"0,1,26",1428349063,-5.825314569802436
A_prism8,3,"15,16,28",2105961455,-6.155260632669279
A_prism8,3,"17,22,26",1036887467,-6.248536854271843
A_prism8,3,"1,13,20",1212004659,-5.899384604616146
A_prism8,3,"10,14,22",146518246,-6.235837976820259
A_prism8,3,"14,29,30",396593968,-6.525710712845258
A_prism8,3,"14,17,20",1401986929,-8.213646980671808
A_prism8,3,"11,18,25",1668892832,-6.172386412041838
A_prism8,3,"7,9,13",1448448522,-5.958192228636724
A_prism8,3,"10,13,20",1881487297,-5.89905225554617
A_prism8,3,"8,24,29",971883920,-6.002741632438407
A_prism8,3,"7,22,28",1933856898,-6.654410900232909
A_prism8,3,"4,5,8",1416224629,-5.86257475075978
A_prism8,3,"6,13,23",1436832064,-5.9698592969678375
A_prism8,3,"11,27,31",1847433863,-6.611993316014751
A_prism8,3,"5,14,31",1902535001,-5.884614956106453
A_prism8,3,"4,10,20",1321979668,-6.12467626673816
A_prism8,3,"13,18,27",2045780339,-6.029350306221066
A_prism8,3,"2,26,27",85587165,-6.205581228618207
A_prism8,3,"4,5,21",1477694855,-6.031537584515972
A_prism8,3,"12,22,29",1380493262,-6.624710812310455
A_prism8,3,"6,8,13",1580597449,-5.914074939609355
A_prism8,3,"28,29,30",1778234157,-6.642816911808235
A_prism8,3,"0,4,14",1002597082,-5.783648819722963
A_prism8,3,"14,22,23",1753703800,-7.199877099735353
A_prism8,3,"13,27,29",691430707,-5.984369774310219
A_prism8,3,"9,16,26",91040291,-6.1919409910748815
A_prism8,3,"2,9,23",505971075,-6.434653628226692
A_prism8,3,"2,22,29",2134284786,-6.389395697658529
A_prism8,3,"13,21,29",426501895,-5.981815290015639
A_prism8,3,"10,16,27",1436143162,-6.118082486141742
A_prism8,3,"11,13,22",293037301,-5.971733535556342
A_prism8,3,"9,11,13",403659362,-5.870542006173478
A_prism8,3,"2,9,30",1854485109,-6.895920468843177
A_prism8,3,"11,21,27",1396080657,-6.2320265246466935
A_prism8,3,"4,8,18",1952913886,-5.953997506061106
A_prism8,3,"0,18,26",826646407,-5.924738936183068
A_prism8,3,"2,14,22",1128998987,-6.84844927299432
A_prism8,3,"14,22,25",11349379,-7.6385222575450165
A_prism8,3,"0,9,31",1427562100,-5.848765587429585
A_prism8,3,"17,24,31",1816060273,-6.498747163002421
A_prism8,3,"0,7,29",1939661418,-5.797700606739322
A_prism8,3,"5,10,19",409287598,-5.922954941875285
A_prism8,3,"1,17,22",905653092,-8.616567829565788
A_prism8,3,"8,11,12",380738779,-5.897468900800915
A_prism8,3,"3,11,20",765623490,-6.026609877826072
A_prism8,3,"10,23,27",2036256045,-6.367677566079619
A_prism8,3,"1,4,14",1028600415,-8.22131533096022
A_prism8,3,"16,19,31",1066360209,-6.296739949218928
A_prism8,3,"12,21,22",2043155537,-6.177695780441905
A_prism8,3,"1,21,25",1217716494,-6.1453943514064076
A_prism8,3,"9,12,31",192289594,-7.002415780499313
A_prism8,3,"11,25,31",1634265153,-6.568518388404798
A_prism8,3,"2,3,20",1953590778,-5.943152555630372
A_prism8,3,"9,18,30",2110043336,-6.184798696225936
A_prism8,3,"1,6,13",528914965,-5.943553404170255
A_prism8,3,"1,11,19",237977186,-6.444134266495947
A_prism8,3,"3,9,10",2111684768,-5.967017070959206
A_prism8,3,"3,7,17",1858261927,-5.951259619863002
A_prism8,3,"0,14,30",309791215,-5.843154694970818
A_prism8,3,"3,5,29",269911610,-5.875302774488358
A_prism8,3,"0,6,25",1046479887,-5.877043901800906
A_prism8,3,"4,24,26",314330417,-6.244626093641577
A_prism8,3,"3,11,31",1380894647,-6.1102529923138444
A_prism8,3,"11,13,19",104293596,-5.9519705450579
A_prism8,3,"9,20,31",1825405899,-6.857336599670813
A_prism8,3,"10,14,21",688872306,-6.035110724036359
A_prism8,3,"6,21,26",1081038728,-6.170776831215951
A_prism8,3,"8,23,25",1535820397,-5.959993821244819
A_prism8,3,"23,28,31",2003555019,-7.122362797498224
A_prism8,3,"4,19,28",1384376299,-6.8539900133584375
A_prism8,3,"7,15,17",509721167,-7.2079305794258985
A_prism8,3,"6,18,21",11870509,-5.9511012116924045
A_prism8,3,"11,17,28",1479188029,-6.692645051207407
A_prism8,3,"1,3,16",1807337871,-5.916043054265584
A_prism8,3,"7,10,24",1607258691,-6.224103712893572
A_prism8,3,"11,14,25",124331324,-6.707625123935456
A_prism8,3,"8,16,26",1929394321,-5.98483727833198
A_prism8,3,"15,24,30",1897777835,-6.6745257611745785
A_prism8,3,"12,14,24",1788671952,-6.733484249499386
A_prism8,3,"1,4,27",968985073,-6.888717653465121
A_prism8,3,"11,20,27",1812026413,-6.639876689076237
A_prism8,3,"3,9,14",305540934,-5.893076166372555
A_prism8,3,"6,9,11",1463618912,-6.264220648823199
A_prism8,3,"0,30,31",610025402,-5.873988181269363
A_prism8,3,"3,8,31",921350313,-5.882020269499592
A_prism8,3,"16,19,23",1409683847,-6.180427668103585
A_prism8,3,"2,14,16",664821125,-6.085987279325436
A_prism8,3,"7,16,20",1924909389,-6.128425935753383
A_prism8,3,"9,19,28",2093002631,-7.159601941369088
A_prism8,3,"5,7,23",7494443,-5.872229137639349
A_prism8,3,"18,22,31",1116531700,-6.256367893418257
A_prism8,3,"12,13,16",1083392518,-5.889844577083727
A_prism8,3,"9,16,19",2053822145,-6.126541806905918
A_prism8,3,"0,7,10",1673127195,-5.796921393798174
A_prism8,3,"8,10,22",1294130839,-5.91717553849858
A_prism8,3,"7,9,16",1629384022,-6.070798764874922
A_prism8,3,"17,24,30",707429292,-6.734075194232895
A_prism8,3,"8,16,17",1572914545,-5.942308890093937
A_prism8,3,"2,6,17",612273645,-6.590360961972305
A_prism8,3,"3,24,26",1469008427,-6.038813227060825
A_prism8,3,"19,21,24",1293450311,-6.202785065292133
A_prism8,3,"6,23,25",1755410684,-7.224253490413787
A_prism8,3,"22,25,30",1217130870,-7.253459122299963
A_prism8,3,"3,8,24",1454421113,-5.885514132967612
A_prism8,3,"8,22,24",3729199,-5.984742722394585
A_prism8,3,"2,9,12",1637063894,-6.53439058651718
A_prism8,3,"15,16,26",1763556772,-6.152808826751273
A_prism8,3,"12,18,19",57159649,-6.224957660404283
A_prism8,3,"5,8,16",311574759,-5.84535484209619
A_prism8,3,"4,12,24",1458086228,-6.3544336010220706
A_prism8,3,"6,18,24",1241289208,-6.279834095636779
A_prism8,3,"15,20,23",678550470,-7.013827073774451
A_prism8,3,"6,23,31",1259763337,-6.761348569552547
A_prism8,3,"11,17,19",1658375542,-6.526781226384087
A_prism8,3,"3,9,26",1945904555,-6.036687930157222
A_prism8,3,"5,15,20",2000631853,-5.911432444573093
A_prism8,3,"11,14,24",1011635606,-6.39416026409132
A_prism8,3,"0,2,4",899736693,-5.890780971468345
A_prism8,3,"13,14,24",2115845899,-6.088667718447997
A_prism8,3,"17,18,21",1135787234,-6.0507319520624
A_prism8,3,"8,17,24",174849068,-6.0111157813792175
A_prism8,3,"5,6,17",1932630122,-5.958863287642818
A_prism8,3,"0,16,31",265435664,-5.80849281215987
A_prism8,3,"6,13,15",1703630374,-5.982192357223412
A_prism8,3,"1,5,7",1823795869,-5.765371664542338
A_prism8,3,"12,21,31",600242494,-6.201027088843042
A_prism8,3,"6,14,18",845062868,-6.09648636322144
A_prism8,3,"14,15,24",1281744322,-6.6325056070988015
A_prism8,3,"6,8,31",397855451,-5.978286314432991
A_prism8,3,"0,2,21",2142228473,-5.886229563083281
A_prism8,3,"19,21,30",272129218,-6.101532575899528
A_prism8,3,"10,13,29",1090996684,-6.026859302330311
A_prism8,3,"10,13,29",1686466744,-6.056451801675278
A_prism8,3,"8,10,29",1272121569,-5.929673741795691
A_prism8,3,"11,13,17",1803737553,-5.903440076963979
A_prism8,3,"0,3,14",777804216,-5.866421239928023
A_prism8,3,"10,12,29",1529391051,-6.183924272655387
A_prism8,3,"11,20,31",1686537827,-6.6293873568942
A_prism8,3,"24,28,29",1710572277,-6.624457090973403
A_prism8,3,"6,22,26",1053673218,-6.363699994109547
A_prism8,3,"4,7,9",1905617271,-7.720705998034201
A_prism8,3,"0,18,25",87195051,-5.854125190484725
A_prism8,3,"8,27,28",405893432,-5.930184990021012
A_prism8,3,"16,22,31",1444874780,-6.235346845618222
A_prism8,3,"12,22,24",375082753,-6.638070309178254
A_prism8,3,"12,15,18",1912738630,-6.1137187338675
A_prism8,3,"10,14,19",1820754970,-6.319069803929502
A_prism8,3,"5,15,29",1885165241,-5.954686649059383
A_prism8,3,"1,11,16",1540069196,-6.037980725863355
A_prism8,3,"1,2,8",1745040071,-5.847824349309933
A_prism8,3,"5,6,7",116830,-5.8482852362403435
A_prism8,3,"9,12,17",1144927703,-6.5126251987451855
A_prism8,3,"8,10,14",1122606094,-5.9809171403800825
A_prism8,3,"0,19,31",1004057081,-5.862049631448724
A_prism8,3,"3,8,14",1072490457,-5.887098288936973
A_prism8,3,"10,18,26",284393084,-6.026593062016387
A_prism8,3,"17,29,31",1610088722,-6.509294520820977
A_prism8,3,"0,6,17",1255227478,-5.853161907708065
A_prism8,3,"0,13,30",451607873,-5.808309755532333
A_prism8,3,"8,16,22",475534865,-5.944549227816029
A_prism8,3,"4,14,17",1516657290,-8.37148941549509
A_prism8,3,"11,20,26",511396373,-6.40740864549625
A_prism8,3,"20,22,27",129031537,-6.807557778606463
A_prism8,3,"18,26,27",806586788,-6.2374666920894
A_prism8,3,"16,25,28",1288386850,-6.26298047379815
A_prism8,3,"2,16,25",925865471,-6.183047437309502
A_prism8,3,"7,24,25",2090523685,-6.677769953439665
A_prism8,3,"2,3,8",1597839843,-5.977576392628203
A_prism8,3,"0,11,29",1897205917,-5.88611131827983
A_prism8,3,"3,23,26",1986459410,-6.121479650494851
A_prism8,3,"5,8,24",1997155000,-5.846084926138859
A_prism8,3,"3,6,15",692223781,-5.9810992138622945
A_prism8,3,"12,15,19",1489677011,-7.363069918475562
A_prism8,3,"1,3,14",1135312063,-5.8687230003952155
A_prism8,3,"3,4,10",197697993,-5.877882001323602
A_prism8,3,"1,26,31",1775225323,-6.291674610949735
A_prism8,3,"0,9,11",1698645130,-5.854187053709099
A_prism8,3,"2,13,16",1892013664,-5.9171868787293995
A_prism8,3,"10,15,17",938553498,-6.222825971776733
A_prism8,3,"5,17,22",1637022919,-5.847203079687639
A_prism8,3,"6,8,11",1288664886,-5.917694645758954
A_prism8,3,"20,22,24",629547809,-6.711189951438166
A_prism8,3,"0,25,31",1278403650,-5.825838730862452
A_prism8,3,"8,27,30",820211991,-5.974521461467945
A_prism8,3,"0,3,24",1424547789,-5.809013861978271
A_prism8,3,"3,14,19",1675776080,-6.029245680743472
A_prism8,3,"2,19,31",957777200,-6.693292548903792
A_prism8,3,"13,25,28",174349225,-5.980757858325739
A_prism8,3,"16,21,31",1057361044,-6.067501838727818
A_prism8,3,"22,23,27",2113363033,-7.34805731359068
A_prism8,3,"8,9,22",1051577981,-5.841397150527607
A_prism8,3,"0,8,29",872014766,-5.7976361696810095
A_prism8,3,"8,10,28",1337130849,-5.877048193333234
A_prism8,3,"9,18,19",301984670,-6.213551227049945
A_prism8,3,"19,24,27",382102290,-6.582592988187908
A_prism8,3,"11,18,22",1417227142,-6.266464648039622
A_prism8,3,"1,9,27",422426295,-7.222069791123213
A_prism8,3,"9,21,30",430906306,-6.165948350127118
A_prism8,3,"5,15,26",2012009160,-5.958800497806452
A_prism8,3,"1,11,21",1933763433,-6.055058387151466
A_prism8,3,"0,7,27",1319560152,-5.860411952643976
A_prism8,3,"1,14,21",44528121,-6.0828311194341484
A_prism8,3,"4,17,30",758168071,-7.597922566037955
A_prism8,3,"1,3,8",1782014228,-5.816574328459801
A_prism8,3,"6,13,17",1346024867,-5.951313643488553
A_prism8,3,"8,10,26",542223223,-5.955181288251914
A_prism8,3,"16,23,24",1447535765,-6.217652787532822
A_prism8,3,"24,27,30",1876126259,-6.695879431609972
A_prism8,3,"0,4,5",269265276,-5.897797963515431
A_prism8,3,"5,7,18",1366672745,-5.852385318156467
A_prism8,3,"7,18,26",1617649040,-6.233293879331358
A_prism8,3,"10,16,19",933440162,-6.1217453962598025
A_prism8,3,"8,25,31",517610337,-5.885176278422863
A_prism8,3,"1,13,30",1095656509,-5.970622338175997
A_prism8,3,"3,18,30",650070056,-6.068095902590517
A_prism8,3,"8,23,29",435249015,-6.001292944544048
A_prism8,3,"5,7,21",1774004691,-5.868109331528894
A_prism8,3,"0,6,24",1824831987,-5.799918510369693
A_prism8,3,"0,8,12",1861997143,-5.875524699616737
A_prism8,3,"2,23,28",1693562028,-6.580081337807437
A_prism8,3,"4,16,21",261529641,-6.0158369992952805
A_prism8,3,"5,15,24",261609192,-5.854708947504188
A_prism8,3,"15,17,30",974477930,-7.399266686845277
A_prism8,3,"4,20,31",14411359,-6.607987323323613
A_prism8,3,"0,17,23",1459395031,-5.781776483105291
A_prism8,3,"6,19,26",1615929411,-6.32428014649224
A_prism8,3,"5,10,19",1669141276,-5.92849201625435
A_prism8,3,"10,11,28",1313220838,-6.13013886935408
A_prism8,3,"15,17,22",989676551,-7.259071983694681
A_prism8,3,"6,21,30",1006282383,-6.144938348290341
A_prism8,3,"7,23,25",1285111993,-7.437531289994066
A_prism8,3,"23,24,27",1056859196,-6.859191454714915
A_prism8,3,"2,14,26",98183511,-6.329650544980499
A_prism8,3,"0,21,23",182826245,-5.838020332329738
A_prism8,3,"5,17,27",1678746106,-5.923434120122068
A_prism8,3,"13,26,29",325495970,-6.010725639493642
A_prism8,3,"5,6,7",273338181,-5.872747344582646
A_prism8,3,"3,11,27",894608036,-6.02013345168207
A_prism8,3,"11,20,29",756659614,-6.447043032315435
A_prism8,3,"1,10,28",1220472312,-6.232312510532605
A_prism8,3,"10,12,23",1215038225,-6.210025015310867
A_prism8,3,"7,11,18",1618101485,-6.1676378914268986
A_prism8,3,"7,15,28",1090276889,-6.244654696364379
A_prism8,3,"3,10,23",225975540,-5.990347213722075
A_prism8,3,"6,27,28",1826014713,-6.377057570795392
A_prism8,3,"7,9,21",76178886,-6.1104490992451925
A_prism8,3,"8,11,24",1350770397,-5.974793217247867
A_prism8,3,"10,16,29",2118377935,-5.997106395938941
A_prism8,3,"6,10,11",1157216684,-6.1354882575861485
A_prism8,3,"2,22,31",585104900,-6.712501015229971
A_prism8,3,"4,16,23",599872921,-6.140500192646247
A_prism8,3,"11,20,25",820033448,-6.60459375658681
A_prism8,3,"15,26,30",581198600,-6.3230175087832405
A_prism8,3,"0,9,31",225840077,-5.802612283651156
A_prism8,3,"13,30,31",597790916,-6.0016999385056895
A_prism8,3,"6,10,12",1488789543,-6.143291867420103
A_prism8,3,"4,5,9",497552373,-5.906794106563139
A_prism8,3,"1,8,24",759235685,-5.883063585607567
A_prism8,3,"5,7,15",2067900975,-5.88619309324047
A_prism8,3,"5,23,26",1507909724,-5.98731649997368
A_prism8,3,"0,19,27",1380064475,-5.87605640366709
A_prism8,3,"0,5,29",597630480,-5.821876180872803
A_prism8,3,"25,27,30",983637976,-6.803767460471552
A_prism8,3,"13,18,25",1658923167,-5.960502998038332
A_prism8,3,"2,4,31",672817815,-6.514940554641368
A_prism8,3,"1,7,20",1565077893,-7.2820257749403865
A_prism8,3,"3,13,23",1638903524,-5.908689035681602
A_prism8,3,"13,17,22",114634609,-5.934434570677027
A_prism8,3,"13,21,22",1268242769,-5.998167005230962
A_prism8,3,"9,17,20",154796971,-7.986359772726931
A_prism8,3,"16,27,28",1536376369,-6.179076993372206
A_prism8,3,"6,20,21",1162116037,-6.169213762082569
A_prism8,3,"13,24,28",1186751150,-5.951005093774986
A_prism8,3,"0,17,21",448730950,-5.8643828279866765
A_prism8,3,"1,5,12",2046492095,-5.814114098587163
A_prism8,3,"13,28,31",837865151,-6.0413025258301225
A_prism8,3,"2,13,19",1858747119,-5.973592405834401
A_prism8,3,"11,16,21",1701948495,-6.113242859502068
A_prism8,3,"15,18,29",730179279,-6.118067584508608
A_prism8,3,"3,17,21",1091310417,-6.05351583418017
A_prism8,3,"7,19,28",189111588,-6.194234528054774
A_prism8,3,"7,10,27",935047066,-6.27099286142556
A_prism8,3,"1,18,23",1379056160,-6.225163163207756
A_prism8,3,"2,15,18",578849181,-6.24702713428802
A_prism8,3,"14,15,30",547905682,-6.638790411805192
A_prism8,3,"6,7,27",1571344058,-6.552052460045162
A_prism8,3,"17,18,20",1481918402,-6.249286768717198
A_prism8,3,"3,5,29",992250127,-5.945743860263265
A_prism8,3,"0,8,21",178715538,-5.817296893775523
A_prism8,3,"2,16,24",525001236,-6.129495518155989
A_prism8,3,"0,1,8",1303901387,-5.831959197464959
A_prism8,3,"7,13,22",19654098,-5.91557999202459
A_prism8,3,"8,9,11",1566113240,-5.9021927290057015
A_prism8,3,"6,11,17",1981131389,-6.410874857782293
A_prism8,3,"15,28,29",1412646348,-6.523551403795268
A_prism8,3,"1,9,24",2141144836,-6.466809926717328
A_prism8,3,"13,18,22",1628784924,-5.939389385711188
A_prism8,3,"5,19,22",477885631,-5.8715281469285845
A_prism8,3,"1,10,15",2097337891,-6.20232075309377
A_prism8,3,"13,17,31",493659828,-6.003835229777118
A_prism8,3,"6,14,19",959514592,-6.193374702873646
A_prism8,3,"18,22,24",1994406622,-6.3263585998244745
A_prism8,3,"2,11,22",1442957571,-6.306396489444396
A_prism8,3,"3,14,21",1202114201,-5.943186991462773
A_prism8,3,"15,21,29",1358275886,-6.269901574565495
A_prism8,3,"1,16,17",1859436447,-6.046848352549826
A_prism8,3,"7,20,21",685628674,-6.0970049083273254
A_prism8,3,"4,5,18",1566663773,-5.915317059436601
A_prism8,3,"10,24,28",1495996445,-6.221913922733591
A_prism8,3,"7,15,24",1067022743,-6.607418533715857
A_prism8,3,"6,10,13",802849859,-5.986742585329373
A_prism8,3,"10,26,31",2065045219,-6.2555926766154215
A_prism8,3,"5,12,18",94793207,-5.998603817846279
A_prism8,3,"2,11,26",1687184812,-6.225977893998986
A_prism8,3,"8,21,28",183733220,-5.950593918555192
A_prism8,3,"4,18,26",1011581892,-6.215239601784731
A_prism8,3,"0,11,28",2056766648,-5.858529694970336
A_prism8,3,"0,2,7",310322765,-5.895242166191427
A_prism8,3,"9,19,31",86368125,-6.80825045656894
A_prism8,3,"9,26,30",972567647,-6.425117348977174
A_prism8,3,"4,17,24",38560284,-6.450839249032796
A_prism8,3,"2,9,18",1217668170,-6.0635233321170805
A_prism8,3,"5,6,19",700106655,-5.912638172133273
A_prism8,3,"7,12,23",1879586106,-7.071874851071829
A_prism8,3,"10,26,27",822853873,-6.269681441512537
A_prism8,3,"13,27,28",1906667304,-6.015411888481675
A_prism8,3,"2,4,9",225101204,-6.1878936018743635
A_prism8,3,"0,5,9",1613390425,-5.881415965181749
A_prism8,3,"3,5,8",1222207135,-5.847593876293695
A_prism8,3,"3,12,15",421572,-6.014285202813148
A_prism8,3,"17,19,22",2117215054,-7.190801679909349
A_prism8,3,"3,13,22",368967911,-5.94730893621514
A_prism8,3,"23,25,26",942209227,-6.359157557477791
A_prism8,3,"4,15,19",1998228718,-6.713493904674664
A_prism8,3,"5,8,26",1729793522,-5.853293152932609
A_prism8,3,"5,22,23",528514791,-5.881731869603412
A_prism8,3,"18,19,31",661690179,-6.2872104197253975
A_prism8,3,"4,17,30",1258069060,-7.694531456774761
A_prism8,3,"2,12,18",219851112,-6.099895597703505
A_prism8,3,"9,11,26",1599904549,-6.164101223256836
A_prism8,3,"1,8,18",1166047141,-5.884554912255977
A_prism8,3,"1,14,19",1194975568,-6.157419938304242
A_prism8,3,"14,25,30",925023259,-7.349290285728206
A_prism8,3,"1,10,15",340571971,-6.1147221669965255
A_prism8,3,"10,16,28",1596254562,-6.066021912745176
A_prism8,3,"14,18,30",188636931,-6.126732737182186
A_prism8,3,"8,27,28",1779984956,-5.924725007031823
A_prism8,3,"1,7,30",132966900,-7.063824139169962
A_prism8,3,"4,26,30",1049301576,-6.450507339863536
A_prism8,3,"8,10,27",1480462000,-5.906861535228121
A_prism8,3,"2,8,14",2008056682,-5.876423896876514
A_prism8,3,"20,22,29",1137256982,-6.591738400683479
A_prism8,3,"0,9,14",520335018,-5.798863075458395
A_prism8,3,"1,11,24",290121056,-6.404729966624053
A_prism8,3,"12,21,22",712686570,-6.128050728205011
A_prism8,3,"6,13,21",197989033,-6.004781178433286
A_prism8,3,"7,16,27",483902278,-6.216255384777601
A_prism8,3,"9,17,20",358240038,-7.986439267129674
A_prism8,3,"1,21,30",992423793,-6.114380575409561
A_prism8,3,"6,16,18",887177475,-6.008328673151774
A_prism8,3,"1,8,13",1799231587,-5.89297729801844
A_prism8,3,"4,8,23",342988103,-5.942088901494973
A_prism8,3,"14,18,23",220968433,-6.267928059564252
A_prism8,3,"10,12,16",1959099287,-6.158619551232925
A_prism8,3,"4,10,20",105370241,-6.125718240971745
A_prism8,3,"9,26,31",1247611349,-6.457467674324272
A_prism8,3,"4,15,18",970138110,-6.14276199389592
A_prism8,3,"14,15,18",60389856,-6.2202480197037255
A_prism8,3,"6,18,20",1541828936,-6.231218011315509
A_prism8,3,"1,12,30",1645683033,-8.082213058062193
A_prism8,3,"4,5,29",1653871877,-5.902567183762697
A_prism8,3,"10,18,21",769746825,-5.995892383369736
A_prism8,3,"6,13,15",1872984425,-5.9638777694076515
A_prism8,3,"3,19,27",155411331,-6.135624610352567
A_prism8,3,"10,14,24",2007493342,-6.335236027047805
A_prism8,3,"12,25,29",1641813998,-6.515653272022895
A_prism8,3,"0,4,15",1954993710,-5.929142371104877
A_prism8,3,"20,25,27",1765583274,-6.701452042957134
A_prism8,3,"5,20,24",80317158,-5.972233915848649
A_prism8,3,"6,13,30",1418576901,-5.951105675350191
A_prism8,3,"6,23,29",1515829007,-6.529684293283064
A_prism8,3,"9,18,21",1873265106,-6.108392465539398
A_prism8,3,"4,13,17",493333767,-5.931954758981685
A_prism8,3,"1,4,21",968315032,-5.997631425282686
A_prism8,3,"24,26,28",614560437,-6.3386871952308805
A_prism8,3,"0,20,31",1341564458,-5.8650599732499265
A_prism8,3,"8,25,31",537938434,-5.981369579369644
A_prism8,3,"7,14,15",1734022824,-6.383805030248413
A_prism8,3,"12,24,29",157676581,-6.566240640943775
A_prism8,3,"5,14,19",504179139,-5.826359417738369
A_prism8,3,"9,22,28",2100299525,-7.3539574795074705
A_prism8,3,"9,24,27",1318664550,-6.70250258281775
A_prism8,3,"4,5,19",1612290590,-5.918863184428557
A_prism8,3,"17,26,27",328804712,-6.377710779542886
A_prism8,3,"5,10,28",595610470,-5.919033823125813
A_prism8,3,"13,15,17",130061509,-5.954243454413386
A_prism8,3,"8,11,27",2130037917,-5.874829366137535
A_prism8,3,"8,10,27",414007182,-5.971540796554442
A_prism8,3,"1,25,31",628984022,-6.923313293368875
A_prism8,3,"21,25,26",653180594,-6.146379093953456
A_prism8,3,"9,12,24",2022570164,-6.450525748457314
A_prism8,3,"12,19,24",1163039172,-6.622472910749512
A_prism8,3,"2,10,16",1452924850,-6.0924201695965445
A_prism8,3,"3,8,19",1605569411,-5.862103361734603
A_prism8,3,"3,6,14",1928129777,-5.898161681578088
A_prism8,3,"11,16,19",2108279700,-6.127691058653926
A_prism8,3,"1,6,7",990570356,-6.840429475382592
A_prism8,3,"6,21,29",948557985,-6.115266925832545
A_prism8,3,"0,29,31",1930354051,-5.892769405155483
A_prism8,3,"1,13,30",661791510,-5.92957571300336
A_prism8,3,"12,23,30",133620505,-7.302254734919009
A_prism8,3,"13,19,20",40010723,-5.938395663845036
A_prism8,3,"5,28,29",1170357725,-6.02239497362777
A_prism8,3,"7,20,25",1566184964,-7.545055271059315
A_prism8,3,"1,13,29",945237752,-5.935076004601434
A_prism8,3,"0,11,20",1314052593,-5.862986536944066
A_prism8,3,"8,21,28",660544937,-5.985089007815319
A_prism8,3,"0,16,29",1533338644,-5.808771740877666
A_prism8,3,"6,8,14",1396126878,-5.8600096240621395
A_prism8,3,"5,16,31",1372340617,-5.975925764332497
A_prism8,3,"4,24,30",164323929,-6.480570986889923
A_prism8,3,"2,16,28",1058962792,-6.184827155859147
A_prism8,3,"2,23,24",1076850558,-6.529669697963635
A_prism8,3,"9,11,26",503769949,-6.283707905378916
A_prism8,3,"0,10,26",140932959,-5.903082524494074
A_prism8,3,"4,13,31",618283476,-5.95330357400338
A_prism8,3,"2,9,19",2136546804,-6.517182147955606
A_prism8,3,"8,10,13",456482381,-5.899032735788746
A_prism8,3,"5,26,30",2052945682,-5.977402424325086
A_prism8,3,"27,28,31",393608263,-6.8930971700496
A_prism8,3,"3,6,15",1141031828,-5.983238564104976
A_prism8,3,"4,26,28",1458973551,-6.407370041792155
A_prism8,3,"10,20,26",1579296865,-6.253830131660512
A_prism8,3,"13,16,26",1079211987,-6.027196078956927
A_prism8,3,"2,22,24",278460307,-6.403118319772276
A_prism8,3,"16,19,30",1079347680,-6.124490622842026
A_prism8,3,"10,22,29",1267763804,-6.336509509441815
A_prism8,3,"14,17,23",772194134,-6.889871219790973
A_prism8,3,"13,28,31",147298852,-6.035149325620679
A_prism8,3,"11,12,17",636792524,-6.515721149125299
A_prism8,3,"5,19,25",136501066,-5.887464847441951
A_prism8,3,"11,12,13",404013524,-5.982957726758885
A_prism8,3,"4,9,20",1037071358,-7.688599105826259
A_prism8,3,"9,18,31",1729820176,-6.199732760654723
A_prism8,3,"0,27,30",2122764195,-5.7416170401145346
A_prism8,3,"1,10,13",1799277050,-5.926079913834387
A_prism8,3,"21,25,28",1882872802,-6.1597723654150585
A_prism8,3,"11,18,22",659412268,-6.189723338929419
A_prism8,3,"5,10,15",242969009,-5.925879105997926
A_prism8,3,"3,7,12",1728174618,-5.9175173504413445
A_prism8,3,"0,5,17",758738820,-5.882665842130486
A_prism8,3,"7,10,21",2114402297,-6.092599892079952
A_prism8,3,"7,17,20",1102628898,-8.059865355422414
A_prism8,3,"5,8,13",1622828022,-5.862763481231815
A_prism8,3,"18,23,25",1466235738,-6.27376815536106
A_prism8,3,"0,8,28",554510138,-5.852756397339648
A_prism8,3,"8,11,20",1144237748,-5.921915482139275
A_prism8,3,"4,9,24",1323864309,-6.48065179312269
A_prism8,3,"5,15,22",1371877808,-5.9170751456523085
A_prism8,3,"7,15,20",1304479503,-6.400914133519525
A_prism8,3,"3,7,25",1364879194,-6.009099018232927
A_prism8,3,"11,18,20",519573399,-6.138712395867451
A_prism8,3,"0,4,22",370488493,-5.753848059150736
A_prism8,3,"18,20,26",369526294,-6.1022018454598435
A_prism8,3,"19,21,28",1806385309,-6.142707871680262
A_prism8,3,"0,2,15",687989142,-5.843051856860074
A_prism8,3,"2,3,14",1674980009,-5.943608375672282
A_prism8,3,"5,14,23",741664699,-5.918461238680674
A_prism8,3,"7,19,20",854608782,-6.379395145334231
A_prism8,3,"7,9,29",1780835775,-6.358108401231366
A_prism8,3,"5,12,30",789961369,-5.914977855580902
A_prism8,3,"0,29,31",388657608,-5.8467663301390305
A_prism8,3,"2,5,18",577814918,-5.939587578768392
A_prism8,3,"3,7,18",499717283,-5.912212609257583
A_prism8,3,"3,16,21",1707764655,-5.968262120252335
A_prism8,3,"13,14,16",1601065384,-6.006302258355642
A_prism8,3,"3,17,29",948294642,-6.046285892802412
A_prism8,3,"13,21,29",2019021974,-5.953554155262995
A_prism8,3,"0,17,23",825848972,-5.787597178929342
A_prism8,3,"4,9,11",1835742407,-6.381238101002739
A_prism8,3,"13,17,23",132709020,-5.909445508443529
A_prism8,3,"15,18,26",501810758,-6.18071669114331
A_prism8,3,"11,13,14",1467153243,-5.959178819522573
A_prism8,3,"9,12,23",1961753237,-6.816421915134506
A_prism8,3,"7,10,15",1717947009,-6.16979470848896
A_prism8,3,"5,8,9",1082822577,-5.822101560223046
A_prism8,3,"5,9,15",486752595,-5.84432798764379
A_prism8,3,"4,24,30",1605824510,-6.6983915446472215
A_prism8,3,"2,3,9",2028875679,-5.862378858358784
A_prism8,3,"16,25,28",536741622,-6.172558029360708
A_prism8,3,"0,11,29",1329465033,-5.900791884560967
A_prism8,3,"19,21,29",616187221,-6.27307083901645
A_prism8,3,"3,16,18",1956334639,-5.956993044099606
A_prism8,3,"12,17,29",959469821,-6.3918081988178175
A_prism8,3,"4,9,31",1204453584,-6.672813079067578
A_prism8,3,"18,24,29",1731670870,-6.164367223024871
A_prism8,3,"0,1,31",322931964,-5.8738142769297665
A_prism8,3,"1,9,29",282587158,-6.3599587397551325
A_prism8,3,"0,2,19",266156419,-5.862887207789032
A_prism8,3,"8,9,13",52361127,-5.927922837189386
A_prism8,3,"6,22,24",1291458678,-6.580128632410944
A_prism8,3,"4,23,24",466854532,-6.544766120078408
A_prism8,3,"4,13,25",122002503,-5.8428307134519475
A_prism8,3,"5,7,9",779896668,-5.81585025385154
A_prism8,3,"2,12,31",199025497,-6.674091848767989
A_prism8,3,"26,29,31",846738935,-6.409415262994386
A_prism8,3,"7,20,21",1798527217,-6.164106679330188
A_prism8,3,"4,6,18",1695922189,-6.082540028341518
A_prism8,3,"3,8,16",1637960248,-5.86548742489148
A_prism8,3,"4,18,29",105212358,-6.201585124859856
A_prism8,3,"1,5,13",834566002,-5.873772680534122
A_prism8,3,"4,6,12",82296853,-7.326530305752865
A_prism8,3,"14,29,31",489479823,-6.5759790684813435
A_prism8,3,"0,11,20",1216710049,-5.857204673046239
A_prism8,5,"4,8,12,17,31",1879006461,-6.021554568602356
A_prism8,5,"5,10,11,18,26",1399422810,-6.000738056967784
A_prism8,5,"6,10,11,19,21",738650501,-6.207652451980735
A_prism8,5,"1,3,6,12,25",1065241145,-6.016393968052114
A_prism8,5,"2,8,14,20,31",1603591870,-5.984608604682451
A_prism8,5,"3,7,29,30,31",1458105896,-6.189066775510259
A_prism8,5,"1,18,22,25,27",1230385383,-6.347723068518248
A_prism8,5,"3,8,18,23,27",229863423,-5.960948531018145
A_prism8,5,"1,9,13,17,22",231828692,-5.983329319112685
A_prism8,5,"4,15,25,27,31",1487105390,-6.884910476374911
A_prism8,5,"0,3,5,17,23",1048314885,-5.8599561509795315
A_prism8,5,"5,7,10,19,26",1336107494,-5.907963821535734
A_prism8,5,"10,12,13,16,22",138175458,-6.001056283814015
A_prism8,5,"0,8,17,19,29",2099188810,-5.861478453207131
A_prism8,5,"10,11,14,17,21",887838775,-6.237237294104327
A_prism8,5,"1,20,28,30,31",1647302442,-7.189821620286517
A_prism8,5,"9,16,23,25,27",286965183,-6.329621889521423
A_prism8,5,"3,5,16,26,30",283305009,-6.0172314182787385
A_prism8,5,"2,7,17,19,21",1016962674,-6.184258389202783
A_prism8,5,"1,11,21,22,26",1899661087,-6.223139403374332
A_prism8,5,"7,8,9,24,28",271336320,-5.957865503225839
A_prism8,5,"2,3,8,18,27",1627730383,-6.034165287403844
A_prism8,5,"4,16,22,27,29",1846616658,-6.280362687763428
A_prism8,5,"0,16,17,21,29",231757479,-5.921393197179005
A_prism8,5,"15,16,20,21,30",1078201347,-6.121079960953934
A_prism8,5,"0,16,24,26,30",1724573461,-5.898034168436
A_prism8,5,"10,15,16,20,22",116871016,-6.193994242035662
A_prism8,5,"7,15,16,19,21",1279220805,-6.161123096492742
A_prism8,5,"1,5,8,15,19",1469901504,-5.867447634413745
A_prism8,5,"8,18,21,22,30",1871581807,-5.99521911115248
A_prism8,5,"5,15,19,22,24",2111459545,-5.988934216491939
A_prism8,5,"8,17,20,24,27",814974738,-5.973220959525615
A_prism8,5,"11,15,16,23,30",1713517486,-6.179170661542228
A_prism8,5,"2,5,19,25,30",1637324244,-6.002078963357124
A_prism8,5,"2,4,5,11,20",734731738,-5.983485388812316
A_prism8,5,"4,10,19,30,31",619371832,-6.42211438088349
A_prism8,5,"0,3,5,19,28",1558083254,-5.848828542028646
A_prism8,5,"14,16,28,30,31",744312947,-6.286030568277968
A_prism8,5,"2,5,6,19,23",2022844903,-6.017568485874537
A_prism8,5,"4,15,26,27,28",1138085070,-6.446328443882065
A_prism8,5,"1,7,22,25,27",525607294,-6.911204820894078
A_prism8,5,"6,16,17,18,21",213813031,-6.212601632910176
A_prism8,5,"1,3,6,30,31",263261653,-6.121359568747757
A_prism8,5,"3,7,14,17,19",621159832,-6.057941148282295
A_prism8,5,"0,14,24,30,31",740746082,-5.903644852541218
A_prism8,5,"7,8,17,22,31",1036029018,-5.9857283203993195
A_prism8,5,"5,6,18,24,25",2121387773,-5.9693881137191065
A_prism8,5,"15,23,24,26,27",1349853868,-6.5163532704638225
A_prism8,5,"6,16,22,25,27",1930972335,-6.280466351908234
A_prism8,5,"2,3,4,7,16",1826060555,-6.041178510858839
A_prism8,5,"5,18,20,23,26",1577601432,-6.005661677050843
A_prism8,5,"4,13,14,16,31",2121409604,-5.999652971290588
A_prism8,5,"0,14,15,19,26",221092763,-5.884330995852534
A_prism8,5,"2,11,18,21,24",916707875,-6.155345597980852
A_prism8,5,"10,12,23,24,26",763279015,-6.219280936599623
A_prism8,5,"5,10,20,25,30",1010120392,-5.9506090702504855
A_prism8,5,"2,8,19,24,25",1908060706,-6.074360440967743
A_prism8,5,"0,6,8,25,31",796302451,-5.867291214722955
A_prism8,5,"1,2,12,23,31",91353995,-6.681004901299308
A_prism8,5,"5,12,21,23,31",977424906,-6.035875987085366
A_prism8,5,"11,14,24,27,28",600623563,-6.586105330789661
A_prism8,5,"0,4,21,25,28",1271561886,-5.7727020724967515
A_prism8,5,"3,13,23,26,28",1514471085,-6.05381717793974
A_prism8,5,"4,6,16,22,30",1503818156,-6.237997712217046
A_prism8,5,"6,8,12,19,27",2079001985,-5.972016915935915
A_prism8,5,"0,1,20,21,28",980084744,-5.912349276459243
A_prism8,5,"0,5,14,24,27",682896019,-5.850837003332746
A_prism8,5,"5,7,12,16,26",1130543833,-5.955227701407696
A_prism8,5,"8,9,10,15,21",1530163009,-5.969820599219752
A_prism8,5,"4,10,11,16,23",1490256072,-6.144567608252668
A_prism8,5,"6,11,15,20,22",100226672,-6.731942693852549
A_prism8,5,"0,4,15,21,25",1574701614,-5.880681982759535
A_prism8,5,"6,10,11,21,31",1821434029,-6.1483336140605305
A_prism8,5,"0,12,17,18,31",1460609075,-5.896132245638802
A_prism8,5,"1,4,12,24,29",1742174549,-6.513462272828001
A_prism8,5,"1,4,22,26,30",1762745790,-6.33660144718947
A_prism8,5,"12,21,23,27,28",579627017,-6.261812828593702
A_prism8,5,"10,15,19,22,26",128659100,-6.299820417972126
A_prism8,5,"6,8,11,24,27",2004611225,-6.0696327539195885
A_prism8,5,"7,8,9,10,11",779949699,-5.950902784795752
A_prism8,5,"3,6,16,20,28",1371231161,-6.05956385396426
A_prism8,5,"2,7,19,21,25",1074452288,-6.274792308914288
A_prism8,5,"6,7,10,24,26",305868483,-6.193598221308075
A_prism8,5,"3,6,20,24,26",1354047967,-6.097000484742744
A_prism8,5,"15,16,18,29,31",946229695,-6.218412355415616
A_prism8,5,"9,10,14,18,21",573980763,-6.120519442254377
A_prism8,5,"0,2,12,26,31",2042397683,-5.956308993300435
A_prism8,5,"5,10,26,27,31",90577493,-5.994906587774899
A_prism8,5,"9,11,21,23,27",299849101,-6.194737071804885
A_prism8,5,"10,19,20,28,31",1538394445,-6.483180513126066
A_prism8,5,"1,13,17,25,29",71713933,-6.0305339899243675
A_prism8,5,"0,5,6,8,17",384348727,-5.874076840607348
A_prism8,5,"1,4,21,22,29",415714299,-6.1944359880728195
A_prism8,5,"3,10,12,13,25",1239270749,-5.937705888213451
A_prism8,5,"10,14,15,18,30",91512625,-6.164039557748294
A_prism8,5,"2,13,16,17,21",256340913,-6.0003149382030845
A_prism8,5,"1,8,20,23,27",498275967,-5.989489061339048
A_prism8,5,"0,3,11,15,20",607149849,-5.852630912252439
A_prism8,5,"5,12,18,19,26",556078828,-5.976150617013642
A_prism8,5,"7,8,18,23,29",195797125,-6.0815398888987025
A_prism8,5,"2,10,13,15,24",406772627,-6.034723279583598
A_prism8,5,"5,9,10,13,27",1891989014,-5.924438334792703
A_prism8,5,"9,13,20,22,26",1198722170,-6.092739890262329
A_prism8,5,"1,7,16,27,30",152969901,-6.234256641786902
A_prism8,5,"1,8,11,16,28",444152721,-5.91166019071813
A_prism8,5,"16,22,25,29,31",1539467489,-6.3360425278251755
A_prism8,5,"0,12,14,22,26",2091495138,-5.85981164028844
A_prism8,5,"7,10,23,24,31",1747665985,-6.539862245090341
A_prism8,5,"8,9,16,20,29",971572508,-5.906568462838386
A_prism8,5,"0,3,4,18,24",511274877,-5.8944256444023875
A_prism8,5,"1,11,14,27,28",41173237,-6.822421651616084
A_prism8,5,"2,12,24,27,29",988367090,-6.56255913917265
A_prism8,5,"8,12,13,20,26",1577628536,-5.935712486289387
A_prism8,5,"7,12,15,22,24",1549165484,-6.708726682632235
A_prism8,5,"11,13,14,17,28",2030764764,-5.993659682957674
A_prism8,5,"6,13,16,24,30",1186653887,-6.1275891957955375
A_prism8,5,"2,3,6,16,24",1767873949,-6.0488487246948
A_prism8,5,"1,13,16,27,29",845332445,-6.043883690381157
A_prism8,5,"0,16,27,28,31",2063715111,-5.940439579119094
A_prism8,5,"11,12,16,29,30",1164220778,-6.237527607999531
A_prism8,5,"0,7,14,25,28",983027374,-5.863025045626723
A_prism8,5,"3,8,14,22,30",1585316364,-5.924429909575214
A_prism8,5,"0,9,14,16,19",503353765,-5.80929045871495
A_prism8,5,"0,5,6,17,20",1145462520,-5.865889744843724
A_prism8,5,"3,6,11,19,21",584274451,-6.056697354208335
A_prism8,5,"6,9,14,16,30",1878772607,-6.24915131152788
A_prism8,5,"5,6,11,15,31",113671891,-5.990185092915582
A_prism8,5,"2,4,6,19,27",1502926484,-6.7262370434627075
A_prism8,5,"0,2,6,14,18",707489931,-5.9402803238473085
A_prism8,5,"3,15,21,22,28",243472553,-6.045438041289756
A_prism8,5,"5,9,10,27,31",652580780,-5.935253425411317
A_prism8,5,"5,12,21,24,27",1184251814,-5.9644171742259084
A_prism8,5,"0,3,15,29,31",1814330940,-5.887114596760398
A_prism8,5,"5,6,8,16,25",1570719763,-5.920073255924552
A_prism8,5,"2,5,7,16,19",2118427603,-5.99870038160011
A_prism8,5,"5,6,16,18,27",2109568007,-5.975701682503189
A_prism8,5,"0,13,20,21,31",694684092,-5.8760533248573745
A_prism8,5,"8,13,17,25,31",1082786075,-5.9371566405719465
A_prism8,5,"5,10,23,24,25",210204731,-5.967054483765708
A_prism8,5,"3,6,12,21,30",1579218849,-6.044249015058728
A_prism8,5,"1,15,16,27,29",1231046648,-6.222232225469399
A_prism8,5,"10,14,15,18,20",842004390,-6.158341669247036
A_prism8,5,"5,9,27,29,30",382187136,-6.0426451623496
A_prism8,5,"15,17,23,24,31",575830556,-6.636710547056788
A_prism8,5,"3,16,21,23,30",1376567248,-6.106676882664505
A_prism8,5,"2,3,10,12,16",1902989127,-5.982049575064309
A_prism8,5,"3,5,15,18,26",1116926166,-5.937664616265333
A_prism8,5,"6,19,25,26,27",921858520,-6.5271294039582815
A_prism8,5,"0,2,9,18,31",573028533,-5.881921803650011
A_prism8,5,"14,16,21,25,26",1671024279,-6.1350933830785985
A_prism8,5,"0,2,16,19,24",1086903305,-5.903785765845327
A_prism8,5,"4,6,9,16,26",649173038,-6.127807697011855
A_prism8,5,"0,4,10,13,31",759526400,-5.88147873404568
A_prism8,5,"6,15,21,23,24",900828070,-6.32129357510055
A_prism8,5,"0,17,23,29,30",1689747991,-5.921805900884503
A_prism8,5,"7,9,17,20,29",1083153724,-6.443889745353539
A_prism8,5,"8,9,16,26,30",1722052662,-6.107693719291705
A_prism8,5,"11,17,22,23,30",1796871498,-6.882864454696714
A_prism8,5,"0,1,14,17,23",601121128,-5.840421068034168
A_prism8,5,"15,17,18,20,22",698005391,-6.293990437360424
A_prism8,5,"6,9,13,26,30",675377871,-6.135949404995781
A_prism8,5,"16,22,24,25,31",327373179,-6.336942673036752
A_prism8,5,"3,4,13,16,28",696890704,-5.957218141761546
A_prism8,5,"1,6,22,25,31",344393242,-7.063335547864235
A_prism8,5,"10,14,18,24,27",1022184065,-6.172235531819774
A_prism8,5,"2,8,10,19,31",2126446400,-6.017886739762011
A_prism8,5,"6,17,26,29,31",1034469385,-6.437635363130405
A_prism8,5,"1,6,11,17,31",126650162,-6.631132946816976
A_prism8,5,"0,3,4,5,12",1703199742,-5.86407929203224
A_prism8,5,"5,8,17,21,27",1481053808,-5.947868285857457
A_prism8,5,"0,12,16,23,31",162697421,-5.902884023728403
A_prism8,5,"5,12,18,19,28",336518643,-6.030397787169691
A_prism8,5,"1,6,24,30,31",1883604940,-6.868051874497041
A_prism8,5,"0,6,14,17,18",1473647786,-5.824612767931364
A_prism8,5,"3,13,15,20,25",639348740,-5.958250059821059
A_prism8,5,"7,15,17,26,31",669464785,-6.448474721718098
A_prism8,5,"0,5,8,16,26",214042616,-5.816050619663814
A_prism8,5,"6,9,25,26,29",292571260,-6.369594277483935
A_prism8,5,"6,10,16,26,29",843566519,-6.123891774083532
A_prism8,5,"2,9,12,13,17",2110944814,-6.0654025535182265
A_prism8,5,"2,13,27,28,29",655489893,-6.091766254481353
A_prism8,5,"3,15,20,25,26",637657502,-6.124973460403702
A_prism8,5,"2,10,20,25,29",419477929,-6.301920497336425
A_prism8,5,"2,8,22,27,31",1438028304,-6.029654958531998
A_prism8,5,"7,8,9,19,26",1940410961,-5.988011441925913
A_prism8,5,"0,6,9,24,27",583904616,-5.856331185596421
A_prism8,5,"8,9,11,25,31",827936950,-6.0338593601610375
A_prism8,5,"3,11,15,24,26",259831115,-6.169213795655384
A_prism8,5,"0,1,14,18,26",289478430,-5.845289742573351
A_prism8,5,"5,11,21,24,29",934302651,-6.010310520290331
A_prism8,5,"7,16,18,27,29",1437692112,-6.26865420115494
A_prism8,5,"0,3,10,26,28",1902815565,-5.877433860776556
A_prism8,5,"4,20,23,28,29",1937138129,-6.586299269531951
A_prism8,5,"0,12,14,19,22",1605501016,-5.755251874720503
A_prism8,5,"7,16,23,24,29",1955414012,-6.398159413119172
A_prism8,5,"3,4,9,12,24",1870708797,-6.029520219540443
A_prism8,5,"1,5,17,18,28",773380478,-5.961852491429338
A_prism8,5,"0,20,21,22,28",1398874334,-5.876860261251119
A_prism8,5,"0,5,15,24,28",334325747,-5.874045818750406
A_prism8,5,"0,1,10,16,19",932273348,-5.871594804995751
A_prism8,5,"2,10,18,19,27",1493397697,-6.237214479141049
A_prism8,5,"1,3,11,14,26",654341825,-6.0490184764578565
A_prism8,5,"3,16,18,20,28",1554829537,-6.034789760088902
A_prism8,5,"1,3,11,12,30",720985905,-5.984757819916766
A_prism8,5,"12,21,23,26,31",1014612570,-6.219770738367579
A_prism8,5,"1,5,7,15,28",1809755405,-5.944239712547215
A_prism8,5,"1,11,17,18,23",1497117527,-6.227556151185259
A_prism8,5,"2,13,17,22,23",2057554120,-5.9969243948220585
A_prism8,5,"0,2,3,28,31",321678536,-5.872824979687704
A_prism8,5,"11,12,17,18,28",207790785,-6.393779798513693
A_prism8,5,"1,4,15,21,31",1522114390,-6.261780482981213
A_prism8,5,"0,10,14,15,19",95415830,-5.871353226907884
A_prism8,5,"3,8,21,27,29",722912852,-6.009314525922949
A_prism8,5,"4,7,18,22,31",710243411,-6.300171522492532
A_prism8,5,"6,7,11,17,21",345993737,-6.045398761327799
A_prism8,5,"0,6,14,30,31",64534440,-5.910959354505464
A_prism8,5,"6,13,14,16,19",9923985,-6.002864355418804
A_prism8,5,"1,11,13,14,21",819685666,-6.04157130111358
A_prism8,5,"7,14,16,19,27",411286343,-6.256759186713303
A_prism8,5,"14,16,20,26,29",1966152308,-6.179967717729943
A_prism8,5,"0,2,3,7,28",739215452,-5.842802391256247
A_prism8,5,"3,7,8,17,30",1332537125,-5.935574004615899
A_prism8,5,"3,12,17,22,23",1992923240,-6.03495115451689
A_prism8,5,"11,14,16,17,23",1828085982,-6.194583530843447
A_prism8,5,"2,4,10,14,15",915045858,-6.193507690024591
A_prism8,5,"7,18,21,22,31",343826237,-6.309130338548043
A_prism8,5,"0,3,13,15,28",635806586,-5.863078048321079
A_prism8,5,"5,17,19,25,30",340533423,-6.026229524296124
A_prism8,5,"2,6,18,20,31",1215062806,-6.227582605440913
A_prism8,5,"5,11,14,19,31",1532540412,-6.014210148424478
A_prism8,5,"1,10,25,28,31",1008376853,-6.492698140625613
A_prism8,5,"4,15,16,21,26",826290749,-6.196468137056164
A_prism8,5,"3,18,22,23,27",1456881593,-6.098055799490532
A_prism8,5,"6,12,16,24,25",426546667,-6.246624751105829
A_prism8,5,"13,15,18,19,30",1447506936,-6.048303206527879
A_prism8,5,"1,6,16,28,31",1213818953,-6.25678374584186
A_prism8,5,"2,18,21,27,30",1164874075,-6.300863744872391
A_prism8,5,"13,14,21,25,26",1491331627,-6.011578423306811
A_prism8,5,"3,11,20,30,31",1977916601,-6.171399126807637
A_prism8,5,"13,21,25,30,31",342078141,-6.067200430953105
A_prism8,5,"2,16,18,23,25",1175438821,-6.178332543913378
A_prism8,5,"11,12,24,26,27",899798972,-6.373188120996293
A_prism8,5,"11,17,18,26,27",791366638,-6.274370604809085
A_prism8,5,"19,20,22,25,31",979518303,-7.162985389357536
A_prism8,5,"1,11,15,16,20",1905592102,-6.240420728434734
A_prism8,5,"1,4,9,18,24",1659066770,-6.218733824669163
A_prism8,5,"7,19,21,24,29",314604707,-6.227322243384763
A_prism8,5,"12,15,16,25,27",703289500,-6.232543040547484
A_prism8,5,"0,5,14,15,22",88700900,-5.853936506634869
A_prism8,5,"11,14,17,29,31",1234041699,-6.575921347058235
A_prism8,5,"8,11,16,26,29",426750524,-6.025814170664746
A_prism8,5,"0,3,8,21,24",1381530233,-5.841597788910353
A_prism8,5,"2,5,6,25,27",991695546,-5.951037236519921
A_prism8,5,"4,7,11,25,27",312214892,-6.560348390034186
A_prism8,5,"2,5,7,14,22",141950215,-5.883449778364895
A_prism8,5,"10,11,12,14,26",584587668,-6.25205697796038
A_prism8,5,"14,20,23,25,29",922376338,-6.687382753693144
A_prism8,5,"0,3,19,24,30",995233580,-5.880407999771599
A_prism8,5,"5,16,21,24,31",1294529646,-6.024286169437376
A_prism8,5,"9,11,12,15,30",710513542,-6.618215149955324
A_prism8,5,"0,9,19,21,28",776203846,-5.892117988614508
A_prism8,5,"6,11,15,20,22",52913634,-6.659262095646137
A_prism8,5,"5,7,25,26,27",686846007,-6.0759413138147895
A_prism8,5,"3,14,17,20,23",2028240150,-6.093079559394621
A_prism8,5,"6,9,13,14,15",85737382,-6.025623106995999
A_prism8,5,"0,10,16,23,28",322187092,-5.887064602344985
A_prism8,5,"6,9,16,20,28",908313521,-6.209727307579735
A_prism8,5,"9,15,17,18,26",1033184001,-6.174447998959905
A_prism8,5,"6,7,10,19,30",90506718,-6.404526480867275
A_prism8,5,"4,5,11,16,22",621932178,-5.9755950779108264
A_prism8,5,"4,6,22,26,29",725929183,-6.402392041329845
A_prism8,5,"0,2,8,11,19",1582067753,-5.858702446200766
A_prism8,5,"2,8,19,22,27",677522256,-5.984150892402128
A_prism8,5,"3,5,11,20,24",1426788522,-5.9410269152616255
A_prism8,5,"3,9,10,13,24",1427612156,-6.0085072186195285
A_prism8,5,"2,10,19,26,31",651397901,-6.293253993526459
A_prism8,5,"4,12,23,27,31",1438300979,-6.780852847490495
A_prism8,5,"7,10,11,13,19",1295969511,-6.016350660106019
A_prism8,5,"12,22,24,25,27",1559165615,-6.88335997438682
A_prism8,5,"0,13,18,19,27",805437615,-5.89880811241066
A_prism8,5,"1,5,20,23,31",380923320,-6.105525856015653
A_prism8,5,"8,11,16,19,30",1353920214,-6.074244932488616
A_prism8,5,"1,4,6,20,30",622972972,-7.692355037396562
A_prism8,5,"7,14,19,28,31",518929354,-7.082725445018665
A_prism8,5,"2,6,19,26,27",876885906,-6.518753754667905
A_prism8,5,"3,4,9,13,17",1045228823,-5.87468960240598
A_prism8,5,"9,14,16,17,31",983824235,-6.211355700247988
A_prism8,5,"9,12,18,22,24",295468403,-6.177197656699158
A_prism8,5,"0,7,9,18,25",74603977,-5.873223659037759
A_prism8,5,"2,19,20,25,30",190431499,-6.971096916742207
A_prism8,5,"9,14,19,20,31",1481692426,-6.783469645755303
A_prism8,5,"6,9,12,22,30",1913896123,-7.968090340898888
A_prism8,5,"2,23,24,27,29",395526454,-6.471848612639399
A_prism8,5,"8,14,15,22,24",1767287782,-6.042802341873033
A_prism8,5,"6,13,14,16,27",1230776151,-6.047908824050418
A_prism8,5,"2,5,6,25,31",1289140729,-6.047915635987522
A_prism8,5,"3,8,24,29,30",1296886022,-6.016911962804057
A_prism8,5,"5,6,17,22,29",864907023,-6.036913744796274
A_prism8,5,"1,9,15,19,23",1423476895,-7.018996418126222
A_prism8,5,"7,8,11,21,27",882778474,-6.002646416190577
A_prism8,5,"4,7,17,19,28",1353435747,-6.9098105166956465
A_prism8,5,"3,5,8,21,30",1637338336,-5.896754557796799
A_prism8,5,"6,8,12,21,22",1437003178,-5.970605354469153
A_prism8,5,"4,19,22,26,28",401976665,-6.5143150901976785
A_prism8,5,"14,15,19,21,27",1626515984,-6.4015874547404525
A_prism8,5,"8,9,16,25,27",1179298627,-6.003952089233088
A_prism8,5,"13,14,19,21,30",1237721233,-6.048176805438819
A_prism8,5,"7,16,20,23,25",1300624841,-6.283593466926338
A_prism8,5,"1,8,17,30,31",1717771080,-5.972921222415252
A_prism8,5,"10,20,21,24,27",2030911045,-6.1036638217678405
A_prism8,5,"0,9,16,29,30",700451808,-5.902136773111213
A_prism8,5,"5,11,16,20,27",1543248407,-5.978479130620828
A_prism8,5,"5,7,10,20,21",1435855161,-5.9887989757822835
A_prism8,5,"10,12,14,18,24",1941779579,-6.184309073540901
A_prism8,5,"2,16,17,18,31",230282165,-6.162164237522068
A_prism8,5,"10,11,14,22,25",149697762,-6.267838016371291
A_prism8,5,"4,10,13,25,29",89595032,-6.13595536555616
A_prism8,5,"14,16,21,28,29",690649198,-6.1434689870739385
A_prism8,5,"0,10,15,19,31",1952434514,-5.881279999152533
A_prism8,5,"5,8,14,26,31",495538479,-5.954616846782795
A_prism8,5,"0,6,7,26,29",693292581,-5.908537533596245
A_prism8,5,"2,18,23,26,27",247646305,-6.282606926885086
A_prism8,5,"7,10,20,23,25",988323696,-6.3570104512854595
A_prism8,5,"0,2,9,10,29",1920675846,-5.870089310680068
A_prism8,5,"0,5,12,21,27",1742108713,-5.920897375518008
A_prism8,5,"0,19,21,27,28",1091090249,-5.921789287399606
A_prism8,5,"3,6,23,26,30",1370224713,-6.218493608451612
A_prism8,5,"2,14,23,24,29",2071162969,-6.4860568203545395
A_prism8,5,"0,6,10,15,28",804514857,-5.86444281828766
A_prism8,5,"3,9,12,13,25",697896435,-5.952597428734688
A_prism8,5,"1,14,19,27,28",345397836,-6.300353275186615
A_prism8,5,"3,5,12,16,26",1718971990,-5.96033454804278
A_prism8,5,"3,4,7,9,23",584591569,-6.045646851758239
A_prism8,5,"20,25,28,29,31",153378669,-6.687678649626331
A_prism8,5,"3,14,26,29,31",1694167831,-6.120351474953013
A_prism8,5,"8,9,18,21,30",343112294,-6.00772374880148
A_prism8,5,"1,5,8,9,17",1571261393,-5.83243263484718
A_prism8,5,"8,14,23,27,28",2025818162,-6.037844304116463
A_prism8,5,"10,13,20,22,24",950520394,-6.04061697136269
A_prism8,5,"13,18,19,21,27",770791192,-6.049011576450482
A_prism8,5,"1,7,11,19,25",349878056,-6.649130835279875
A_prism8,5,"4,6,8,26,29",585943040,-6.071875517123534
A_prism8,5,"1,5,15,26,28",1297050992,-6.023256348311778
A_prism8,5,"6,22,24,26,27",1924011409,-6.4897174103961435
A_prism8,5,"2,10,11,12,23",1296862241,-6.246682825173311
A_prism8,5,"0,10,15,16,26",1833572007,-5.929768280117004
A_prism8,5,"2,10,13,20,29",901813706,-6.083105099932666
A_prism8,5,"5,15,16,24,31",1907888810,-6.060206301743701
A_prism8,5,"2,10,13,15,18",1004161235,-6.092553531877996
A_prism8,5,"2,4,12,14,22",880130883,-6.912303110530107
A_prism8,5,"9,16,17,20,27",194206928,-6.361985731916821
A_prism8,5,"0,4,22,24,28",1266086830,-5.890846261519703
A_prism8,5,"1,9,19,20,25",1080277383,-7.339783574914112
A_prism8,5,"5,15,26,29,31",1515106923,-6.082005069105319
A_prism8,5,"6,20,24,27,31",1227025649,-6.820619029796138
A_prism8,5,"3,17,21,24,28",1316004559,-6.065804002496124
A_prism8,5,"9,12,18,25,30",1420741615,-6.343753584906685
A_prism8,5,"0,1,4,9,14",241502228,-5.8218513366785505
A_prism8,5,"1,2,16,26,28",1965946965,-6.177070953775117
A_prism8,5,"5,8,10,27,31",537460425,-5.934660250298914
A_prism8,5,"5,17,20,30,31",1337060244,-6.027526156109637
A_prism8,5,"13,14,27,30,31",1899974052,-6.081006927413551
A_prism8,5,"10,16,19,22,26",1564309253,-6.158735286997197
A_prism8,5,"0,3,10,13,27",88055121,-5.945143959594703
A_prism8,5,"7,16,22,23,29",706124484,-6.232467878896461
A_prism8,5,"13,16,28,29,30",1483704772,-6.081230615572105
A_prism8,5,"0,11,17,18,22",1497427229,-5.866866995208634
A_prism8,5,"7,14,16,21,24",628392504,-6.0465618896479505
A_prism8,5,"3,13,16,17,31",1292239804,-6.009589090406788
A_prism8,5,"4,6,22,25,30",977774624,-7.754435341378357
A_prism8,5,"3,12,17,22,23",669587008,-6.1531521159122375
A_prism8,5,"0,4,5,6,31",2084784257,-5.867537264742383
A_prism8,5,"10,15,19,27,31",2061546983,-6.395592585465537
A_prism8,5,"6,9,16,21,27",843260245,-6.151880073157813
A_prism8,5,"7,11,22,27,30",1597423965,-6.870903143053846
A_prism8,5,"5,6,14,28,29",1773462153,-6.01621240607787
A_prism8,5,"3,7,17,27,31",392466010,-6.127367823178572
A_prism8,5,"5,10,11,21,27",975502850,-5.998014478967492
A_prism8,5,"0,5,20,21,31",1167689641,-5.886961566477629
A_prism8,5,"1,3,11,12,14",2068212465,-6.020473186895023
A_prism8,5,"3,4,6,19,29",657491671,-6.0480556337802795
A_prism8,5,"1,7,10,14,26",886428589,-6.202355493886588
A_prism8,5,"2,4,11,27,30",1104418192,-6.553443221246696
A_prism8,5,"5,8,9,18,25",1138609099,-5.940484614972354
A_prism8,5,"0,15,18,20,31",1133103802,-5.896122352247894
A_prism8,5,"12,18,21,23,27",215280126,-6.160872665922766
A_prism8,5,"2,6,29,30,31",977734307,-6.535962881060343
A_prism8,5,"4,5,12,19,27",863852655,-5.973157216832245
A_prism8,5,"0,10,15,26,28",1398974918,-5.910844237732131
A_prism8,5,"0,8,18,19,23",1612507547,-5.886068645396691
A_prism8,5,"2,5,9,20,26",1011592246,-6.008949370774263
A_prism8,5,"10,23,24,28,31",1924437839,-6.4325316299110735
A_prism8,5,"1,3,18,25,30",1985465830,-6.088976210364995
A_prism8,5,"4,8,10,16,31",363418118,-6.058177319732313
A_prism8,5,"0,6,16,19,24",187542480,-5.8806651181828276
A_prism8,5,"2,11,13,17,26",1829413060,-6.12335305089825
A_prism8,5,"2,6,8,16,19",1727461733,-5.9099012235849475
A_prism8,5,"2,3,19,27,31",1985417662,-6.170620289563412
A_prism8,5,"5,6,10,13,29",655299725,-5.953431172255067
A_prism8,5,"1,5,12,13,29",1435655413,-5.890647610582698
A_prism8,5,"8,9,23,28,29",1755773777,-6.027227771877159
A_prism8,5,"0,3,10,15,16",57017758,-5.884510444425321
A_prism8,5,"11,14,21,28,29",1151413052,-6.193586410038643
A_prism8,5,"1,4,5,14,16",49409767,-5.926887939640261
A_prism8,5,"5,12,16,23,24",1048284417,-6.002269450042403
A_prism8,5,"5,7,14,24,28",1785826250,-5.974341801365295
A_prism8,5,"0,8,21,26,27",274018154,-5.898496155084544
A_prism8,5,"4,10,20,29,30",338893649,-6.275181927939977
A_prism8,5,"4,22,26,29,30",1618033666,-6.403396896341062
A_prism8,5,"4,5,6,12,19",1274347929,-5.8913439889721015
A_prism8,5,"5,8,18,19,22",1435291998,-5.913838598336935
A_prism8,5,"0,8,16,24,25",1325156717,-5.8327240463345165
A_prism8,5,"3,9,11,17,31",783810061,-6.098240999369246
A_prism8,5,"7,11,22,23,27",1250943320,-6.670802528114492
A_prism8,5,"2,14,15,20,30",31361324,-6.968309192404428
A_prism8,5,"2,4,12,25,28",555802409,-6.731532609016426
A_prism8,5,"3,6,21,27,28",1090539796,-6.065767090053789
A_prism8,5,"6,13,19,22,24",437485494,-6.026446133558804
A_prism8,5,"1,3,5,13,29",1598610310,-5.876177457879025
A_prism8,5,"2,3,17,24,28",89823265,-6.1510392492669315
A_prism8,5,"10,12,15,17,20",1672806564,-6.326612687330973
A_prism8,5,"11,15,18,21,24",1201681741,-6.23572594002039
A_prism8,5,"5,6,18,21,26",1347618216,-5.98948913805286
A_prism8,5,"6,10,17,21,22",1995402201,-6.1060464530700465
A_prism8,5,"13,15,17,22,26",646718771,-6.021284931248966
A_prism8,5,"2,14,23,26,29",1391616518,-6.398772306867409
A_prism8,5,"0,10,13,23,26",1737542408,-5.893766535019756
A_prism8,5,"6,15,22,23,27",613985046,-7.520101577157934
A_prism8,5,"4,17,18,21,31",1003735128,-6.20051157006067
A_prism8,5,"3,8,10,22,25",223979871,-5.927578982616779
A_prism8,5,"4,5,12,26,28",227797637,-5.978117874773112
A_prism8,5,"1,5,7,10,17",12452545,-5.886263238778774
A_prism8,5,"2,5,12,15,16",1587425452,-6.005001745331311
A_prism8,5,"5,10,12,25,31",1313708613,-5.96645359783064
A_prism8,5,"8,12,17,23,26",1316176836,-5.9410496964771795
A_prism8,5,"3,6,8,12,27",1033679263,-5.940007740176239
A_prism8,5,"8,9,16,27,30",1398488760,-5.964649229654485
A_prism8,5,"4,13,16,23,31",1017848631,-6.090597971877701
A_prism8,5,"16,24,25,29,31",666401271,-6.351966632359344
A_prism8,5,"1,3,16,17,21",734977547,-5.938802604100453
A_prism8,5,"5,12,13,15,28",2020043640,-5.9397110935674196
A_prism8,5,"7,14,22,27,28",2122144974,-6.663772343365043
A_prism8,5,"3,7,11,25,26",1715797821,-6.124173333864106
A_prism8,5,"2,14,20,21,31",1052484988,-6.278035362577861
A_prism8,5,"3,4,8,15,31",1888825654,-5.982953825973753
A_prism8,5,"1,12,23,25,27",1025983327,-7.220466986598246
A_prism8,5,"6,14,23,25,27",829281834,-7.352743292329738
A_prism8,5,"4,19,24,26,31",6328291,-6.619152460758908
A_prism8,5,"0,8,13,17,30",1413995904,-5.873768127904275
A_prism8,5,"1,3,10,15,31",616910644,-6.129226364554887
A_prism8,5,"5,19,23,26,31",11138596,-6.075039015379126
A_prism8,5,"1,8,16,21,25",861496269,-5.962229887811137
A_prism8,5,"8,11,19,26,29",1824233469,-6.057462086445308
A_prism8,5,"1,12,14,19,26",2015775399,-6.3505803707094195
A_prism8,5,"9,14,17,21,31",2112460802,-6.141175569519428
A_prism8,5,"8,10,11,17,25",947113461,-5.951450722866598
A_prism8,5,"0,1,11,26,28",2103051348,-5.911567264846651
A_prism8,5,"0,18,22,26,27",1036564807,-5.900096476438878
A_prism8,5,"5,13,17,26,27",306397114,-5.9596180938146075
A_prism8,5,"5,10,12,16,29",1281072685,-5.986806536212101
A_prism8,5,"0,3,17,20,23",715955721,-5.808045141269767
A_prism8,5,"4,15,17,21,24",1991523777,-6.176657005140639
A_prism8,5,"5,7,10,21,29",1209177986,-6.057355213104847
A_prism8,5,"3,16,17,28,30",1682926019,-6.074953547803115
A_prism8,5,"4,7,13,23,25",1954843606,-6.073493208263246
A_prism8,5,"2,8,15,25,31",641320934,-5.997136091266741
A_prism8,5,"5,10,13,15,19",1626437461,-5.940041283660717
A_prism8,5,"14,15,22,24,30",1065367682,-6.9235037411209035
A_prism8,5,"10,16,18,19,20",2032758285,-6.126939345786426
A_prism8,5,"1,7,11,16,29",6585811,-6.263193292039653
A_prism8,5,"10,11,19,21,30",858593298,-6.175830824247812
A_prism8,5,"4,5,9,16,17",990011974,-5.95840269127416
A_prism8,5,"7,9,15,20,29",1468010755,-6.569107447082048
A_prism8,5,"2,4,8,20,23",545404737,-6.038576405901654
A_prism8,5,"0,4,7,13,15",400256874,-5.863989547532658
A_prism8,5,"4,10,12,28,31",333214727,-6.310047152834859
A_prism8,5,"10,11,12,24,30",361699764,-6.295866984742536
A_prism8,5,"2,3,6,9,26",1855967423,-6.210764531152437
A_prism8,5,"6,8,9,15,25",609743083,-5.944361280636874
A_prism8,5,"12,16,18,20,31",1188451763,-6.1825243534048075
A_prism8,5,"3,5,20,27,28",1404010059,-5.966185828444772
A_prism8,5,"7,19,28,29,30",966882913,-6.840303647628825
A_prism8,5,"3,5,16,19,31",1186688952,-5.962043890519563
A_prism8,5,"0,9,10,16,30",584525695,-5.868485227751865
A_prism8,5,"15,21,24,26,28",295408834,-6.270581373229028
A_prism8,5,"9,12,24,25,28",1503815191,-6.7860598349024865
A_prism8,5,"5,17,18,27,30",554788749,-5.969264188310139
A_prism8,5,"5,7,19,20,26",674664303,-5.995471390177156
A_prism8,5,"2,15,16,22,25",88659489,-6.295083059401885
A_prism8,5,"6,20,24,25,31",799974567,-6.77625038389356
A_prism8,5,"2,12,19,20,27",739942956,-6.880053979299284
A_prism8,5,"1,2,3,17,23",764420718,-6.0471458183381985
A_prism8,5,"4,8,12,23,25",671200389,-5.974496143614088
A_prism8,5,"5,11,15,20,29",1164911394,-6.008930702265472
A_prism8,5,"1,9,12,13,30",1034904876,-6.019178580209098
A_prism8,5,"12,15,27,28,29",648700452,-6.599304769680238
A_prism8,5,"3,5,8,13,29",1731072950,-5.922940705192249
A_prism8,5,"5,19,26,27,28",1876405279,-5.960541366487565
A_prism8,5,"9,18,20,22,29",783714649,-6.260677831983682
A_prism8,5,"10,16,18,23,28",1173648503,-6.159449296384044
A_prism8,5,"5,6,8,20,29",1003125394,-5.9419327805966695
A_prism8,5,"0,7,15,17,19",489112456,-5.864430855457714
A_prism8,5,"0,11,19,23,26",1434780002,-5.909824507797273
A_prism8,5,"7,14,15,27,30",1240093341,-6.601653183513826
A_prism8,5,"2,15,16,18,28",1795922059,-6.2205748490334205
A_prism8,5,"6,14,19,24,28",1958759871,-6.962280254325894
A_prism8,5,"6,7,9,10,18",502579570,-6.1372017005537565
A_prism8,5,"0,5,12,13,17",304382545,-5.841213103715191
A_prism8,5,"2,4,12,14,17",1775848728,-6.723867534009224
A_prism8,5,"0,2,9,16,20",1544422906,-5.86251847966472
A_prism8,5,"1,3,17,18,27",1431397595,-6.110267462840805
A_prism8,5,"6,16,20,21,25",1577961735,-6.193278129972525
A_prism8,5,"5,11,14,21,26",344784801,-5.963437094143977
A_prism8,5,"1,2,3,10,12",496982589,-5.973932048198194
A_prism8,5,"8,9,16,27,31",1809424407,-5.995465927847656
A_prism8,5,"3,7,9,16,21",1114480923,-5.96391007314344
A_prism8,5,"2,14,16,22,24",232603426,-6.260271922242929
A_prism8,5,"4,6,12,14,15",601164615,-6.956899327926022
A_prism8,5,"6,9,12,13,23",559506561,-6.10443398646245
A_prism8,5,"0,2,7,21,23",927849083,-5.893710028625524
A_prism8,5,"5,13,16,17,25",1620405675,-5.976223713766219
A_prism8,5,"10,13,16,23,27",1968776459,-6.0139627074504025
A_prism8,5,"12,25,26,29,31",997742413,-6.531877981035308
A_prism8,5,"3,10,14,15,25",549187675,-6.067994113242307
A_prism8,5,"2,17,20,22,28",632310721,-7.028822370612116
A_prism8,5,"3,8,17,25,31",633275640,-6.034451674300127
A_prism8,5,"0,13,17,23,27",2051008544,-5.880529983623927
A_prism8,5,"6,13,16,17,29",1082021634,-6.032571742917112
A_prism8,5,"6,13,25,27,30",34196971,-6.1079830196072935
A_prism8,5,"2,16,19,28,31",49629073,-6.309447437359637
A_prism8,5,"5,7,14,26,28",453565631,-5.983006846389695
A_prism8,5,"15,17,23,25,31",1915375728,-6.999095720305668
A_prism8,5,"0,3,8,10,28",1722941920,-5.86703797334941
A_prism8,5,"5,6,10,11,27",1127462632,-5.951130138210144
A_prism8,5,"5,8,9,19,21",560280597,-5.9427202579463785
A_prism8,5,"3,4,6,14,16",1751101976,-5.923785867242391
A_prism8,5,"3,7,9,10,17",2100438919,-5.976726942945962
A_prism8,5,"1,10,13,14,19",1854461195,-6.018809208558466
A_prism8,5,"0,16,23,27,28",412220635,-5.911317834570294
A_prism8,5,"9,14,27,28,30",156281070,-7.307121731093354
A_prism8,5,"2,7,15,23,24",882382515,-6.504900492544075
A_prism8,5,"1,4,5,11,13",1049517200,-6.003394735797384
A_prism8,5,"2,10,13,19,21",437648924,-6.104652542912106
A_prism8,5,"1,8,10,18,27",464330673,-5.981479200812065
A_prism8,5,"7,18,19,23,30",790470545,-6.407753675354093
A_prism8,5,"3,5,7,19,29",832824620,-5.943400159365664
A_prism8,5,"5,15,20,25,30",966663664,-5.987808134716735
A_prism8,5,"4,8,24,25,26",1650961822,-6.015390292692102
A_prism8,5,"2,11,21,26,30",380146816,-6.266410062975592
A_prism8,5,"2,8,14,23,31",492497698,-6.00070355852248
A_prism8,5,"0,8,21,22,24",1861038593,-5.882333221527463
A_prism8,5,"6,14,21,25,27",2056533941,-6.226012848056787
A_prism8,5,"1,13,18,21,28",335987784,-5.959863161604536
A_prism8,5,"0,18,25,30,31",1448696633,-5.905887090806397
A_prism8,5,"9,20,24,28,31",1301716804,-6.799057421166634
A_prism8,5,"4,13,15,18,27",1766508927,-6.005781738091306
A_prism8,5,"3,15,19,25,28",1929145249,-6.244845348935523
A_prism8,5,"6,18,20,26,27",1506248556,-6.275394735029216
A_prism8,5,"7,16,20,21,31",1702808060,-6.124808318800244
A_prism8,5,"0,1,2,11,19",763477524,-5.868693734698552
A_prism8,5,"2,6,15,24,29",168665394,-6.4153116330361275
A_prism8,5,"2,12,16,21,31",1889811985,-6.198402549717389
A_prism8,5,"8,13,21,24,27",796542173,-6.052813785802443
A_prism8,5,"0,4,11,19,26",228348184,-5.899612762039636
A_prism8,5,"4,7,8,24,26",1617120436,-6.029304558199488
A_prism8,5,"3,9,12,14,28",1975628151,-6.094102085820719
A_prism8,5,"8,9,17,19,26",292235063,-6.130121239044552
A_prism8,5,"4,15,19,26,31",1651852086,-6.648798934456222
A_prism8,5,"4,13,14,27,29",1112900237,-6.0469501058591
A_prism8,5,"0,3,8,13,19",414154731,-5.873541553020627
A_prism8,5,"8,10,16,25,28",2089321768,-5.911923725011222
A_prism8,5,"11,14,25,29,31",1707773411,-6.557948219863395
A_prism8,5,"2,11,19,29,31",132482793,-6.4251893036498835
A_prism8,5,"11,17,23,27,31",578872577,-6.731171971668171
A_prism8,5,"10,11,18,20,21",56107058,-6.0958494973960535
A_prism8,5,"2,12,16,18,23",1034451254,-6.089335182805805
A_prism8,5,"2,5,18,21,28",968932128,-6.002850867910949
A_prism8,5,"0,10,14,28,30",881627970,-5.902815214422063
A_prism8,5,"13,21,22,24,31",1476084231,-6.008361989866798
A_prism8,5,"2,5,6,21,27",1086082583,-6.005373096591296
A_prism8,5,"1,6,12,13,20",1990209729,-5.9739997431784015
A_prism8,5,"1,6,13,18,23",755531221,-6.0525072027109434
A_prism8,5,"1,8,10,20,21",1944055706,-5.95602261290799
A_prism8,5,"3,5,8,14,29",1713277672,-5.950634172133231
A_prism8,5,"7,11,27,29,31",1185486532,-6.672260079418442
A_prism8,5,"15,16,19,25,29",1377749156,-6.343041005536275
A_prism8,5,"3,9,15,22,29",2101042807,-6.214747235429641
A_prism8,5,"1,6,11,19,25",1818071410,-6.670680088131557
A_prism8,5,"0,9,14,21,26",821474236,-5.90262923043567
A_prism8,5,"1,7,20,22,27",816847984,-6.7494573700578355
A_prism8,5,"3,7,13,19,20",1259924014,-5.976140009506486
A_prism8,5,"7,11,14,23,26",312297337,-6.389810013464163
A_prism8,5,"4,10,11,16,29",1856224212,-6.239117797335057
A_prism8,5,"3,6,8,28,29",1389651920,-5.983214524906698
A_prism8,5,"5,17,24,29,31",2002723656,-6.137364809606194
A_prism8,5,"0,2,6,26,27",231343275,-5.898767658214648
A_prism8,5,"19,24,26,28,29",141010246,-6.472314444822675
A_prism8,5,"12,15,16,22,23",801300592,-6.228234053513057
A_prism8,5,"2,17,23,26,30",1761041869,-6.476363944764204
A_prism8,5,"3,4,10,18,28",1180553209,-6.1237751084678695
A_prism8,5,"5,7,9,18,28",640215,-5.9512130701120025
A_prism8,5,"0,12,21,26,28",1655992207,-5.959336293581857
A_prism8,5,"10,12,17,22,28",1865124394,-6.430166250798187
A_prism8,5,"0,17,19,25,28",292160604,-5.880980139332956
A_prism8,5,"15,24,25,28,29",34885441,-6.649210678310056
A_prism8,5,"7,15,17,24,31",1388294062,-6.752182643030131
A_prism8,5,"1,19,22,26,28",490022790,-6.488384670515984
A_prism8,5,"7,8,17,25,26",1416425080,-5.953430592858954
A_prism8,5,"12,14,26,29,30",1021990942,-6.450419945157421
A_prism8,5,"1,6,9,22,25",448535596,-8.061683421103066
A_prism8,5,"0,12,22,28,29",2145408011,-5.845277301174373
A_prism8,5,"1,12,22,24,26",1990391326,-6.454603525933779
A_prism8,5,"0,4,9,14,31",376947526,-5.844379287832992
A_prism8,5,"1,9,18,26,30",508473289,-6.322277893233482
A_prism8,5,"0,1,6,14,23",596655326,-5.794322932901894
A_prism8,5,"0,8,18,28,29",1077354999,-5.876712663660378
A_prism8,5,"3,11,14,16,26",456510837,-6.135806757233172
A_prism8,5,"2,10,13,23,31",1805531794,-6.025222258255564
A_prism8,5,"0,7,15,20,30",1573100221,-5.822500147743043
A_prism8,5,"6,16,19,24,29",183229662,-6.322233891893198
A_prism8,5,"5,10,13,25,29",1560128614,-5.94749780627996
A_prism8,5,"2,8,17,28,30",547885773,-5.953170189283675
A_prism8,5,"5,7,20,25,26",1931800138,-5.968254757033298
A_prism8,5,"5,10,13,27,31",2072002010,-5.956034226732626
A_prism8,5,"16,17,20,27,30",1481158980,-6.354719707752116
A_prism8,5,"7,18,22,26,29",1055790745,-6.2889413534465675
A_prism8,5,"5,20,22,24,29",1856686948,-6.01635429169124
A_prism8,5,"7,11,20,24,31",494661854,-6.6131498515003875
A_prism8,5,"9,18,19,23,31",1297053226,-6.490208682536834
A_prism8,5,"6,11,14,19,20",316936018,-6.622610814153749
A_prism8,5,"8,13,17,20,21",182481663,-5.940077259716305
A_prism8,5,"0,9,12,25,30",485474471,-5.879080037502895
A_prism8,5,"8,11,17,28,31",1919952094,-6.036138237455718
A_prism8,5,"5,11,19,21,28",1351102296,-6.033529900610487
A_prism8,5,"0,5,8,11,28",1542904783,-5.860599714350016
A_prism8,5,"6,9,16,18,21",1546396705,-6.119281397390122
A_prism8,5,"1,4,24,29,31",1725827597,-6.524239076735352
A_prism8,5,"3,7,13,14,21",885639943,-6.000742427489793
A_prism8,5,"1,11,15,16,17",232614281,-6.159715972859289
A_prism8,5,"6,16,17,22,24",289786710,-6.1646569340138475
A_prism8,5,"2,6,24,26,27",1936564564,-6.4965630602403515
A_prism8,5,"11,12,14,23,28",375039837,-6.5876413371377796
A_prism8,5,"3,13,17,25,31",2118554209,-5.991898754131599
A_prism8,5,"0,4,11,12,27",578928985,-5.91202591498028
A_prism8,5,"4,7,15,21,28",665691601,-6.208257465483147
A_prism8,5,"5,6,11,13,29",1537876245,-6.0195336178970384
A_prism8,5,"0,7,16,27,29",190691359,-5.9853184940287285
A_prism8,5,"8,13,14,18,22",410641815,-5.960404835668868
A_prism8,5,"11,13,17,22,26",405237272,-6.0896993969177755
A_prism8,5,"2,4,12,21,31",1132400671,-6.208191371403057
A_prism8,5,"10,13,15,18,30",2069611578,-6.020563393639731
A_prism8,5,"10,19,22,27,28",814915399,-6.552795739902045
A_prism8,5,"2,14,15,24,31",188191502,-6.6381930775525735
A_prism8,5,"8,9,12,28,29",1319940217,-6.054478910514305
A_prism8,5,"1,4,6,24,30",501042770,-6.638002748983116
A_prism8,5,"10,16,18,26,29",1145895887,-6.1561613697299356
A_prism8,5,"5,12,13,18,20",2044982411,-5.91464461472366
A_prism8,5,"6,12,18,26,29",1984546746,-6.223521172936717
A_prism8,5,"10,18,25,26,29",1022273937,-6.184371753815929
A_prism8,5,"13,14,16,23,30",1795130704,-6.029457272135272
A_prism8,5,"12,14,16,18,31",1941158847,-6.189694248833577
A_prism8,5,"18,21,25,26,30",1057331834,-6.1673015206646955
A_prism8,5,"8,15,20,26,28",120946659,-5.990799431782819
A_prism8,5,"12,17,18,27,28",1595770317,-6.2692972891190015
A_prism8,5,"10,14,27,29,30",2081466176,-6.416368763568866
A_prism8,5,"4,13,15,18,21",1936837255,-6.05403292428292
A_prism8,5,"0,5,14,26,29",85071101,-5.883394444494648
A_prism8,5,"1,10,12,16,27",1274975229,-6.170037120636971
A_prism8,5,"3,15,16,23,25",1249519578,-6.078728183243601
A_prism8,5,"7,11,12,15,20",1399201774,-6.5206630534766985
A_prism8,5,"2,6,15,29,31",1065738747,-6.489690824177265
A_prism8,5,"0,12,14,25,28",856759014,-5.869658326686557
A_prism8,5,"5,12,13,14,19",1932665049,-5.935640163096989
A_prism8,5,"9,19,20,30,31",1946177809,-6.60522080238145
A_prism8,5,"8,10,19,21,29",1504787808,-5.953141653483078
A_prism8,5,"3,4,9,14,18",1481195840,-6.083336257006729
A_prism8,5,"0,5,22,25,27",156775341,-5.870731167108057
A_prism8,5,"4,7,14,23,29",318477929,-6.402984424230553
A_prism8,5,"1,6,12,20,31",915933640,-7.285465523384697
A_prism8,5,"4,5,6,8,18",2067611559,-5.903643694747732
A_prism8,5,"0,8,10,12,27",281173518,-5.871258620532051
A_prism8,5,"1,4,10,13,15",1946959642,-5.968361752954296
A_prism8,5,"5,6,7,12,28",1397330563,-5.925588129259915
A_prism8,5,"1,11,12,17,30",1295954717,-6.68778596130296
A_prism8,5,"5,9,13,16,25",636401736,-5.9473930030285835
A_prism8,5,"3,9,14,17,29",1464228418,-6.058575417622465
A_prism8,5,"1,5,16,23,27",523277275,-5.995176362398204
A_prism8,5,"1,6,8,25,26",806146131,-5.924490027375538
A_prism8,5,"2,12,17,23,30",1991188470,-6.694197488973764
A_prism8,5,"15,18,19,22,28",1232964655,-6.305467077573678
A_prism8,5,"11,15,16,26,28",1589327209,-6.2311610751978375
A_prism8,5,"3,6,8,12,22",972983151,-5.965128531543309
A_prism8,5,"2,5,26,28,30",360748566,-5.996977622013837
A_prism8,5,"3,4,6,11,24",1155766194,-6.21003223762683
A_prism8,5,"3,8,11,15,22",606650162,-5.94592104894124
A_prism8,5,"1,4,14,24,28",1300125135,-6.66758202894097
A_prism8,5,"5,8,10,12,26",742313172,-6.018586945459523
A_prism8,5,"10,12,13,18,22",1767802693,-6.045834032930834
A_prism8,5,"0,4,5,15,28",845242500,-5.853624337724884
A_prism8,5,"11,19,20,29,30",985902569,-6.494815956273078
A_prism8,5,"7,14,17,19,31",1238451110,-6.908181178779842
A_prism8,5,"0,2,17,23,31",1707554496,-5.885120614096647
A_prism8,5,"0,2,4,20,27",122274240,-5.910289317755957
A_prism8,5,"15,20,21,25,30",658869863,-6.229975375961006
A_prism8,5,"1,2,3,9,18",556289795,-5.978923314793502
A_prism8,5,"3,4,5,11,28",301238580,-5.928008969408835
A_prism8,5,"5,7,19,22,27",774502145,-5.9706402329384005
A_prism8,5,"7,17,18,24,31",910101758,-6.328807748425462
A_prism8,5,"12,13,19,23,30",1575247050,-6.0540046409404935
A_prism8,5,"1,11,16,21,28",529974650,-6.1659253122817255
A_prism8,5,"3,8,15,21,27",862209113,-5.961682850254208
A_prism8,5,"2,12,13,18,29",1081553856,-6.093444706490315
A_prism8,5,"0,15,22,24,30",164445528,-5.8840626898011585
A_prism8,5,"16,19,24,28,31",1024582909,-6.296493563268451
A_prism8,5,"1,18,20,27,31",444800013,-6.442020483364437
A_prism8,5,"0,7,11,16,17",1489141706,-5.857690479868807
A_prism8,5,"1,13,14,19,24",1703793323,-6.048744612423195
A_prism8,5,"2,15,16,24,25",483984260,-6.314903135406297
A_prism8,5,"2,4,21,24,27",2120609091,-6.165807889265431
A_prism8,5,"5,16,19,22,28",267742965,-5.961613408761015
A_prism8,5,"10,12,16,21,29",88743143,-6.093905820178301
A_prism8,5,"4,12,19,27,28",105383546,-7.092125983679154
A_prism8,5,"1,8,14,21,25",1194462618,-5.966038700743003
A_prism8,5,"5,23,25,28,30",878253243,-6.030757251189842
A_prism8,5,"0,4,9,11,30",1730800088,-5.853410897341635
A_prism8,5,"5,10,16,23,30",1672869958,-5.976048646977044
A_prism8,5,"0,4,10,26,27",932647337,-5.87474811395098
A_prism8,5,"9,17,25,27,28",1189145126,-7.338299995966953
A_prism8,5,"8,11,13,17,20",786986728,-5.923801903852829
A_prism8,5,"0,5,8,17,31",499364506,-5.80019770547714
A_prism8,5,"2,12,15,17,26",1162786314,-6.397665982726453
A_prism8,5,"0,5,8,9,15",2067735036,-5.905341469300752
A_prism8,5,"3,19,22,24,26",1637560941,-6.234114138147361
A_prism8,5,"14,16,17,18,31",781934200,-6.178137200483328
A_prism8,5,"0,11,12,19,24",1569597160,-5.877754845499065
A_prism8,5,"2,7,22,29,30",1694455494,-6.691700453010101
A_prism8,5,"9,11,13,14,21",1640532712,-6.084997495751036
A_prism8,5,"4,18,24,27,30",1279934253,-6.355428231111856
A_prism8,5,"3,4,13,27,29",1125985986,-6.041041748092747
A_prism8,5,"0,2,12,17,30",1818570303,-5.7857183160794134
A_prism8,5,"6,7,13,17,19",805333000,-5.972324713959616
A_prism8,5,"5,20,23,25,26",662285174,-5.995003658344821
A_prism8,5,"1,3,10,13,29",812916652,-6.022414349168438
A_prism8,5,"9,11,12,19,30",484141174,-6.676069108608131
A_prism8,5,"9,10,20,27,29",2087598221,-6.485919203133798
A_prism8,5,"2,10,24,29,31",689927586,-6.422695147596844
A_prism8,5,"3,13,14,15,23",1841362044,-6.000126629644295
A_prism8,5,"7,15,18,25,27",437631534,-6.289742918927092
A_prism8,5,"0,1,14,17,20",483278486,-5.847602733626313
A_prism8,5,"1,13,23,28,30",1260691783,-6.074356681001304
A_prism8,5,"2,10,11,26,28",1962496873,-6.151892683786065
A_prism8,5,"0,2,27,28,31",1109726860,-5.930417066012337
A_prism8,5,"0,8,17,20,24",595940797,-5.926089082935343
A_prism8,5,"8,12,16,17,21",1916871337,-5.96225037620336
A_prism8,5,"1,3,14,20,26",1571571181,-6.021526288138506
A_prism8,5,"1,4,5,15,20",227514015,-5.9069678987794
A_prism8,5,"1,2,16,25,27",858184935,-6.246145846975066
A_prism8,5,"5,17,21,23,28",1336150903,-5.950988993217403
A_prism8,5,"2,4,12,18,19",1403801633,-6.267860658666913
A_prism8,5,"2,7,12,23,30",1490302464,-6.901213525369723
A_prism8,5,"2,13,17,19,22",1208601136,-6.039890414617679
A_prism8,5,"1,12,16,18,30",1412833706,-6.125345091344418
A_prism8,5,"3,4,14,22,23",1555932635,-6.094185108028607
A_prism8,5,"3,12,17,29,31",1825345168,-6.164628862349403
A_prism8,5,"1,2,3,17,27",183915775,-6.0995414143086215
A_prism8,5,"0,6,16,18,29",1274847029,-5.900154922559995
A_prism8,5,"1,2,12,16,25",858174515,-6.1418911409678145
A_prism8,5,"1,6,18,22,29",1477697748,-6.289131643749668
A_prism8,5,"2,3,10,14,26",1191660296,-6.131605451433688
A_prism8,5,"7,12,13,28,29",1043106427,-6.055066419874663
A_prism8,5,"5,10,19,25,28",482227733,-6.011391887907357
A_prism8,5,"5,15,18,19,21",1079154352,-5.9224425516456245
A_prism8,5,"2,6,12,23,25",933058419,-6.6320055342286715
A_prism8,5,"2,4,6,15,21",1557108832,-6.200849109277887
A_prism8,5,"2,8,10,20,23",68605804,-5.9741889314497465
A_prism8,5,"3,7,8,16,23",1513978977,-5.912139837327306
A_prism8,5,"6,7,16,25,29",1473316120,-6.222995374698043
A_prism8,5,"6,12,14,15,17",562759772,-7.405391261923985
A_prism8,5,"0,3,13,27,31",1127862006,-5.887521823984694
A_prism8,5,"0,5,8,13,23",961185568,-5.815951117884333
A_prism8,5,"6,11,23,26,31",1097332760,-6.42272426334676
A_prism8,5,"0,12,15,16,20",1923138518,-5.852561502569041
A_prism8,5,"2,9,10,19,30",1754994688,-6.351182559057356
A_prism8,5,"11,13,14,17,29",107842366,-6.0837896289327205
A_prism8,5,"3,12,18,27,30",227502373,-6.082148395919483
A_prism8,5,"5,12,16,22,29",1105437474,-5.957477943906807
A_prism8,5,"9,10,16,24,29",1600709013,-6.132720532949512
A_prism8,5,"15,19,25,27,30",166166540,-6.418065963145997
A_prism8,5,"1,6,9,10,26",1200098216,-6.284130294266117
A_prism8,5,"3,10,11,15,19",957436769,-6.056028242338435
A_prism8,5,"4,13,17,18,19",1167244456,-6.020413910493928
A_prism8,5,"2,5,17,27,30",209606191,-5.953711558466874
A_prism8,5,"8,12,16,20,28",1623828322,-6.030601721104102
A_prism8,5,"5,12,13,15,29",221401123,-5.9390222374678086
A_prism8,5,"1,5,7,16,28",681361800,-5.95261006923309
A_prism8,5,"3,10,11,14,28",1159748831,-6.03760806289675
A_prism8,5,"1,14,22,27,29",1237560972,-6.883223156985013
A_prism8,5,"0,9,14,30,31",707813577,-5.878063992940883
A_prism8,5,"7,21,23,27,28",2013075112,-6.156993231537258
A_prism8,5,"6,12,21,23,30",1906392869,-6.307514091684807
A_prism8,5,"2,8,11,18,19",987751255,-6.053806282383702
A_prism8,5,"0,11,19,21,27",1189332389,-5.896036017896892
A_prism8,5,"13,15,16,17,22",849657756,-6.094460926204653
A_prism8,5,"0,10,12,15,16",1549155864,-5.888945668676989
A_prism8,5,"12,13,17,19,27",1080279163,-6.03689866440117
A_prism8,5,"1,13,15,17,30",944414643,-5.931450478687004
A_prism8,5,"0,4,6,18,27",175274717,-5.861873212362911
A_prism8,5,"0,9,15,29,31",1069140508,-5.9280836110412665
A_prism8,5,"9,10,16,18,30",1160923249,-6.07077542048017
A_prism8,5,"1,3,7,14,25",1809221557,-5.9688935739511475
A_prism8,5,"1,2,19,27,30",1049712748,-6.812789463423244
A_prism8,5,"16,17,27,28,29",559496603,-6.289910493122791
A_prism8,5,"3,8,11,13,20",970738757,-5.943015333108948
A_prism8,5,"0,1,5,8,29",1424995998,-5.881690710809133
A_prism8,5,"7,18,19,26,31",743566924,-6.250344349370114
A_prism8,5,"3,5,6,20,23",907793362,-5.92685976436753
A_prism8,5,"5,11,14,16,27",1009896906,-5.996087989301672
A_prism8,5,"4,9,15,18,27",535405059,-6.177007965241253
A_prism8,5,"4,6,17,18,20",1786298828,-6.197621549940304
A_prism8,5,"12,13,20,21,23",1275871294,-6.0041004580331645
A_prism8,5,"1,9,14,18,31",1609384488,-6.23777981950889
A_prism8,5,"1,2,10,13,18",559047261,-5.966074673981781
A_prism8,5,"0,2,12,19,20",879644930,-5.849068180778993
A_prism8,5,"3,10,11,17,19",10035863,-6.1066189527182075
A_prism8,5,"3,9,11,13,31",360978791,-6.063506006471177
A_prism8,5,"0,4,14,15,25",787812280,-5.854314574995755
A_prism8,5,"15,19,21,23,31",123831104,-6.327877463382631
A_prism8,5,"9,13,16,24,25",1115740610,-6.02050964888556
A_prism8,5,"1,3,10,16,29",1222826053,-6.101349915352812
A_prism8,5,"2,14,19,23,24",1628198785,-6.6481200741317865
A_prism8,5,"1,4,15,19,31",1543300379,-6.712558877986774
A_prism8,5,"4,6,14,18,31",858455434,-6.251476920563897
A_prism8,5,"5,15,19,20,30",782607432,-6.027665666886012
A_prism8,5,"0,1,3,22,31",1505366387,-5.862707989060942
A_prism8,5,"3,4,11,13,24",1313541565,-5.974169014734047
A_prism8,5,"1,10,11,12,27",807702120,-6.264194416303462
A_prism8,5,"1,7,9,17,18",483219036,-6.146304273080351
A_prism8,5,"4,8,11,13,17",758835022,-5.939404779905316
A_prism8,5,"1,2,10,11,31",932788307,-6.354805208350279
A_prism8,5,"1,20,23,24,28",1571407506,-6.912598730644661
A_prism8,5,"2,7,25,26,28",161279489,-6.550871066715886
A_prism8,5,"0,3,11,17,21",770129476,-5.876627639656565
A_prism8,5,"2,12,17,18,22",1135659131,-6.208590458714403
A_prism8,5,"6,24,26,29,30",1664425870,-6.42143940945045
A_prism8,5,"9,14,21,22,30",435562932,-6.207788073392279
A_prism8,5,"7,14,20,26,30",169378212,-6.3985388161205226
A_prism8,5,"10,11,15,19,29",141383150,-6.326276455861587
A_prism8,5,"4,13,17,28,31",270559107,-6.0976887006436025
A_prism8,5,"10,15,16,24,30",1539862646,-6.259287267195162
A_prism8,5,"2,10,11,21,22",916616195,-6.101943756766406
A_prism8,5,"9,14,17,20,29",1809697357,-6.586744678530353
A_prism8,5,"7,11,18,22,26",1425060384,-6.238108067530621
A_prism8,5,"13,14,21,23,24",1907365964,-6.017334650040184
A_prism8,5,"8,10,13,14,22",1380968378,-5.91323892245933
A_prism8,5,"1,4,9,12,18",1576819656,-6.1042474279655075
A_prism8,5,"2,10,14,17,22",240673541,-6.280786576217103
A_prism8,5,"6,7,17,22,27",1027179009,-7.6618506174058485
A_prism8,5,"3,5,21,25,30",228807375,-5.954747218767161
A_prism8,5,"4,16,20,25,26",164551343,-6.275035088921346
A_prism8,5,"2,5,22,24,27",1397513435,-6.014883641910423
A_prism8,5,"0,7,10,18,24",1180229813,-5.909038724546499
A_prism8,5,"0,6,12,13,27",700375705,-5.94893370195341
A_prism8,5,"4,9,20,22,30",748130570,-7.814273211866399
A_prism8,5,"5,8,12,18,21",1608820081,-5.923385618242753
A_prism8,5,"5,18,21,25,30",227979258,-6.000621769646266
A_prism8,5,"11,14,24,25,26",847209473,-6.500107868188394
A_prism8,5,"4,12,18,22,27",759502526,-6.271446107416237
A_prism8,5,"16,17,20,25,27",812127285,-6.359429257563224
A_prism8,5,"3,7,20,24,29",333647899,-6.132017077290418
A_prism8,5,"2,4,8,12,19",1350873213,-5.938381398859592
A_prism8,5,"1,3,6,12,27",246864308,-6.100693506157034
A_prism8,5,"5,15,21,23,24",35039364,-6.043036996624211
A_prism8,5,"9,12,15,20,27",344764221,-7.1100817685124555
A_prism8,5,"1,3,9,18,27",1944356797,-6.020925842150684
A_prism8,5,"1,5,25,28,30",775918286,-5.973123014363788
A_prism8,5,"1,5,9,27,31",1236196434,-5.907846005395127
A_prism8,5,"2,4,7,10,23",1499267188,-6.263456039567131
A_prism8,5,"3,13,22,25,31",714577415,-5.981680145412957
A_prism8,5,"8,13,16,20,27",932392812,-5.950179589768114
A_prism8,5,"1,4,16,22,26",299322762,-6.253966421580332
A_prism8,5,"1,2,5,8,24",1122505902,-5.907699112318295
A_prism8,5,"7,17,21,26,27",740403932,-6.185037978429434
A_prism8,5,"1,4,8,18,27",70457706,-5.961388074647781
A_prism8,5,"7,9,17,19,25",1724700517,-7.329495082344363
A_prism8,5,"4,11,24,28,29",316328448,-6.549578358470516
A_prism8,5,"3,18,20,22,26",56433727,-6.117155511512051
A_prism8,5,"2,6,24,25,28",894182303,-6.75611319237613
A_prism8,5,"5,7,13,15,29",196619729,-5.920122881629253
A_prism8,5,"0,1,2,18,20",594791132,-5.798474730075971
A_prism8,5,"13,17,26,30,31",1374104816,-6.121422629752173
A_prism8,5,"1,5,9,15,24",1881805657,-5.933338436334493
A_prism8,5,"7,10,15,20,28",1485264245,-6.458399979603234
A_prism8,5,"3,10,13,19,31",457376360,-6.028040157622076
A_prism8,5,"9,15,21,23,31",124231987,-6.293534107900583
A_prism8,5,"3,6,15,24,27",1960780018,-6.168713975528755
A_prism8,5,"1,7,11,12,26",1191249763,-6.293880064081171
A_prism8,5,"7,10,25,27,30",14868373,-6.506228974577791
A_prism8,5,"6,7,14,23,25",2133203399,-7.424816519528854
A_prism8,5,"10,19,20,21,27",84473275,-6.191279665367553
A_prism8,5,"0,8,14,19,28",1066306253,-5.845601603903801
A_prism8,5,"3,4,16,28,29",1123624963,-6.095675641411546
A_prism8,5,"7,9,13,16,31",2069465339,-6.103795777600759
A_prism8,5,"4,6,9,12,30",1956078482,-7.589486151667607
A_prism8,5,"4,15,19,21,22",540818345,-6.256886354214353
A_prism8,5,"10,18,21,24,31",1435791043,-6.157776886055565
A_prism8,5,"8,9,14,16,25",469565190,-5.879751550732028
A_prism8,5,"6,11,13,20,28",1517411278,-6.085215608223523
A_prism8,5,"1,2,6,12,20",985000712,-6.924671024295751
A_prism8,5,"16,18,27,29,31",1956372249,-6.22231134774981
A_prism8,5,"8,19,21,26,29",1451831941,-6.0586962572917
A_prism8,5,"2,9,17,25,27",1200243717,-6.925203464772607
A_prism8,5,"6,10,14,19,29",1324926592,-6.349077226407575
A_prism8,5,"4,6,10,11,17",33703046,-6.23092111289699
A_prism8,5,"9,16,24,25,30",63390614,-6.200327820192301
A_prism8,5,"4,10,12,16,17",2077756296,-6.105508193396973
A_prism8,5,"1,4,15,25,30",457167243,-7.273234534618439
A_prism8,5,"2,7,9,12,22",1392228226,-6.904151875777297
A_prism8,5,"5,7,10,27,31",445337029,-6.032624329008383
A_prism8,5,"0,9,11,17,18",713825974,-5.881096900748775
A_prism8,5,"2,10,13,17,31",232205340,-6.094741747535508
A_prism8,5,"0,2,13,15,22",1940594048,-5.88473232024024
A_prism8,5,"3,13,22,26,28",394637268,-6.070071655629955
A_prism8,5,"1,9,18,27,31",2074407883,-6.334753944201953
A_prism8,5,"4,7,12,17,26",1256796859,-6.311297175822223
A_prism8,5,"1,6,7,17,19",1789080966,-7.125213482885421
A_prism8,5,"7,10,19,27,30",93222424,-6.556752402930746
A_prism8,5,"7,11,18,23,27",114479069,-6.341860147878466
A_prism8,5,"6,14,16,27,31",1943939844,-6.274879718999247
A_prism8,5,"7,10,14,23,30",368632734,-6.454317941741362
A_prism8,5,"1,6,15,17,21",188120116,-6.206042554788423
A_prism8,5,"1,3,4,21,29",1082840861,-6.072775523339289
A_prism8,5,"11,13,21,23,29",323816454,-6.000841122733563
A_prism8,5,"1,10,13,21,27",791293316,-5.90842217625671
A_prism8,5,"2,9,10,25,29",1238721970,-6.240293550746894
A_prism8,5,"0,8,9,20,25",266729061,-5.8422534884456985
A_prism8,5,"0,6,9,18,19",1848196087,-5.849101418178537
A_prism8,5,"2,7,15,24,26",1823600121,-6.494069013557679
A_prism8,5,"7,11,13,14,19",1936849185,-6.036308467706963
A_prism8,5,"17,18,22,26,30",444826309,-6.311656809187771
A_prism8,5,"12,18,21,23,31",441427382,-6.224205803988464
A_prism8,5,"2,7,10,19,30",330819335,-6.427261948992255
A_prism8,5,"6,12,16,23,29",353024744,-6.184284449854968
A_prism8,5,"10,14,17,23,24",1218929088,-6.466330450685383
A_prism8,5,"8,14,17,18,26",1115017810,-6.01570493443632
A_prism8,5,"1,11,12,15,24",1821505827,-6.467974953086328
A_prism8,5,"0,2,8,10,26",1386022370,-5.892959235777938
A_prism8,5,"2,3,22,27,31",17815202,-6.231308607322968
A_prism8,5,"9,18,20,28,29",1268183492,-6.236121886745481
A_prism8,5,"8,13,17,28,30",828857167,-5.9492471005987095
A_prism8,5,"11,19,20,21,27",1606085964,-6.371740063577704
A_prism8,5,"3,9,15,23,27",1967089231,-6.119804011207178
A_prism8,5,"4,8,10,19,27",1859008558,-5.985720625492655
A_prism8,5,"12,16,18,28,31",1716779939,-6.230388056465904
A_prism8,5,"6,9,12,27,30",2071921454,-7.4947074908727656
A_prism8,5,"0,3,7,15,31",1849965851,-5.940331026591847
A_prism8,5,"11,19,24,28,29",622854857,-6.465973327081415
A_prism8,5,"17,19,21,29,30",15287661,-6.232768718330092
A_prism8,5,"6,20,22,23,26",361269452,-6.542663029857537
A_prism8,5,"8,10,11,18,29",1672494611,-6.016838831061496
A_prism8,5,"7,8,11,20,22",1335659071,-5.921928495707751
A_prism8,5,"9,10,12,19,21",2053564336,-6.1474650969833045
A_prism8,5,"3,12,15,25,28",1933360584,-6.133579020738029
A_prism8,5,"2,12,13,23,29",1510295845,-6.072115154545781
A_prism8,5,"19,20,23,24,31",688618450,-7.044158415303203
A_prism8,5,"3,5,17,25,26",2007265750,-5.894594975666153
A_prism8,5,"8,9,18,19,30",2137946692,-5.999051800430093
A_prism8,5,"0,5,14,28,29",1366577366,-5.931968068897797
A_prism8,5,"0,2,5,20,21",66692274,-5.88027198789771
A_prism8,5,"9,12,14,18,30",967555432,-6.219541925602224
A_prism8,5,"2,18,21,26,30",8521814,-6.19031423138424
A_prism8,5,"2,7,10,24,25",279319855,-6.302092753422704
A_prism8,5,"4,10,11,15,21",841218613,-6.118943985201468
A_prism8,5,"7,8,17,20,22",84608769,-5.973703854492289
A_prism8,5,"9,12,16,21,24",1082413605,-6.230654943380269
A_prism8,5,"7,12,22,25,27",852983918,-8.112700018752694
A_prism8,5,"0,3,10,11,20",1589025502,-5.872406096066453
A_prism8,5,"7,8,12,13,23",1447743083,-5.848719873367689
A_prism8,5,"9,11,17,22,29",25039901,-6.521596499537289
A_prism8,5,"7,10,24,25,27",1936479410,-6.39598841899995
A_prism8,5,"10,19,24,25,27",554973477,-6.4161879158471775
A_prism8,5,"6,10,16,25,31",523599712,-6.214285981567456
A_prism8,5,"2,3,9,18,23",2098735565,-6.041800106948077
A_prism8,5,"4,6,13,27,31",1881985491,-6.115321717609303
A_prism8,5,"2,4,16,21,25",1863801900,-6.13982371253029
A_prism8,5,"7,11,13,22,23",1611216985,-6.0608444495113805
A_prism8,5,"7,10,12,13,28",1957453956,-6.023438892026242
A_prism8,5,"1,2,12,27,29",245370479,-6.416860016427703
A_prism8,5,"0,6,9,22,29",1629727497,-5.887481480139549
A_prism8,5,"5,6,8,19,28",1211966626,-5.884022974831451
A_prism8,5,"1,8,18,29,30",306487620,-6.014160578614023
A_prism8,5,"3,7,18,22,31",1760532494,-6.101300635362398
A_prism8,5,"7,8,15,20,26",267056832,-5.97156314079434
A_prism8,5,"7,11,15,27,31",1566048661,-6.622651936865901
A_prism8,5,"14,17,19,22,31",1586372241,-7.139149081195674
A_prism8,5,"2,4,8,22,30",704133538,-5.961618392604072
A_prism8,5,"4,6,12,19,27",820923997,-7.037178059235334
A_prism8,5,"5,6,14,27,30",147206450,-6.03429410249355
A_prism8,5,"7,16,26,29,31",1032634298,-6.25006093190414
A_prism8,5,"5,7,9,27,30",47688494,-5.976051097146764
A_prism8,5,"0,1,9,17,19",521529095,-5.907176849913855
B_bevel05,3,"3,16,22",673817265,-6.087909546120944
B_bevel05,3,"10,15,17",127560632,-6.603418991593165
B_bevel05,3,"3,23,28",1770757247,-6.310652879561359
B_bevel05,3,"17,19,20",1897654341,-8.571117592064613
B_bevel05,3,"4,20,28",135363985,-9.622145538067466
B_bevel05,3,"11,25,30",1452081569,-7.256935062452113
B_bevel05,3,"8,13,19",1870171093,-5.949703633339637
B_bevel05,3,"4,11,23",484536037,-6.645261043727245
B_bevel05,3,"8,21,23",990295785,-6.044445061816818
B_bevel05,3,"0,5,30",1393498254,-5.98659883549581
B_bevel05,3,"9,23,25",655013391,-7.665036804362752
B_bevel05,3,"21,27,29",1571844399,-6.226863285576209
B_bevel05,3,"6,11,19",2131888838,-6.885947945421239
B_bevel05,3,"14,18,21",1127270942,-6.015285619476983
B_bevel05,3,"12,13,19",1691175029,-6.03347283803525
B_bevel05,3,"6,15,19",1583154942,-7.943717676581437
B_bevel05,3,"1,6,24",1590002402,-6.792302032690459
B_bevel05,3,"1,6,17",1871479936,-6.424024369681056
B_bevel05,3,"19,25,30",935054654,-8.53652139739511
B_bevel05,3,"6,16,25",1279140717,-6.23557912143354
B_bevel05,3,"0,5,19",558809306,-5.954061975619555
B_bevel05,3,"21,25,30",548056828,-6.394113764323436
B_bevel05,3,"0,15,21",1479274613,-5.920580029422794
B_bevel05,3,"8,19,24",869761019,-6.04614955941546
B_bevel05,3,"7,9,25",678622616,-6.107523072806182
B_bevel05,3,"4,22,27",948178843,-10.489496630535724
B_bevel05,3,"6,12,21",469615173,-6.168299409308465
B_bevel05,3,"3,10,28",319121662,-6.051026171326344
B_bevel05,3,"11,17,23",1754016506,-6.702150015254138
B_bevel05,3,"18,25,29",1885294606,-6.464882641915077
B_bevel05,3,"6,15,17",604140383,-8.485974761251565
B_bevel05,3,"1,5,16",1972958734,-5.951973636098561
B_bevel05,3,"6,16,17",2095994300,-6.277875258400888
B_bevel05,3,"8,23,30",301289482,-6.0509115286514
B_bevel05,3,"7,8,10",574596428,-5.89080309455847
B_bevel05,3,"4,17,23",1535589728,-7.487959811509094
B_bevel05,3,"16,23,30",2044324122,-6.352128394325121
B_bevel05,3,"8,14,16",2089583388,-6.0159082793567595
B_bevel05,3,"2,7,22",1053154048,-7.413106535148438
B_bevel05,3,"2,13,22",1080545768,-6.010761147414438
B_bevel05,3,"1,9,15",1735911463,-8.428831158706917
B_bevel05,3,"1,3,9",1977201945,-6.121130598207781
B_bevel05,3,"14,26,29",1174953458,-6.432592645915518
B_bevel05,3,"0,14,23",672551553,-5.8714268308538715
B_bevel05,3,"1,24,28",85872001,-7.010278764239839
B_bevel05,3,"15,18,25",775165406,-6.562110432650345
B_bevel05,3,"1,6,14",382182741,-6.405940371877573
B_bevel05,3,"0,24,28",181255546,-5.915139030174849
B_bevel05,3,"10,23,29",202033187,-6.42152212976466
B_bevel05,3,"17,18,26",570243200,-6.243291214547269
B_bevel05,3,"2,5,13",533535334,-6.035011386520553
B_bevel05,3,"5,22,23",816201500,-6.189020664226301
B_bevel05,3,"19,22,23",1781091310,-7.460454657721862
B_bevel05,3,"7,27,31",539986336,-7.285546014812737
B_bevel05,3,"3,4,29",343741568,-6.062825321952925
B_bevel05,3,"11,22,24",1931316753,-6.59261452884651
B_bevel05,3,"4,16,26",1083961757,-6.07965557624119
B_bevel05,3,"14,26,31",543528306,-6.5944915800241395
B_bevel05,3,"4,28,29",679914574,-6.77929382793278
B_bevel05,3,"5,27,30",1045685580,-6.023642740971601
B_bevel05,3,"0,5,23",180654811,-5.963130260573508
B_bevel05,3,"2,8,14",496842077,-5.876402563836149
B_bevel05,3,"3,12,13",417320801,-5.940198820765046
B_bevel05,3,"10,16,20",626403854,-6.08604380833325
B_bevel05,3,"6,8,16",83396175,-5.996584491218118
B_bevel05,3,"1,18,21",1029010685,-6.152791121917884
B_bevel05,3,"7,15,29",1141224903,-6.616226664944262
B_bevel05,3,"16,20,25",13893306,-6.330056019679435
B_bevel05,3,"9,12,24",190694855,-6.8946714320221645
B_bevel05,3,"20,24,30",1560915581,-7.086642448102934
B_bevel05,3,"4,11,12",514391962,-6.761426964006968
B_bevel05,3,"11,13,23",1868924038,-6.017514988649914
B_bevel05,3,"8,18,20",142914046,-6.007293481386983
B_bevel05,3,"6,23,27",120761623,-7.420035656493321
B_bevel05,3,"0,8,15",792166724,-5.952430629825437
B_bevel05,3,"9,11,17",98828275,-7.0018925820406395
B_bevel05,3,"4,17,22",881988872,-10.76665683445036
B_bevel05,3,"4,9,28",885840011,-9.454010968559459
B_bevel05,3,"8,9,29",1790213261,-5.950234439916647
B_bevel05,3,"7,27,28",670480097,-9.40406594564721
B_bevel05,3,"15,21,22",155005364,-6.268933065880534
B_bevel05,3,"6,20,25",592258614,-6.227721036387449
B_bevel05,3,"11,12,27",1555651191,-7.012465603800379
B_bevel05,3,"2,8,16",860781705,-5.873607257358087
B_bevel05,3,"8,25,30",813733584,-6.041297612973412
B_bevel05,3,"18,19,29",1993198872,-6.297734637614229
B_bevel05,3,"22,26,30",542931829,-6.719949246804884
B_bevel05,3,"15,17,25",132356190,-9.04724429255432
B_bevel05,3,"0,3,4",2084526891,-5.961394188262411
B_bevel05,3,"6,14,27",2061720019,-10.329842420701068
B_bevel05,3,"2,7,19",1246170615,-7.107048757840742
B_bevel05,3,"11,13,31",1535930558,-6.0537699222762225
B_bevel05,3,"4,13,21",277221097,-5.9448716732063565
B_bevel05,3,"5,21,26",1858982217,-6.012003464062559
B_bevel05,3,"9,19,22",825644228,-8.597994582254435
B_bevel05,3,"6,13,28",1363146786,-5.999307200071374
B_bevel05,3,"10,12,23",794200383,-6.577876572043705
B_bevel05,3,"6,11,13",1894316111,-5.8678144984692855
B_bevel05,3,"11,22,30",1068144860,-7.144641704796028
B_bevel05,3,"17,18,26",421976215,-6.265221768520619
B_bevel05,3,"2,7,15",1708496866,-7.354095464738923
B_bevel05,3,"18,22,25",486384790,-6.392116650091585
B_bevel05,3,"10,19,26",1256263144,-6.296104614213042
B_bevel05,3,"14,22,28",1186286509,-9.573886655688778
B_bevel05,3,"4,12,28",1485922992,-9.405522150064614
B_bevel05,3,"22,24,26",331614848,-6.510836303994508
B_bevel05,3,"0,5,14",249150499,-5.90383484562786
B_bevel05,3,"7,13,19",1601413722,-5.970192576009697
B_bevel05,3,"12,15,24",370327008,-6.837017279438668
B_bevel05,3,"3,13,15",1941368529,-5.917313011716095
B_bevel05,3,"4,7,30",292866121,-11.01818369763493
B_bevel05,3,"3,4,19",124322199,-6.166695221872037
B_bevel05,3,"5,15,19",993511817,-5.972712298848359
B_bevel05,3,"8,17,23",713490661,-6.018431712245705
B_bevel05,3,"1,27,31",175715493,-7.224712070934586
B_bevel05,3,"1,16,18",1221996996,-6.026891678773971
B_bevel05,3,"8,9,26",1002801078,-6.045632459353319
B_bevel05,3,"8,14,30",41841422,-6.042337665708366
B_bevel05,3,"25,26,30",161800562,-6.821961811940872
B_bevel05,3,"8,10,16",1430008312,-5.969877815832982
B_bevel05,3,"0,7,19",1741686813,-5.911455107269965
B_bevel05,3,"13,14,16",1124697644,-5.932694632231611
B_bevel05,3,"13,17,18",2086323944,-6.003510695174396
B_bevel05,3,"1,8,19",1451001669,-5.957276235559951
B_bevel05,3,"13,19,25",852922590,-6.065640392011217
B_bevel05,3,"13,21,30",2044233601,-6.0142805416729415
B_bevel05,3,"0,28,30",1428657059,-6.005142526522168
B_bevel05,3,"4,7,26",395616214,-6.400444364315906
B_bevel05,3,"0,9,19",828115613,-5.888036814641248
B_bevel05,3,"9,17,21",673273085,-6.127595082229043
B_bevel05,3,"16,28,30",1890891543,-6.414462015445558
B_bevel05,3,"0,25,26",342489304,-5.947434515837392
B_bevel05,3,"1,10,31",660789949,-6.430148932237885
B_bevel05,3,"1,14,17",797056592,-6.79540009864668
B_bevel05,3,"3,15,18",2043572979,-5.983845194896992
B_bevel05,3,"0,14,19",793214981,-5.94350491729088
B_bevel05,3,"10,24,25",2047186298,-6.530376847499137
B_bevel05,3,"16,17,28",1764336639,-6.285937677305166
B_bevel05,3,"9,10,19",560800478,-6.402733622695781
B_bevel05,3,"15,19,25",1075052829,-8.185858238550237
B_bevel05,3,"6,7,14",125675273,-5.828054965811388
B_bevel05,3,"9,10,20",2086544300,-6.660890462497141
B_bevel05,3,"2,9,19",1746513618,-7.113249750070762
B_bevel05,3,"5,16,18",622311799,-5.967392296514877
B_bevel05,3,"19,21,24",694577212,-6.223993182184081
B_bevel05,3,"5,17,19",1254270613,-6.024766121205455
B_bevel05,3,"3,19,28",2109926974,-6.340055562278492
B_bevel05,3,"17,23,31",193706425,-7.2088072352053745
B_bevel05,3,"4,14,19",833025385,-8.381118485292411
B_bevel05,3,"4,8,17",1893125695,-5.929147556963947
B_bevel05,3,"2,21,24",1329231229,-6.170243615619936
B_bevel05,3,"0,4,15",1049092493,-5.9286077872610665
B_bevel05,3,"23,24,26",272859546,-6.455522159320026
B_bevel05,3,"14,17,18",669402952,-6.382916856548364
B_bevel05,3,"0,17,25",1088146739,-5.9938589099964785
B_bevel05,3,"2,3,18",2094264336,-5.920415869788828
B_bevel05,3,"26,29,30",359653123,-6.370034647252178
B_bevel05,3,"2,17,21",1827445876,-6.154087426841742
B_bevel05,3,"4,28,30",1907469686,-9.704343173271658
B_bevel05,3,"7,10,28",1106205001,-6.668305673253708
B_bevel05,3,"4,11,31",19831614,-6.6672506900879895
B_bevel05,3,"1,2,26",60144487,-6.2407686697747815
B_bevel05,3,"11,15,26",716131316,-6.286552780342198
B_bevel05,3,"27,28,30",1522152878,-9.79434054132557
B_bevel05,3,"3,30,31",646039659,-6.273370287127289
B_bevel05,3,"0,6,8",1996918537,-5.9620129631797765
B_bevel05,3,"4,5,26",660817619,-5.907203469867781
B_bevel05,3,"8,16,30",1207494442,-5.9571060784803525
B_bevel05,3,"4,5,10",1225926840,-6.0148002997849295
B_bevel05,3,"7,20,30",278653950,-5.885219339549019
B_bevel05,3,"2,15,25",1104422360,-7.419001489989332
B_bevel05,3,"2,8,30",1393215128,-5.928318089690509
B_bevel05,3,"4,17,22",1260546836,-11.041719280045198
B_bevel05,3,"5,15,22",583299907,-6.056208771599002
B_bevel05,3,"0,18,23",1317783566,-5.942593245275537
B_bevel05,3,"1,21,29",393772414,-6.255738386000539
B_bevel05,3,"0,9,12",379771808,-5.931574964070881
B_bevel05,3,"3,22,25",728873917,-6.35961161146275
B_bevel05,3,"10,12,16",587397169,-6.094733062199444
B_bevel05,3,"4,14,23",583147379,-7.261719515618368
B_bevel05,3,"5,16,20",1994288098,-5.928096509052776
B_bevel05,3,"17,19,28",359171835,-8.56664366797498
B_bevel05,3,"3,13,20",2146630396,-5.929803952404426
B_bevel05,3,"12,22,29",1491419110,-6.924512802731654
B_bevel05,3,"2,3,21",933227374,-5.931043882231072
B_bevel05,3,"7,10,22",610812010,-6.659622592632678
B_bevel05,3,"0,1,13",600544712,-6.0264947961153705
B_bevel05,3,"2,8,27",1596183116,-5.90344818288785
B_bevel05,3,"1,10,24",1743447492,-6.302720167206217
B_bevel05,3,"10,13,17",1947633841,-5.98839944306943
B_bevel05,3,"3,9,22",951979472,-6.272008062207041
B_bevel05,3,"4,20,23",1114844086,-7.469204647927468
B_bevel05,3,"4,9,17",1227712297,-10.8199433025531
B_bevel05,3,"3,12,27",1901472066,-6.302895806290017
B_bevel05,3,"10,22,25",1429854992,-6.769392506619984
B_bevel05,3,"4,18,25",509827579,-6.361508021123482
B_bevel05,3,"1,8,20",201530579,-5.976843716994787
B_bevel05,3,"7,15,17",490285216,-8.701501280118045
B_bevel05,3,"18,24,25",1532607825,-6.3901024634403
B_bevel05,3,"15,22,24",942535375,-6.931936272605
B_bevel05,3,"15,23,25",1220496828,-7.544680705067232
B_bevel05,3,"6,25,31",1826916822,-7.2188496844060275
B_bevel05,3,"14,28,31",806335543,-7.286374576121999
B_bevel05,3,"1,4,11",570452745,-6.680333910761179
B_bevel05,3,"13,15,16",1830893702,-5.963568901185893
B_bevel05,3,"17,25,31",645077760,-7.43827394592373
B_bevel05,3,"0,12,22",1363536667,-6.031234649101947
B_bevel05,3,"10,16,19",243392945,-6.077941979862118
B_bevel05,3,"12,19,28",535912540,-8.46752825675645
B_bevel05,3,"19,21,26",2091578480,-6.255956155698807
B_bevel05,3,"5,9,16",1327087934,-5.949775959015462
B_bevel05,3,"7,18,24",2086291402,-6.272287708897599
B_bevel05,3,"5,13,29",1879512027,-5.9154556865251005
B_bevel05,3,"0,4,11",711182735,-5.984022085068924
B_bevel05,3,"7,16,23",1966054403,-6.2194232970705166
B_bevel05,3,"10,13,20",263116578,-6.10808137650888
B_bevel05,3,"13,27,31",1029026800,-6.069017416240088
B_bevel05,3,"3,13,26",1638882950,-5.866230232476032
B_bevel05,3,"10,19,28",2084830248,-6.624193893321829
B_bevel05,3,"11,23,27",1596804307,-6.906671522778632
B_bevel05,3,"18,22,30",2134212236,-6.479057033938508
B_bevel05,3,"19,23,28",1865553386,-7.459388102419745
B_bevel05,3,"5,7,13",214729953,-6.041761669140865
B_bevel05,3,"5,10,24",26377505,-6.080178757526073
B_bevel05,3,"2,3,27",1904159420,-6.047649996864879
B_bevel05,3,"7,10,11",95078754,-6.177248551710482
B_bevel05,3,"1,17,27",1994398871,-10.719942976634272
B_bevel05,3,"7,8,11",936699108,-5.888983525240742
B_bevel05,3,"2,27,29",844809837,-6.5509934203118965
B_bevel05,3,"10,25,31",2058980094,-6.683877321716894
B_bevel05,3,"10,18,24",1010423847,-6.195142835511959
B_bevel05,3,"1,29,30",1490901066,-6.813394831812108
B_bevel05,3,"7,22,26",12516318,-6.510050734644415
B_bevel05,3,"4,14,20",427500706,-10.740334187854891
B_bevel05,3,"6,15,26",2072103382,-6.368119483946232
B_bevel05,3,"7,12,14",1139040558,-5.62740304215529
B_bevel05,3,"4,5,11",1065179146,-5.896947319652302
B_bevel05,3,"15,25,29",578713840,-6.868458855892779
B_bevel05,3,"16,20,30",1930815891,-6.324838084407836
B_bevel05,3,"19,24,25",114485917,-6.986605914143351
B_bevel05,3,"0,13,19",925749544,-5.9354710252153
B_bevel05,3,"0,5,30",515112990,-5.970663898551392
B_bevel05,3,"1,16,28",1407157192,-6.318189790439967
B_bevel05,3,"3,9,16",1087166833,-5.964009368763328
B_bevel05,3,"0,9,30",1148680089,-5.995424916199555
B_bevel05,3,"1,15,26",1031616958,-6.3831681582262565
B_bevel05,3,"3,9,17",1063996195,-6.178913626502278
B_bevel05,3,"12,19,23",1296065122,-7.281797642498397
B_bevel05,3,"5,11,19",974154225,-5.920157791902285
B_bevel05,3,"3,10,12",92196076,-5.978335833017967
B_bevel05,3,"3,7,22",972159082,-6.133528341756982
B_bevel05,3,"5,9,26",1915103519,-5.972200366971948
B_bevel05,3,"0,3,21",57093017,-5.970427066947379
B_bevel05,3,"0,7,19",552583597,-5.8666576761738
B_bevel05,3,"6,17,21",1045916023,-6.13782151618799
B_bevel05,3,"3,8,27",1942418789,-5.935790453456881
B_bevel05,3,"7,15,26",41747343,-6.536308857994336
B_bevel05,3,"4,5,30",19938867,-5.993841642357424
B_bevel05,3,"7,9,12",2133620845,-6.01881226395804
B_bevel05,3,"7,11,31",1488293906,-6.577290055442045
B_bevel05,3,"3,15,24",1073761452,-6.151592013423834
B_bevel05,3,"23,25,26",1279299931,-6.77433696975038
B_bevel05,3,"1,10,25",455967676,-6.4601267331059535
B_bevel05,3,"5,27,31",1363560066,-5.992197211629856
B_bevel05,3,"8,12,27",574319974,-6.00519702127629
B_bevel05,3,"2,11,16",1051938269,-6.008637915197887
B_bevel05,3,"5,24,25",93382529,-6.009529994376095
B_bevel05,3,"22,26,28",1744194286,-6.9016446207637845
B_bevel05,3,"4,22,26",31144099,-6.504403776190456
B_bevel05,3,"2,13,30",728910666,-6.014607345201107
B_bevel05,3,"13,15,16",551938127,-5.932355246863351
B_bevel05,3,"19,27,28",52349527,-8.459546234956706
B_bevel05,3,"2,7,18",1816076299,-6.301120223849821
B_bevel05,3,"0,12,22",2058187560,-5.974237577570901
B_bevel05,3,"1,15,24",2096849913,-6.744292852642258
B_bevel05,3,"2,18,30",860571579,-6.364837852947702
B_bevel05,3,"8,10,12",981713770,-5.905070667140736
B_bevel05,3,"3,16,24",779750755,-6.01760287820348
B_bevel05,3,"16,17,29",1634195443,-6.273069896204993
B_bevel05,3,"12,15,31",222551135,-7.183536970034466
B_bevel05,3,"4,10,16",96454099,-6.098509644639021
B_bevel05,3,"0,2,27",641537502,-5.858089872603182
B_bevel05,3,"14,17,21",682809431,-6.304623956845066
B_bevel05,3,"1,7,23",772780542,-7.3051475203746135
B_bevel05,3,"5,8,17",2101820123,-5.953655987286837
B_bevel05,3,"9,28,30",1150726067,-9.787209986062907
B_bevel05,3,"0,2,25",1051020897,-5.900683722414985
B_bevel05,3,"8,12,27",1802435432,-6.075952420255571
B_bevel05,3,"2,4,29",652925889,-6.388046513431901
B_bevel05,3,"3,21,31",1708869989,-6.0203617595769225
B_bevel05,3,"6,11,16",186309442,-6.164801950331334
B_bevel05,3,"26,27,28",416974720,-6.7325110853563634
B_bevel05,3,"10,16,20",1668555072,-6.106529785674287
B_bevel05,3,"2,9,10",2036659534,-6.378786065939333
B_bevel05,3,"3,16,22",157012470,-6.163514869627398
B_bevel05,3,"12,25,29",622725032,-6.855957805140697
B_bevel05,3,"19,24,31",1735913293,-6.842782067491704
B_bevel05,3,"23,27,29",745483457,-6.760057442737421
B_bevel05,3,"15,16,25",1921642079,-6.305975741746246
B_bevel05,3,"17,19,30",2047993480,-8.738041417157156
B_bevel05,3,"0,3,19",377330329,-5.896385453925878
B_bevel05,3,"1,15,28",705120296,-8.618416980719806
B_bevel05,3,"3,10,28",720164404,-6.037152816101776
B_bevel05,3,"1,21,22",1603375407,-6.182663518161462
B_bevel05,3,"5,8,15",1691449067,-5.955003364007913
B_bevel05,3,"1,10,26",318445459,-6.226106551638013
B_bevel05,3,"12,21,26",798526298,-6.263495620425166
B_bevel05,3,"6,28,31",2137516231,-7.200585895298055
B_bevel05,3,"12,17,26",547584797,-6.538034075878599
B_bevel05,3,"3,20,24",1181879973,-6.125039235454289
B_bevel05,3,"13,23,24",1779308119,-6.104529512268281
B_bevel05,3,"20,24,30",997657023,-7.152957924913288
B_bevel05,3,"1,9,18",34224053,-6.246001831242092
B_bevel05,3,"4,27,31",2066742476,-7.259931286682483
B_bevel05,3,"0,2,4",151154955,-5.93580251456254
B_bevel05,3,"8,16,31",1169489281,-5.977409310746078
B_bevel05,3,"0,9,27",605968081,-5.923073673002976
B_bevel05,3,"5,6,24",1761578455,-5.922878571985155
B_bevel05,3,"12,14,31",1025221234,-7.250648426585594
B_bevel05,3,"1,14,27",900281361,-10.467197938844654
B_bevel05,3,"13,22,27",1756293390,-6.057637123586375
B_bevel05,3,"2,10,12",1835039374,-6.461199238612874
B_bevel05,3,"8,13,24",80036186,-5.949041480313445
B_bevel05,3,"7,23,28",2016844241,-7.463828494897314
B_bevel05,3,"3,4,17",6483666,-6.075570022908613
B_bevel05,3,"11,15,24",1782361361,-6.504640684639554
B_bevel05,3,"3,18,25",664176474,-6.0335689429514145
B_bevel05,3,"2,4,31",426774613,-6.90598472709735
B_bevel05,3,"4,6,19",1345911449,-8.209329949366545
B_bevel05,3,"6,20,28",498062816,-9.701221124654998
B_bevel05,3,"1,29,30",1680566957,-6.7885076477943365
B_bevel05,3,"3,10,20",1297698558,-5.99784922016729
B_bevel05,3,"11,26,30",672133849,-6.483813192693405
B_bevel05,3,"19,22,30",337560992,-8.689000131230252
B_bevel05,3,"0,8,14",686556387,-5.9191261399798645
B_bevel05,3,"3,18,31",213888885,-6.222430226472466
B_bevel05,3,"12,21,24",659206668,-6.219394094001737
B_bevel05,3,"4,10,13",447733944,-5.928150033488312
B_bevel05,3,"17,24,28",468566032,-7.077877719006613
B_bevel05,3,"7,28,29",789257097,-6.7968882010038785
B_bevel05,3,"9,12,25",1356949379,-6.726115246883564
B_bevel05,3,"2,7,31",523751055,-6.865715352015807
B_bevel05,3,"2,13,23",1149634801,-6.022908753884718
B_bevel05,3,"11,12,13",1581607627,-5.946646032145118
B_bevel05,3,"11,12,14",1510723864,-6.81125734587831
B_bevel05,3,"10,19,27",1652810174,-6.559594476553454
B_bevel05,3,"5,6,7",491071731,-5.9272395619895235
B_bevel05,3,"6,25,31",1625584265,-7.224576709466026
B_bevel05,3,"2,23,26",1007081008,-6.398213210386124
B_bevel05,3,"1,16,23",531949800,-6.181750983650915
B_bevel05,3,"7,20,21",806273826,-6.222387109635624
B_bevel05,3,"4,28,30",1564537912,-9.74122885720405
B_bevel05,3,"26,27,31",1727513211,-6.570073462526467
B_bevel05,3,"4,16,25",686716491,-6.196430687605869
B_bevel05,3,"10,12,30",166923810,-6.823260869279609
B_bevel05,3,"6,9,14",353591554,-6.39174339540905
B_bevel05,3,"6,9,27",2012000665,-10.742633133682888
B_bevel05,3,"4,8,13",1068149985,-5.952765487001261
B_bevel05,3,"7,16,27",1614871363,-6.240195835770076
B_bevel05,3,"15,17,19",1369084573,-8.073514811309222
B_bevel05,3,"0,12,14",643932657,-5.870733550316283
B_bevel05,3,"7,13,18",743834659,-6.072208411542081
B_bevel05,3,"1,8,19",508793036,-6.0021914549410775
B_bevel05,3,"11,25,28",1259473304,-7.1563544557463885
B_bevel05,3,"19,20,27",952788374,-8.637181372854128
B_bevel05,3,"1,12,16",1673926886,-6.075257105416722
B_bevel05,3,"1,5,27",408864280,-5.93294535895782
B_bevel05,3,"19,21,24",107522918,-6.359997515916204
B_bevel05,3,"3,10,17",100894579,-5.978255912889437
B_bevel05,3,"9,15,30",107359781,-8.887633712994852
B_bevel05,3,"16,20,29",1766393993,-6.209579439127181
B_bevel05,3,"1,6,17",141285603,-6.265482946221028
B_bevel05,3,"5,23,28",1167728955,-6.026318826972719
B_bevel05,3,"18,27,28",746910482,-6.4537684085461695
B_bevel05,3,"7,27,31",1349229654,-7.273877955276305
B_bevel05,3,"15,25,28",1525178588,-8.908344103030142
B_bevel05,3,"7,12,13",127156970,-6.062293639840282
B_bevel05,3,"9,26,29",1555725771,-6.2593440342085
B_bevel05,3,"11,14,20",1532999251,-6.931399314342145
B_bevel05,3,"5,8,19",2090340110,-5.873452439549914
B_bevel05,3,"1,26,31",782396331,-6.483704491401705
B_bevel05,3,"14,23,30",128927281,-7.585856910182029
B_bevel05,3,"2,3,7",974881944,-5.9260460378864686
B_bevel05,3,"13,26,27",706078148,-6.004208887144442
B_bevel05,3,"16,23,28",893082403,-6.350995691299529
B_bevel05,3,"10,12,31",1633188130,-6.672072551330115
B_bevel05,3,"5,13,21",1724999621,-5.91996341713441
B_bevel05,3,"7,17,29",97726321,-6.693173445218069
B_bevel05,3,"3,22,24",850397768,-6.286641115395746
B_bevel05,3,"3,9,23",1602448889,-6.115123561873807
B_bevel05,3,"18,24,31",150890109,-6.453188220699697
B_bevel05,3,"5,24,26",418324541,-6.064886540053622
B_bevel05,3,"11,27,29",1492453100,-6.560023309129838
B_bevel05,3,"4,12,19",587909442,-8.197682336919181
B_bevel05,3,"5,15,27",1744377480,-6.043964484181709
B_bevel05,3,"0,1,26",1166080773,-5.883269843112335
B_bevel05,3,"1,23,28",2092034403,-7.556138585954575
B_bevel05,3,"0,10,31",1247355986,-5.988865192765884
B_bevel05,3,"12,14,19",1420416567,-8.495034719230365
B_bevel05,3,"1,7,26",156421795,-6.341540450910626
B_bevel05,3,"0,12,31",659340526,-5.944831457875489
B_bevel05,3,"9,24,25",255851710,-7.073451857539886
B_bevel05,3,"9,13,21",415461141,-5.985902143319522
B_bevel05,3,"1,16,17",973368913,-6.222236719647405
B_bevel05,3,"9,13,28",1034624148,-6.171121599036977
B_bevel05,3,"5,12,28",1364392766,-6.025918139930374
B_bevel05,3,"19,24,30",1116494455,-7.062350241820586
B_bevel05,3,"6,16,21",821844031,-6.086479128830605
B_bevel05,3,"4,22,28",1581818441,-9.603053442260114
B_bevel05,3,"6,12,13",1586691399,-5.942884779278638
B_bevel05,3,"15,21,27",1483146639,-6.3259725591361535
B_bevel05,3,"4,10,26",875749956,-6.225752933249659
B_bevel05,3,"0,4,25",1541416646,-5.9628309197059695
B_bevel05,3,"0,3,22",548862910,-5.902022188075722
B_bevel05,3,"5,10,24",329951323,-6.034041569592753
B_bevel05,3,"8,16,28",220096811,-5.909614670522981
B_bevel05,3,"0,28,29",1954724241,-5.977079457091555
B_bevel05,3,"1,17,30",1652519591,-6.622812752002394
B_bevel05,3,"8,13,24",692774539,-5.9970298711824555
B_bevel05,3,"26,29,30",1080588556,-6.424038917375749
B_bevel05,3,"19,26,31",222018764,-6.582161685654674
B_bevel05,3,"3,8,13",1478123014,-5.89137257697361
B_bevel05,3,"0,7,23",1354552505,-5.96451181012793
B_bevel05,3,"2,8,12",1066168781,-5.885467735761003
B_bevel05,3,"2,7,11",1554588436,-6.424088509471602
B_bevel05,3,"0,5,22",625800770,-5.987184920713899
B_bevel05,3,"0,15,27",646715037,-5.947728715869139
B_bevel05,3,"3,6,15",409854685,-6.026243369813139
B_bevel05,3,"7,8,18",188463920,-5.955339387744374
B_bevel05,3,"19,22,29",2005595851,-6.872239050003671
B_bevel05,3,"9,15,31",1708920586,-7.187271708443951
B_bevel05,3,"0,8,30",1930256251,-6.049208628694638
B_bevel05,3,"0,12,23",788855798,-5.973053887104537
B_bevel05,3,"9,24,28",1528657780,-7.001041549343789
B_bevel05,3,"1,3,17",977820600,-6.11865866361208
B_bevel05,3,"2,21,27",1541189941,-6.2526171347242165
B_bevel05,3,"5,27,28",1495887374,-6.159596314543024
B_bevel05,3,"3,21,24",2051385775,-5.972361021739385
B_bevel05,3,"6,19,26",485285831,-6.406848730019758
B_bevel05,3,"0,16,29",2029275236,-5.962317687124506
B_bevel05,3,"2,24,26",1326819787,-6.328639736001388
B_bevel05,3,"16,20,29",127317501,-6.207613466123234
B_bevel05,3,"16,20,28",1486023990,-6.346504383286678
B_bevel05,3,"4,28,29",1865458288,-6.78538488783127
B_bevel05,3,"1,23,29",2008366678,-6.59782897249068
B_bevel05,3,"0,15,28",16981660,-5.9197471058483035
B_bevel05,3,"8,24,26",1581377101,-5.956560071697495
B_bevel05,3,"14,22,30",870125435,-6.331775666113027
B_bevel05,3,"5,13,28",1800443462,-6.063725807921674
B_bevel05,3,"8,9,12",891161540,-5.906467376272079
B_bevel05,3,"14,21,31",641203339,-6.238619297219729
B_bevel05,3,"15,16,31",1027926895,-6.267495293122695
B_bevel05,3,"2,9,24",20035450,-6.576513971896849
B_bevel05,3,"5,9,11",1229209532,-5.9003905531415475
B_bevel05,3,"5,15,20",776538891,-6.075287621376428
B_bevel05,3,"6,11,26",1074781904,-6.266295452229224
B_bevel05,3,"8,15,16",1973181968,-5.946965681633449
B_bevel05,3,"12,21,29",733640407,-6.240243890859695
B_bevel05,3,"9,14,28",1249044622,-9.529312563713695
B_bevel05,3,"21,22,27",157084795,-6.356381765926691
B_bevel05,3,"1,3,18",2083357183,-5.940215540304233
B_bevel05,3,"3,20,31",416816515,-6.213138567518671
B_bevel05,3,"0,15,28",1866137588,-5.934494110908832
B_bevel05,3,"6,16,19",51379747,-6.211677067758308
B_bevel05,3,"2,12,13",11120855,-6.0132934338739625
B_bevel05,3,"3,24,26",697271131,-6.126496126890875
B_bevel05,3,"9,18,27",1933969483,-6.285462307992316
B_bevel05,3,"13,21,28",1911326463,-5.987167626609985
B_bevel05,3,"2,7,15",1484607545,-7.370309396385506
B_bevel05,3,"17,20,22",212998778,-6.629804970640727
B_bevel05,3,"13,14,25",581003543,-5.976425962842427
B_bevel05,3,"0,1,10",1350324433,-5.909516806167998
B_bevel05,3,"1,11,20",1260589891,-6.686425221289686
B_bevel05,3,"9,20,29",1484701814,-6.687474722897245
B_bevel05,3,"2,7,19",610269710,-7.1266793167078415
B_bevel05,3,"14,28,30",546140663,-9.885796417706837
B_bevel05,3,"8,17,29",1512528472,-6.032870924807533
B_bevel05,3,"9,16,27",2107592148,-6.455231429425045
B_bevel05,3,"20,26,29",638521558,-6.507035980295298
B_bevel05,3,"2,9,11",987721450,-6.415256980042483
B_bevel05,3,"13,14,15",598175951,-6.009159894729377
B_bevel05,3,"10,22,27",267178383,-6.683669553090071
B_bevel05,3,"3,16,22",653410791,-6.086825907206798
B_bevel05,3,"10,25,30",1440484909,-6.800568192235484
B_bevel05,3,"9,13,31",913567525,-6.042229397738376
B_bevel05,3,"6,11,22",700248899,-7.005524801683954
B_bevel05,3,"5,15,24",285093443,-6.016458837487797
B_bevel05,3,"9,13,28",324510961,-6.202363109478386
B_bevel05,3,"10,14,25",797303574,-6.534289619627794
B_bevel05,3,"0,24,26",1503196275,-5.922320104367103
B_bevel05,3,"18,25,28",2033549747,-6.590457150888198
B_bevel05,3,"2,30,31",48142076,-7.018072354525939
B_bevel05,3,"9,29,31",1559849657,-6.667513586775467
B_bevel05,3,"2,3,22",1332423325,-6.037466911203662
B_bevel05,3,"8,11,12",2135421993,-5.993965466817579
B_bevel05,3,"4,11,21",815481509,-6.165264917764486
B_bevel05,3,"21,22,23",102708712,-6.363422152317718
B_bevel05,3,"0,1,24",610816664,-5.9288008394323874
B_bevel05,3,"18,26,31",238549973,-6.368180519253897
B_bevel05,3,"7,25,27",201658133,-10.538669830999641
B_bevel05,3,"3,16,18",804917118,-5.954902404230874
B_bevel05,3,"0,8,24",1820096466,-5.975377095939761
B_bevel05,3,"14,28,30",916673197,-9.773131206903205
B_bevel05,3,"10,13,29",630633299,-5.953014791808429
B_bevel05,3,"1,9,31",282164809,-7.127537110244136
B_bevel05,3,"4,7,31",1933045371,-7.113938146369747
B_bevel05,3,"0,4,29",186793862,-5.94821220995832
B_bevel05,3,"2,20,31",639287200,-7.063802525132893
B_bevel05,3,"9,11,22",1377330487,-7.083194930430194
B_bevel05,3,"7,14,31",504537952,-7.083704006672994
B_bevel05,3,"9,12,22",387756873,-6.870707474460905
B_bevel05,3,"3,17,22",427405665,-6.381580661051078
B_bevel05,3,"23,24,30",1777361811,-7.010542299027649
B_bevel05,3,"10,18,25",31026591,-6.411654831492429
B_bevel05,3,"2,9,18",1466538618,-6.265649433407171
B_bevel05,3,"7,28,29",1552250312,-6.809234564445766
B_bevel05,3,"9,19,28",1907060626,-8.463461943460018
B_bevel05,3,"20,25,30",2128823948,-5.94812815017205
B_bevel05,3,"7,8,19",1053293813,-5.907011092860565
B_bevel05,3,"20,25,30",1304142150,-5.946678303524876
B_bevel05,3,"1,21,22",75241122,-6.224325627795845
B_bevel05,3,"8,9,16",1411809213,-6.0337436398062145
B_bevel05,3,"3,12,23",1573236833,-6.17793414729705
B_bevel05,3,"11,21,22",612332155,-6.15246066882994
B_bevel05,3,"6,14,24",405128553,-6.928340188361784
B_bevel05,3,"0,2,29",2129938434,-5.91147310877049
B_bevel05,3,"6,8,18",222278255,-5.895928573952838
B_bevel05,3,"4,26,31",1136637997,-6.416885368327233
B_bevel05,3,"9,18,28",1374535383,-6.577241890990985
B_bevel05,3,"3,15,23",1311551917,-6.143391370768156
B_bevel05,3,"17,18,31",1759859910,-6.526180846566377
B_bevel05,3,"6,17,25",186991324,-6.370202304764078
B_bevel05,3,"13,22,27",1321878750,-6.043858531962018
B_bevel05,3,"4,8,10",794009180,-5.925314090570256
B_bevel05,3,"5,6,16",230764457,-5.901952256626296
B_bevel05,3,"6,20,25",1962996947,-6.733932383775538
B_bevel05,3,"2,6,29",596199288,-6.422081307342175
B_bevel05,3,"2,15,29",1111441959,-6.531935364242415
B_bevel05,3,"0,1,19",1060407302,-5.932899810950958
B_bevel05,3,"13,14,21",1771437576,-5.987456987881587
B_bevel05,3,"13,20,28",1719147012,-6.168006063005666
B_bevel05,3,"3,11,14",2044047206,-6.1433894677140755
B_bevel05,3,"0,10,23",197783801,-5.926623856173884
B_bevel05,3,"17,20,28",1072816467,-9.87218343739315
B_bevel05,3,"2,28,29",794471817,-6.689567745269662
B_bevel05,3,"6,13,14",519408096,-5.939448764341947
B_bevel05,3,"14,21,30",1276641730,-6.320333756545607
B_bevel05,3,"4,5,22",488485715,-5.945627512484936
B_bevel05,3,"0,3,13",2101313316,-5.9476741416730246
B_bevel05,3,"4,13,15",423520938,-6.07546343838611
B_bevel05,3,"2,8,26",32026742,-5.952389861977554
B_bevel05,3,"3,4,5",1040528174,-5.884062793995734
B_bevel05,3,"9,19,30",833769201,-8.725667045430951
B_bevel05,3,"0,2,15",729184834,-5.9177366935278535
B_bevel05,3,"4,22,25",1080623583,-10.996364586668138
B_bevel05,3,"2,8,10",605452768,-5.95005893724808
B_bevel05,3,"3,19,20",729458889,-6.2422923131107675
B_bevel05,3,"3,6,20",859376379,-6.152105421836136
B_bevel05,3,"0,14,19",714992542,-5.912474270000039
B_bevel05,3,"7,22,27",560248064,-10.537974944508665
B_bevel05,3,"6,14,17",658824312,-5.895816815575198
B_bevel05,3,"16,21,24",1536024735,-6.09771647875584
B_bevel05,3,"5,29,31",741306603,-6.021975811066207
B_bevel05,3,"3,5,22",1341931499,-5.873975616607304
B_bevel05,3,"3,15,24",2137955061,-6.132264066330385
B_bevel05,3,"12,25,30",985982573,-6.36004668966436
B_bevel05,3,"7,17,27",489963314,-10.620483549406929
B_bevel05,3,"4,9,10",1147763661,-6.352246431654291
B_bevel05,3,"5,6,13",937197766,-5.898826266174693
B_bevel05,3,"4,20,25",667878999,-10.834412174864429
B_bevel05,3,"12,14,23",11681870,-7.407285685369797
B_bevel05,3,"4,19,24",107362136,-6.9125709901091135
B_bevel05,3,"2,14,17",1089495172,-7.381268063347784
B_bevel05,3,"1,24,30",1293409182,-7.1022471815206485
B_bevel05,3,"9,15,27",2053396248,-8.833165851084956
B_bevel05,3,"1,10,22",1914136529,-6.473517510158458
B_bevel05,3,"4,7,17",1723153301,-10.367747809498947
B_bevel05,3,"18,30,31",809260244,-6.456678720591005
B_bevel05,3,"4,6,12",905089536,-10.455763543130356
B_bevel05,3,"9,30,31",2049191707,-7.283974359367262
B_bevel05,3,"11,19,28",1979732644,-6.973867006009583
B_bevel05,3,"4,16,28",2087005249,-6.248696902565124
B_bevel05,3,"25,28,31",757523269,-7.613554457471397
B_bevel05,3,"24,29,30",2117387749,-6.7226397375153075
B_bevel05,3,"2,17,22",15132287,-7.528329659452506
B_bevel05,3,"1,4,19",1281706984,-8.122901703639684
B_bevel05,3,"1,7,8",449500900,-5.886736725804423
B_bevel05,3,"8,9,29",1583284430,-5.980562728213739
B_bevel05,3,"5,11,13",2025933050,-5.936099300077901
B_bevel05,3,"11,12,13",1380278078,-5.901272194751251
B_bevel05,3,"2,5,11",682903488,-5.903787367254
B_bevel05,3,"1,5,18",1062428038,-6.097592515095653
B_bevel05,3,"2,4,24",1172697320,-6.629281345870936
B_bevel05,3,"3,5,13",1577334876,-5.921291360416262
B_bevel05,3,"2,17,28",47755283,-7.624911783940593
B_bevel05,3,"5,16,17",1084176864,-5.968403875183196
B_bevel05,3,"5,23,24",1072442059,-6.009155622736198
B_bevel05,3,"4,18,22",427144362,-6.29515850199244
B_bevel05,3,"0,11,22",914033573,-5.90510190820154
B_bevel05,3,"7,12,21",756876094,-6.181657979231968
B_bevel05,3,"9,30,31",253749194,-7.277875374426361
B_bevel05,3,"12,23,29",1626711565,-6.768808839425538
B_bevel05,3,"3,20,23",287523420,-6.328621687757923
B_bevel05,3,"7,10,15",1253232961,-6.471909117349493
B_bevel05,3,"11,12,22",1231055497,-6.976218916861654
B_bevel05,3,"1,14,22",908096853,-6.383418700875498
B_bevel05,3,"3,19,25",221608322,-6.35561361784602
B_bevel05,3,"15,23,26",304286776,-6.560593196342296
B_bevel05,3,"11,13,28",969712448,-6.025274516417785
B_bevel05,3,"0,27,31",1810622694,-5.973009496252527
B_bevel05,3,"2,10,20",1261741004,-6.466824647531936
B_bevel05,3,"23,30,31",651717948,-7.236101525332621
B_bevel05,3,"12,20,29",1318812622,-6.805121395423189
B_bevel05,3,"0,30,31",340374847,-5.985106007346179
B_bevel05,3,"11,14,24",1634666155,-6.623967089064205
B_bevel05,3,"17,22,25",171118557,-6.6009570016231995
B_bevel05,3,"0,9,14",1248106695,-5.9919842777381795
B_bevel05,3,"13,17,21",1423681503,-5.997126903360574
B_bevel05,3,"11,23,30",2099882627,-6.877178104888616
B_bevel05,3,"3,18,29",261682707,-6.036333112209389
B_bevel05,3,"3,6,13",884499435,-5.884952983859555
B_bevel05,3,"6,20,25",36111869,-6.171422223231487
B_bevel05,3,"2,14,27",1327409108,-7.508142206223402
B_bevel05,3,"6,14,15",1761031366,-8.460783445449042
B_bevel05,3,"1,6,13",386982409,-5.8932878713499806
B_bevel05,3,"11,13,20",229615298,-5.974879240063324
B_bevel05,3,"3,8,23",1422155901,-5.8703457156849055
B_bevel05,3,"12,16,31",1089224127,-6.2408037520487225
B_bevel05,3,"5,6,14",259251018,-5.907744371365476
B_bevel05,3,"3,25,26",31630142,-6.057994152034733
B_bevel05,3,"0,1,28",2042381779,-5.915591900027658
B_bevel05,3,"15,17,28",166950025,-8.764984749703942
B_bevel05,3,"4,11,20",812870297,-6.882124693837347
B_bevel05,3,"0,13,29",100466132,-6.010481877516792
B_bevel05,3,"6,9,14",1148263867,-6.573622096714806
B_bevel05,3,"16,28,30",329732187,-6.4744055790054915
B_bevel05,3,"2,7,20",1960858313,-7.461743961576442
B_bevel05,3,"8,10,31",150934644,-5.944083979384829
B_bevel05,3,"17,23,31",105789094,-7.238800962122304
B_bevel05,3,"10,16,31",1634378121,-6.175924196493064
B_bevel05,3,"3,5,14",1726601288,-5.850035689504704
B_bevel05,3,"17,24,31",1387896798,-6.89810387543926
B_bevel05,3,"8,13,31",640075408,-5.971404609130002
B_bevel05,3,"2,13,15",1129644257,-6.05091092278392
B_bevel05,3,"12,21,29",112637459,-6.213636356083263
B_bevel05,3,"4,16,25",1979971096,-6.233867027386492
B_bevel05,3,"10,28,31",1331634191,-6.683618217053224
B_bevel05,3,"3,7,20",1208461714,-6.086099313883421
B_bevel05,3,"8,23,28",874967008,-6.139599536452477
B_bevel05,3,"6,22,26",373959293,-6.473979531123553
B_bevel05,3,"8,10,25",1845155306,-6.000246652163135
B_bevel05,3,"8,11,17",1206883481,-5.986847748331747
B_bevel05,3,"6,29,31",1873941501,-6.609707361066429
B_bevel05,3,"11,13,22",288900494,-5.978049655423058
B_bevel05,3,"2,13,22",465979554,-6.046370535237731
B_bevel05,3,"7,15,28",14302573,-8.662753379939161
B_bevel05,3,"3,6,9",277934027,-6.189208021840558
B_bevel05,3,"13,14,24",1858797222,-5.9795429850323885
B_bevel05,3,"18,19,27",284448749,-6.397456481400534
B_bevel05,3,"6,20,27",1615912713,-10.643858652162397
B_bevel05,3,"15,16,21",957902639,-6.015852767627392
B_bevel05,3,"4,23,29",825549833,-6.619785742600812
B_bevel05,3,"6,18,31",118259284,-6.315828159258812
B_bevel05,3,"0,20,23",48568533,-5.980499276754032
B_bevel05,3,"0,9,15",1831160654,-5.9140396004102795
B_bevel05,3,"11,29,30",1364780012,-6.644011992886049
B_bevel05,3,"1,14,22",957352017,-6.0528816818109235
B_bevel05,3,"3,7,18",696153165,-5.938554573333786
B_bevel05,3,"2,30,31",1008119759,-7.077194713436116
B_bevel05,3,"1,21,27",1765534818,-6.199984682271506
B_bevel05,3,"3,16,22",629772382,-6.0953865310410835
B_bevel05,3,"12,23,24",1623088178,-6.790677627883863
B_bevel05,3,"4,7,15",1979225269,-8.484808878785433
B_bevel05,3,"10,16,27",273228939,-6.15003095931597
B_bevel05,3,"4,6,10",195211938,-6.302106007901885
B_bevel05,3,"9,14,20",946064885,-5.966477267545492
B_bevel05,3,"22,25,27",209042827,-10.918840710519309
B_bevel05,3,"4,19,24",1705726143,-6.916109389472089
B_bevel05,3,"9,20,30",489221601,-6.084634581126322
B_bevel05,3,"1,2,22",1052342946,-7.254430990042152
B_bevel05,3,"6,22,26",598238533,-6.452859804109179
B_bevel05,3,"8,15,23",452969217,-6.0188784680918435
B_bevel05,3,"6,7,13",1224388199,-5.911078889478896
B_bevel05,3,"11,13,20",1817954372,-5.920849345119142
B_bevel05,3,"4,6,9",1709167608,-10.330958763483798
B_bevel05,3,"8,12,21",812646889,-5.923087680395915
B_bevel05,3,"9,15,29",600678620,-6.656828151215818
B_bevel05,3,"0,8,28",725784859,-5.895188093359977
B_bevel05,3,"6,7,25",1290873276,-6.058371274049566
B_bevel05,3,"9,25,27",2067078461,-10.693178437811513
B_bevel05,3,"1,10,27",572153717,-6.456720852128237
B_bevel05,3,"0,12,19",972993144,-5.92943833210119
B_bevel05,3,"3,5,30",988565148,-5.947062490042062
B_bevel05,3,"13,14,31",58515226,-6.217226178070314
B_bevel05,3,"0,2,26",1906744794,-5.975616459644424
B_bevel05,3,"7,12,23",409230398,-7.351448436127449
B_bevel05,3,"4,18,21",1707681768,-6.022034156842519
B_bevel05,3,"16,26,29",683914156,-6.153551991555631
B_bevel05,3,"6,7,17",680014452,-6.2975150501675055
B_bevel05,3,"12,20,28",1477945411,-9.724764095369633
B_bevel05,3,"0,20,21",169054181,-5.950422631876356
B_bevel05,3,"4,24,30",1210640660,-6.966689655163689
B_bevel05,3,"11,23,31",861516878,-6.666438133417647
B_bevel05,3,"0,12,22",1103019321,-5.911320150641773
B_bevel05,3,"8,16,29",1638551574,-5.988933164293884
B_bevel05,3,"6,15,17",203365128,-8.541434398481782
B_bevel05,3,"1,18,25",1100911488,-6.324477719120442
B_bevel05,3,"7,13,23",1607902564,-6.07562594331949
B_bevel05,3,"3,12,30",984458425,-6.213475484662294
B_bevel05,3,"13,23,30",242882930,-6.142368255595134
B_bevel05,3,"7,21,31",650738091,-6.258742216579567
B_bevel05,3,"0,6,21",210500180,-5.893129257151971
B_bevel05,3,"1,16,18",1146067594,-6.0228380064580485
B_bevel05,3,"23,25,29",903712054,-6.804807388560503
B_bevel05,3,"16,19,21",63519818,-6.099109774440895
B_bevel05,3,"12,21,26",1483367067,-6.180699246138963
B_bevel05,3,"0,6,22",1478776573,-5.895030885417262
B_bevel05,3,"18,22,31",1905981315,-6.426718352368398
B_bevel05,3,"20,21,25",760616787,-6.299757783554458
B_bevel05,3,"3,11,30",2096794651,-6.165828977565
B_bevel05,3,"3,7,21",251969892,-5.92834972333001
B_bevel05,3,"15,20,30",1309218523,-8.951653704085512
B_bevel05,3,"10,21,25",1948987951,-6.209773000494524
B_bevel05,3,"2,18,28",297971249,-6.375282309503351
B_bevel05,3,"1,2,15",1465723424,-7.216689344313189
B_bevel05,3,"0,4,21",1963636370,-6.019108086878339
B_bevel05,3,"18,22,26",336993344,-6.222187821319881
B_bevel05,3,"22,23,25",155961679,-7.744894380174319
B_bevel05,3,"5,17,29",645387678,-5.9910215449847
B_bevel05,3,"1,12,15",1559513794,-8.641748159503353
B_bevel05,3,"6,9,21",16078694,-6.086877623902293
B_bevel05,3,"5,19,26",1352764747,-6.013695415426636
B_bevel05,3,"6,15,21",640930,-6.1202959955780925
B_bevel05,3,"3,12,27",331622577,-6.3000378988281245
B_bevel05,3,"14,20,29",1541513495,-6.7898873696444495
B_bevel05,3,"8,12,20",361661628,-6.000823472057905
B_bevel05,3,"9,14,28",341668740,-9.679995413206372
B_bevel05,3,"16,22,23",1458340666,-6.3264923680870195
B_bevel05,3,"7,12,14",387548056,-6.468691436032236
B_bevel05,3,"11,24,28",613426202,-6.730355671284111
B_bevel05,3,"9,17,22",1738539760,-6.477513485691839
B_bevel05,3,"4,21,26",1415314036,-6.122097470312182
B_bevel05,3,"4,13,28",1523382266,-6.1691691552817804
B_bevel05,3,"5,24,28",940623558,-5.996463544180713
B_bevel05,3,"9,20,21",1439213425,-6.286282432495829
B_bevel05,3,"7,15,30",477956135,-8.79240490531464
B_bevel05,3,"9,13,23",680883062,-6.15016660118715
B_bevel05,3,"8,13,25",391722225,-5.937253385195244
B_bevel05,3,"5,15,18",834413758,-6.088408634049819
B_bevel05,3,"2,3,13",1899350980,-5.85291361603897
B_bevel05,3,"2,7,8",1018844022,-5.863753033825979
B_bevel05,3,"6,7,26",1483601228,-6.3100843376203715
B_bevel05,3,"8,17,27",789010915,-6.05868145504565
B_bevel05,3,"0,15,25",661173655,-6.024202524116303
B_bevel05,3,"1,2,10",1660940951,-6.335674911300104
B_bevel05,3,"4,13,22",1021542964,-5.986483705450708
B_bevel05,3,"22,25,30",1827499358,-5.994645197839797
B_bevel05,3,"13,18,26",781764887,-6.0979589714360465
B_bevel05,3,"0,4,30",402764618,-6.053748775366573
B_bevel05,3,"6,7,8",1197163277,-5.861348678108048
B_bevel05,3,"4,7,18",1469519064,-6.298564092252322
B_bevel05,3,"1,22,23",1260419930,-7.402045650848084
B_bevel05,3,"3,13,16",626990745,-5.910653927509061
B_bevel05,3,"21,27,31",625822875,-6.312255561468204
B_bevel05,3,"0,1,25",1947322587,-5.913925170519848
B_bevel05,3,"13,26,31",1057867145,-6.1604466389661
B_bevel05,3,"13,21,31",2103017752,-5.997697454240566
B_bevel05,3,"2,4,10",199812785,-6.492056701209442
B_bevel05,3,"17,19,22",43640678,-8.750279537245259
B_bevel05,3,"9,23,25",2054152877,-7.511939039625969
B_bevel05,3,"6,12,31",2086321187,-7.0508953388713635
B_bevel05,3,"22,24,27",1626486605,-7.218565464218064
B_bevel05,3,"7,16,17",2138866467,-6.21548192034829
B_bevel05,3,"12,21,31",99822483,-6.327029005246541
B_bevel05,3,"4,25,31",1681956372,-7.384620211000901
B_bevel05,3,"0,6,28",1799543064,-5.872376805617798
B_bevel05,3,"9,14,30",1973989300,-6.5492163351430435
B_bevel05,3,"5,16,24",663018014,-5.924819250898829
B_bevel05,3,"5,7,22",589438950,-6.0487220363199405
B_bevel05,3,"7,14,31",619885139,-7.151134663229481
B_bevel05,3,"9,10,31",1562747972,-6.455200709852829
B_bevel05,3,"10,16,21",1488392512,-6.054757443900141
B_bevel05,3,"0,15,30",2018104120,-5.915709684632776
B_bevel05,3,"27,30,31",1469432495,-7.376461530725917
B_bevel05,3,"20,25,27",1297153625,-10.72481420989784
B_bevel05,3,"2,10,28",1657720260,-6.4989788360538014
B_bevel05,3,"1,25,26",310281417,-6.556820152277838
B_bevel05,3,"1,10,28",1714184019,-6.607371572646416
B_bevel05,3,"0,8,15",123559305,-5.932130531843085
B_bevel05,3,"8,24,29",749221292,-6.017333390098678
B_bevel05,3,"15,19,26",53924357,-6.484004917809528
B_bevel05,3,"7,28,31",1111393956,-7.322936473668861
B_bevel05,3,"9,14,31",2143336195,-7.226942793777584
B_bevel05,3,"7,25,26",473353180,-6.598245539411683
B_bevel05,3,"20,27,30",1873094530,-10.981198363323093
B_bevel05,3,"7,17,23",403118894,-7.538897322084083
B_bevel05,3,"16,24,27",1637815539,-6.33907255055177
B_bevel05,3,"11,28,29",944341802,-6.491780591200971
B_bevel05,3,"16,17,19",1963361115,-6.328354260124955
B_bevel05,3,"25,26,31",1360420728,-6.763862874044302
B_bevel05,3,"1,6,21",1415547276,-6.065179850381346
B_bevel05,3,"4,7,31",973951494,-7.134942148602566
B_bevel05,3,"1,18,27",1390762365,-6.317903379945368
B_bevel05,3,"11,15,26",558413538,-6.270262276655316
B_bevel05,3,"21,28,29",930085715,-6.278231058551723
B_bevel05,3,"1,13,23",1013278090,-6.032857758044578
B_bevel05,3,"20,25,28",1910361205,-9.884904128000922
B_bevel05,3,"8,12,30",297339047,-5.997887822978282
B_bevel05,3,"4,6,15",1571607267,-8.283594740213227
B_bevel05,3,"11,26,27",983308293,-6.429792925348992
B_bevel05,3,"15,17,27",969906643,-8.786800321196285
B_bevel05,3,"5,22,30",453246529,-6.058126183531174
B_bevel05,3,"14,30,31",1260069318,-7.397331580752954
B_bevel05,3,"1,26,31",254944550,-6.572988083271235
B_bevel05,3,"16,21,28",449530133,-6.080783733505435
B_bevel05,3,"14,19,20",910375168,-8.562169159568748
B_bevel05,3,"0,9,18",1800526875,-5.937990186116461
B_bevel05,3,"7,20,31",1437360217,-7.253404795828997
B_bevel05,3,"6,16,24",745487822,-6.210465593892119
B_bevel05,3,"4,16,23",1535295216,-6.195665007993867
B_bevel05,3,"3,4,28",2010534292,-6.126552353122612
B_bevel05,3,"7,15,22",1621970257,-8.822349266279664
B_bevel05,3,"2,20,29",1121366211,-6.543963355079501
B_bevel05,3,"4,7,26",513234003,-6.373365406671729
B_bevel05,3,"23,26,27",1340894471,-6.6256198518578024
B_bevel05,3,"16,19,31",1889919730,-6.300624296364882
B_bevel05,3,"2,19,24",316514904,-6.590208867432036
B_bevel05,3,"7,12,18",249519258,-6.310469918303921
B_bevel05,3,"17,18,28",1791944788,-6.5702303126230905
B_bevel05,3,"23,27,28",469564023,-7.677192590182049
B_bevel05,3,"10,19,23",1684187874,-6.494782433625898
B_bevel05,3,"27,28,29",915163971,-6.907119225932815
B_bevel05,3,"2,6,29",577203255,-6.423630023449268
B_bevel05,3,"0,19,22",651204143,-5.9607150466196
B_bevel05,3,"12,16,18",907006993,-6.015412103009104
B_bevel05,3,"2,13,27",1199959273,-5.952293684286927
B_bevel05,3,"8,19,31",2076569689,-6.01516265823278
B_bevel05,3,"13,16,25",1660178470,-5.996653755490372
B_bevel05,3,"19,27,30",1014556708,-8.852164284337782
B_bevel05,3,"18,19,20",1482371829,-6.371862608910315
B_bevel05,3,"2,4,25",886341549,-7.468048971529742
B_bevel05,3,"4,23,26",1426116268,-6.555509383348597
B_bevel05,3,"4,26,29",661980975,-6.311473250031893
B_bevel05,3,"14,21,23",1908933980,-6.210929690638957
B_bevel05,3,"8,14,28",2100440015,-6.006532480716769
B_bevel05,3,"1,8,13",314130318,-5.922519942188839
B_bevel05,3,"6,10,17",1696120466,-6.415157487081933
B_bevel05,3,"1,22,25",627191435,-6.536238035591283
B_bevel05,3,"0,17,27",1111703455,-5.944150684508417
B_bevel05,3,"2,22,29",526003276,-6.560649344298348
B_bevel05,3,"2,11,27",533731730,-6.684290410080624
B_bevel05,3,"4,11,15",1327187017,-6.616868890595298
B_bevel05,3,"11,18,20",1737202765,-6.26315472169737
B_bevel05,3,"25,28,30",1453020975,-9.914919200533467
B_bevel05,3,"12,17,22",1116508769,-6.546143130960346
B_bevel05,3,"2,5,19",913278368,-5.950741676626655
B_bevel05,3,"3,17,20",130308040,-6.213673922820919
B_bevel05,3,"4,13,26",1575993290,-5.972637600931039
B_bevel05,3,"4,8,21",1607746977,-5.926309383535438
B_bevel05,3,"21,24,31",1464426541,-6.283684390350179
B_bevel05,3,"2,8,31",1641230543,-5.933224646594086
B_bevel05,3,"7,20,25",672432026,-6.276232947657154
B_bevel05,3,"4,20,28",568610009,-9.647064115018797
B_bevel05,3,"18,25,27",550070935,-6.508397000146799
B_bevel05,3,"5,18,29",1101094799,-6.015943279425505
B_bevel05,3,"0,11,14",1342052879,-5.860249660292437
B_bevel05,3,"0,3,23",459371699,-5.878050995621379
B_bevel05,3,"3,6,24",1859583704,-6.126309492303058
B_bevel05,3,"10,19,28",260594313,-6.627016665790211
B_bevel05,3,"0,3,4",1232744681,-5.945321472910732
B_bevel05,3,"11,12,31",907366721,-6.778519895867
B_bevel05,3,"14,27,30",1856973756,-10.71961127017191
B_bevel05,3,"9,19,25",795392743,-8.565929531675607
B_bevel05,3,"7,18,26",1192873260,-6.293949713433561
B_bevel05,3,"19,20,21",1910681930,-6.293841615355835
B_bevel05,3,"6,22,26",1576406065,-6.4766843620823185
B_bevel05,3,"4,7,14",1929412463,-10.092051375131723
B_bevel05,3,"5,7,29",884107325,-5.975832779977054
B_bevel05,3,"1,8,20",751507171,-5.981672221916753
B_bevel05,3,"22,23,29",646211930,-6.838957921768269
B_bevel05,3,"0,16,20",1339404402,-5.977940425235339
B_bevel05,3,"13,26,30",1643753989,-6.044359702369219
B_bevel05,3,"0,8,29",1060412863,-6.012903832290979
B_bevel05,3,"4,17,29",608532430,-6.691793252854415
B_bevel05,3,"2,22,28",2074238969,-7.598469326647081
B_bevel05,3,"3,6,14",325088527,-6.089577940398198
B_bevel05,3,"10,23,27",484423497,-6.61045065341576
B_bevel05,3,"14,25,27",420524061,-10.704072661559778
B_bevel05,3,"3,14,15",336794091,-6.058520019373872
B_bevel05,3,"7,14,27",1379590245,-10.541762439363943
B_bevel05,3,"8,13,29",1932858929,-5.956749674632544
B_bevel05,3,"17,18,29",594238336,-6.289983452555185
B_bevel05,3,"1,2,12",2140021447,-7.115829393150768
B_bevel05,3,"4,11,12",1668778032,-6.773860087423548
B_bevel05,3,"7,16,20",2084535888,-6.222327553844791
B_bevel05,3,"4,6,26",2132815777,-6.310066117148193
B_bevel05,3,"2,14,18",1463699785,-6.218999636396763
B_bevel05,3,"9,12,26",492908199,-6.503550491409922
B_bevel05,3,"1,8,14",854440513,-5.985471297657684
B_bevel05,3,"15,19,20",668009294,-8.123711533618012
B_bevel05,3,"1,8,10",1388052935,-5.888518365363103
B_bevel05,3,"5,21,27",1713753523,-5.926722403102588
B_bevel05,3,"17,19,29",92920257,-6.895801059233573
B_bevel05,3,"3,13,16",1456325510,-5.9062417916327
B_bevel05,3,"14,25,28",1331789192,-9.705762099909245
B_bevel05,3,"4,20,28",691805417,-9.680551218014811
B_bevel05,3,"5,15,29",1303521964,-6.026650990632553
B_bevel05,3,"11,12,27",467502280,-7.091007852519082
B_bevel05,3,"2,9,11",384226035,-6.433865256568069
B_bevel05,3,"2,7,20",1369383163,-7.443173070948486
B_bevel05,3,"0,3,13",447571973,-5.996590104162392
B_bevel05,3,"0,14,17",1538998396,-5.974311634038684
B_bevel05,3,"2,15,27",1804559145,-7.468762963481402
B_bevel05,3,"3,14,19",582238083,-6.220790573480016
B_bevel05,3,"17,19,21",2145175900,-6.298023105677751
B_bevel05,3,"6,8,14",1949967065,-5.944664261224611
B_bevel05,3,"22,23,29",1842327766,-6.688965203947047
B_bevel05,3,"2,25,30",1971900070,-7.836016438181398
B_bevel05,3,"11,22,31",1911360124,-6.8667098400420254
B_bevel05,3,"0,24,29",1747490647,-5.988335526267454
B_bevel05,3,"5,8,23",1528100257,-5.927632273088431
B_bevel05,3,"12,21,27",337388339,-6.318011574207189
B_bevel05,3,"13,16,18",2102553869,-5.993764600051831
B_bevel05,3,"12,21,23",1941170215,-6.4052613835558025
B_bevel05,3,"2,5,10",1083993014,-6.179441136739187
B_bevel05,3,"4,8,29",1333390125,-5.957187599302393
B_bevel05,3,"4,12,18",1481065290,-6.256998434589069
B_bevel05,3,"17,20,27",541811869,-10.588222446310622
B_bevel05,3,"13,17,30",1259783130,-6.091302156828582
B_bevel05,3,"9,23,28",1826788490,-7.577026326240173
B_bevel05,3,"8,12,20",446960138,-5.967127094820695
B_bevel05,3,"3,20,25",2145802290,-6.251934180490444
B_bevel05,3,"7,18,31",864505534,-6.386530287472059
B_bevel05,3,"16,22,27",999787910,-6.493200985901506
B_bevel05,3,"11,19,22",831088121,-7.079908362565988
B_bevel05,3,"9,20,26",1120739521,-6.5304499360461925
B_bevel05,3,"11,17,28",1675137573,-7.049846759098381
B_bevel05,3,"13,19,31",493944245,-6.116610031260106
B_bevel05,3,"13,28,30",450660867,-6.351821045331276
B_bevel05,3,"12,20,28",1723895228,-9.869391075745202
B_bevel05,3,"5,13,16",695632381,-6.003050109407372
B_bevel05,3,"12,15,20",1136829408,-8.722873491303172
B_bevel05,3,"9,12,29",1400255825,-6.725615604544477
B_bevel05,3,"0,5,16",1726417536,-5.9636750430994265
B_bevel05,3,"7,8,27",674561876,-5.951616220319496
B_bevel05,3,"5,19,22",755469830,-6.029199392172197
B_bevel05,3,"0,7,27",1275116924,-5.882100080973023
B_bevel05,3,"1,15,18",2106574084,-6.292465857337996
B_bevel05,3,"10,12,30",1811732366,-6.841094245983833
B_bevel05,3,"11,17,30",500991714,-7.266572323115575
B_bevel05,3,"20,25,29",118733464,-6.931923349289397
B_bevel05,3,"9,14,23",957241354,-7.297156290948142
B_bevel05,3,"7,11,12",1845995479,-6.701333537661636
B_bevel05,3,"22,23,24",297861177,-6.933377334293553
B_bevel05,3,"2,7,27",379664552,-7.456906941558433
B_bevel05,3,"12,13,30",27003974,-6.069283502035789
B_bevel05,3,"2,7,16",1076850411,-6.046907417581446
B_bevel05,3,"1,6,26",1757441377,-6.319257591983207
B_bevel05,3,"0,3,9",980490377,-5.940721872678927
B_bevel05,3,"0,15,26",2075613208,-5.9190985463623615
B_bevel05,3,"9,19,22",956552434,-8.580641400195745
B_bevel05,3,"1,21,25",861007050,-6.190332531875691
B_bevel05,3,"1,3,23",200024832,-6.138151740543151
B_bevel05,3,"15,25,26",256449736,-6.627131799167416
B_bevel05,3,"15,16,23",62371687,-6.257564966086255
B_bevel05,3,"6,22,29",771105492,-6.734448703688767
B_bevel05,3,"2,26,31",354932445,-6.5327423412859185
B_bevel05,3,"2,8,29",1493755742,-5.957430654696307
B_bevel05,3,"1,6,30",1125045273,-6.61062690450229
B_bevel05,3,"17,19,28",664397098,-8.440459204576685
B_bevel05,3,"14,29,31",1816513204,-6.846774458008157
B_bevel05,3,"3,25,30",844291470,-6.245314817657667
B_bevel05,3,"13,25,28",2058041188,-6.301259275534348
B_bevel05,3,"3,23,27",1549930279,-6.241086096990213
B_bevel05,3,"3,24,30",482428579,-6.204037879696619
B_bevel05,3,"4,24,25",412277866,-6.903621126744896
B_bevel05,3,"8,9,24",1572328750,-5.986419131013439
B_bevel05,3,"4,15,25",1776547286,-8.655592605277162
B_bevel05,3,"0,4,8",862488536,-5.980376436862829
B_bevel05,3,"0,4,18",26520164,-5.9785051295217135
B_bevel05,3,"8,19,20",1215846379,-6.0038469597049415
B_bevel05,3,"7,11,12",2041427333,-6.67469346225077
B_bevel05,3,"13,15,29",303269931,-6.03806258761286
B_bevel05,3,"10,13,18",1928175411,-5.990650570107307
B_bevel05,3,"10,17,22",196625179,-6.551894126723439
B_bevel05,3,"0,1,15",1079012461,-5.918664830045649
B_bevel05,3,"1,10,20",2085531908,-6.474159954260027
B_bevel05,3,"7,15,21",308307154,-6.118196115080744
B_bevel05,3,"6,26,31",1817739426,-6.521728684969959
B_bevel05,3,"10,15,23",610159485,-6.624792436856783
B_bevel05,3,"0,18,25",486413630,-5.942196073687899
B_bevel05,3,"20,22,26",537138796,-6.7176715192846785
B_bevel05,3,"20,23,30",1615158825,-7.7236591981594325
B_bevel05,3,"3,7,14",1798109729,-6.002436855766436
B_bevel05,3,"15,27,28",2013478233,-8.86717681203508
B_bevel05,3,"11,27,28",791729300,-7.171083440533295
B_bevel05,3,"6,8,28",736258250,-5.955449403343774
B_bevel05,3,"3,11,23",1216051183,-6.1062464627561015
B_bevel05,3,"2,10,25",591863997,-6.527369483302001
B_bevel05,3,"24,29,30",2102576310,-6.740247679289969
B_bevel05,5,"8,11,28,29,31",982292581,-6.101119664054158
B_bevel05,5,"10,13,19,24,27",730391019,-6.052654478458485
B_bevel05,5,"1,6,7,13,28",1800331416,-6.046006420298621
B_bevel05,5,"13,19,20,21,30",2079483525,-6.086824528598836
B_bevel05,5,"4,5,6,25,27",947600651,-6.04794538275351
B_bevel05,5,"11,15,18,19,29",19328341,-6.291143771740895
B_bevel05,5,"5,6,15,28,30",725902478,-6.130414570902343
B_bevel05,5,"0,1,4,10,27",479775104,-5.89789404618028
B_bevel05,5,"2,4,10,22,29",699959049,-6.408968345511393
B_bevel05,5,"1,2,3,7,13",687531278,-5.857089685768576
B_bevel05,5,"5,10,18,25,31",852831081,-6.210957991765163
B_bevel05,5,"7,20,24,27,31",1128676645,-6.975118370235599
B_bevel05,5,"5,9,25,28,31",1753774733,-6.2374503921408415
B_bevel05,5,"7,16,19,24,26",543566210,-6.22480496670029
B_bevel05,5,"0,10,11,25,27",1128853379,-5.9080840437600886
B_bevel05,5,"2,21,22,23,27",937275276,-6.381778337323929
B_bevel05,5,"5,13,21,24,26",237223530,-6.036666365666771
B_bevel05,5,"0,2,5,11,14",637124013,-5.899802322501779
B_bevel05,5,"7,11,13,18,25",785718509,-6.027995727118207
B_bevel05,5,"11,15,16,19,30",650818051,-6.446992458239532
B_bevel05,5,"0,3,11,17,20",2106596283,-5.878651831784444
B_bevel05,5,"0,8,9,15,27",1877248614,-5.896912723569164
B_bevel05,5,"2,14,23,24,31",1377151265,-6.744543439241859
B_bevel05,5,"4,14,15,20,28",1946954435,-8.874452421493455
B_bevel05,5,"0,10,14,23,24",1354447087,-5.886571615909765
B_bevel05,5,"6,8,9,21,29",96870937,-5.990372507559436
B_bevel05,5,"0,3,12,23,25",634870028,-5.891677343273013
B_bevel05,5,"2,9,12,16,26",855157460,-6.197290990214873
B_bevel05,5,"3,8,14,20,30",1528631014,-6.038101187163539
B_bevel05,5,"4,5,26,28,29",1593557585,-6.093650127254219
B_bevel05,5,"4,7,11,27,29",1642454442,-6.600420097793535
B_bevel05,5,"14,22,23,27,29",837805284,-6.915556650490151
B_bevel05,5,"4,19,25,26,30",945411429,-6.811923654673338
B_bevel05,5,"12,14,16,29,30",328344306,-6.428617167707963
B_bevel05,5,"1,4,6,16,26",378331022,-6.159895040010818
B_bevel05,5,"2,3,6,17,26",1489168717,-6.034411539426335
B_bevel05,5,"8,9,19,22,28",549438277,-6.155273761669608
B_bevel05,5,"0,4,23,25,30",1301439503,-6.0377211202946315
B_bevel05,5,"14,18,20,26,30",2002352512,-6.422811964537719
B_bevel05,5,"2,14,21,26,28",1708953929,-6.2010044628954395
B_bevel05,5,"0,18,22,26,28",166752920,-5.948257039859509
B_bevel05,5,"12,13,23,24,29",1495146085,-6.213877026413451
B_bevel05,5,"5,6,10,11,14",69581679,-5.911344058099886
B_bevel05,5,"2,6,11,14,16",375229511,-6.133380866619439
B_bevel05,5,"5,15,22,29,30",1275098421,-6.210022857305061
B_bevel05,5,"4,11,15,16,25",1483338636,-6.308665100698375
B_bevel05,5,"6,12,14,16,27",1597582925,-6.441794246936041
B_bevel05,5,"3,13,23,27,29",1164303352,-6.014272241701154
B_bevel05,5,"7,16,20,24,27",1503557107,-6.38556230289998
B_bevel05,5,"0,3,12,23,29",54940621,-5.909241708007459
B_bevel05,5,"0,10,17,18,30",1329021144,-5.968406976562617
B_bevel05,5,"5,10,11,17,20",1184207950,-5.982817702179812
B_bevel05,5,"0,5,20,24,29",1658597757,-5.912144664943309
B_bevel05,5,"7,12,16,25,29",893762431,-6.304780052878102
B_bevel05,5,"0,1,3,24,26",1331203970,-5.907999284387572
B_bevel05,5,"8,10,20,24,29",1044072365,-6.021872922068634
B_bevel05,5,"2,5,7,12,25",1487226706,-6.090015316851856
B_bevel05,5,"5,18,19,20,29",393254193,-6.0867584421755945
B_bevel05,5,"7,14,16,19,30",2115811684,-6.414749724204189
B_bevel05,5,"0,2,12,14,21",1161483777,-5.9005493363762875
B_bevel05,5,"7,9,16,21,26",1966188865,-6.059674670242054
B_bevel05,5,"3,7,9,22,26",740448689,-6.112127259475086
B_bevel05,5,"16,17,21,22,31",2054619170,-6.222079876963417
B_bevel05,5,"0,8,17,23,28",1820500921,-5.953514700556261
B_bevel05,5,"17,18,20,23,26",1937134147,-6.531180347275783
B_bevel05,5,"3,6,7,9,10",1932181882,-5.998293487140958
B_bevel05,5,"1,11,15,19,24",735225351,-6.682111739974227
B_bevel05,5,"5,7,9,16,22",21834906,-5.923103127718381
B_bevel05,5,"2,7,18,21,22",938573142,-6.153133569885164
B_bevel05,5,"3,8,9,11,25",2040899031,-5.907152550074973
B_bevel05,5,"4,5,16,24,26",380672856,-5.975855261644998
B_bevel05,5,"16,18,23,28,30",2036224580,-6.360055556579529
B_bevel05,5,"2,18,23,29,30",670429016,-6.395798816959811
B_bevel05,5,"12,13,14,20,22",654888381,-6.165700800221379
B_bevel05,5,"0,20,21,24,30",405884660,-6.028161149562823
B_bevel05,5,"1,3,10,18,30",1809298965,-6.0876291376539395
B_bevel05,5,"11,13,17,22,28",1127498909,-6.1233733553263106
B_bevel05,5,"1,7,9,10,18",1515944518,-6.261055125375926
B_bevel05,5,"0,6,8,12,23",38404464,-5.84669468876674
B_bevel05,5,"0,11,17,25,27",1342286350,-5.951504649937801
B_bevel05,5,"1,8,10,12,23",1731538107,-5.96529099929833
B_bevel05,5,"2,6,7,23,27",2028174612,-7.212141072826205
B_bevel05,5,"9,17,18,26,27",1465993990,-6.418724666461306
B_bevel05,5,"17,20,25,28,29",1416068426,-7.124099029196615
B_bevel05,5,"0,13,20,24,28",1480941107,-5.928053702681957
B_bevel05,5,"3,4,7,11,24",1455547414,-6.113104879636637
B_bevel05,5,"0,4,6,9,21",1890405446,-5.901325129898055
B_bevel05,5,"5,12,13,14,17",2132779617,-5.966893983462846
B_bevel05,5,"7,10,20,22,25",703444786,-6.867976215556112
B_bevel05,5,"10,11,18,24,29",757619475,-6.163332854590518
B_bevel05,5,"2,6,15,23,24",1513820022,-6.733030067575895
B_bevel05,5,"0,19,20,23,29",1704872670,-5.985475684105235
B_bevel05,5,"5,13,16,19,31",544889686,-5.956151746729286
B_bevel05,5,"1,20,21,24,28",470231975,-6.359202844459933
B_bevel05,5,"4,6,9,10,20",1852851673,-6.554032464572986
B_bevel05,5,"2,13,20,23,31",264651740,-6.232578055750685
B_bevel05,5,"11,12,17,27,28",1227911794,-7.366804003338771
B_bevel05,5,"10,11,25,26,28",1237329853,-6.407491773626948
B_bevel05,5,"11,14,15,16,21",2072945585,-6.054103133147281
B_bevel05,5,"4,12,17,19,24",1144355763,-7.155210371539658
B_bevel05,5,"2,11,18,24,30",8713777,-6.289280107196929
B_bevel05,5,"0,15,18,20,22",1952575251,-5.994142573535697
B_bevel05,5,"3,11,15,19,25",1649932842,-6.278812199025626
B_bevel05,5,"1,8,14,17,18",990340942,-6.019117596142133
B_bevel05,5,"2,8,17,20,22",812465933,-6.065224307176013
B_bevel05,5,"5,8,10,13,26",521908316,-5.956362023646704
B_bevel05,5,"3,12,16,18,22",1258580643,-6.030458216783784
B_bevel05,5,"1,2,6,10,28",1922457004,-6.505471339924545
B_bevel05,5,"12,18,22,23,30",862119344,-6.663665830878037
B_bevel05,5,"1,3,9,17,19",87666759,-6.284670934727472
B_bevel05,5,"2,15,16,22,24",1189483117,-6.3418687435485035
B_bevel05,5,"1,4,20,23,26",1722022122,-6.590053463545089
B_bevel05,5,"0,3,10,25,28",873760108,-5.881300450793974
B_bevel05,5,"11,17,19,25,31",167427187,-7.004584806411546
B_bevel05,5,"17,21,22,26,27",1824538350,-6.290353716642886
B_bevel05,5,"13,17,21,29,31",839643609,-6.092949763510191
B_bevel05,5,"0,4,12,24,30",1125627143,-5.98540338218603
B_bevel05,5,"3,4,12,13,16",1392493586,-5.934238237274131
B_bevel05,5,"1,5,9,12,20",1441324464,-6.079282338688891
B_bevel05,5,"5,10,24,28,30",449113400,-6.07985029904435
B_bevel05,5,"14,24,26,27,28",1827138087,-6.684101408179371
B_bevel05,5,"8,13,23,26,30",495723555,-5.996193877545098
B_bevel05,5,"3,13,16,18,23",288894620,-5.921295252146469
B_bevel05,5,"5,6,9,12,24",903658573,-5.924908945154532
B_bevel05,5,"6,16,19,20,24",171422315,-6.39135378026168
B_bevel05,5,"2,6,8,29,30",1654025197,-5.997197700184745
B_bevel05,5,"5,13,17,22,28",2076137892,-6.0508587301683345
B_bevel05,5,"6,14,16,18,24",895909591,-6.107818213462713
B_bevel05,5,"1,3,8,12,31",276648892,-6.004205016770235
B_bevel05,5,"2,3,5,17,26",1480172932,-5.920449655636854
B_bevel05,5,"5,15,18,26,30",371539508,-6.124927136665904
B_bevel05,5,"7,11,12,20,25",1983351363,-7.189468573805081
B_bevel05,5,"3,9,16,27,30",1202823385,-6.207987919925107
B_bevel05,5,"7,9,22,24,28",1126329862,-7.198436953064322
B_bevel05,5,"0,2,5,11,26",1138649339,-5.870765061881399
B_bevel05,5,"9,13,15,21,27",397866808,-6.048537742212097
B_bevel05,5,"4,10,13,28,31",1249676755,-6.153960517957803
B_bevel05,5,"8,10,11,20,28",488770912,-5.9706561715070325
B_bevel05,5,"1,2,4,11,15",1551651413,-6.611938777249994
B_bevel05,5,"4,18,27,28,31",1302050149,-6.578092769877236
B_bevel05,5,"9,10,21,24,25",137697411,-6.26736766299215
B_bevel05,5,"0,2,8,18,31",1209705363,-5.88933150396484
B_bevel05,5,"5,11,13,19,28",1796590619,-5.924461440441754
B_bevel05,5,"6,10,11,12,31",2096698492,-6.416801331646505
B_bevel05,5,"1,8,16,26,30",289849085,-6.02487950119202
B_bevel05,5,"10,19,26,27,30",319264834,-6.528845561171118
B_bevel05,5,"0,6,9,10,29",1854417183,-5.9207029965862965
B_bevel05,5,"0,1,17,22,28",2112931573,-5.966301595976321
B_bevel05,5,"1,5,14,20,23",862829660,-6.0526817873820296
B_bevel05,5,"6,18,20,24,29",1375187743,-6.286222405928503
B_bevel05,5,"4,13,24,27,29",1171189191,-6.156378162649751
B_bevel05,5,"1,6,18,24,31",1130856846,-6.3144862906354815
B_bevel05,5,"12,16,22,25,26",257021349,-6.429012478006678
B_bevel05,5,"12,14,20,23,27",1007618017,-7.771317449376628
B_bevel05,5,"3,20,21,27,29",382859723,-6.126604907094499
B_bevel05,5,"10,13,15,19,28",650951842,-6.040601756887123
B_bevel05,5,"18,19,20,24,25",108056398,-6.470646299118924
B_bevel05,5,"4,10,12,23,25",712590638,-6.7699761187958245
B_bevel05,5,"20,25,27,29,30",1346019138,-7.264822457888731
B_bevel05,5,"2,17,22,24,28",633150461,-7.0578573157988425
B_bevel05,5,"0,3,10,26,28",1059779408,-5.858741626516554
B_bevel05,5,"6,12,18,26,27",1835253583,-6.301390991443673
B_bevel05,5,"8,15,16,20,22",1463243858,-6.055988718502615
B_bevel05,5,"6,8,23,24,30",2126474844,-6.058601947851101
B_bevel05,5,"0,7,14,22,23",355010257,-5.916321532508988
B_bevel05,5,"6,15,24,29,31",1595105910,-6.613730984507723
B_bevel05,5,"0,3,9,10,24",829124845,-5.86765738598771
B_bevel05,5,"17,18,25,29,31",2005275904,-6.5633220847080205
B_bevel05,5,"4,10,20,26,29",575083837,-6.422738331119612
B_bevel05,5,"6,13,16,17,26",1815853296,-5.991155606023154
B_bevel05,5,"0,7,11,17,20",809187143,-5.891788259471201
B_bevel05,5,"4,5,7,13,22",1479010060,-5.9667967926598795
B_bevel05,5,"4,8,15,16,25",1114838612,-6.05494179530492
B_bevel05,5,"2,6,8,18,26",664368884,-5.94200442056718
B_bevel05,5,"8,9,21,24,28",967510,-5.989698746083847
B_bevel05,5,"0,10,13,16,19",537253789,-5.9154822799142055
B_bevel05,5,"1,11,15,29,31",1865094811,-6.510067459182187
B_bevel05,5,"3,5,6,10,22",811025559,-5.874367517111612
B_bevel05,5,"0,3,5,10,23",364708721,-5.878521169181336
B_bevel05,5,"2,9,17,29,31",1258294801,-6.6698751946846
B_bevel05,5,"3,8,22,23,28",161211844,-6.022797298131903
B_bevel05,5,"0,9,15,27,28",1475489238,-5.965964334296422
B_bevel05,5,"1,5,12,21,25",863142182,-5.964938606789133
B_bevel05,5,"9,10,16,28,30",1939421409,-6.321657592003419
B_bevel05,5,"3,15,16,19,27",861329574,-6.133715368055021
B_bevel05,5,"4,5,9,26,28",1412531727,-6.052281252195975
B_bevel05,5,"4,6,25,27,29",1280573067,-6.994404380054101
B_bevel05,5,"2,6,11,12,26",1317431642,-6.273765030996748
B_bevel05,5,"9,16,18,22,31",1488799005,-6.285418751454082
B_bevel05,5,"7,11,15,25,29",1558272332,-6.6069166922640425
B_bevel05,5,"2,12,18,23,25",1763033299,-6.534799613954164
B_bevel05,5,"8,15,17,20,24",113819894,-6.116128675564942
B_bevel05,5,"2,5,7,11,12",183013921,-5.9125410445020306
B_bevel05,5,"12,20,23,26,27",2003562576,-6.821542809642761
B_bevel05,5,"2,12,21,26,30",195954597,-6.306724281916539
B_bevel05,5,"0,1,11,19,28",1103748606,-5.889748967991186
B_bevel05,5,"7,10,12,17,30",1829253261,-6.905377738657902
B_bevel05,5,"2,7,13,17,19",1731338747,-5.9854230484999595
B_bevel05,5,"15,19,24,25,29",876870256,-6.766361876868827
B_bevel05,5,"0,4,6,15,29",1842464256,-5.898721574655454
B_bevel05,5,"3,8,13,18,22",13714342,-5.9032815058047765
B_bevel05,5,"6,14,22,24,26",1036407567,-6.566779102398149
B_bevel05,5,"6,9,20,21,25",312926953,-6.357031714094625
B_bevel05,5,"13,14,21,22,30",2045065118,-6.095059511431546
B_bevel05,5,"6,10,12,14,23",233390868,-6.54546248503095
B_bevel05,5,"6,15,16,19,26",993097619,-6.252281823660128
B_bevel05,5,"7,14,15,17,20",484657054,-9.054818472859193
B_bevel05,5,"4,7,17,18,29",1592416225,-6.37385319822788
B_bevel05,5,"1,3,4,9,18",298948058,-5.9907176735964685
B_bevel05,5,"6,8,21,28,31",1861468939,-6.117644281336653
B_bevel05,5,"0,16,18,20,23",933625394,-5.973282931304858
B_bevel05,5,"10,13,15,30,31",927622132,-6.166847572659661
B_bevel05,5,"1,2,3,20,29",853171453,-6.121949213824344
B_bevel05,5,"7,11,15,19,28",1374134454,-7.107318402086744
B_bevel05,5,"6,12,15,23,30",1394830175,-7.585188959850639
B_bevel05,5,"4,5,8,26,30",24637866,-5.968323974194879
B_bevel05,5,"8,15,22,25,29",8136391,-6.12490264813284
B_bevel05,5,"3,8,12,19,25",164700448,-5.984829962446592
B_bevel05,5,"0,1,3,6,24",581824514,-5.85370254407473
B_bevel05,5,"3,5,7,8,31",1847172577,-5.866752072602532
B_bevel05,5,"1,8,11,23,28",1612993026,-6.022268814239631
B_bevel05,5,"11,18,22,23,25",281204879,-6.409638044505627
B_bevel05,5,"6,15,20,23,31",106644183,-7.139308345600697
B_bevel05,5,"8,11,15,18,26",2107175303,-5.950208022213462
B_bevel05,5,"3,21,25,30,31",1051015568,-6.164978152399469
B_bevel05,5,"16,22,25,26,27",2138090043,-6.454358679118425
B_bevel05,5,"0,6,7,16,27",1952515728,-5.914386164324778
B_bevel05,5,"8,14,16,25,30",35697583,-6.1104252500757905
B_bevel05,5,"14,15,20,22,30",466189737,-9.236799629043908
B_bevel05,5,"7,11,20,21,31",1065873910,-6.248890909840336
B_bevel05,5,"0,9,11,25,28",726713322,-5.979856931534071
B_bevel05,5,"3,5,12,17,21",1536728275,-5.911125007422859
B_bevel05,5,"11,16,18,22,27",1726695349,-6.184277605636143
B_bevel05,5,"0,2,8,15,21",2008952138,-5.884860395865147
B_bevel05,5,"19,20,21,27,28",1111894116,-6.566963159629337
B_bevel05,5,"3,4,7,8,30",396022696,-5.923927237432778
B_bevel05,5,"2,7,15,16,29",231010679,-6.205597486088294
B_bevel05,5,"0,6,14,27,30",2142221045,-6.005518916993333
B_bevel05,5,"0,2,6,9,21",1831727108,-5.860038455664462
B_bevel05,5,"9,10,12,24,27",1037680103,-6.620442686160858
B_bevel05,5,"2,4,25,28,31",1411388230,-7.288767837759726
B_bevel05,5,"0,3,4,12,25",1973759018,-5.875286295086788
B_bevel05,5,"5,15,22,25,27",421620857,-6.245206874734802
B_bevel05,5,"4,18,26,27,28",573488170,-6.511049979660431
B_bevel05,5,"2,23,25,30,31",1440072979,-7.201383007568154
B_bevel05,5,"2,3,19,21,25",1661529326,-6.040718976325131
B_bevel05,5,"3,7,20,23,25",164255048,-6.365764639895402
B_bevel05,5,"4,7,10,23,29",1917494518,-6.3727446686304585
B_bevel05,5,"3,11,25,29,31",151802580,-6.3252680927250005
B_bevel05,5,"16,18,20,27,29",184052134,-6.287479112400653
B_bevel05,5,"13,18,23,26,28",663060333,-6.244709019736961
B_bevel05,5,"2,6,19,23,28",1672283284,-7.228208629490339
B_bevel05,5,"4,8,12,17,28",515752125,-6.0456897242172785
B_bevel05,5,"10,15,21,22,25",647698834,-6.298881768346183
B_bevel05,5,"0,1,7,18,30",212204361,-5.924999075117607
B_bevel05,5,"1,12,21,22,26",642386956,-6.207191939459696
B_bevel05,5,"1,12,17,20,30",1119959313,-6.526775656022944
B_bevel05,5,"14,22,23,26,30",629794795,-6.764627656263231
B_bevel05,5,"0,7,9,16,28",1262795425,-5.953700846856049
B_bevel05,5,"0,3,5,14,26",1187335508,-5.860556885767213
B_bevel05,5,"6,8,11,21,25",549708589,-5.989335280454676
B_bevel05,5,"10,14,15,24,31",1053772216,-6.466020707710389
B_bevel05,5,"0,1,11,18,19",366407126,-5.877260324819629
B_bevel05,5,"10,11,18,19,26",1203425128,-6.136517857551029
B_bevel05,5,"3,4,14,22,25",1487604617,-6.390627209120625
B_bevel05,5,"2,3,7,25,31",1132239900,-6.2809948756350416
B_bevel05,5,"1,17,28,30,31",125410525,-7.694662105533075
B_bevel05,5,"9,20,21,25,29",1886418820,-6.4297788742341
B_bevel05,5,"5,12,15,19,25",1874024995,-6.089696105819535
B_bevel05,5,"0,20,25,26,29",174430784,-6.032444995969149
B_bevel05,5,"3,8,15,19,22",186790666,-5.9403340774293625
B_bevel05,5,"0,5,16,22,27",1544304395,-5.893909394266666
B_bevel05,5,"7,9,27,29,31",1118638716,-6.849846693782239
B_bevel05,5,"4,8,19,29,30",421409376,-6.067628300229271
B_bevel05,5,"3,23,26,27,28",1075593561,-6.278534094737841
B_bevel05,5,"0,2,3,7,24",1632615508,-5.8486646723512905
B_bevel05,5,"8,10,24,28,30",1711686463,-6.080460077571191
B_bevel05,5,"0,1,11,14,17",1284208875,-5.8980949556825735
B_bevel05,5,"1,6,7,14,24",1632316503,-6.918375296946749
B_bevel05,5,"3,4,17,18,30",1524617246,-6.105360962628181
B_bevel05,5,"3,8,23,26,28",1521828204,-6.0500652626756635
B_bevel05,5,"0,11,25,28,31",1665089356,-5.959322603234774
B_bevel05,5,"0,6,12,13,16",707389397,-5.879113042382425
B_bevel05,5,"4,11,12,20,28",1089122061,-7.241183309039256
B_bevel05,5,"8,11,16,23,25",410243216,-5.994842322915132
B_bevel05,5,"1,7,18,21,22",946873045,-6.173672314811588
B_bevel05,5,"4,8,13,25,29",1427928284,-6.075604653783019
B_bevel05,5,"4,8,10,11,30",1608298701,-5.98314688636792
B_bevel05,5,"5,10,13,26,31",708198439,-5.962641969057862
B_bevel05,5,"0,1,13,17,25",110167138,-5.897307156712653
B_bevel05,5,"4,9,12,14,24",2143253397,-7.0373729816125365
B_bevel05,5,"0,3,4,14,18",1375390483,-5.87965680025793
B_bevel05,5,"5,11,12,20,30",1921551953,-6.0819685124404765
B_bevel05,5,"1,24,25,26,29",1337651114,-6.500680788200756
B_bevel05,5,"6,20,22,23,27",1531202816,-7.692270482671845
B_bevel05,5,"4,13,15,19,26",241758434,-6.071634448325449
B_bevel05,5,"6,7,17,20,25",713114263,-6.376321291605838
B_bevel05,5,"4,16,20,26,30",1254141785,-6.244642442738108
B_bevel05,5,"0,4,7,20,24",1479258614,-5.900884223793438
B_bevel05,5,"1,2,14,17,24",1839089407,-6.77779708101236
B_bevel05,5,"0,3,12,27,31",2146334075,-5.949038334554823
B_bevel05,5,"1,12,21,22,25",649870620,-6.409759852455419
B_bevel05,5,"1,5,23,24,26",1085506793,-6.029875911190418
B_bevel05,5,"0,3,4,9,12",788362455,-5.883064918185645
B_bevel05,5,"8,16,19,22,26",1332298848,-6.035269787220733
B_bevel05,5,"7,8,19,24,26",237837059,-5.999089419410352
B_bevel05,5,"5,6,9,10,30",1004802714,-6.046835966198045
B_bevel05,5,"8,13,15,16,21",588429358,-5.940666506867814
B_bevel05,5,"7,10,11,23,28",203264886,-6.548819316049917
B_bevel05,5,"3,11,16,29,31",836752282,-6.129386309389366
B_bevel05,5,"6,15,21,24,26",2078100357,-6.201709738759797
B_bevel05,5,"3,5,8,15,29",1672019741,-5.88700494177176
B_bevel05,5,"8,11,14,17,23",1162871118,-6.025337813490288
B_bevel05,5,"4,6,13,14,29",901085451,-6.034084140582766
B_bevel05,5,"17,18,21,24,28",376262807,-6.3186644427686325
B_bevel05,5,"7,10,14,18,24",687885942,-6.223783506817546
B_bevel05,5,"17,21,26,28,31",730053455,-6.4031383895237495
B_bevel05,5,"12,24,26,27,28",1051291348,-6.72621049460807
B_bevel05,5,"0,17,18,19,25",1923150271,-5.955941827338788
B_bevel05,5,"1,3,11,25,28",1807896919,-6.361285068386459
B_bevel05,5,"2,8,11,15,25",1162536426,-5.9410093732285505
B_bevel05,5,"3,10,14,20,26",100709708,-6.081852436593945
B_bevel05,5,"5,9,15,22,23",1623030141,-6.127799207105026
B_bevel05,5,"6,12,17,24,29",917658924,-6.639298255260906
B_bevel05,5,"6,7,17,18,28",2095977439,-6.529904767823464
B_bevel05,5,"6,14,21,22,30",776213674,-6.330676638305071
B_bevel05,5,"15,21,25,29,31",1551654544,-6.377144720372082
B_bevel05,5,"0,17,22,24,25",164405811,-6.058506186820667
B_bevel05,5,"10,17,18,21,25",1657594543,-6.335919895827025
B_bevel05,5,"15,20,22,23,29",879463615,-6.950868567551764
B_bevel05,5,"4,5,14,19,28",660920570,-6.138468537930104
B_bevel05,5,"1,5,12,20,26",757049101,-6.069484901673321
B_bevel05,5,"3,20,23,27,28",969908629,-6.498235197179757
B_bevel05,5,"1,19,21,22,27",1835508954,-6.428540090674872
B_bevel05,5,"2,3,11,28,29",508234929,-6.1674422207273185
B_bevel05,5,"6,13,22,23,28",689645429,-6.183944327942212
B_bevel05,5,"9,10,12,24,26",912266200,-6.390284250590127
B_bevel05,5,"11,19,21,23,24",704425449,-6.281995594168657
B_bevel05,5,"7,15,19,23,26",1272812747,-6.627327825320524
B_bevel05,5,"6,19,23,25,28",505467767,-7.650742541747276
B_bevel05,5,"4,22,24,25,27",1269600514,-7.371981380840142
B_bevel05,5,"9,10,23,25,30",206006558,-6.910032849332145
B_bevel05,5,"1,16,18,24,25",1439200809,-6.212112662112237
B_bevel05,5,"7,10,11,17,26",1184034619,-6.2550815896817635
B_bevel05,5,"6,8,13,25,27",208995881,-5.901573128227421
B_bevel05,5,"6,12,17,23,30",1823049032,-7.740082087682448
B_bevel05,5,"5,7,13,16,20",825762097,-5.940493201375071
B_bevel05,5,"2,4,12,19,26",997681017,-6.4219937529690245
B_bevel05,5,"0,10,15,26,28",1122352047,-6.002866680913355
B_bevel05,5,"0,6,16,18,27",1391931188,-5.916620863267928
B_bevel05,5,"0,4,7,8,26",1013382681,-5.892421769335949
B_bevel05,5,"4,8,13,15,27",1181607504,-5.957745054035235
B_bevel05,5,"0,2,14,21,29",678948336,-5.883557188726375
B_bevel05,5,"12,19,23,24,26",299452317,-6.605817485771938
B_bevel05,5,"4,7,8,9,24",1014787525,-5.972241926707609
B_bevel05,5,"4,19,22,27,31",1510392876,-7.486941429260773
B_bevel05,5,"0,2,13,22,27",1197757947,-5.90178876690418
B_bevel05,5,"7,19,21,23,27",2115053329,-6.390303971925435
B_bevel05,5,"11,13,14,16,30",1763080657,-6.036071339951508
B_bevel05,5,"8,11,12,15,24",1725207923,-5.956025057666734
B_bevel05,5,"4,5,8,21,30",522827067,-5.987564562313312
B_bevel05,5,"8,11,22,23,25",890311768,-6.0417573016783
B_bevel05,5,"2,3,4,15,17",5925118,-6.151369838941773
B_bevel05,5,"14,19,20,26,27",1243072079,-6.754636589550706
B_bevel05,5,"2,7,10,15,31",1827409706,-6.719832638619948
B_bevel05,5,"9,11,16,25,30",368316547,-6.4566323455845485
B_bevel05,5,"2,23,24,29,31",1597386871,-6.549617142453083
B_bevel05,5,"9,12,19,20,28",596820414,-8.72263042147794
B_bevel05,5,"5,11,20,23,24",711707241,-6.030227681696731
B_bevel05,5,"4,12,16,23,26",1962950314,-6.298572177312138
B_bevel05,5,"0,2,9,24,26",1189522668,-5.947605802658073
B_bevel05,5,"1,9,11,12,26",1040607447,-6.320866649717002
B_bevel05,5,"7,8,11,19,23",1918946263,-5.990209376544009
B_bevel05,5,"2,11,12,13,21",2114257358,-5.914336833851132
B_bevel05,5,"10,15,16,24,28",1863203889,-6.291324774806978
B_bevel05,5,"0,13,15,24,27",1587566433,-5.918388707189862
B_bevel05,5,"2,15,20,28,29",1984185005,-6.799723304155686
B_bevel05,5,"1,4,9,21,31",208012605,-6.359308003534808
B_bevel05,5,"6,15,19,20,27",686367395,-8.427131847864121
B_bevel05,5,"6,11,22,23,24",1261367737,-6.682990749397603
B_bevel05,5,"0,10,14,21,31",1060486034,-5.962727983677151
B_bevel05,5,"20,23,24,29,30",2072737102,-6.826300326532198
B_bevel05,5,"0,3,4,8,11",950776975,-5.975296935709893
B_bevel05,5,"1,2,6,13,26",801733839,-5.949582198608116
B_bevel05,5,"17,23,27,28,31",1533919348,-7.423903832303424
B_bevel05,5,"5,9,15,25,27",1829982682,-6.105132095839181
B_bevel05,5,"5,9,17,18,24",914046307,-6.060541789006021
B_bevel05,5,"15,16,26,29,31",1813221909,-6.221089462334541
B_bevel05,5,"2,9,15,20,24",1984785765,-6.858727532901867
B_bevel05,5,"1,8,12,13,27",699811436,-5.908126300413772
B_bevel05,5,"2,3,4,12,16",1122602754,-5.964899230769729
B_bevel05,5,"10,16,22,25,30",847123034,-6.270198188044267
B_bevel05,5,"4,7,8,24,26",2022417905,-5.9955505270413845
B_bevel05,5,"0,1,5,21,26",1957645832,-5.903189830161358
B_bevel05,5,"8,16,17,21,29",475835135,-5.988043240751876
B_bevel05,5,"0,3,12,16,22",157818066,-5.867959824056144
B_bevel05,5,"10,12,14,16,30",1229534202,-6.25967703911904
B_bevel05,5,"2,7,13,23,25",815509578,-6.109141202056009
B_bevel05,5,"2,14,20,29,31",41114974,-6.684875556201836
B_bevel05,5,"11,21,22,28,29",1292164580,-6.350704356760406
B_bevel05,5,"9,16,17,27,31",1323569189,-6.465257235502763
B_bevel05,5,"9,15,18,19,24",788662463,-6.402859508749963
B_bevel05,5,"1,10,18,28,31",578565727,-6.426411585676129
B_bevel05,5,"4,6,12,27,29",42514182,-6.849242759497713
B_bevel05,5,"4,7,13,16,22",1007616103,-6.004375454705049
B_bevel05,5,"5,11,14,17,25",1568809204,-6.014380086614605
B_bevel05,5,"5,12,14,23,29",265508628,-6.071428115943393
B_bevel05,5,"7,15,16,25,31",492200428,-6.495515314231923
B_bevel05,5,"2,14,15,16,25",961382325,-6.35581095730649
B_bevel05,5,"7,13,17,24,28",910203211,-6.119794679426676
B_bevel05,5,"1,4,12,14,28",1697134346,-9.65381546484512
B_bevel05,5,"1,2,12,26,30",200065836,-6.54314382879527
B_bevel05,5,"1,3,21,24,27",516670721,-6.060124220001569
B_bevel05,5,"3,14,17,23,26",1604847520,-6.173836497908789
B_bevel05,5,"0,1,15,25,27",1212309993,-5.973406534033294
B_bevel05,5,"6,7,17,27,28",1515374609,-9.541756284356177
B_bevel05,5,"2,3,8,11,24",1374945314,-5.8813353399883
B_bevel05,5,"0,6,8,14,24",1889058231,-5.931905550811153
B_bevel05,5,"4,20,25,28,30",1836761785,-10.207548438013157
B_bevel05,5,"0,17,25,26,28",197275001,-5.995236372430217
B_bevel05,5,"2,6,14,27,30",653162084,-7.858952024417755
B_bevel05,5,"3,9,12,17,19",1009106305,-6.422975662547386
B_bevel05,5,"9,12,15,23,31",2081330892,-7.231140419985155
B_bevel05,5,"1,6,8,10,19",1976934026,-5.919686353561443
B_bevel05,5,"11,12,14,28,31",919013993,-6.978897973126973
B_bevel05,5,"0,2,4,23,25",1224740819,-5.983430686470899
B_bevel05,5,"5,9,10,16,25",140858059,-6.004781897110426
B_bevel05,5,"6,14,18,22,29",782797801,-6.3089814669855295
B_bevel05,5,"2,13,14,16,17",1184902945,-5.980531415087332
B_bevel05,5,"0,14,19,26,31",1969603551,-5.95360419808026
B_bevel05,5,"2,17,23,26,30",478134653,-6.696860155384203
B_bevel05,5,"2,6,26,29,31",1368318621,-6.384050126869909
B_bevel05,5,"5,12,13,19,29",586986018,-5.99377140809471
B_bevel05,5,"4,7,12,20,29",692811013,-6.916200666145749
B_bevel05,5,"3,12,13,24,29",352394489,-6.026641226218033
B_bevel05,5,"3,14,17,24,31",975075409,-6.304452152675706
B_bevel05,5,"3,7,12,21,25",541024437,-6.003611800517076
B_bevel05,5,"11,12,22,24,27",1349303346,-6.853617326533921
B_bevel05,5,"4,6,10,15,29",638754608,-6.345684115237613
B_bevel05,5,"17,19,20,25,29",1485577181,-7.144619375911689
B_bevel05,5,"1,14,18,25,27",1364013601,-6.5375439018613655
B_bevel05,5,"7,13,28,30,31",1454839477,-6.2212217896398165
B_bevel05,5,"3,7,10,13,19",63913414,-5.901926605770624
B_bevel05,5,"6,14,19,30,31",372101540,-7.39701415719816
B_bevel05,5,"3,14,15,17,24",1495635683,-6.301372364786153
B_bevel05,5,"0,5,8,17,26",926589107,-5.958882153411129
B_bevel05,5,"7,11,13,19,22",1681591867,-6.060810966177153
B_bevel05,5,"9,21,22,27,31",362003663,-6.460935449039449
B_bevel05,5,"11,23,27,29,30",1482036395,-6.76816454800922
B_bevel05,5,"4,10,16,17,27",975946720,-6.298148848414371
B_bevel05,5,"0,4,9,23,31",579041272,-5.970830157489869
B_bevel05,5,"1,7,12,20,23",559512870,-7.600450145767628
B_bevel05,5,"4,5,7,22,25",1720092020,-6.062050935811067
B_bevel05,5,"5,7,18,29,31",43711953,-6.128249504503433
B_bevel05,5,"1,2,7,8,11",1325236799,-5.862386450270711
B_bevel05,5,"13,17,20,22,25",1269942187,-6.247805340057122
B_bevel05,5,"5,9,24,29,31",172248858,-6.313325680960076
B_bevel05,5,"4,10,15,22,28",1536145236,-6.8471297460022615
B_bevel05,5,"5,14,16,21,27",206339194,-6.035558205445251
B_bevel05,5,"0,3,8,15,28",2084929251,-5.908337135168445
B_bevel05,5,"0,1,15,16,21",979587352,-5.879239810555548
B_bevel05,5,"6,7,9,15,18",512804091,-6.34545893931552
B_bevel05,5,"4,12,16,21,31",2070515820,-6.1427283422648955
B_bevel05,5,"4,6,7,18,31",633246907,-6.33195029841152
B_bevel05,5,"2,6,9,24,29",2112656333,-6.479497452865254
B_bevel05,5,"8,10,11,20,25",254656650,-5.978857113803762
B_bevel05,5,"0,3,21,29,31",686912781,-5.896357297674829
B_bevel05,5,"5,9,15,19,21",919438243,-5.980347924787346
B_bevel05,5,"0,7,8,22,26",1475007670,-5.967540589958379
B_bevel05,5,"1,5,17,21,31",1388641829,-6.013528035925586
B_bevel05,5,"1,6,8,9,19",1834618621,-6.019919800029479
B_bevel05,5,"2,10,14,16,21",51172997,-6.006666442773298
B_bevel05,5,"10,12,18,20,24",66172039,-6.28997724419716
B_bevel05,5,"11,12,14,18,28",1227725780,-6.385464630763838
B_bevel05,5,"6,9,12,17,25",705324410,-6.621075212562702
B_bevel05,5,"1,6,17,18,21",1475238411,-6.046476198418248
B_bevel05,5,"0,4,7,8,17",341402610,-5.891388565413457
B_bevel05,5,"0,4,6,14,17",1051262943,-5.9388159813598485
B_bevel05,5,"13,20,21,22,28",1945807961,-6.136605225347148
B_bevel05,5,"0,3,15,16,25",146882987,-5.870406607113094
B_bevel05,5,"1,11,16,25,30",1655917566,-6.478710860353569
B_bevel05,5,"3,5,13,23,29",595544856,-5.922732314998106
B_bevel05,5,"0,10,16,26,27",1401643493,-5.89512242581753
B_bevel05,5,"4,7,16,21,26",273631123,-6.087234721200084
B_bevel05,5,"0,12,18,21,28",1629907606,-6.037627537094187
B_bevel05,5,"0,4,10,18,20",962839178,-5.911419710001036
B_bevel05,5,"5,6,7,16,19",919204901,-5.904264919404015
B_bevel05,5,"0,10,17,23,24",1230575693,-5.928435096119785
B_bevel05,5,"7,18,20,30,31",265129926,-6.6407054815485695
B_bevel05,5,"2,11,15,27,29",2104694157,-6.535210451328537
B_bevel05,5,"4,8,12,13,18",450291718,-5.9354758549887245
B_bevel05,5,"1,18,20,22,27",10530759,-6.5445391852395165
B_bevel05,5,"2,6,7,9,11",1211767426,-6.592498155839417
B_bevel05,5,"0,4,7,8,23",1688432603,-5.907369255013732
B_bevel05,5,"4,5,8,26,27",1614835,-5.947739382986676
B_bevel05,5,"9,20,26,28,29",4352331,-6.629218260393463
B_bevel05,5,"4,12,15,28,29",1879185051,-6.978042265111967
B_bevel05,5,"3,18,21,24,30",1543400835,-6.1158858183130365
B_bevel05,5,"6,15,16,24,29",283611024,-6.221279093512224
B_bevel05,5,"11,16,17,23,28",598160751,-6.327548447598106
B_bevel05,5,"3,7,8,11,13",1102836022,-5.852872838078078
B_bevel05,5,"11,20,21,26,29",1897882300,-6.269663508056316
B_bevel05,5,"10,11,18,27,30",1874271225,-6.2876048025171345
B_bevel05,5,"7,15,16,20,29",38096206,-6.29937462981633
B_bevel05,5,"1,5,7,12,31",892427204,-6.049515898293171
B_bevel05,5,"9,13,20,22,23",286899079,-6.173112183128146
B_bevel05,5,"12,14,21,29,30",186772138,-6.354222979742
B_bevel05,5,"6,20,22,24,30",687499740,-7.327914187444895
B_bevel05,5,"2,18,21,23,31",1817957227,-6.248851543606894
B_bevel05,5,"1,2,8,20,23",1056433908,-5.9968103855783
B_bevel05,5,"3,11,18,26,29",5135711,-6.049152877160023
B_bevel05,5,"7,14,25,27,29",1221249476,-6.984294837598334
B_bevel05,5,"13,14,15,20,29",1486299004,-6.171832242608648
B_bevel05,5,"9,10,15,18,26",406755783,-6.222617054623073
B_bevel05,5,"6,9,15,16,31",1836464981,-6.3224549726800054
B_bevel05,5,"5,7,11,19,20",492861742,-5.989841614336844
B_bevel05,5,"2,5,16,19,26",1108630177,-5.978762692545134
B_bevel05,5,"0,5,17,24,26",75764100,-5.981958870855025
B_bevel05,5,"7,12,18,29,30",470940156,-6.433820186513751
B_bevel05,5,"0,4,18,23,29",172980408,-5.917501970310906
B_bevel05,5,"6,13,15,17,28",1015116430,-6.086816241401213
B_bevel05,5,"11,19,24,25,28",1838999911,-6.915886363985851
B_bevel05,5,"10,14,19,20,27",1535412375,-6.8413487078653095
B_bevel05,5,"0,1,10,21,24",1033719009,-5.888157822260462
B_bevel05,5,"4,7,12,27,30",1430553954,-10.598723048503413
B_bevel05,5,"4,17,18,24,25",1246307662,-6.5266257942478
B_bevel05,5,"1,2,11,16,20",700234374,-6.136623017458109
B_bevel05,5,"1,3,5,7,25",1366265228,-5.887095757559906
B_bevel05,5,"3,8,12,23,29",581970944,-5.99680288575653
B_bevel05,5,"1,15,18,22,25",1421476428,-6.516442283075281
B_bevel05,5,"0,9,16,17,22",1653497958,-5.964878174038597
B_bevel05,5,"2,3,12,22,28",1775976523,-6.304957593444953
B_bevel05,5,"2,4,11,17,26",452511315,-6.299834239627451
B_bevel05,5,"6,10,13,23,30",559476993,-6.0858228120768
B_bevel05,5,"3,6,9,23,26",455847530,-6.143600772714818
B_bevel05,5,"7,15,18,23,31",1270423535,-6.643408426733535
B_bevel05,5,"0,2,15,19,21",1161591494,-5.912152761182331
B_bevel05,5,"5,17,22,23,27",1145256345,-6.3057701940654125
B_bevel05,5,"1,2,22,24,27",349650305,-6.8972879250240275
B_bevel05,5,"2,8,12,15,18",1044095870,-5.958647324266295
B_bevel05,5,"2,13,16,26,27",1326593004,-5.978062122285691
B_bevel05,5,"0,12,13,14,30",929587463,-5.9375152658142545
B_bevel05,5,"7,10,23,27,31",1140618221,-6.690650498278975
B_bevel05,5,"9,16,17,19,28",588062128,-6.534462654995147
B_bevel05,5,"9,18,19,25,30",2074986442,-6.584841175344454
B_bevel05,5,"2,14,18,24,27",1511846650,-6.478054238120445
B_bevel05,5,"1,3,5,19,30",1827093768,-5.943297525826684
B_bevel05,5,"9,11,13,24,27",1635597322,-6.066724311789277
B_bevel05,5,"3,7,9,16,29",608359965,-6.099200909194074
B_bevel05,5,"6,13,17,26,28",123779325,-6.106809029273817
B_bevel05,5,"2,11,14,30,31",1007163916,-6.77444394480327
B_bevel05,5,"1,7,14,25,27",1171359564,-10.772596339662641
B_bevel05,5,"3,16,22,24,27",1333219019,-6.294570839793694
B_bevel05,5,"4,11,18,27,28",1990938304,-6.475429968829845
B_bevel05,5,"18,20,23,25,27",760581218,-6.638571603105583
B_bevel05,5,"0,4,12,29,31",1052993135,-6.031627559836878
B_bevel05,5,"5,6,12,17,26",1988876491,-5.998372976707376
B_bevel05,5,"0,9,12,15,31",877757694,-5.9686877104696645
B_bevel05,5,"0,4,7,14,18",1810132704,-5.876306867857223
B_bevel05,5,"0,5,11,21,22",6100028,-5.8986907186136035
B_bevel05,5,"0,12,16,28,31",1125348458,-5.968905458457932
B_bevel05,5,"1,14,17,21,28",689088774,-6.315495487483002
B_bevel05,5,"8,9,11,17,27",98089817,-6.084251837917558
B_bevel05,5,"5,15,17,18,22",1592336205,-6.0527502190872084
B_bevel05,5,"2,6,11,13,19",579777898,-5.944821526743122
B_bevel05,5,"14,15,16,21,25",307492721,-6.125381375786301
B_bevel05,5,"2,13,19,22,26",2120414240,-6.130310878594108
B_bevel05,5,"4,7,19,21,29",704607525,-6.2447741166688235
B_bevel05,5,"0,3,12,23,31",59094831,-5.889626132624358
B_bevel05,5,"4,7,8,30,31",483944232,-6.105121452657775
B_bevel05,5,"8,24,25,28,29",2053053684,-6.091766213137817
B_bevel05,5,"0,6,8,17,18",240188950,-5.873848763800794
B_bevel05,5,"4,8,10,23,31",1558608894,-6.101309186977559
B_bevel05,5,"5,6,7,23,28",2123067245,-6.060743969177991
B_bevel05,5,"4,7,17,24,27",1684045859,-7.123022781912224
B_bevel05,5,"6,8,11,30,31",1379152376,-6.084949240993651
B_bevel05,5,"4,11,20,26,28",328863912,-6.556195256945313
B_bevel05,5,"3,6,22,25,28",33721631,-6.528234856708249
B_bevel05,5,"1,7,9,20,25",1661205817,-5.8404364605188075
B_bevel05,5,"2,14,17,21,27",237404140,-6.302413166270096
B_bevel05,5,"0,14,15,25,27",355214832,-5.933220062709013
B_bevel05,5,"0,15,19,26,28",1159071618,-5.949106661387069
B_bevel05,5,"4,18,19,22,30",1282749595,-6.687076065167748
B_bevel05,5,"4,6,8,15,31",1558595509,-6.043240609719987
B_bevel05,5,"1,9,21,26,28",664715775,-6.250661501898906
B_bevel05,5,"9,14,20,22,31",650179682,-7.513854873971201
B_bevel05,5,"9,10,17,22,30",107358825,-6.767739830101673
B_bevel05,5,"1,17,18,24,28",1837572869,-6.4651033261328905
B_bevel05,5,"0,4,13,15,19",2146739086,-5.8577806857356185
B_bevel05,5,"0,3,10,12,22",1977013800,-5.859128504130869
B_bevel05,5,"0,2,8,12,30",1487072312,-5.8819694256994115
B_bevel05,5,"4,8,28,29,30",45739671,-6.107114647567397
B_bevel05,5,"19,20,23,27,28",1319645550,-7.753968942627864
B_bevel05,5,"3,10,11,14,26",1917729721,-6.0578348847285985
B_bevel05,5,"14,15,19,22,26",888987939,-6.734132134245574
B_bevel05,5,"3,6,16,18,22",1108230016,-6.03682194915831
B_bevel05,5,"0,4,9,10,18",389954808,-5.9004418545258535
B_bevel05,5,"3,16,18,26,31",1670088614,-6.07365368223895
B_bevel05,5,"2,8,14,24,29",1648960366,-5.980286837037135
B_bevel05,5,"5,14,15,25,30",1208908415,-6.123334356771134
B_bevel05,5,"0,3,14,15,27",1228382048,-5.845885739763407
B_bevel05,5,"0,2,11,27,28",854385346,-5.881420621591158
B_bevel05,5,"0,6,9,26,30",14517562,-5.940806293817067
B_bevel05,5,"15,16,20,27,29",1039728124,-6.469554911496751
B_bevel05,5,"3,15,17,25,26",66473130,-6.248901042197751
B_bevel05,5,"4,9,10,11,19",164727792,-6.372858372219551
B_bevel05,5,"6,11,22,27,29",320534624,-6.767671771429264
B_bevel05,5,"5,6,12,28,31",1344752222,-6.108058370806805
B_bevel05,5,"7,9,10,22,29",1996037840,-6.464429293198065
B_bevel05,5,"5,6,14,19,31",2100182147,-6.087254007163502
B_bevel05,5,"0,6,11,17,22",2009226088,-5.943407041636759
B_bevel05,5,"3,17,20,25,26",1958007102,-6.181638467216676
B_bevel05,5,"6,9,10,27,29",1846252804,-6.456777760905824
B_bevel05,5,"2,10,16,25,29",1968553027,-6.15419470973602
B_bevel05,5,"0,4,14,16,25",151443380,-5.9507964234760795
B_bevel05,5,"0,8,13,20,30",110988131,-5.885203020514674
B_bevel05,5,"2,7,14,23,25",1349074370,-7.365960130930576
B_bevel05,5,"3,6,10,17,26",354702863,-6.04139952023274
B_bevel05,5,"4,15,16,19,22",2088242245,-6.378557087211573
B_bevel05,5,"8,11,19,25,28",568626548,-6.098593194537078
B_bevel05,5,"1,3,7,23,27",1617531127,-6.267270806660312
B_bevel05,5,"2,4,19,28,29",253056980,-6.712605442238582
B_bevel05,5,"11,24,25,28,30",446710165,-7.008509929686879
B_bevel05,5,"3,7,19,21,30",1948445801,-6.088197160690654
B_bevel05,5,"0,3,9,18,22",1551181721,-5.888573140551917
B_bevel05,5,"5,6,11,19,25",1771507598,-6.054195956698259
B_bevel05,5,"8,11,18,25,31",491947189,-6.0128943836902415
B_bevel05,5,"16,20,25,26,31",498850537,-6.304352166031343
B_bevel05,5,"0,3,17,26,28",1271337116,-5.98205301965796
B_bevel05,5,"3,5,9,29,31",1745879133,-5.967631706541403
B_bevel05,5,"3,10,18,28,29",922107657,-6.086344943331388
B_bevel05,5,"3,9,14,27,28",1757727512,-6.49915548453479
B_bevel05,5,"1,2,15,22,27",1332108130,-7.712327511077931
B_bevel05,5,"0,18,20,25,31",1450877169,-5.976484485168112
B_bevel05,5,"16,20,21,22,31",275645642,-6.201883182719754
B_bevel05,5,"11,15,16,22,24",2063171760,-6.2654991721402515
B_bevel05,5,"13,14,15,18,27",1646254281,-6.107143530157012
B_bevel05,5,"2,4,7,17,27",47973285,-7.6923492940219775
B_bevel05,5,"6,7,14,16,28",333986432,-6.376821598467608
B_bevel05,5,"2,11,12,13,14",257542469,-5.963448722369748
B_bevel05,5,"14,15,26,27,31",807351538,-6.702556724560866
B_bevel05,5,"2,7,17,21,30",895218357,-6.291319985451275
B_bevel05,5,"10,12,13,21,27",1649405478,-6.110147463451313
B_bevel05,5,"2,4,20,25,30",552140585,-7.9851908936916605
B_bevel05,5,"12,13,20,21,23",463888198,-6.180610831751647
B_bevel05,5,"4,11,19,21,29",779649454,-6.246451915943567
B_bevel05,5,"2,3,6,10,30",1750497928,-6.099109926119275
B_bevel05,5,"12,14,15,18,25",64770803,-6.50335716709432
B_bevel05,5,"3,5,6,8,30",914074180,-5.880786110912255
B_bevel05,5,"5,6,12,16,17",601733994,-5.926489188240437
B_bevel05,5,"4,10,27,29,30",848902575,-6.527983375391849
B_bevel05,5,"7,10,13,22,30",732560076,-6.131507529174492
B_bevel05,5,"0,1,3,21,29",814102959,-5.9256694084565655
B_bevel05,5,"3,13,15,18,25",1238484806,-5.981294497164832
B_bevel05,5,"1,8,14,28,31",598466478,-6.101999862861446
B_bevel05,5,"2,9,12,24,25",523923573,-6.925811309811565
B_bevel05,5,"0,5,16,26,27",1868862790,-5.937670582288488
B_bevel05,5,"4,8,20,21,28",1923345572,-6.015867308051566
B_bevel05,5,"6,14,16,17,24",1606617686,-6.441845900101818
B_bevel05,5,"12,15,17,20,23",1093444486,-7.708829159138946
B_bevel05,5,"3,4,11,27,28",8706820,-6.39400181349029
B_bevel05,5,"5,13,15,16,21",445826475,-5.931005165932389
B_bevel05,5,"0,7,12,23,25",1462575814,-5.981748142085123
B_bevel05,5,"18,22,23,25,27",1084245303,-6.653311725649579
B_bevel05,5,"9,11,24,27,29",512751891,-6.634728373842978
B_bevel05,5,"18,19,24,26,29",1938405017,-6.312142532379777
B_bevel05,5,"14,16,18,21,22",1135932838,-6.069137657353659
B_bevel05,5,"0,4,14,27,29",1977120430,-5.9196962254942065
B_bevel05,5,"3,9,19,24,26",1255136200,-6.196672886765541
B_bevel05,5,"8,10,17,22,29",2073662892,-6.020099722878645
B_bevel05,5,"3,12,16,20,29",1771286738,-6.127103777426882
B_bevel05,5,"10,14,15,16,25",1269002729,-6.228255297865657
B_bevel05,5,"2,12,14,17,18",1240737397,-6.408431271069011
B_bevel05,5,"1,2,3,6,19",315740934,-6.0890622610656395
B_bevel05,5,"1,4,23,27,29",1272141202,-6.743829153774477
B_bevel05,5,"7,15,16,22,23",237780617,-6.433271649926898
B_bevel05,5,"9,10,14,22,28",1358977033,-6.878780511439467
B_bevel05,5,"2,5,22,23,29",2058668757,-6.136992510819091
B_bevel05,5,"0,4,8,17,20",1831463086,-5.891806311732545
B_bevel05,5,"1,13,20,28,30",670374206,-6.22916113496062
B_bevel05,5,"1,3,4,28,31",1671958447,-6.381606030515083
B_bevel05,5,"1,9,14,15,18",12757379,-6.306868814479882
B_bevel05,5,"1,2,6,14,30",1914364047,-7.556418901368175
B_bevel05,5,"0,4,9,12,21",827492714,-6.01690673506818
B_bevel05,5,"0,10,13,22,29",1724543894,-5.891724578393531
B_bevel05,5,"15,20,23,24,27",147333378,-7.102154469564071
B_bevel05,5,"0,19,22,23,27",251561481,-5.995198445090931
B_bevel05,5,"0,8,10,21,22",1842155238,-5.917346349490352
B_bevel05,5,"5,11,17,22,31",1781735121,-6.08527482446334
B_bevel05,5,"5,12,23,25,31",833875484,-6.286284409522525
B_bevel05,5,"6,13,18,25,28",1467945495,-6.03902059209644
B_bevel05,5,"0,2,4,11,26",210804099,-5.872954650499503
B_bevel05,5,"5,6,9,13,27",116981190,-5.92694897849769
B_bevel05,5,"2,9,21,25,27",989510676,-6.372643621512021
B_bevel05,5,"1,10,11,14,23",870209156,-6.368325790094364
B_bevel05,5,"3,10,17,23,31",456505682,-6.219165085251011
B_bevel05,5,"8,14,20,21,30",1749776601,-6.024795327824576
B_bevel05,5,"6,7,18,25,29",1662194220,-6.319954851591783
B_bevel05,5,"6,13,19,20,27",1431536007,-6.089545193520431
B_bevel05,5,"12,14,20,22,29",2103315945,-6.91917800231474
B_bevel05,5,"2,6,12,13,30",1977454333,-6.046038200991809
B_bevel05,5,"1,6,7,15,27",13030392,-8.626844125210443
B_bevel05,5,"0,21,25,27,31",1019780844,-6.022481586900937
B_bevel05,5,"6,8,23,24,25",1181290368,-6.078792847530742
B_bevel05,5,"5,9,12,14,29",1586920750,-6.007454042677365
B_bevel05,5,"3,5,21,29,30",340980633,-5.968111435444407
B_bevel05,5,"3,21,22,26,29",1383861390,-6.1367152949357
B_bevel05,5,"5,7,12,21,26",1155293426,-6.001775503813086
B_bevel05,5,"3,15,17,23,25",699424655,-6.392367343129035
B_bevel05,5,"3,4,19,20,31",714393993,-6.4677063339251415
B_bevel05,5,"15,16,21,26,27",972926723,-6.188749831150947
B_bevel05,5,"3,7,11,26,29",281799550,-6.181633215148173
B_bevel05,5,"0,8,13,16,27",2115688989,-5.908236624513508
B_bevel05,5,"10,21,22,23,30",421838232,-6.340271185494427
B_bevel05,5,"6,8,10,23,27",910695572,-6.03227014082048
B_bevel05,5,"3,11,14,15,16",112210096,-6.032847890218906
B_bevel05,5,"13,14,15,25,31",477008317,-6.122718712744495
B_bevel05,5,"2,18,19,23,29",470232609,-6.363747260259988
B_bevel05,5,"4,7,22,23,29",2013733931,-6.8272632645648725
B_bevel05,5,"2,13,20,27,28",692725523,-6.201625356324063
B_bevel05,5,"15,18,19,21,31",1468721184,-6.252643590348707
B_bevel05,5,"1,3,11,25,31",1792237329,-6.266249839102638
B_bevel05,5,"0,3,5,7,27",1528529177,-5.909371526060645
B_bevel05,5,"6,7,9,23,30",1127990595,-7.566277784381052
B_bevel05,5,"16,18,24,26,29",294121439,-6.192949877721663
B_bevel05,5,"8,11,17,21,30",1051438163,-6.017250903524016
B_bevel05,5,"2,6,18,26,30",783954629,-6.274886117554987
B_bevel05,5,"0,6,8,16,30",1825668400,-5.902325615626003
B_bevel05,5,"2,7,19,21,25",178016497,-6.261197316392588
B_bevel05,5,"0,11,22,25,27",2001116883,-5.9752466645953906
B_bevel05,5,"0,3,20,22,23",2025581770,-5.914004630337568
B_bevel05,5,"0,3,5,7,28",2020194667,-5.878209395122183
B_bevel05,5,"3,4,11,15,22",1629776846,-6.1745668820002075
B_bevel05,5,"1,12,15,24,26",609302209,-6.486095834924339
B_bevel05,5,"2,3,7,11,19",770627638,-6.088389831919355
B_bevel05,5,"1,10,18,19,22",1261833581,-6.289344568568344
B_bevel05,5,"2,5,21,27,30",718446403,-6.070362471190191
B_bevel05,5,"0,3,15,18,25",2025627072,-5.895919050033232
B_bevel05,5,"10,12,15,21,25",1336656537,-6.406948000142517
B_bevel05,5,"3,12,15,24,30",1983891632,-6.333096816588686
B_bevel05,5,"11,19,20,25,31",406484973,-7.012642642319473
B_bevel05,5,"6,8,16,23,30",1651109814,-6.025531185314325
B_bevel05,5,"2,9,11,13,29",2005982896,-6.027119252425544
B_bevel05,5,"1,10,16,17,29",1742315148,-6.181432758315873
B_bevel05,5,"0,8,10,16,25",1950508933,-5.880052872990094
B_bevel05,5,"3,9,11,18,29",1207264535,-6.0725234313711
B_bevel05,5,"2,17,22,25,30",836868042,-7.981688529330604
B_bevel05,5,"5,9,14,27,29",2122166477,-6.15359891950917
B_bevel05,5,"5,6,15,21,27",1104561558,-5.992417733716459
B_bevel05,5,"4,8,23,25,27",1818528466,-6.0954725042034905
B_bevel05,5,"2,3,17,18,24",1095632934,-6.045271309560866
B_bevel05,5,"7,9,23,25,26",1191828376,-6.717520807462707
B_bevel05,5,"1,5,17,18,29",1067139184,-6.048279967486586
B_bevel05,5,"1,15,18,21,22",541270850,-6.175830178825651
B_bevel05,5,"3,13,14,21,26",1711602150,-5.952621250072025
B_bevel05,5,"15,21,23,25,26",1907688625,-6.424562366167876
B_bevel05,5,"4,7,11,19,30",1621938936,-7.107759402481122
B_bevel05,5,"4,20,22,27,31",1313994722,-7.6073724851932525
B_bevel05,5,"1,7,9,21,25",1532797274,-6.248874789809014
B_bevel05,5,"0,5,22,23,24",1127058573,-5.909744806399353
B_bevel05,5,"3,7,9,21,30",1366380773,-6.1036205152628895
B_bevel05,5,"11,15,16,17,28",726462960,-6.415220344427593
B_bevel05,5,"7,15,18,20,30",842223530,-6.601370332243798
B_bevel05,5,"1,5,13,20,30",1881760757,-5.983322821359602
B_bevel05,5,"7,9,20,22,28",1784055823,-9.681425606396926
B_bevel05,5,"3,9,13,16,21",1161074472,-5.981294806140644
B_bevel05,5,"10,13,20,22,30",923403699,-6.220258703903693
B_bevel05,5,"0,2,3,8,19",252515549,-5.867806031459216
B_bevel05,5,"6,9,10,20,27",1768170145,-6.686043565355077
B_bevel05,5,"1,10,14,26,29",354506222,-6.295378917350728
B_bevel05,5,"3,4,5,19,24",484107108,-5.929511642704273
B_bevel05,5,"3,13,24,27,31",637603774,-6.014056644548121
B_bevel05,5,"2,5,14,15,30",1559561342,-6.099170380231163
B_bevel05,5,"6,7,14,21,28",379201192,-6.319945953999848
B_bevel05,5,"3,8,14,16,23",4975381,-5.976848823364813
B_bevel05,5,"3,14,18,20,31",899204621,-6.141288888607411
B_bevel05,5,"5,12,18,22,24",397696815,-6.075984523466136
B_bevel05,5,"0,2,5,10,31",1403654126,-6.009577409428966
B_bevel05,5,"9,19,20,22,25",1390477529,-9.018664241283696
B_bevel05,5,"2,5,10,11,28",335995256,-5.958251583917222
B_bevel05,5,"3,8,10,21,28",1126372014,-5.9162698848649296
B_bevel05,5,"9,12,14,19,28",261396293,-8.608970979933337
B_bevel05,5,"3,8,10,11,31",1386966799,-5.907322534826575
B_bevel05,5,"1,2,5,15,26",762369941,-6.0185825598046545
B_bevel05,5,"2,4,5,16,22",403869776,-5.992632560995574
B_bevel05,5,"4,11,15,17,19",2065949447,-7.003385254737115
B_bevel05,5,"14,16,19,27,28",511828452,-6.5727732002463615
B_bevel05,5,"0,10,17,22,28",434140920,-5.967810110244577
B_bevel05,5,"5,6,9,20,26",1568226878,-6.029281601953979
B_bevel05,5,"0,1,7,15,20",934237718,-5.894653910479934
B_bevel05,5,"4,16,24,26,30",673128452,-6.264535492756753
B_bevel05,5,"0,2,10,16,28",2006111610,-5.887035290891443
B_bevel05,5,"4,12,17,26,31",939458644,-6.702601091335233
B_bevel05,5,"8,21,25,28,29",935800286,-6.026352197016196
B_bevel05,5,"8,9,12,24,30",1603816724,-6.044232430504923
B_bevel05,5,"1,10,12,15,17",965634613,-6.711223537119804
B_bevel05,5,"0,3,8,13,24",1554191220,-5.894657196935883
B_bevel05,5,"6,8,9,14,18",1747478025,-5.954414354034088
B_bevel05,5,"3,4,9,18,19",237685289,-6.011985017130056
B_bevel05,5,"3,15,17,27,29",1295058369,-6.278631461002176
B_bevel05,5,"0,6,12,18,19",279150440,-5.931538624642619
B_bevel05,5,"0,8,11,12,29",952375473,-5.9382430576263046
B_bevel05,5,"4,11,14,24,31",528650520,-6.652885029849329
B_bevel05,5,"4,5,6,12,20",1764594925,-5.9777911047435275
B_bevel05,5,"2,14,20,29,31",2070615496,-6.682746640607436
B_bevel05,5,"8,11,13,29,31",1415299977,-5.95863049676923
B_bevel05,5,"6,7,8,25,30",118844133,-6.023061470325451
B_bevel05,5,"0,1,4,24,25",1605140735,-5.906472389207326
B_bevel05,5,"8,10,24,25,29",367400855,-6.017094177951922
B_bevel05,5,"1,6,7,13,21",181992274,-5.882158710419151
B_bevel05,5,"6,7,9,11,28",1643664101,-7.072536414838727
B_bevel05,5,"9,16,18,21,30",1873124555,-6.196566856338849
B_bevel05,5,"0,9,10,11,29",1807574499,-5.933948742858164
B_bevel05,5,"5,16,17,26,30",888542901,-6.15745627497671
B_bevel05,5,"14,18,24,26,30",930883526,-6.340448600319841
B_bevel05,5,"5,16,17,18,29",481337532,-5.9964980082220585
B_bevel05,5,"3,4,5,26,28",1455196381,-5.963750618831322
B_bevel05,5,"5,9,17,27,28",1816540020,-6.134112916717896
B_bevel05,5,"3,5,27,28,29",313840800,-6.004902759427103
B_bevel05,5,"2,19,20,23,25",47973591,-7.298249115977763
B_bevel05,5,"7,9,23,27,31",1034570341,-7.232597895405888
B_bevel05,5,"2,7,11,28,30",1848766797,-7.088834558085675
B_bevel05,5,"2,12,13,16,17",2053517651,-5.966623654517124
B_bevel05,5,"2,7,12,25,31",1778085444,-7.234358052756445
B_bevel05,5,"1,7,12,23,28",1419227250,-7.5987451472181045
B_bevel05,5,"2,4,10,14,18",1031363668,-6.140078377314808
B_bevel05,5,"3,6,16,17,27",751075659,-6.14913210230082
B_bevel05,5,"12,18,20,29,31",912385496,-6.493610618504014
B_bevel05,5,"0,1,6,24,29",2008736053,-5.892371944859997
B_bevel05,5,"1,10,20,25,31",93720205,-6.746892056845739
B_bevel05,5,"1,8,13,15,29",257419354,-5.941896737114488
B_bevel05,5,"0,4,6,10,21",144772275,-5.873668514710327
B_bevel05,5,"4,5,17,22,27",577901730,-6.036171701159128
B_bevel05,5,"12,16,18,19,22",861430094,-6.1558910255231565
B_bevel05,5,"6,7,10,14,30",1644847932,-6.658823135949288
B_bevel05,5,"3,4,13,20,28",1884980260,-6.081441886740976
B_bevel05,5,"4,7,10,27,29",2063045898,-6.449607086359499
B_bevel05,5,"3,5,21,26,31",1293374833,-6.000188940924648
B_bevel05,5,"5,8,13,18,31",427226258,-5.982515504960358
B_bevel05,5,"0,5,7,12,16",28322719,-5.882776038059225
B_bevel05,5,"2,24,26,28,30",279661318,-6.607345157560508
B_bevel05,5,"6,7,8,15,29",240791428,-5.985677866307116
B_bevel05,5,"2,5,15,16,28",1531653211,-6.020508068282591
B_bevel05,5,"1,5,9,18,22",1239011097,-6.054940147726304
B_bevel05,5,"1,14,18,25,26",1326035601,-6.3193005091646635
B_bevel05,5,"3,14,18,30,31",1722088304,-6.1732094212661375
B_bevel05,5,"12,17,18,27,29",902649394,-6.54540825829823
B_bevel05,5,"1,5,17,23,24",1540501046,-6.083315212464664
B_bevel05,5,"2,5,10,22,31",283761829,-6.1650657784521234
B_bevel05,5,"0,19,20,26,31",2068071442,-5.978176048483281
B_bevel05,5,"1,9,11,19,27",1683761541,-7.253179488917893
B_bevel05,5,"9,10,22,28,30",381706440,-6.997744094205459
B_bevel05,5,"8,13,19,24,28",230125867,-5.988773038059871
B_bevel05,5,"1,3,4,10,28",967053809,-6.111560760235277
B_bevel05,5,"2,8,9,15,31",1362135934,-6.027897022544571
B_bevel05,5,"2,8,19,21,23",266725034,-5.964393998952469
B_bevel05,5,"2,11,12,16,25",1692993252,-6.194108323005761
B_bevel05,5,"15,16,17,22,27",696924120,-6.525302067477691
B_bevel05,5,"0,9,13,21,31",1392162822,-5.961360497094681
B_bevel05,5,"2,4,8,10,21",1417560541,-5.9392658446545
B_bevel05,5,"12,14,24,28,30",1682759214,-7.364370249449369
B_bevel05,5,"1,7,9,11,13",1555607804,-5.9126518209274765
B_bevel05,5,"2,8,14,24,30",1702430998,-6.016955340455206
B_bevel05,5,"6,7,9,12,26",1389760940,-6.4822101529704454
B_bevel05,5,"2,4,20,26,30",649214345,-6.582706545662964
B_bevel05,5,"4,7,17,20,28",380704538,-9.758448125252027
B_bevel05,5,"6,7,14,15,29",232357848,-6.755717710981673
B_bevel05,5,"2,14,17,26,29",1965436916,-6.442639331446642
B_bevel05,5,"10,12,14,16,23",141582766,-6.203891783211553
B_bevel05,5,"2,7,18,26,27",405656786,-6.2503811528317055
B_bevel05,5,"4,15,17,22,26",66671750,-6.721928457994593
B_bevel05,5,"0,15,22,23,24",1551172984,-5.960629474063578
B_bevel05,5,"2,4,13,17,19",1222314905,-6.003272192447204
B_bevel05,5,"2,9,16,23,24",247922086,-6.3109734351766855
B_bevel05,5,"2,6,22,29,30",605853049,-6.812566086275473
B_bevel05,5,"2,9,12,19,27",892355813,-7.608542415696595
B_bevel05,5,"2,13,18,19,20",1582321840,-6.064271078025672
B_bevel05,5,"7,14,15,21,29",971706648,-6.2591299668695015
B_bevel05,5,"5,13,21,22,28",1248009462,-6.024793653671784
B_bevel05,5,"4,13,15,22,27",1696374502,-6.151086566141267
B_bevel05,5,"5,9,13,20,30",1787803942,-5.982564957539627
B_bevel05,5,"4,10,16,23,29",984667526,-6.203246538007079
B_bevel05,5,"3,16,20,27,31",908714009,-6.181336256874544
B_bevel05,5,"0,5,16,22,30",1510779702,-5.945473219916846
B_bevel05,5,"1,9,19,23,25",1180593421,-7.478501290385358
B_bevel05,5,"7,8,10,16,24",1326917781,-5.938709779234232
B_bevel05,5,"7,23,25,27,28",1020077686,-7.8732516510021
B_bevel05,5,"2,9,11,28,30",1013849986,-6.989171888212388
B_bevel05,5,"4,5,9,18,21",2010426927,-5.895388396752246
B_bevel05,5,"3,17,21,28,29",1192388867,-6.111995863559368
B_bevel05,5,"0,7,17,22,28",890532568,-6.022348753579279
B_bevel05,5,"1,3,17,18,28",691529585,-6.222615627731808
B_bevel05,5,"1,16,19,24,30",196190434,-6.383236170614049
B_bevel05,5,"7,16,19,21,31",1075273780,-6.159150732099404
B_bevel05,5,"6,10,19,25,29",563315143,-6.482009163675472
B_bevel05,5,"11,13,19,26,28",1432760973,-6.098099434809546
B_bevel05,5,"3,4,7,11,13",1396834175,-5.874134496558076
B_bevel05,5,"3,4,26,27,30",894913727,-6.318597853629948
B_bevel05,5,"6,9,20,23,28",2052423600,-7.741038092525039
B_bevel05,5,"1,9,15,17,27",2027229916,-8.769100261100014
B_bevel05,5,"1,3,6,24,27",855376510,-6.345895599596176
B_bevel05,5,"0,8,12,23,25",1033136121,-5.961498920357422
B_bevel05,5,"7,16,24,27,31",102611130,-6.437002108281049
B_bevel05,5,"2,8,13,28,30",2072126068,-5.957879714684467
B_bevel05,5,"11,12,18,23,31",737437938,-6.397890847015757
B_bevel05,5,"0,9,19,22,25",1683502877,-5.986859106190817
B_bevel05,5,"3,8,12,16,20",407877010,-5.890488058010658
B_bevel05,5,"0,1,10,11,17",2105578484,-5.877159570890719
B_bevel05,5,"1,10,14,18,19",280636767,-6.25464494484557
B_bevel05,5,"2,6,9,21,27",467884847,-6.217760732705544
B_bevel05,5,"1,13,14,27,30",1314550181,-6.147892606883967
B_bevel05,5,"2,12,22,30,31",763546526,-7.34167502328801
B_bevel05,5,"2,8,11,19,26",1081218639,-5.9358309928727575
B_bevel05,5,"1,10,15,17,20",1931688280,-6.763416377644971
B_bevel05,5,"6,17,18,23,28",515619392,-6.535083663756253
B_bevel05,5,"3,8,11,16,18",412853819,-5.886487237860899
B_bevel05,5,"9,14,15,18,23",1535070650,-6.425882054333384
B_bevel05,5,"10,13,17,25,28",33024774,-6.206400113595511
B_bevel05,5,"6,10,11,22,26",1362293157,-6.256294291054139
B_bevel05,5,"8,12,15,19,29",307825163,-6.061420900463869
B_bevel05,5,"2,4,8,16,21",1563034650,-5.884105590773881
B_bevel05,5,"2,4,7,21,30",1914084639,-6.274056709637956
B_bevel05,5,"0,2,5,19,24",744817705,-5.862887798825339
B_bevel05,5,"4,5,27,30,31",187314445,-6.091221724259975
B_bevel05,5,"19,20,22,28,29",763300139,-7.100039127690333
B_bevel05,5,"3,19,25,27,28",1538868958,-6.611072700379991
B_bevel05,5,"5,16,20,21,25",1905721294,-5.994187537145601
B_bevel05,5,"2,9,14,15,19",1794633892,-7.424829339232374
B_bevel05,5,"1,6,7,9,27",1698429039,-10.589271275652193
B_bevel05,5,"6,11,13,22,31",1716257535,-6.102902631274777
B_bevel05,5,"8,11,13,19,24",1705312222,-5.990435946853654
B_bevel05,5,"10,11,16,17,29",704880376,-6.169633792342074
B_bevel05,5,"17,18,19,23,26",59873560,-6.38065905813264
B_bevel05,5,"13,14,17,19,29",170438639,-6.117250748394882
B_bevel05,5,"4,6,9,18,26",671800393,-6.174329586435235
B_bevel05,5,"6,11,15,19,24",827098927,-6.711844687379878
B_bevel05,5,"1,22,25,26,31",1811949768,-6.7891121288787355
B_bevel05,5,"3,9,14,15,30",69543467,-6.361525910367665
B_bevel05,5,"10,11,14,20,28",683458754,-6.55350725579506
B_bevel05,5,"5,11,19,27,29",1822168023,-6.029451250295114
B_bevel05,5,"0,4,13,16,21",73300413,-5.937843654256823
B_bevel05,5,"1,18,22,29,31",737548231,-6.428636784927847
B_bevel05,5,"1,16,23,26,30",599701942,-6.33520023074883
B_bevel05,5,"2,7,10,16,26",1674681731,-6.0731665281258
B_bevel05,5,"19,20,22,25,28",2059412877,-8.770069636364855
B_bevel05,5,"0,13,16,29,30",444614095,-5.960867094142383
B_bevel05,5,"7,10,14,23,26",1621695402,-6.377121872895717
B_bevel05,5,"5,8,19,24,31",1726900426,-5.935169442726877
B_bevel05,5,"10,19,20,27,31",1309873570,-6.799731333281044
B_bevel05,5,"2,15,22,23,27",1441289504,-7.454847504168618
B_bevel05,5,"0,1,13,14,20",1834702263,-5.910024555765089
B_bevel05,5,"2,6,11,15,24",1384213512,-6.509906337499382
B_bevel05,5,"2,7,13,19,24",1896936886,-6.0632388080228745
B_bevel05,5,"3,5,14,15,28",557882132,-5.935505692799428
B_bevel05,5,"5,23,24,30,31",34573297,-6.186124138709578
B_bevel05,5,"5,11,14,15,27",1800379356,-5.997584686939408
B_bevel05,5,"6,15,19,25,27",23213288,-8.442920573935137
B_bevel05,5,"4,6,7,21,29",1088087172,-6.199137880345823
B_bevel05,5,"0,10,13,21,23",912220141,-5.9777192953823715
B_bevel05,5,"6,11,17,18,30",505175790,-6.430649216523996
B_bevel05,5,"4,10,11,27,30",454329717,-6.562458266694269
B_bevel05,5,"4,5,7,27,31",1148174424,-6.102010836788815
B_bevel05,5,"17,19,21,22,29",1306160529,-6.452916817531297
B_bevel05,5,"1,10,13,19,31",230165970,-6.102932795696548
B_bevel05,5,"1,3,12,16,31",931044705,-6.065839259404949
B_bevel05,5,"1,12,23,26,28",861200366,-6.588500207028602
B_bevel05,5,"9,10,24,25,30",1947879601,-6.698074091303547
B_bevel05,5,"10,13,17,29,31",497340740,-6.0247445410007945
B_bevel05,5,"4,11,13,15,27",2109029504,-6.023833387928778
B_bevel05,5,"4,21,26,30,31",60578127,-6.269710837948165
B_bevel05,5,"16,17,19,28,31",66692329,-6.558141498952782
B_bevel05,5,"8,9,10,20,21",1146550465,-5.9653299731540255
B_bevel05,5,"1,12,20,21,28",330668102,-6.371774130282071
B_bevel05,5,"4,11,18,29,30",326868490,-6.296720702605631
B_bevel05,5,"1,8,18,22,25",1081429774,-5.989652427577008
B_bevel05,5,"10,15,18,27,31",615467128,-6.440274091149021
B_bevel05,5,"4,6,7,13,16",431942227,-5.929545982202983
B_bevel05,5,"5,13,17,29,30",1391670623,-5.934929124959298
B_bevel05,5,"5,13,14,26,30",590731930,-6.013925599523727
B_bevel05,5,"4,8,10,14,24",351288087,-5.976498854003169
B_bevel05,5,"3,6,8,11,14",1416362284,-5.947203091726646
B_bevel05,5,"3,12,20,22,31",371713442,-6.438584495635366
B_bevel05,5,"3,9,13,29,31",1963658408,-5.982675207678636
B_bevel05,5,"0,11,23,24,26",1147812138,-5.934598293139827
B_bevel05,5,"0,8,10,23,31",106654838,-5.9263010097915405
B_bevel05,5,"12,15,17,19,23",409871825,-7.499137897206795
B_bevel05,5,"3,4,19,20,26",521518222,-6.167728163200279
B_bevel05,5,"3,12,13,17,18",192111507,-5.9494647318209255
B_bevel05,5,"5,20,24,30,31",281029984,-6.2268033496428
B_bevel05,5,"6,14,15,30,31",1436504765,-7.36021348230105
B_bevel05,5,"9,11,13,20,27",449853750,-6.0577239180679685
B_bevel05,5,"1,7,8,12,17",2128015815,-5.9999564070751825
B_bevel05,5,"1,2,4,5,8",1307819029,-5.874204574901709
B_bevel05,5,"0,2,18,25,27",1409579205,-5.940869181259187
B_bevel05,5,"20,24,25,27,31",139115641,-7.102164151028494
B_bevel05,5,"4,6,16,21,22",1424749520,-6.132650750608755
B_bevel05,5,"0,3,12,16,17",998135845,-5.903961155072271
B_bevel05,5,"3,15,19,21,31",1038872694,-6.112406454505741
B_bevel05,5,"1,4,17,22,23",559096282,-7.652744803182664
B_bevel05,5,"11,12,16,22,23",1073846367,-6.337402119775648
B_cube,3,"10,12,29",777248504,-6.092470321839387
B_cube,3,"4,21,26",898817333,-5.856281409244755
B_cube,3,"9,19,24",165963234,-6.775437565718962
B_cube,3,"1,18,31",894754437,-6.105516272522349
B_cube,3,"0,28,31",992024336,-5.85320775746981
B_cube,3,"7,9,16",1787874887,-5.966438780756963
B_cube,3,"3,13,17",184232999,-5.70096857184949
B_cube,3,"12,23,26",2070816429,-6.287623864930783
B_cube,3,"14,21,30",1125492496,-6.248426091128253
B_cube,3,"9,27,28",1535766998,-9.793809471073535
B_cube,3,"0,27,31",484849746,-5.793370367816235
B_cube,3,"17,20,25",1590509234,-4.485771973432841
B_cube,3,"4,10,14",820928507,-6.127493954262375
B_cube,3,"3,22,26",1022252609,-5.91630406586602
B_cube,3,"6,18,19",717418020,-6.010837259583539
B_cube,3,"14,16,29",605174288,-6.0406269134698025
B_cube,3,"3,10,29",294136920,-5.894509192174656
B_cube,3,"19,26,27",890606079,-6.4314539866363605
B_cube,3,"3,9,29",1358788210,-5.898526126784723
B_cube,3,"8,16,29",120349007,-5.791818856484414
B_cube,3,"6,13,18",1886227998,-5.70998030390485
B_cube,3,"8,16,27",836592150,-5.725262078389637
B_cube,3,"5,8,23",1738393322,-5.76112345437971
B_cube,3,"2,25,31",2094838648,-6.910119043312811
B_cube,3,"6,26,27",1194692913,-6.451966561203719
B_cube,3,"5,26,28",1631414088,-5.830364064948856
B_cube,3,"0,13,25",907507929,-5.711302949807085
B_cube,3,"6,16,17",1414407129,-5.9617109270327004
B_cube,3,"8,23,25",1939359834,-5.835135675447153
B_cube,3,"2,6,9",1031221969,-7.173039092770164
B_cube,3,"8,10,27",548607035,-5.785542360002451
B_cube,3,"1,3,12",2074716443,-5.76904684681317
B_cube,3,"9,13,25",2002470109,-5.7803440787049025
B_cube,3,"18,30,31",1416828004,-6.248467809915674
B_cube,3,"0,22,31",1071964002,-5.722903640145817
B_cube,3,"0,11,14",693417908,-5.705677457980432
B_cube,3,"6,13,25",1617178549,-5.780569605368466
B_cube,3,"3,10,17",734300298,-5.793765704620478
B_cube,3,"15,22,23",81279269,-7.428447379848089
B_cube,3,"7,14,15",662643109,-8.663673786132717
B_cube,3,"7,10,13",1568027653,-5.707049167983169
B_cube,3,"1,5,19",1861375999,-5.786111595955313
B_cube,3,"16,22,25",2011799426,-6.2092574037646875
B_cube,3,"1,21,24",1369843326,-5.94474450411902
B_cube,3,"5,23,29",37644620,-6.044199669771768
B_cube,3,"2,16,19",386872278,-6.058226864994235
B_cube,3,"0,13,28",1296703989,-5.739519192560204
B_cube,3,"4,8,25",363903302,-5.734594389998972
B_cube,3,"3,19,31",821972453,-6.020373768694075
B_cube,3,"11,14,20",1734126456,-6.827491600825494
B_cube,3,"0,7,16",368725068,-5.705450766446016
B_cube,3,"6,14,24",1701520255,-6.676283414125512
B_cube,3,"18,23,31",1689250307,-6.265404853432781
B_cube,3,"2,30,31",50387634,-6.96047371112007
B_cube,3,"3,9,22",707272292,-5.940080441014491
B_cube,3,"1,26,31",912938202,-6.406667251976585
B_cube,3,"2,25,31",1911025881,-6.91185278381582
B_cube,3,"6,7,18",1501686549,-5.921262690801557
B_cube,3,"3,9,29",1998426658,-5.880948498039929
B_cube,3,"8,9,13",632745354,-5.692333926840842
B_cube,3,"25,27,31",161482965,-7.436927302828671
B_cube,3,"18,28,30",452210497,-6.349961043608393
B_cube,3,"15,22,26",546117925,-6.379953925527225
B_cube,3,"0,10,21",557269939,-5.81692672238214
B_cube,3,"3,12,26",1760754687,-6.020543942030483
B_cube,3,"12,20,29",648832023,-6.667456672621663
B_cube,3,"8,9,24",1487193761,-5.924277220996445
B_cube,3,"4,13,30",1977516373,-5.797974516940708
B_cube,3,"0,10,20",1206496459,-5.691289915540629
B_cube,3,"7,15,17",1166790275,-8.72054121669464
B_cube,3,"26,27,29",494453213,-6.308835975330341
B_cube,3,"0,1,14",1948163927,-5.697011223364222
B_cube,3,"3,24,25",1366283463,-6.0720725334049686
B_cube,3,"4,5,16",363304836,-5.758731934925365
B_cube,3,"2,22,28",902905673,-7.6208949942325175
B_cube,3,"19,22,24",2064058007,-6.894663751588277
B_cube,3,"14,21,30",1202302719,-6.134050438315644
B_cube,3,"1,12,19",1431499452,-8.342168097312802
B_cube,3,"17,26,31",306910813,-6.2808066292510984
B_cube,3,"7,12,17",1333529643,-4.094384199588019
B_cube,3,"1,2,16",1330079232,-5.808150457246003
B_cube,3,"2,7,8",2026312391,-5.735167794774768
B_cube,3,"8,9,14",1098827530,-5.840087459735874
B_cube,3,"4,13,23",736516397,-5.759697815040069
B_cube,3,"4,19,20",1293352646,-8.469542908277099
B_cube,3,"11,13,15",1449382692,-5.737659664365431
B_cube,3,"9,16,28",425973165,-6.124383455663235
B_cube,3,"10,18,22",2008794193,-5.97954591335278
B_cube,3,"6,18,19",2145093763,-6.12597367462257
B_cube,3,"23,24,26",457449238,-6.223438563952249
B_cube,3,"7,9,30",452225523,-4.0073331852324685
B_cube,3,"2,27,29",558297900,-6.496050654955195
B_cube,3,"6,8,12",246824646,-5.792041910388033
B_cube,3,"0,15,28",1800264993,-5.833826258766525
B_cube,3,"13,22,29",1247606921,-5.803226084456244
B_cube,3,"1,2,11",1878773430,-6.117790772710109
B_cube,3,"10,19,21",1338173198,-5.847026034988058
B_cube,3,"3,14,17",549938600,-6.03364126619509
B_cube,3,"7,30,31",2123960991,-7.238325903696856
B_cube,3,"14,17,27",660379452,-11.216284460136178
B_cube,3,"5,16,19",258385069,-5.902275676024528
B_cube,3,"6,22,23",1580887555,-7.372951016312342
B_cube,3,"7,25,28",1073312579,-9.96225645062333
B_cube,3,"4,5,17",751883655,-5.713790428972716
B_cube,3,"7,8,18",1882635069,-5.710425144109602
B_cube,3,"13,21,28",612225545,-5.797624430894384
B_cube,3,"7,16,29",1759818790,-5.948194667879057
B_cube,3,"1,6,11",907651417,-6.367070060903327
B_cube,3,"1,15,21",348580991,-5.888992611966291
B_cube,3,"5,20,21",1235707637,-5.719897635745457
B_cube,3,"1,3,22",1213891004,-5.9019903988856735
B_cube,3,"3,21,22",1669918710,-5.783129259661131
B_cube,3,"2,18,30",676282492,-6.072821977007043
B_cube,3,"9,20,31",374213515,-7.100486923007329
B_cube,3,"4,5,11",409175736,-5.761566851578222
B_cube,3,"7,8,27",1647453043,-5.747704322500479
B_cube,3,"0,3,13",35187882,-5.7479998495046445
B_cube,3,"18,25,31",201882001,-6.157114114904501
B_cube,3,"8,30,31",1886014579,-5.895316501506388
B_cube,3,"1,17,26",1769042500,-6.29876576576954
B_cube,3,"7,24,31",1776317266,-6.5555546717977045
B_cube,3,"3,10,20",1185773001,-5.814520799958494
B_cube,3,"15,24,28",58197580,-6.9045736687941
B_cube,3,"17,22,23",101181967,-7.529169336250434
B_cube,3,"6,24,26",1740745795,-6.1140313140480895
B_cube,3,"6,26,29",1790206931,-6.197455604853123
B_cube,3,"0,18,30",823781695,-5.6976833542151875
B_cube,3,"2,6,12",974966813,-7.026324398054747
B_cube,3,"12,19,30",1056174486,-8.707793309759737
B_cube,3,"14,18,27",155025767,-6.184656079824612
B_cube,3,"0,11,15",1860772844,-5.74216585768816
B_cube,3,"12,16,30",924750926,-6.176334068563882
B_cube,3,"1,3,18",1257770966,-5.830237353119262
B_cube,3,"1,4,8",1237561065,-5.694069991266917
B_cube,3,"2,5,21",327523080,-5.888261564457101
B_cube,3,"0,15,19",910466608,-5.764166575585727
B_cube,3,"9,15,30",308011372,-8.948331860695458
B_cube,3,"0,11,23",1077109723,-5.7550156749267565
B_cube,3,"8,20,22",1122119769,-5.773667133991781
B_cube,3,"6,8,22",774535312,-5.729099189963893
B_cube,3,"14,28,30",558227143,-10.091230762148628
B_cube,3,"0,4,9",1912421368,-5.707208764904753
B_cube,3,"18,28,31",1068234432,-6.223824016169549
B_cube,3,"3,9,24",1741625814,-5.882546020875533
B_cube,3,"3,9,20",1419362327,-5.941029465586492
B_cube,3,"10,23,24",58308637,-6.266258856949755
B_cube,3,"12,17,31",245681530,-7.108149797678136
B_cube,3,"8,18,28",474257895,-5.744217977626066
B_cube,3,"0,6,8",1462249004,-5.8097010932104025
B_cube,3,"1,18,21",1977684461,-5.7637423342982315
B_cube,3,"15,21,23",582580102,-6.0551339854122155
B_cube,3,"7,26,27",1972697717,-6.328870619960803
B_cube,3,"16,17,25",1940716856,-6.123620576200176
B_cube,3,"10,26,29",1640105135,-6.052143592180619
B_cube,3,"11,15,23",605949891,-6.614212060902932
B_cube,3,"2,6,31",1498488261,-6.643870773436141
B_cube,3,"0,21,25",516121024,-5.757716062437758
B_cube,3,"1,5,6",1937187478,-5.814761644615138
B_cube,3,"13,17,23",2068900453,-5.912395399040644
B_cube,3,"1,16,17",1274439348,-5.946227285231736
B_cube,3,"21,23,27",1226222192,-6.066319251812739
B_cube,3,"19,24,27",1262667200,-6.99485468250716
B_cube,3,"20,23,24",658752557,-6.708336182749402
B_cube,3,"1,21,25",1265307859,-5.963107047774231
B_cube,3,"1,3,15",1778678089,-5.822969754980452
B_cube,3,"3,21,23",427685509,-5.843051790619786
B_cube,3,"8,23,31",1127552340,-5.805012093329682
B_cube,3,"0,15,16",98914032,-5.828791835542955
B_cube,3,"6,13,26",550520522,-5.745518362544443
B_cube,3,"1,11,24",554368793,-6.2519517924500905
B_cube,3,"1,2,5",705379753,-5.6912167597480545
B_cube,3,"10,18,22",1582747387,-5.946435447143278
B_cube,3,"2,23,29",1558788687,-6.387045104470364
B_cube,3,"28,29,30",215333737,-6.80669630588755
B_cube,3,"8,26,27",1281384414,-5.869512540893749
B_cube,3,"1,6,22",1447289690,-3.7841896339182672
B_cube,3,"3,5,9",1916944244,-5.718507078979138
B_cube,3,"10,20,27",582254355,-6.459219120708276
B_cube,3,"0,2,23",602189719,-5.690467508786523
B_cube,3,"13,14,17",1531479091,-5.766697105149296
B_cube,3,"0,7,19",2136697753,-5.690412552259156
B_cube,3,"3,14,17",542155064,-5.958228433933042
B_cube,3,"0,22,29",764605429,-5.825682539366485
B_cube,3,"1,21,30",1720723091,-5.949323366309872
B_cube,3,"0,10,16",509889769,-5.758722482203811
B_cube,3,"15,22,26",1807578892,-6.431609371058618
B_cube,3,"2,16,30",453077430,-6.076260300127385
B_cube,3,"7,13,28",2070213330,-5.8764341542969944
B_cube,3,"2,10,20",697498714,-6.152851461150825
B_cube,3,"2,20,24",923050470,-6.628160431700413
B_cube,3,"4,7,24",790840289,-6.6332730642278666
B_cube,3,"13,14,29",1672611199,-5.984356737907146
B_cube,3,"1,9,21",352692833,-5.837255223577581
B_cube,3,"3,5,7",367427301,-5.7170290222710936
B_cube,3,"12,24,29",23751266,-6.357290906871578
B_cube,3,"13,20,23",347585940,-5.828000640172585
B_cube,3,"4,11,15",1143371921,-6.583026792403146
B_cube,3,"15,16,20",1682489900,-6.053578717847008
B_cube,3,"5,9,22",1762085171,-5.741687244456599
B_cube,3,"11,18,26",54512961,-5.949551692998952
B_cube,3,"4,22,23",1948633913,-7.392735404548531
B_cube,3,"3,10,15",764851854,-5.787825869878208
B_cube,3,"12,18,28",508921241,-6.170740779934068
B_cube,3,"1,13,14",78003639,-5.7227992432161665
B_cube,3,"2,16,30",351790238,-6.07618616316237
B_cube,3,"7,18,22",753738162,-6.227924720721408
B_cube,3,"0,26,28",258705481,-5.7159207237172085
B_cube,3,"2,19,21",1712276671,-5.882511657797884
B_cube,3,"9,18,23",1465095886,-6.111149819956402
B_cube,3,"10,14,21",211685021,-5.993881016990657
B_cube,3,"1,20,26",1709958789,-6.254642524390598
B_cube,3,"8,14,26",939386765,-5.793199154439855
B_cube,3,"1,27,30",1567095581,-11.09884088545931
B_cube,3,"8,11,22",180597388,-5.748468064630873
B_cube,3,"10,18,21",1869926181,-5.916391698861023
B_cube,3,"6,13,19",572283875,-5.75199231059143
B_cube,3,"16,25,28",1890883545,-6.214010903667673
B_cube,3,"6,16,27",1606908088,-6.164200923449318
B_cube,3,"4,12,28",1930694178,-9.629715672837921
B_cube,3,"2,10,27",2124251368,-6.225129371774461
B_cube,3,"9,15,19",1181197224,-8.101525683784425
B_cube,3,"2,4,26",2040366245,-6.114003134623715
B_cube,3,"11,28,29",640238476,-6.382293943240109
B_cube,3,"9,17,30",114299146,-4.471931998058082
B_cube,3,"5,17,18",460292127,-5.713685174814706
B_cube,3,"15,24,25",288480643,-6.949435704619178
B_cube,3,"1,11,15",1840272063,-6.560804223918401
B_cube,3,"11,24,27",1894628289,-6.583939148764701
B_cube,3,"6,11,20",500769831,-6.7471821547314
B_cube,3,"10,13,21",805654714,-5.701550650572315
B_cube,3,"2,14,23",1620075410,-6.874195333829987
B_cube,3,"2,10,17",1450957035,-6.125790086650059
B_cube,3,"23,26,31",365557780,-6.412790225652131
B_cube,3,"10,26,30",1482776301,-6.2082180794292725
B_cube,3,"0,6,8",1646467665,-5.752180915569852
B_cube,3,"0,10,22",1530901013,-5.821078092178894
B_cube,3,"0,9,25",824791787,-5.694473461888858
B_cube,3,"5,19,20",751579503,-5.77714126372217
B_cube,3,"3,11,16",1946470654,-5.853344460186295
B_cube,3,"3,24,25",579932205,-6.098114533173673
B_cube,3,"5,21,29",1778488288,-5.728205941214217
B_cube,3,"15,23,30",401167877,-7.451983671271326
B_cube,3,"8,10,31",755339964,-5.800506591612658
B_cube,3,"5,14,29",2041244735,-5.908065337950677
B_cube,3,"5,11,21",1985370432,-5.696763019907798
B_cube,3,"0,7,23",190744676,-5.691519736660955
B_cube,3,"1,19,21",1185426402,-5.909594889833115
B_cube,3,"21,29,31",1590278848,-6.003222450946507
B_cube,3,"7,12,19",1092880829,-8.378761860269307
B_cube,3,"22,29,30",248578685,-6.745493055752842
B_cube,3,"23,25,26",1435368487,-6.437013479529091
B_cube,3,"0,12,13",444435330,-5.7098681048392255
B_cube,3,"12,16,25",904439416,-6.065202134761046
B_cube,3,"5,17,18",1049396465,-5.717262563413059
B_cube,3,"6,11,20",1686319819,-6.646373920444526
B_cube,3,"6,28,29",70962835,-6.609880043489977
B_cube,3,"1,8,27",1648297645,-5.802087594401416
B_cube,3,"19,28,30",367698918,-8.805885449302643
B_cube,3,"18,22,23",1277195262,-6.154735483864802
B_cube,3,"3,9,16",510530799,-5.875722581823018
B_cube,3,"15,24,28",331487971,-6.883313762342794
B_cube,3,"4,12,17",489969444,-10.977195385961314
B_cube,3,"12,14,27",1473559524,-11.022498042962221
B_cube,3,"4,25,30",2008267111,-11.439860490104339
B_cube,3,"9,24,28",1862094409,-6.907964378908711
B_cube,3,"6,23,27",828576105,-7.441039384616279
B_cube,3,"7,25,29",1018283172,-6.652354222174097
B_cube,3,"4,8,17",1475012376,-5.758258217706348
B_cube,3,"17,22,30",1970122930,-4.274328682836781
B_cube,3,"10,20,27",1432377095,-6.467841231537642
B_cube,3,"18,19,25",1201361807,-6.203715436024123
B_cube,3,"6,9,16",973026536,-5.980542413592363
B_cube,3,"9,10,25",393865885,-6.462782589863787
B_cube,3,"0,23,24",1592259779,-5.760381011053556
B_cube,3,"1,4,23",1808313877,-7.064271329850149
B_cube,3,"4,24,27",684992701,-6.9306248260233465
B_cube,3,"12,20,27",1926926994,-11.211953389201724
B_cube,3,"1,4,11",353657900,-6.380645214639079
B_cube,3,"2,3,10",1152880564,-5.716403402502507
B_cube,3,"13,21,28",1148775946,-5.805481323330906
B_cube,3,"1,10,24",2025491907,-6.0487610557032125
B_cube,3,"6,16,28",280786086,-6.135081925509863
B_cube,3,"8,16,24",498627767,-5.910817830396258
B_cube,3,"5,6,30",1323253902,-5.819504293658718
B_cube,3,"2,19,26",1647140489,-6.249840848528441
B_cube,3,"13,17,22",595201353,-5.8645291167176286
B_cube,3,"0,8,9",1405800861,-5.745776637300493
B_cube,3,"6,26,31",1681139198,-6.269715890621502
B_cube,3,"15,17,22",57130689,-8.992260886192417
B_cube,3,"1,24,29",614822914,-6.359002507782567
B_cube,3,"1,5,20",2033875109,-5.770052398113966
B_cube,3,"20,21,25",210356947,-6.169370346800181
B_cube,3,"1,4,21",821081216,-5.824623283015022
B_cube,3,"6,18,31",1087020764,-6.096391152267437
B_cube,3,"16,18,22",24302481,-5.936748706565382
B_cube,3,"4,8,11",986391367,-5.693557651780243
B_cube,3,"4,15,21",400664040,-5.901257275546963
B_cube,3,"0,23,28",1937450687,-5.7618531544216856
B_cube,3,"2,4,30",299040945,-7.416751175824319
B_cube,3,"17,27,28",121067453,-9.864759871943004
B_cube,3,"3,10,22",573962776,-5.834555600046543
B_cube,3,"9,17,25",169564278,-4.174449708626175
B_cube,3,"16,27,30",1928183549,-6.228736222360867
B_cube,3,"16,22,23",1193791662,-6.083211321398503
B_cube,3,"3,14,20",1175389475,-6.09782046753225
B_cube,3,"7,17,28",517479487,-9.885361535177303
B_cube,3,"1,4,24",1255477109,-6.6128780307866375
B_cube,3,"12,23,24",254911263,-6.647902184976655
B_cube,3,"7,13,28",1362528917,-5.80173654742972
B_cube,3,"6,12,28",1627464140,-9.763879074490113
B_cube,3,"1,6,16",448268737,-5.852940736104133
B_cube,3,"12,17,18",1609124926,-6.181377475233674
B_cube,3,"15,23,25",1233108738,-7.431027185300285
B_cube,3,"5,17,29",842778892,-5.838185960892116
B_cube,3,"7,12,27",1319029495,-11.035248075324679
B_cube,3,"7,8,22",73255536,-5.871253233488771
B_cube,3,"2,12,15",1318917998,-7.118728322658612
B_cube,3,"0,4,14",434344923,-5.700314468410942
B_cube,3,"13,19,25",2072191015,-5.825334802432872
B_cube,3,"8,11,15",1192689576,-5.765591759789912
B_cube,3,"12,17,29",1155472291,-6.593287697874699
B_cube,3,"17,29,31",996948530,-6.516658427678054
B_cube,3,"0,13,28",29667972,-5.695116569458434
B_cube,3,"5,13,28",645590794,-5.699075941754111
B_cube,3,"0,16,30",145165465,-5.692473963268634
B_cube,3,"21,22,23",1792867180,-6.104579496738926
B_cube,3,"1,18,23",1269807114,-6.051683577516155
B_cube,3,"17,24,29",1280690474,-6.429391245193006
B_cube,3,"14,28,30",749368409,-10.091044144639731
B_cube,3,"10,19,28",534146955,-6.511176757575073
B_cube,3,"15,21,27",969275013,-6.087861070023422
B_cube,3,"19,20,31",1778884842,-7.200229610505358
B_cube,3,"8,17,18",1200537614,-5.793306787533624
B_cube,3,"9,13,31",1472677468,-5.876058170817523
B_cube,3,"2,3,11",881307181,-5.877053378448114
B_cube,3,"4,10,19",1251829907,-6.206700139215816
B_cube,3,"7,29,31",1466104000,-6.468287722542814
B_cube,3,"23,24,26",1224082595,-6.208739038953169
B_cube,3,"0,1,4",28216904,-5.74243417745542
B_cube,3,"3,4,28",772108672,-6.11396130516501
B_cube,3,"0,21,30",375780493,-5.710904275706993
B_cube,3,"15,16,17",1945594890,-6.024011705736707
B_cube,3,"0,3,10",1840118595,-5.798267194705952
B_cube,3,"25,30,31",1392395169,-7.370150898917106
B_cube,3,"15,22,26",1365756725,-6.414750659601359
B_cube,3,"10,19,25",927313293,-6.442580093105229
B_cube,3,"4,14,26",564084576,-6.17408250463902
B_cube,3,"2,17,28",726438895,-7.5172697151070365
B_cube,3,"5,14,18",1251234301,-5.779291368669839
B_cube,3,"2,18,21",1675401698,-5.84920088432837
B_cube,3,"6,22,29",1510616080,-6.627769688533519
B_cube,3,"16,18,24",152139634,-5.925178018184242
B_cube,3,"21,27,31",50859198,-6.156287102870585
B_cube,3,"8,12,16",1211087722,-5.82239452790835
B_cube,3,"2,11,27",618243888,-6.5927482981562795
B_cube,3,"0,13,26",1766192428,-5.749816534759152
B_cube,3,"8,10,15",1476121300,-5.754564582809614
B_cube,3,"6,15,27",936546717,-8.890811964886563
B_cube,3,"1,10,23",1989155878,-6.2163981800314465
B_cube,3,"6,13,29",2050655556,-5.768688648389301
B_cube,3,"12,27,29",788665684,-6.71060542188312
B_cube,3,"18,22,24",1246544060,-6.144563868487382
B_cube,3,"10,13,31",257879514,-5.760690064144982
B_cube,3,"8,13,24",491982368,-5.69926560868669
B_cube,3,"17,20,21",1955220968,-6.09556397122567
B_cube,3,"15,17,26",1877000040,-6.282251662557946
B_cube,3,"8,10,28",1719407506,-5.809441988300136
B_cube,3,"8,14,23",1204882767,-5.754748740403332
B_cube,3,"13,24,30",1038199379,-5.8200704984591285
B_cube,3,"0,6,14",95966542,-5.697638964476225
B_cube,3,"4,14,18",711684717,-6.077476917167805
B_cube,3,"9,15,20",1454101984,-8.82917708983216
B_cube,3,"0,19,24",673656716,-5.768482726324331
B_cube,3,"7,18,27",52704553,-6.125343397650841
B_cube,3,"6,9,16",691351258,-6.038938054612625
B_cube,3,"17,24,25",1050306477,-6.9221181163028405
B_cube,3,"0,1,12",297265232,-5.70302768936083
B_cube,3,"2,5,19",1794088834,-5.707647476389608
B_cube,3,"1,2,28",2124199926,-7.323151149069581
B_cube,3,"3,20,30",2133842619,-6.12872780586686
B_cube,3,"15,22,26",988793910,-6.427406532794187
B_cube,3,"8,23,25",1015472748,-5.796166299827826
B_cube,3,"1,20,22",767944379,-4.439152255357489
B_cube,3,"14,15,16",1826443027,-6.181091787448635
B_cube,3,"4,5,7",1213879213,-5.691436143786992
B_cube,3,"12,19,24",923167636,-6.75722356829975
B_cube,3,"5,21,28",922090983,-5.91613277265406
B_cube,3,"5,25,27",156469045,-5.863811998623721
B_cube,3,"4,7,8",699310250,-5.698298079084988
B_cube,3,"19,20,24",1316642316,-6.9317510133067435
B_cube,3,"10,15,24",1215232611,-6.263614265686175
B_cube,3,"1,29,30",2114868876,-6.584819060552749
B_cube,3,"11,24,27",1258938533,-6.574861041299173
B_cube,3,"15,18,29",1801966749,-6.065945542660129
B_cube,3,"4,5,31",1961697535,-5.744604554372153
B_cube,3,"5,7,13",383448174,-5.720236888881055
B_cube,3,"3,15,30",1434080600,-6.072060358588739
B_cube,3,"7,9,10",1179889425,-6.1561387728871475
B_cube,3,"17,21,23",946525207,-6.004322800534127
B_cube,3,"6,7,13",1658357240,-5.784637196094234
B_cube,3,"6,18,25",569211734,-6.103339694724829
B_cube,3,"1,3,5",1367841128,-5.706383260003411
B_cube,3,"0,4,14",346513640,-5.696815509214383
B_cube,3,"4,6,13",703641760,-5.7590942350490035
B_cube,3,"8,13,24",43203465,-5.763761987231882
B_cube,3,"16,26,28",1741638654,-5.9662968396925224
B_cube,3,"1,17,27",1022838210,-11.028139175164375
B_cube,3,"0,12,24",1798908368,-5.8861109326001975
B_cube,3,"3,5,27",400028144,-5.764498512511745
B_cube,3,"12,25,28",1521084391,-9.837001697388926
B_cube,3,"13,17,19",1749417834,-5.81465957137837
B_cube,3,"3,11,29",655078746,-5.858728483474429
B_cube,3,"4,15,16",492080774,-6.025601058448965
B_cube,3,"15,21,25",1975552246,-6.030167297306047
B_cube,3,"15,16,30",226390134,-6.126052476249625
B_cube,3,"9,17,29",390575100,-6.576453932839802
B_cube,3,"0,7,12",615744169,-5.697949456296008
B_cube,3,"0,18,28",409987445,-5.695259278646462
B_cube,3,"16,23,28",1048435314,-6.210074624232206
B_cube,3,"1,17,26",1714467763,-6.1717990687583075
B_cube,3,"12,19,25",656513867,-8.727109651023593
B_cube,3,"1,2,13",694949038,-5.695255229805032
B_cube,3,"5,6,11",357936771,-5.695200321152258
B_cube,3,"2,11,16",558180388,-5.884057024017379
B_cube,3,"1,16,29",593558254,-5.92228030425742
B_cube,3,"4,24,27",1645084062,-6.975426231827811
B_cube,3,"17,19,30",1120360382,-8.774363482545615
B_cube,3,"10,30,31",392400291,-6.44270863377602
B_cube,3,"4,12,18",1412495328,-5.9946008007134814
B_cube,3,"1,4,26",283558867,-6.189804982450352
B_cube,3,"14,25,31",853438234,-7.162648446053432
B_cube,3,"0,22,25",42773768,-5.710127792077291
B_cube,3,"13,24,25",242986647,-5.836917043809666
B_cube,3,"2,26,27",2114002897,-6.342643515497688
B_cube,3,"0,21,28",1177255620,-5.696676241526293
B_cube,3,"2,27,30",2003643485,-7.734243644859712
B_cube,3,"12,25,27",783462372,-11.378187691605033
B_cube,3,"1,10,23",593157531,-6.172500471891383
B_cube,3,"11,28,31",572798185,-6.738137516303358
B_cube,3,"9,21,28",1910754061,-6.011668117809867
B_cube,3,"15,24,28",297865307,-7.0584068513459135
B_cube,3,"4,14,21",140716293,-5.889566773789303
B_cube,3,"15,19,28",530827574,-8.297220739588296
B_cube,3,"9,20,31",1615375708,-7.134781350916578
B_cube,3,"20,26,31",71920676,-6.270206075837996
B_cube,3,"5,11,19",1503258001,-5.723508955269452
B_cube,3,"2,3,16",321317666,-5.769419305867302
B_cube,3,"11,15,19",710435905,-6.763712599084214
B_cube,3,"11,15,23",1008276018,-6.570012118707001
B_cube,3,"6,11,31",1291242907,-6.521649251947056
B_cube,3,"2,5,21",2090934766,-5.692341886914535
B_cube,3,"7,13,19",976231870,-5.8165274664033255
B_cube,3,"8,10,17",1539318546,-5.711380206673078
B_cube,3,"23,25,28",1331010528,-7.683000415684415
B_cube,3,"18,23,25",525428800,-6.198745259493738
B_cube,3,"2,12,31",1111272743,-6.750223628743785
B_cube,3,"5,18,29",2127519828,-5.73420101411496
B_cube,3,"3,6,9",1692559224,-5.805768120480924
B_cube,3,"8,17,25",1875180114,-5.794957978199295
B_cube,3,"9,18,23",1434426611,-6.181492624568376
B_cube,3,"5,15,25",497281072,-5.783620594209956
B_cube,3,"0,8,27",1930646947,-5.698727456681457
B_cube,3,"9,12,15",700575795,-8.72535371997071
B_cube,3,"13,14,24",976243007,-5.774304482139954
B_cube,3,"0,2,8",1077513882,-5.914152189942461
B_cube,3,"5,8,12",2078374719,-5.765323944417068
B_cube,3,"10,13,27",1729217293,-5.811570461724159
B_cube,3,"9,16,19",1945422757,-6.0649019612751935
B_cube,3,"3,20,26",98074631,-5.8967320434367565
B_cube,3,"8,13,23",1175005719,-5.75613491902738
B_cube,3,"5,10,29",493894383,-5.791493886502683
B_cube,3,"8,10,26",429912365,-5.70825935404308
B_cube,3,"0,9,12",1411671766,-5.69404139599078
B_cube,3,"7,16,29",792788792,-6.01788373169163
B_cube,3,"10,18,26",578364690,-5.891027226170853
B_cube,3,"1,26,31",1591904688,-6.203045711672879
B_cube,3,"9,10,26",1409192630,-6.012996541601713
B_cube,3,"6,11,23",97830390,-6.668742647251865
B_cube,3,"3,4,16",652605701,-5.893229505484593
B_cube,3,"16,24,31",135610671,-6.127672105367875
B_cube,3,"7,22,24",495789002,-6.746730765035335
B_cube,3,"2,5,29",1170224638,-5.778250256172121
B_cube,3,"14,17,23",1915395523,-7.417435031739095
B_cube,3,"19,25,26",1221798296,-6.3886375825161705
B_cube,3,"6,7,11",280125794,-6.512962824377032
B_cube,3,"4,14,20",787588950,-11.161373201479162
B_cube,3,"9,16,23",149037943,-6.013260890566205
B_cube,3,"6,8,14",30783529,-5.76215139856999
B_cube,3,"4,10,23",1398929832,-6.314025302662598
B_cube,3,"5,12,21",1188139483,-5.718274284952039
B_cube,3,"2,19,24",1649649817,-6.538290341970177
B_cube,3,"12,16,26",2064691257,-5.904836438169331
B_cube,3,"14,23,24",2143320023,-6.6805738258126475
B_cube,3,"11,16,19",2129714980,-6.025477402763032
B_cube,3,"11,19,30",1630666728,-6.944162747749695
B_cube,3,"17,29,31",546767209,-6.493666795915383
B_cube,3,"1,23,27",1543444742,-7.409926752149187
B_cube,3,"6,26,30",558991567,-6.333511920666467
B_cube,3,"2,12,22",497140402,-7.402448372038548
B_cube,3,"6,25,30",513498397,-4.623231323078752
B_cube,3,"2,12,31",483730496,-6.907965639003099
B_cube,3,"5,25,26",618423895,-5.767406867313199
B_cube,3,"7,9,30",702479359,-4.062517168491328
B_cube,3,"2,7,12",648003622,-7.070053228357888
B_cube,3,"4,19,26",1235086784,-6.226847711410322
B_cube,3,"13,22,26",346963467,-5.840860756179542
B_cube,3,"15,19,28",602555701,-8.23767150673629
B_cube,3,"1,19,27",1802713028,-8.608105693052554
B_cube,3,"6,9,31",450317000,-6.950448784223359
B_cube,3,"7,10,21",771395106,-5.878739541527867
B_cube,3,"27,28,29",1253286020,-6.841710915771222
B_cube,3,"8,28,29",18486672,-5.788145656911879
B_cube,3,"10,12,13",1532564390,-5.717166018026759
B_cube,3,"3,13,14",215575189,-5.755418523200095
B_cube,3,"15,22,23",1410280912,-7.507690632947827
B_cube,3,"4,17,25",310067885,-11.258221042233316
B_cube,3,"15,27,29",470495719,-6.728629474459039
B_cube,3,"15,20,26",1410361115,-6.519055750427358
B_cube,3,"2,3,10",985615306,-5.77349615615946
B_cube,3,"12,19,31",441414962,-7.124867261408415
B_cube,3,"5,16,25",528243644,-5.772755886259425
B_cube,3,"0,17,24",725573137,-5.697784255866097
B_cube,3,"9,22,28",1221718778,-9.88053950152374
B_cube,3,"8,20,21",208872077,-5.713995306433124
B_cube,3,"3,7,14",80753443,-5.925803852423826
B_cube,3,"13,19,28",326700095,-5.844352176555047
B_cube,3,"4,7,24",1767992692,-6.599884949787154
B_cube,3,"4,7,10",1009235576,-6.029316436035616
B_cube,3,"3,6,30",1070924454,-6.0150500837029375
B_cube,3,"21,23,30",32070174,-6.063009737623855
B_cube,3,"8,16,29",391783047,-5.716573551410206
B_cube,3,"15,21,23",965877958,-6.041502798427858
B_cube,3,"7,23,27",689399402,-7.460850035544293
B_cube,3,"4,6,20",2071074783,-10.875634481074039
B_cube,3,"3,17,19",822767528,-5.977810297952676
B_cube,3,"9,16,31",1749878127,-6.001176579728714
B_cube,3,"4,9,24",931134970,-6.590487481867481
B_cube,3,"6,7,10",2029678052,-6.038697727312137
B_cube,3,"11,14,22",1706979782,-6.931188112296447
B_cube,3,"1,11,25",972796616,-6.742092764797969
B_cube,3,"2,9,19",1814766249,-7.175934067651586
B_cube,3,"4,28,30",765510938,-9.928032622644626
B_cube,3,"10,11,13",278954350,-5.792681260927057
B_cube,3,"4,18,22",1577432687,-6.06511991003914
B_cube,3,"2,8,15",1613767645,-5.876532403789911
B_cube,3,"15,18,31",612960547,-6.190461093733529
B_cube,3,"1,11,17",1026217750,-6.66278854010251
B_cube,3,"3,7,17",1275159245,-5.890556937310654
B_cube,3,"2,16,28",1032012752,-6.033501739605084
B_cube,3,"3,16,23",1288641160,-5.792347760316058
B_cube,3,"17,29,30",2123033627,-6.698023028115812
B_cube,3,"3,17,25",963198294,-6.066007824433665
B_cube,3,"1,13,17",1881867123,-5.783905976765785
B_cube,3,"12,15,25",2039303265,-8.972513786043356
B_cube,3,"4,6,21",2401827,-5.847780664948049
B_cube,3,"1,9,27",1973666708,-10.79485408012729
B_cube,3,"15,25,30",1037038024,-9.203330111915742
B_cube,3,"9,27,30",169464067,-11.178595124183197
B_cube,3,"4,15,23",2134076866,-7.138374612939267
B_cube,3,"0,2,26",473621141,-5.743326100157865
B_cube,3,"6,8,29",2048326270,-5.723540690507361
B_cube,3,"14,16,17",925349605,-6.017485666278371
B_cube,3,"6,23,28",1296685663,-7.480279184051846
B_cube,3,"17,22,24",2136375936,-6.9520486147492155
B_cube,3,"6,10,22",1570970066,-6.32287782289234
B_cube,3,"2,3,24",164578796,-5.8681957305595995
B_cube,3,"3,16,23",425644717,-5.852485121957596
B_cube,3,"0,2,8",622230993,-5.823653837749795
B_cube,3,"16,30,31",1558003232,-6.188617575429342
B_cube,3,"2,10,12",1151260633,-6.141292241370631
B_cube,3,"9,11,14",1294206420,-6.65112319775616
B_cube,3,"19,25,31",1626148852,-7.207690326517065
B_cube,3,"12,13,25",344499773,-5.878726311937207
B_cube,3,"9,21,30",1677556464,-6.027956212909792
B_cube,3,"3,16,25",2107336106,-5.795770586661054
B_cube,3,"14,22,27",693464863,-11.241915589014155
B_cube,3,"11,21,24",1554869941,-5.957327306437233
B_cube,3,"13,24,27",331668295,-5.888682923163625
B_cube,3,"11,16,29",1279682146,-5.891249661252843
B_cube,3,"1,3,14",1688339646,-5.819711966959617
B_cube,3,"19,21,24",840475767,-5.9791649152465975
B_cube,3,"5,9,13",428302076,-5.694016217374555
B_cube,3,"0,30,31",1769540534,-5.741766024544928
B_cube,3,"12,24,31",1919354215,-6.626462844885473
B_cube,3,"21,22,27",1169613114,-6.152579003903179
B_cube,3,"10,21,29",458235346,-5.828496725806864
B_cube,3,"10,18,26",1329902323,-5.851249913083716
B_cube,3,"14,15,27",1902538488,-8.967388917527284
B_cube,3,"1,8,17",1087435139,-5.829541253721269
B_cube,3,"14,23,26",1936425308,-6.382532134451931
B_cube,3,"1,10,16",461825021,-5.7996535357856684
B_cube,3,"4,17,28",2110913148,-9.641775416851788
B_cube,3,"6,16,29",332082542,-6.0190623952329325
B_cube,3,"21,24,27",1618672878,-6.022597572128748
B_cube,3,"27,29,30",1824991032,-6.7868065126412995
B_cube,3,"3,22,30",709330296,-6.171697498989313
B_cube,3,"13,14,18",287668239,-5.733201527970106
B_cube,3,"23,27,29",1705712271,-6.657389409893585
B_cube,3,"17,28,30",124247182,-10.09706539766039
B_cube,3,"7,8,29",1231674252,-5.866494328319551
B_cube,3,"9,18,21",769543261,-5.808254927994428
B_cube,3,"9,17,24",1720922449,-6.803148274814387
B_cube,3,"8,14,20",1166900533,-5.807679994804174
B_cube,3,"15,20,23",2034013656,-7.368802696794735
B_cube,3,"0,6,20",870081742,-5.690366814154187
B_cube,3,"1,9,31",730901618,-6.95198580823052
B_cube,3,"11,15,20",156986413,-6.905707671481663
B_cube,3,"18,19,27",404380836,-6.236713223555009
B_cube,3,"0,11,22",1494476083,-5.7565628265938384
B_cube,3,"12,16,30",823803871,-6.235249583580007
B_cube,3,"7,24,27",1622523696,-6.875162511344146
B_cube,3,"14,17,26",1480599594,-6.313316604298771
B_cube,3,"0,2,21",1338975533,-5.765084349540249
B_cube,3,"16,19,26",314799602,-6.057059144834913
B_cube,3,"19,22,31",930948633,-7.215904578728406
B_cube,3,"0,20,24",1001376694,-5.710898678321569
B_cube,3,"11,23,24",1509751407,-6.322991757024898
B_cube,3,"1,5,31",523709815,-5.746654004323838
B_cube,3,"10,13,19",581174964,-5.876353047681138
B_cube,3,"1,11,19",434752166,-6.5307346617654645
B_cube,3,"12,18,25",890367525,-6.162144950086959
B_cube,3,"4,9,10",2068468601,-6.176308446073555
B_cube,3,"0,1,13",2137637241,-5.731655940626762
B_cube,3,"3,9,26",260644360,-5.846976970514143
B_cube,3,"1,13,14",1340339332,-5.720151447310294
B_cube,3,"2,4,25",1476763069,-7.383975553083204
B_cube,3,"11,16,19",2099926964,-6.058126743686534
B_cube,3,"4,22,27",1853123783,-10.498072446849198
B_cube,3,"12,13,16",2016873014,-5.732696306853908
B_cube,3,"3,6,19",435887772,-5.947702731970356
B_cube,3,"7,8,20",201446257,-5.72748555180104
B_cube,3,"7,23,25",196731020,-7.424223809949338
B_cube,3,"9,10,26",784507236,-5.967026467085195
B_cube,3,"13,14,20",1384210333,-5.778095556452251
B_cube,3,"9,26,29",907322314,-6.130426600773513
B_cube,3,"16,25,28",774041701,-6.2110562837772605
B_cube,3,"17,21,31",699009319,-6.122880558794447
B_cube,3,"4,21,27",1734128293,-6.066909671421641
B_cube,3,"4,17,23",268590670,-7.454528234888171
B_cube,3,"0,3,23",126450910,-5.694076205426867
B_cube,3,"0,17,31",2002207546,-5.783580713496046
B_cube,3,"1,10,14",444429095,-6.1081743215546815
B_cube,3,"2,22,29",1131631730,-6.466473271587848
B_cube,3,"3,12,25",1665569310,-5.980164509543928
B_cube,3,"4,9,22",1489473755,-10.989345776362818
B_cube,3,"10,23,28",124681547,-6.4837481302898725
B_cube,3,"0,3,21",2010820277,-5.8356005808209765
B_cube,3,"5,14,19",1585374449,-5.870376425613493
B_cube,3,"2,14,30",1049828492,-7.611171617954664
B_cube,3,"8,13,20",1373829569,-5.694085698529816
B_cube,3,"6,11,23",164796716,-6.545225837026892
B_cube,3,"3,8,30",137066886,-5.776139633506494
B_cube,3,"0,2,8",385516917,-5.774072055474237
B_cube,3,"3,24,31",626509338,-6.046151579572236
B_cube,3,"1,17,19",1547774134,-8.431765755100097
B_cube,3,"7,10,21",1841615599,-5.7983953688525744
B_cube,3,"8,15,30",1913638365,-5.843281000204006
B_cube,3,"19,25,29",1522157742,-6.729039136734254
B_cube,3,"3,4,21",1335262937,-5.72855201066251
B_cube,3,"1,3,6",1141212131,-5.74404377890409
B_cube,3,"4,24,29",1608141777,-6.325583707196171
B_cube,3,"1,5,8",224761462,-5.8466970660894235
B_cube,3,"8,15,22",1695798860,-5.940662854638194
B_cube,3,"8,13,16",607904062,-5.693443867600289
B_cube,3,"7,13,27",1055133846,-5.801938216519389
B_cube,3,"5,9,16",1792870497,-5.693951626326196
B_cube,3,"7,27,30",533193305,-11.202088499949797
B_cube,3,"0,4,22",713037596,-5.690385347973513
B_cube,3,"6,8,27",1483433857,-5.820342750844083
B_cube,3,"13,16,28",866643524,-5.760487345261393
B_cube,3,"0,8,20",753677179,-5.704747215222202
B_cube,3,"7,23,28",1750435953,-7.437553060382384
B_cube,3,"17,24,28",2032014358,-6.971999155933464
B_cube,3,"11,12,15",526195872,-6.670877851949055
B_cube,3,"0,15,29",1532659835,-5.7718891227173375
B_cube,3,"3,16,27",832735881,-5.817064933057759
B_cube,3,"8,22,25",1985927521,-5.78799195556123
B_cube,3,"11,12,31",664844973,-6.551478276827363
B_cube,3,"7,16,26",897596970,-6.021378885739996
B_cube,3,"10,20,27",1461645125,-6.6121437954908755
B_cube,3,"15,16,24",186025193,-5.986997516705393
B_cube,3,"10,15,31",832793059,-6.237101650950867
B_cube,3,"10,26,31",1986443941,-6.112898747732175
B_cube,3,"7,14,19",817172040,-8.376144284133016
B_cube,3,"4,5,9",2024219446,-5.692439475332561
B_cube,3,"0,21,31",443262096,-5.697520351372816
B_cube,3,"9,15,31",403195009,-7.088123684482534
B_cube,3,"11,18,30",876650216,-6.113087214654983
B_cube,3,"3,10,27",90649707,-5.977298126955582
B_cube,3,"5,27,30",587819462,-5.857612191006209
B_cube,3,"1,16,22",1287236201,-5.992729429190203
B_cube,3,"9,26,28",1769650821,-6.448758747816557
B_cube,3,"3,24,28",2089263476,-6.097729570871862
B_cube,3,"2,13,14",1531273941,-5.718457413537941
B_cube,3,"0,14,16",1341832507,-5.692150929366297
B_cube,3,"3,28,31",195788475,-6.220057942631248
B_cube,3,"0,5,25",187063757,-5.7626466809015
B_cube,3,"9,24,28",2008667871,-6.890330935645671
B_cube,3,"1,2,3",1803960596,-5.711274894344076
B_cube,3,"26,29,31",204955460,-6.2968713256352915
B_cube,3,"4,27,31",614100736,-7.182719089760338
B_cube,3,"1,21,28",228303836,-6.041339247643884
B_cube,3,"0,2,29",1706857708,-5.758463628050102
B_cube,3,"2,15,30",1615349250,-7.443123107977325
B_cube,3,"6,14,26",685138400,-6.190466141877818
B_cube,3,"0,17,18",720481265,-5.76114416005341
B_cube,3,"17,22,29",881651445,-6.601757393948187
B_cube,3,"11,16,21",105922648,-5.765925428197559
B_cube,3,"3,20,31",1962389915,-6.027106635657314
B_cube,3,"8,10,22",1888385150,-5.714967028209539
B_cube,3,"5,10,29",930182608,-5.793403105598153
B_cube,3,"13,16,28",831121261,-5.896767675075379
B_cube,3,"2,4,24",1278859678,-6.359248521888619
B_cube,3,"2,4,31",2043651595,-6.751962055316298
B_cube,3,"1,8,31",609998552,-5.8026205862393505
B_cube,3,"7,19,31",1558748320,-7.022578099234886
B_cube,3,"7,14,30",1547617066,-4.194243896769072
B_cube,3,"7,9,11",583776962,-6.501069586129406
B_cube,3,"12,18,22",1531020829,-6.102565012429039
B_cube,3,"8,10,17",691980578,-5.799080940974299
B_cube,3,"5,17,31",2028999688,-5.799319066315702
B_cube,3,"10,14,28",1532331318,-6.431453152847644
B_cube,3,"11,23,25",865357903,-6.755862501695149
B_cube,3,"4,17,25",1468855647,-11.129932654610839
B_cube,3,"19,21,25",1198170870,-6.082036463788571
B_cube,3,"6,13,23",1962351567,-5.943578621466321
B_cube,3,"4,5,29",88351047,-5.74293698468151
B_cube,3,"10,11,12",1806771955,-6.039946680696554
B_cube,3,"3,16,22",713420089,-5.807545678008438
B_cube,3,"2,6,17",1916875553,-7.164628732212478
B_cube,3,"5,10,15",590728964,-5.753835127797735
B_cube,3,"4,27,29",389288897,-6.553704493582961
B_cube,3,"2,23,28",1321081213,-7.023449012000476
B_cube,3,"18,21,30",355840100,-5.966740461514232
B_cube,3,"15,23,30",1764935563,-7.470114960153368
B_cube,3,"6,14,28",1352650672,-9.855789891134101
B_cube,3,"2,24,27",1411475747,-6.682387655582432
B_cube,3,"1,9,27",1896997274,-10.780490685508623
B_cube,3,"29,30,31",1826972300,-6.663796075521244
B_cube,3,"1,19,22",851143374,-8.461914360293447
B_cube,3,"10,13,23",749687688,-5.84114141570852
B_cube,3,"10,26,31",2054093702,-6.1031188203881825
B_cube,3,"17,26,27",1759303342,-6.40564516954827
B_cube,3,"4,7,25",1072011411,-11.114987001308387
B_cube,3,"10,15,30",1676410699,-6.463796397593002
B_cube,3,"2,13,22",485991427,-5.806146518077107
B_cube,3,"0,7,15",1310450821,-5.692596332325839
B_cube,3,"7,13,18",1679394863,-5.713393234206988
B_cube,3,"3,15,22",834584059,-6.003683153213457
B_cube,3,"3,9,16",465939204,-5.738001168488713
B_cube,3,"14,19,26",942576066,-6.299524117512711
B_cube,3,"0,17,24",1933607256,-5.762455462412132
B_cube,3,"2,12,23",578474933,-6.882307896283837
B_cube,3,"7,24,28",289129425,-6.866603541296103
B_cube,3,"9,12,31",958796202,-7.038957171482147
B_cube,3,"1,19,22",1041392787,-8.496954310408533
B_cube,3,"11,18,26",1522162028,-5.874062135112234
B_cube,3,"8,24,26",1498418459,-5.804471767677117
B_cube,3,"8,15,31",1363359361,-5.81785456032962
B_cube,3,"1,22,30",1205280638,-4.1395430219373575
B_cube,3,"7,23,31",2002716585,-6.813423844049281
B_cube,3,"5,15,23",963032857,-5.7599625244176025
B_cube,3,"3,12,28",1587338449,-6.024535914547709
B_cube,3,"25,27,29",1526612328,-6.783789698025154
B_cube,3,"5,6,20",1346139572,-5.789404154081806
B_cube,3,"3,14,18",1933928138,-5.7694214556646495
B_cube,3,"14,16,18",1601473916,-5.863748657022884
B_cube,3,"4,17,29",419585713,-6.494293683628555
B_cube,3,"2,16,19",412341042,-6.037827578333504
B_cube,3,"13,24,28",2119352026,-5.9294141473788455
B_cube,3,"6,7,29",1222129354,-6.349590760303935
B_cube,3,"2,10,30",1453660142,-6.272361211120689
B_cube,3,"7,13,30",1563347856,-5.804909072984864
B_cube,3,"1,11,27",195355249,-6.772252205404201
B_cube,3,"15,18,21",109594551,-5.8303685727429775
B_cube,3,"9,15,24",884419662,-6.750803347690212
B_cube,3,"7,8,31",1232882019,-5.935906488495379
B_cube,3,"5,10,28",695467535,-5.802101211872732
B_cube,3,"8,15,29",1256661332,-5.827579462434981
B_cube,3,"8,11,22",1961643871,-5.7329809489676204
B_cube,3,"3,21,22",1699491885,-5.790706146379502
B_cube,3,"13,22,29",1584909676,-5.834275577161134
B_cube,3,"16,24,25",336183618,-6.1499562066727735
B_cube,3,"20,21,31",674078717,-6.1567999124025805
B_cube,3,"8,12,16",1732464656,-5.6973054494998765
B_cube,3,"10,20,29",1794552873,-6.137663410886476
B_cube,3,"3,4,7",2121099299,-5.775656650036232
B_cube,3,"0,7,27",1254545320,-5.948300453018705
B_cube,3,"5,15,31",1529081618,-5.787317058130317
B_cube,3,"5,19,25",912744325,-5.800016449986161
B_cube,3,"1,20,24",1196534724,-6.836367968613234
B_cube,3,"2,14,28",1352932389,-7.510343367662909
B_cube,3,"3,16,20",844688500,-5.860518884470789
B_cube,3,"11,19,31",2010431045,-6.5970901118004575
B_cube,3,"18,21,25",584874400,-6.025113616814947
B_cube,3,"0,21,29",831516613,-5.696405924239055
B_cube,3,"2,19,29",972829284,-6.358714767619536
B_cube,3,"2,7,16",232612304,-5.940144826590533
B_cube,3,"0,20,22",586811870,-5.756125382356458
B_cube,3,"7,11,13",1697338847,-5.730312999992477
B_cube,3,"16,21,28",1159660793,-5.92821555337193
B_cube,3,"0,19,25",264000681,-5.716272970748085
B_cube,3,"25,26,31",1998080883,-6.3839066070906565
B_cube,3,"5,18,22",97520937,-5.786351502308947
B_cube,3,"2,15,25",1445293981,-7.4459477368813705
B_cube,3,"11,20,25",1003709298,-7.025747013652543
B_cube,3,"15,19,30",431634113,-8.396075235519993
B_cube,3,"1,15,16",1115135777,-6.095866631605325
B_cube,3,"6,21,23",380826320,-5.942573654262007
B_cube,3,"1,5,12",471077294,-5.694900914701875
B_cube,3,"7,9,27",1980026117,-10.942328725408544
B_cube,3,"17,20,25",1143204214,-4.364965797234486
B_cube,3,"6,12,16",381636733,-5.906169133529221
B_cube,3,"18,26,30",771628326,-6.162035381776978
B_cube,3,"1,5,24",1490337669,-5.724016415174681
B_cube,3,"12,26,29",1869190578,-6.142069522738912
B_cube,3,"4,12,30",568212256,-11.221655914270562
B_cube,3,"14,16,27",1379905762,-6.085384844297348
B_cube,3,"1,15,29",631993456,-6.57013233176693
B_cube,3,"1,10,31",1711951131,-6.198717064146738
B_cube,3,"13,17,21",1696156998,-5.8222842824249295
B_cube,3,"8,9,11",834731998,-5.795488365432215
B_cube,3,"0,18,27",1490764520,-5.766499325831965
B_cube,3,"6,10,18",567581466,-5.836910645538271
B_cube,3,"7,17,22",1365312645,-4.604279335911476
B_cube,3,"3,21,31",604699391,-5.858067951356112
B_cube,3,"10,15,17",1707736872,-6.270826025229497
B_cube,3,"0,4,20",661528781,-5.690692602597403
B_cube,3,"2,9,19",2063958689,-7.138332430581378
B_cube,3,"17,25,29",1164823789,-6.7310961921981285
B_cube,3,"5,20,28",840384545,-5.805384544229563
B_cube,3,"7,17,24",2033084098,-6.768812718860199
B_cube,3,"1,6,25",10203305,-4.231315661243887
B_cube,3,"15,28,31",123275755,-7.175159625870368
B_cube,3,"15,21,29",1910931692,-5.938550798896074
B_cube,3,"9,17,22",1898993320,-4.107378480640371
B_cube,3,"8,9,19",1800779156,-5.724713894155653
B_cube,3,"15,21,26",2053072537,-5.931563026451899
B_cube,3,"4,7,17",47113893,-10.784040753475374
B_cube,3,"2,20,27",743159821,-7.656469103140293
B_cube,3,"1,20,30",1440232731,-4.286831111971661
B_cube,3,"12,18,22",1272060173,-6.110057797577399
B_cube,3,"3,18,24",354504277,-5.875595154794523
B_cube,3,"8,12,19",329475563,-5.744336171410638
B_cube,3,"5,12,23",416339144,-5.748650393688489
B_cube,3,"0,6,22",853485546,-5.810100563865587
B_cube,3,"20,21,31",1100131965,-6.037229348885273
B_cube,3,"9,23,31",206779858,-6.77791667363401
B_cube,3,"1,8,13",1435204431,-5.862518423793343
B_cube,3,"6,13,24",160028397,-5.748608653756023
B_cube,3,"3,15,24",1660054838,-5.909290389032426
B_cube,3,"11,22,28",1303502276,-7.187645376326218
B_cube,3,"0,3,10",286114456,-5.804035040067943
B_cube,3,"7,9,29",926539500,-6.399195485238964
B_cube,3,"0,15,23",600159470,-5.883662889391023
B_cube,3,"6,18,30",1723554998,-6.234218943220745
B_cube,3,"8,16,25",1712949952,-5.791684563441162
B_cube,3,"11,27,30",1559001263,-7.11460222549421
B_cube,3,"4,10,11",907867999,-5.970715944877052
B_cube,3,"6,9,14",1836734295,-4.077598859362991
B_cube,3,"7,16,30",1245539198,-6.097334826788774
B_cube,3,"5,9,13",109564664,-5.695488564239619
B_cube,3,"17,22,26",1950851128,-6.381560243549449
B_cube,3,"6,13,28",797717721,-5.804743427542292
B_cube,3,"2,14,21",126125161,-5.888150888093724
B_cube,3,"0,6,17",597245281,-5.698114314895292
B_cube,3,"8,10,25",1954739851,-5.723659734821802
B_cube,3,"1,3,13",1429536410,-5.808978401223709
B_cube,3,"11,15,19",40527165,-6.772289315589597
B_cube,3,"3,15,17",349156882,-5.956751706392499
B_cube,3,"6,13,18",342529791,-5.838943591923838
B_cube,3,"12,24,26",1062844569,-6.149762360702963
B_cube,3,"5,16,22",934502746,-5.80263556232968
B_cube,3,"18,23,29",1280497633,-6.125943427871163
B_cube,3,"1,5,12",641798496,-5.694500749966823
B_cube,3,"4,6,12",719585552,-10.8462124923177
B_cube,3,"17,21,25",1356527436,-6.051171551513053
B_cube,3,"5,20,31",846446509,-5.8013436913474745
B_cube,3,"13,19,26",807424017,-5.790625308951124
B_cube,3,"0,18,24",1556733534,-5.74678490463877
B_cube,3,"10,12,23",46577202,-6.23867941998554
B_cube,3,"18,28,29",1176255139,-6.127511918557052
B_cube,3,"9,20,29",1943342696,-6.516475963912897
B_cube,3,"0,14,31",126055357,-5.71832868027256
B_cube,3,"5,10,28",442212394,-5.735063901669568
B_cube,3,"0,2,7",1271722923,-5.731955047937263
B_cube,3,"3,17,21",1924635361,-5.790962152502692
B_cube,3,"0,15,29",825753667,-5.699236924633001
B_cube,3,"17,24,26",163517908,-6.2271912289674525
B_cube,3,"0,12,25",2116599497,-5.696316210542345
B_cube,3,"11,28,29",1912093674,-6.340536579080992
B_cube,3,"9,18,24",547418872,-6.015882702844211
B_cube,3,"20,23,25",1425943289,-7.631036656547332
B_cube,3,"4,9,21",599775480,-5.924968884332765
B_cube,3,"10,19,28",2063495787,-6.675704211650884
B_cube,3,"12,19,23",1741266261,-7.241425227283577
B_cube,3,"7,9,19",1498476646,-8.411058842323419
B_cube,3,"4,18,30",779888307,-6.136712218624537
B_cube,3,"3,10,14",755092246,-5.887396682160332
B_cube,3,"8,12,31",93839252,-5.888292731365135
B_cube,3,"12,19,25",277955748,-8.717494072774887
B_cube,3,"10,19,28",449226095,-6.621129889288009
B_cube,3,"6,14,24",1635514097,-6.799503726111262
B_cube,3,"13,14,20",176786236,-5.841273528718411
B_cube,3,"2,15,26",822004437,-6.1058376878387985
B_cube,3,"3,14,18",1562626251,-5.784431207951362
B_cube,3,"4,7,8",236716256,-5.691591245334455
B_cube,3,"1,21,24",1593334750,-5.904333170068862
B_cube,3,"5,20,28",2071746313,-5.804094231505172
B_cube,3,"5,19,26",870609024,-5.946029429845898
B_cube,3,"12,17,23",667124413,-7.380431973407427
B_cube,3,"20,27,28",420548528,-9.952241845826356
B_cube,3,"20,30,31",577749672,-7.451135712840476
B_cube,3,"3,18,31",1097102600,-5.898071234121271
B_cube,3,"6,10,26",509163129,-5.998589187181625
B_cube,3,"7,16,27",235558115,-6.209764800127115
B_cube,3,"1,3,18",1113163031,-5.856413358519875
B_cube,3,"4,10,15",2074337990,-6.140412372359931
B_cube,3,"1,11,18",504118522,-5.891826440416358
B_cube,3,"0,20,24",615942078,-5.704886036343469
B_cube,3,"7,21,25",900327493,-6.045035855920265
B_cube,3,"10,19,25",53574187,-6.421307576245072
B_cube,3,"6,11,19",1472776664,-6.626319788467671
B_cube,3,"15,16,25",256969217,-6.096129845223422
B_cube,3,"9,17,18",139854427,-6.064979838132413
B_cube,3,"0,20,30",797242984,-5.719818847289808
B_cube,3,"21,24,30",1974417185,-6.053452864370823
B_cube,3,"1,7,23",956163482,-7.286304105758414
B_cube,3,"3,12,24",890024133,-5.9300196141377075
B_cube,3,"12,16,21",1032406110,-5.797393267045048
B_cube,3,"12,23,25",1825041971,-7.547464706994554
B_cube,3,"6,19,26",391733227,-6.200293306237133
B_cube,3,"17,27,31",1696035140,-7.296069776159129
B_cube,3,"12,16,27",855742867,-6.121291870594933
B_cube,3,"22,25,27",15812687,-11.297679515041285
B_cube,3,"6,13,15",923169808,-5.751022983241858
B_cube,3,"19,24,31",1423368779,-6.681456689709618
B_cube,3,"14,21,26",2108873823,-5.901325759018732
B_cube,3,"4,16,26",1915972632,-6.041601378631137
B_cube,3,"5,14,27",1666830610,-5.789792345256172
B_cube,3,"6,23,30",51876634,-7.47442449993583
B_cube,3,"13,20,30",169658885,-5.8633443121921625
B_cube,3,"22,23,30",1539902528,-7.704597015032391
B_cube,3,"7,23,30",1913602315,-7.533394159329512
B_cube,3,"14,17,30",1401751313,-4.094364643371928
B_cube,3,"2,16,17",853539290,-6.084747656983575
B_cube,3,"5,24,27",1728037371,-5.839148339197049
B_cube,3,"5,10,31",655686623,-5.738714075757981
B_cube,3,"2,20,26",513882804,-6.287502184574055
B_cube,3,"12,18,29",1771252174,-6.008856071124845
B_cube,3,"6,10,11",205036766,-5.932483801760922
B_cube,3,"2,9,21",1954239841,-5.8310271544672485
B_cube,3,"16,17,18",142536581,-5.975203095308544
B_cube,3,"14,20,26",484618215,-6.4058568640951705
B_cube,3,"3,5,23",444990213,-5.700559882069835
B_cube,3,"3,16,26",2046842079,-5.8814287578887265
B_cube,3,"13,27,31",917353444,-5.918333459516579
B_cube,3,"6,23,27",1380871860,-7.49499739235797
B_cube,3,"16,20,21",981396892,-5.968162334680027
B_cube,3,"0,21,23",1315852723,-5.74411585290815
B_cube,3,"5,22,29",634553990,-5.777359355870653
B_cube,3,"3,12,29",233494671,-5.96417087276478
B_cube,3,"7,18,25",80714742,-6.168698710119646
B_cube,3,"5,15,28",458198807,-5.790258575883136
B_cube,3,"3,21,28",715884867,-5.853305555397637
B_cube,3,"1,14,19",377598769,-8.339772179713114
B_cube,3,"3,5,6",1334149350,-5.701801340497674
B_cube,3,"2,3,11",2061184169,-5.7361205897677525
B_cube,3,"12,20,31",521838339,-7.152895821562805
B_cube,3,"7,12,22",2005345244,-4.35998267296922
B_cube,3,"2,11,18",1339383671,-5.9222575089823275
B_cube,3,"12,19,23",202910689,-7.272088489869611
B_cube,3,"6,17,21",2026413994,-5.930432373746728
B_cube,3,"18,27,29",983937754,-6.083681706993446
B_cube,3,"2,3,29",1011024806,-5.822691541178208
B_cube,3,"6,8,17",1282726841,-5.713619178384245
B_cube,3,"0,17,26",1959797744,-5.766041845957402
B_cube,3,"0,2,7",237311719,-5.736352154392496
B_cube,3,"12,16,28",346828546,-6.227988741907004
B_cube,3,"0,11,12",538840516,-5.718227288334502
B_cube,3,"2,8,27",1887830879,-5.796146462107509
B_cube,3,"4,23,27",684037338,-7.473612931424762
B_cube,3,"10,28,29",428931041,-6.216622531605611
B_cube,3,"1,12,27",521947657,-10.974534406006763
B_cube,3,"8,26,29",778612672,-5.742664966554093
B_cube,3,"8,22,31",1481205406,-5.802498956636723
B_cube,3,"15,29,30",1354475459,-6.7588556030106925
B_cube,3,"9,21,30",1414800137,-6.168320558075822
B_cube,3,"12,17,26",632486157,-6.3506601130709415
B_cube,3,"14,15,30",1085295241,-8.967714826255076
B_cube,3,"5,11,23",442681235,-5.803877327538432
B_cube,3,"15,18,29",1759051183,-6.062126228242
B_cube,3,"1,21,27",1623170129,-6.093385740151459
B_cube,3,"11,18,30",1593638257,-6.149281459868545
B_cube,3,"4,10,22",401156106,-6.250715783375851
B_cube,3,"6,18,27",1479315168,-6.1354943442908025
B_cube,3,"19,21,26",223823102,-5.893236928760248
B_cube,3,"2,14,17",1736207605,-7.385058354514277
B_cube,3,"3,7,16",374012012,-5.845220232260408
B_cube,3,"4,18,26",193307588,-5.933872319706302
B_cube,5,"7,18,26,29,30",1438820491,-6.17509078448936
B_cube,5,"9,11,16,18,19",1472723120,-5.984531808705725
B_cube,5,"3,6,12,19,27",830609434,-6.264434805546042
B_cube,5,"1,5,7,22,30",2007279612,-5.988499177904094
B_cube,5,"6,9,20,21,27",236346118,-6.2455331848566695
B_cube,5,"9,13,14,17,24",1928987057,-5.893098295872091
B_cube,5,"2,5,12,13,24",1520746533,-5.709948855876501
B_cube,5,"8,11,13,16,29",1784680126,-5.821894589835505
B_cube,5,"2,16,21,25,26",920000276,-6.000191344423805
B_cube,5,"5,7,8,15,22",290821627,-5.709229692011913
B_cube,5,"2,5,14,18,26",1184282910,-5.823876963531694
B_cube,5,"7,10,23,24,25",1206181873,-6.490947635490713
B_cube,5,"7,9,18,21,25",1630648210,-5.989112745024256
B_cube,5,"1,2,3,24,27",234946395,-6.022972687979788
B_cube,5,"0,4,5,18,26",134637469,-5.693748416616595
B_cube,5,"4,14,23,24,30",1791676468,-7.028252703173441
B_cube,5,"20,22,23,27,28",1257667875,-7.937118756731313
B_cube,5,"0,12,17,21,22",652380880,-5.835350928150632
B_cube,5,"3,9,10,15,29",955622262,-5.962387345776482
B_cube,5,"6,9,12,15,26",1004164500,-6.435971470302654
B_cube,5,"7,14,17,18,21",1684765286,-5.961170653262162
B_cube,5,"9,12,25,28,29",1642052568,-6.919749864513874
B_cube,5,"0,8,13,15,19",917436257,-5.742862984534914
B_cube,5,"22,23,26,29,31",411637678,-6.345597634107218
B_cube,5,"5,7,9,16,29",1247733425,-5.89289497161517
B_cube,5,"2,10,12,16,28",1482117458,-6.0541843752272895
B_cube,5,"9,11,15,17,28",354155072,-7.180086542285682
B_cube,5,"7,11,12,14,23",920307033,-6.812804962882678
B_cube,5,"2,9,15,16,29",2107606754,-6.0332258987689045
B_cube,5,"7,8,11,17,29",1532691176,-5.8714451164343835
B_cube,5,"3,17,29,30,31",1559051681,-6.204915509652077
B_cube,5,"10,13,19,23,28",775794143,-5.899205276837317
B_cube,5,"3,17,20,23,26",323141915,-6.176099004816481
B_cube,5,"19,23,27,28,31",772822956,-7.278133021513232
B_cube,5,"1,7,10,14,27",2116429640,-6.58170776986387
B_cube,5,"2,13,20,25,31",1627591570,-5.995673127792867
B_cube,5,"2,4,11,19,24",1947906094,-6.514546156038556
B_cube,5,"14,16,19,21,27",746726767,-6.087993621215604
B_cube,5,"0,7,21,25,28",767299049,-5.733024198663995
B_cube,5,"1,13,16,20,23",1600482837,-5.873182886795224
B_cube,5,"4,6,14,20,23",112208701,-7.566157020134045
B_cube,5,"0,4,5,7,8",1047320595,-5.779659353184421
B_cube,5,"2,20,25,26,30",1316852823,-6.637355418270756
B_cube,5,"1,13,18,23,24",1142309681,-5.800684163593297
B_cube,5,"4,8,16,27,28",1915190996,-5.87405187867891
B_cube,5,"5,8,10,23,30",1061285261,-5.719358301310042
B_cube,5,"3,5,7,11,19",111654888,-5.779721032990477
B_cube,5,"3,9,15,19,21",404172700,-5.914716186943922
B_cube,5,"0,6,14,16,27",2070155075,-5.7636687561657745
B_cube,5,"1,4,22,24,29",773702698,-6.510688525517285
B_cube,5,"1,2,9,24,25",1809727389,-6.873205433296753
B_cube,5,"6,14,20,28,30",1412041064,-10.39497663162364
B_cube,5,"4,12,16,21,29",174324202,-5.870502901768059
B_cube,5,"2,10,16,27,30",631345481,-6.079652623393252
B_cube,5,"2,4,11,15,27",1139121101,-6.886157729282816
B_cube,5,"11,12,19,27,30",960920637,-7.3003255527284265
B_cube,5,"16,17,23,24,25",1046263749,-6.301079754480461
B_cube,5,"3,12,17,23,31",1465815696,-6.218402847860855
B_cube,5,"8,11,14,16,29",1513541547,-5.820340302263257
B_cube,5,"1,6,16,25,30",1897700749,-6.287579488305092
B_cube,5,"4,12,16,21,29",943663384,-5.886621259236466
B_cube,5,"0,5,13,19,29",1484297815,-5.753176392654052
B_cube,5,"4,5,8,14,31",1617510381,-5.714094534204151
B_cube,5,"7,10,16,23,27",1604753100,-6.20805240628087
B_cube,5,"18,22,25,27,31",1201928071,-6.577257589005522
B_cube,5,"9,14,17,23,31",576110764,-7.200526351147581
B_cube,5,"0,9,14,17,25",850424777,-5.880108879434681
B_cube,5,"3,6,12,16,17",767924901,-5.852460025906047
B_cube,5,"7,11,19,28,29",651264701,-6.551068562617104
B_cube,5,"5,6,15,17,19",784456729,-5.8993526844620545
B_cube,5,"1,5,13,15,29",2109802075,-5.806990963578582
B_cube,5,"14,16,22,25,27",1679038763,-6.583520205811478
B_cube,5,"7,13,20,22,25",916918377,-5.982446084772435
B_cube,5,"3,11,12,15,28",300841013,-6.1069971434147785
B_cube,5,"10,21,24,27,30",1515219270,-6.234963978202075
B_cube,5,"5,10,17,23,25",340867884,-5.859632941759302
B_cube,5,"8,11,12,21,28",1166185156,-5.85627207904059
B_cube,5,"0,11,20,21,27",1841214649,-5.911080200241176
B_cube,5,"5,18,25,28,30",1360796835,-5.9743708424729745
B_cube,5,"1,8,9,23,30",950459509,-6.042996918487236
B_cube,5,"0,1,7,8,17",500284882,-5.6939678556803
B_cube,5,"1,8,13,22,28",296408559,-5.743431543262679
B_cube,5,"3,11,12,15,19",1655381502,-6.107480714324803
B_cube,5,"0,1,13,26,28",5704373,-5.699957227172444
B_cube,5,"4,6,10,23,27",752220626,-6.528029698744464
B_cube,5,"4,7,10,21,30",773434930,-5.999485263640354
B_cube,5,"2,9,22,25,31",781735797,-7.221950275488839
B_cube,5,"0,3,20,22,25",1033220097,-5.732383487702044
B_cube,5,"0,9,24,26,31",927655351,-5.756963449831109
B_cube,5,"4,5,14,22,26",1707423922,-5.831794274120146
B_cube,5,"4,6,20,27,28",1983424991,-9.989892782296572
B_cube,5,"12,16,24,29,31",2102585612,-6.107990445244741
B_cube,5,"11,13,22,27,29",1910275235,-5.927758481052077
B_cube,5,"11,13,16,25,28",1977523753,-5.969379438195034
B_cube,5,"1,5,9,29,31",1336088421,-5.915815869099382
B_cube,5,"5,16,17,28,31",1110203709,-5.852423355236278
B_cube,5,"3,10,14,20,27",435888270,-6.269061600772454
B_cube,5,"10,12,17,25,26",1433145990,-6.276773016768148
B_cube,5,"11,21,23,24,28",1141880355,-6.1385027410043245
B_cube,5,"1,10,21,22,25",865122780,-5.999109853851074
B_cube,5,"6,8,12,18,29",1886169836,-5.770010204179701
B_cube,5,"2,5,12,21,28",1339849728,-5.824422090998695
B_cube,5,"2,9,10,12,30",1632034374,-6.55954436792923
B_cube,5,"0,2,15,19,24",101991797,-5.804394957328029
B_cube,5,"7,10,23,24,31",544098962,-6.366485022222542
B_cube,5,"5,14,21,24,29",1809168855,-5.844723328329695
B_cube,5,"0,6,15,20,31",248658438,-5.807621971301482
B_cube,5,"4,24,26,30,31",586255177,-6.4812940371519785
B_cube,5,"4,10,20,24,28",1378289623,-6.683290286439139
B_cube,5,"4,9,17,24,26",1965861945,-6.299738083047179
B_cube,5,"4,10,13,26,28",1792283543,-5.820765010184612
B_cube,5,"1,4,8,12,13",158329256,-5.692650223614409
B_cube,5,"3,14,19,23,28",1069862927,-6.3685493607235015
B_cube,5,"0,2,17,24,27",1370059157,-5.798077644948696
B_cube,5,"9,10,14,17,18",1473070139,-6.212324361164273
B_cube,5,"4,7,8,15,31",147586583,-5.899939805141735
B_cube,5,"12,13,17,18,29",220787255,-5.832461522904816
B_cube,5,"9,10,17,20,31",1016678449,-6.666719750864826
B_cube,5,"1,4,16,17,31",1745236112,-6.217060903077616
B_cube,5,"4,8,17,20,26",114777774,-5.822078339537211
B_cube,5,"3,8,15,22,26",235868637,-5.880572272126607
B_cube,5,"1,16,21,24,25",1970566604,-5.986163069253597
B_cube,5,"4,11,14,24,28",1876290120,-6.690849309060254
B_cube,5,"3,5,16,29,31",125448818,-5.827572551881235
B_cube,5,"0,6,17,22,30",1379353195,-5.768339240540791
B_cube,5,"3,15,23,29,31",809001048,-6.114464762389103
B_cube,5,"11,17,18,20,27",690991197,-6.302273327607687
B_cube,5,"9,25,26,27,31",6256172,-6.6400181895311885
B_cube,5,"4,17,21,24,30",938310472,-6.167759015631449
B_cube,5,"8,11,12,25,28",1898773084,-5.928054744505913
B_cube,5,"9,15,16,23,30",1756217971,-6.3485471189211005
B_cube,5,"5,6,19,23,28",1640841419,-6.10783098312909
B_cube,5,"9,14,20,21,24",243068126,-6.1686443295172335
B_cube,5,"14,16,28,30,31",1914759149,-6.448174052351293
B_cube,5,"3,10,13,21,27",70747700,-5.858948732895924
B_cube,5,"19,20,24,26,30",1977240842,-6.4842160542234435
B_cube,5,"10,15,25,27,30",1811214080,-6.874994636217645
B_cube,5,"13,14,17,22,26",1063414935,-5.882513444675672
B_cube,5,"3,4,15,18,22",1901452905,-5.91671898216478
B_cube,5,"8,9,12,21,30",1730192703,-5.788416302696176
B_cube,5,"2,13,14,16,20",1582937634,-5.846530719731957
B_cube,5,"1,4,5,9,29",1937907036,-5.839546079154519
B_cube,5,"2,20,23,25,28",385502509,-7.50526843307969
B_cube,5,"4,6,7,9,31",805847059,-7.083256888405117
B_cube,5,"7,16,19,26,31",218469371,-6.135820485123995
B_cube,5,"3,6,9,24,27",598899095,-6.161712352435074
B_cube,5,"2,12,19,27,28",1009723574,-7.948637610571996
B_cube,5,"2,9,14,19,22",889224567,-7.628339793924249
B_cube,5,"4,5,17,18,21",713207647,-5.729490970089105
B_cube,5,"0,5,15,27,30",25082589,-5.765103155861612
B_cube,5,"15,21,25,26,31",1027381258,-6.198142969315141
B_cube,5,"0,9,10,23,30",1532723297,-5.801188018220378
B_cube,5,"0,17,23,26,29",354980430,-5.773301112824802
B_cube,5,"1,4,6,16,17",2085944017,-6.108362598519944
B_cube,5,"3,5,20,21,28",1321601687,-5.829343625499722
B_cube,5,"9,17,20,21,23",938950448,-6.173422504663036
B_cube,5,"2,3,10,14,24",1263755046,-6.022146335461698
B_cube,5,"2,11,16,19,20",886958813,-6.1285094602601555
B_cube,5,"5,9,14,20,22",942268646,-5.8941842716274095
B_cube,5,"4,13,17,20,25",724795389,-5.954402450767361
B_cube,5,"1,6,10,20,25",1432058101,-6.590839629494132
B_cube,5,"3,5,11,13,22",1077382190,-5.755961447183253
B_cube,5,"2,15,20,26,30",1039045279,-6.523426231111612
B_cube,5,"3,9,10,19,27",313366642,-6.179507095467124
B_cube,5,"6,13,14,21,23",1362542254,-5.793678119130931
B_cube,5,"1,7,14,18,25",318136176,-6.472516669929404
B_cube,5,"2,16,21,22,28",1442749867,-5.9491430724581695
B_cube,5,"3,7,8,14,17",378634008,-5.7576310513858395
B_cube,5,"7,10,11,28,31",388988608,-6.389337491682687
B_cube,5,"4,15,23,25,27",1810904108,-7.780139387857387
B_cube,5,"12,16,27,29,31",1801809410,-6.293159748996448
B_cube,5,"5,11,15,22,28",391746635,-5.8964330356040815
B_cube,5,"0,1,14,27,30",1269019249,-5.771659967328846
B_cube,5,"2,13,23,24,26",900624390,-5.853071155273039
B_cube,5,"0,4,6,20,22",610561050,-5.8658484299792635
B_cube,5,"2,5,7,29,30",958105090,-5.959973122713995
B_cube,5,"0,5,9,23,26",2044794299,-5.748996986407621
B_cube,5,"6,7,11,25,28",1777018003,-7.153924200668933
B_cube,5,"1,4,21,26,27",1690226828,-6.053100628700005
B_cube,5,"7,10,22,23,25",1712771976,-6.577120280268749
B_cube,5,"13,19,23,24,30",447580984,-5.983300162241042
B_cube,5,"3,15,18,21,23",285138320,-5.947386719965595
B_cube,5,"1,13,16,22,23",1702659776,-5.88345367351548
B_cube,5,"2,7,9,28,31",703492016,-7.216411070734923
B_cube,5,"4,7,18,21,25",701162011,-5.933210872128789
B_cube,5,"0,16,19,22,29",819915241,-5.736061974825057
B_cube,5,"3,12,24,25,31",1142503395,-6.228414814070951
B_cube,5,"7,14,22,23,27",292767201,-7.872670530200838
B_cube,5,"1,6,9,29,30",1318989843,-6.707680871822928
B_cube,5,"1,3,8,17,19",1449993422,-5.798531374088462
B_cube,5,"7,8,11,26,28",20701098,-5.823275503651105
B_cube,5,"4,7,12,18,23",1766936709,-6.224350172895796
B_cube,5,"3,6,14,16,21",1562773451,-5.885355473560738
B_cube,5,"1,20,21,23,26",398120090,-6.080460613523447
B_cube,5,"5,6,13,15,29",723321020,-5.844869610519738
B_cube,5,"0,13,17,18,31",570652996,-5.775174598655599
B_cube,5,"7,8,9,12,14",1426135546,-5.898026695283713
B_cube,5,"9,10,15,26,31",171034226,-6.260433756298895
B_cube,5,"2,10,13,19,23",1015693980,-5.931919436741858
B_cube,5,"18,20,25,27,30",1033880315,-6.671513259628927
B_cube,5,"10,11,17,20,21",1792026190,-5.947378542184222
B_cube,5,"12,19,20,23,28",1702498020,-7.76489530706192
B_cube,5,"12,16,20,22,29",142279965,-6.191404637231614
B_cube,5,"0,1,3,5,14",260652654,-5.814860120315865
B_cube,5,"13,15,21,25,26",594320658,-5.827414190755062
B_cube,5,"0,7,10,14,20",439090697,-5.794231206377509
B_cube,5,"14,19,22,24,28",1590767980,-7.236734923198172
B_cube,5,"8,15,22,27,31",294021654,-6.030762873985731
B_cube,5,"3,21,22,23,31",1050523522,-6.089305101232155
B_cube,5,"0,8,11,19,22",1192082221,-5.693908084921581
B_cube,5,"2,4,13,14,27",2018504125,-5.871839290689338
B_cube,5,"11,15,18,22,30",293679703,-6.364311500048979
B_cube,5,"15,19,25,28,29",156913865,-7.013916884653779
B_cube,5,"1,2,5,6,27",1465859769,-5.801033730421711
B_cube,5,"3,6,13,14,15",26185152,-5.813968583751358
B_cube,5,"0,12,18,19,27",1484993615,-5.788955086891331
B_cube,5,"1,16,18,21,26",197097347,-5.857652485486263
B_cube,5,"3,14,15,21,31",848022008,-5.939619395170354
B_cube,5,"2,11,16,20,22",2030021628,-6.1695025567380775
B_cube,5,"2,7,14,17,26",113790384,-6.362018518909803
B_cube,5,"7,16,26,29,31",1763307847,-6.109705139259631
B_cube,5,"9,11,25,29,30",1776827608,-6.6289704305138
B_cube,5,"13,16,17,19,23",2004282225,-5.827699438041995
B_cube,5,"4,8,19,20,22",415474253,-5.8894443099089955
B_cube,5,"0,10,18,23,30",427639054,-5.735723209828123
B_cube,5,"1,3,5,16,31",1588900439,-5.717427605686139
B_cube,5,"1,10,16,24,28",854551160,-6.095786007144114
B_cube,5,"3,8,11,14,15",449569885,-5.724570122688123
B_cube,5,"1,11,16,23,27",1933533197,-6.2781555775329245
B_cube,5,"2,10,11,22,27",1473635332,-6.405011875538399
B_cube,5,"4,8,9,11,21",1480650003,-5.718571555165142
B_cube,5,"9,10,23,25,26",740302896,-6.220937357652487
B_cube,5,"3,10,13,18,27",960978763,-5.816696152222946
B_cube,5,"5,10,16,25,30",1702813793,-5.974712205687387
B_cube,5,"6,19,20,22,31",1292905951,-7.4167002704049105
B_cube,5,"3,8,22,23,26",363762172,-5.767777131479649
B_cube,5,"5,17,20,23,25",1185711233,-6.000108543041613
B_cube,5,"1,9,19,25,26",2091640489,-6.473073751495223
B_cube,5,"1,11,16,18,25",1389593881,-6.058279182386394
B_cube,5,"3,8,23,28,30",379175382,-5.836742939318178
B_cube,5,"0,7,15,20,29",631732761,-5.917711869141661
B_cube,5,"2,19,22,24,27",1977576016,-6.979335861609825
B_cube,5,"4,9,22,29,30",1890499797,-6.9374158738199485
B_cube,5,"0,6,8,14,30",47106424,-5.694246142943113
B_cube,5,"2,6,9,22,30",1322746079,-7.879575754422422
B_cube,5,"0,13,19,28,29",203742268,-5.854617584824958
B_cube,5,"2,3,4,22,31",988824454,-6.131552269861278
B_cube,5,"3,6,10,21,23",1174565979,-5.806512075462019
B_cube,5,"0,2,10,19,20",410233368,-5.783343490028052
B_cube,5,"3,16,20,26,28",1449524071,-6.043211180290566
B_cube,5,"1,7,10,13,26",1327637868,-5.75981696255092
B_cube,5,"5,10,23,24,28",1099679183,-5.856470810475017
B_cube,5,"1,15,18,19,28",2144534487,-6.429165022433888
B_cube,5,"6,10,11,20,31",717870595,-6.425678850462456
B_cube,5,"2,3,16,18,24",948265022,-5.920406161101289
B_cube,5,"3,9,15,28,31",677070223,-6.275021153364181
B_cube,5,"1,3,19,21,30",1763098215,-5.932058711346378
B_cube,5,"6,12,13,21,27",2096679036,-5.80652078724585
B_cube,5,"5,7,16,24,30",1137548764,-5.8046561838580235
B_cube,5,"4,5,15,24,28",733432299,-5.918255504058119
B_cube,5,"10,12,16,18,26",1153151696,-5.905930342634967
B_cube,5,"2,24,27,28,29",228167189,-6.631041152540256
B_cube,5,"4,5,8,21,30",251682375,-5.901426242633846
B_cube,5,"1,14,21,22,23",1988962733,-6.171705807733731
B_cube,5,"5,6,19,21,22",997761239,-5.786460017434626
B_cube,5,"5,7,15,20,27",697519948,-5.982814404743958
B_cube,5,"0,10,18,24,28",1426695986,-5.804580871488324
B_cube,5,"4,7,9,21,30",2012911689,-6.182805352501653
B_cube,5,"11,18,21,23,25",191907464,-5.999081157409375
B_cube,5,"5,17,18,23,30",1983700292,-5.931872676384284
B_cube,5,"11,13,21,23,31",423404913,-5.9555239290510755
B_cube,5,"7,10,28,30,31",965226761,-6.736108653312192
B_cube,5,"5,8,17,21,23",313204988,-5.706569062193767
B_cube,5,"2,14,15,17,21",1809258289,-6.189256514965718
B_cube,5,"8,13,14,29,31",877048325,-5.815793901647791
B_cube,5,"1,10,11,27,28",208734577,-6.528288556748901
B_cube,5,"1,3,10,19,22",1944214996,-6.062877013782833
B_cube,5,"0,16,22,24,31",1479601288,-5.809733223530242
B_cube,5,"7,9,16,17,23",757529426,-6.198120883463595
B_cube,5,"2,14,19,25,28",871717271,-7.863369006810577
B_cube,5,"11,16,17,24,29",1719120420,-6.191576099420298
B_cube,5,"0,19,20,29,31",1711499189,-5.8504416324959925
B_cube,5,"0,5,14,16,27",2732358,-5.867688939087558
B_cube,5,"8,9,19,20,26",710886661,-5.948465329381947
B_cube,5,"0,4,16,26,30",994448701,-5.787166750011025
B_cube,5,"6,7,14,20,25",206905431,-4.631258086336515
B_cube,5,"5,8,23,27,30",504850142,-5.908360585053706
B_cube,5,"0,15,16,25,26",1319856450,-5.852930150066496
B_cube,5,"1,7,9,13,24",396719902,-5.924125858546827
B_cube,5,"2,4,13,14,28",1116155114,-5.8510337247599775
B_cube,5,"12,13,17,20,25",272623208,-5.952643302969331
B_cube,5,"12,13,17,18,19",1314305994,-5.905680868537796
B_cube,5,"5,9,16,23,29",148730178,-5.866114702050901
B_cube,5,"8,12,13,16,27",1006314106,-5.7166670389859435
B_cube,5,"4,11,23,24,31",2087691216,-6.650615509854231
B_cube,5,"0,6,18,21,26",548959797,-5.891051385932693
B_cube,5,"4,12,23,26,30",997140601,-6.657926530605952
B_cube,5,"1,6,12,13,17",1512664698,-5.813614570859184
B_cube,5,"2,3,9,21,25",609891068,-5.978897796137499
B_cube,5,"8,9,13,14,31",1844648347,-5.78887973922596
B_cube,5,"2,5,8,14,18",2081750063,-5.691864672069361
B_cube,5,"19,23,24,29,30",451252854,-6.624739188392604
B_cube,5,"3,14,17,20,27",1996114306,-6.2968457222447105
B_cube,5,"6,10,16,21,29",2045080871,-5.95292061258708
B_cube,5,"4,12,13,19,23",31256537,-5.954705015132564
B_cube,5,"3,5,6,11,24",358485778,-5.795134110242243
B_cube,5,"4,12,22,26,28",1643465086,-6.606174518579707
B_cube,5,"2,7,9,28,30",1987704418,-7.887358517071195
B_cube,5,"7,12,16,17,27",524171737,-6.278317922166517
B_cube,5,"1,7,14,15,18",1771554890,-6.18058506644369
B_cube,5,"6,18,21,25,29",1990862243,-6.033366502771803
B_cube,5,"4,5,25,28,29",1623118175,-5.979923171251679
B_cube,5,"2,11,12,13,30",33994385,-5.961129465275719
B_cube,5,"0,14,15,16,31",780446881,-5.798609353635534
B_cube,5,"3,11,16,18,29",473614411,-5.7837674954779486
B_cube,5,"2,9,12,18,24",724956841,-6.07858754384942
B_cube,5,"3,5,6,11,22",1484299333,-5.922015685187515
B_cube,5,"0,1,10,19,24",452816850,-5.713805952698776
B_cube,5,"11,14,17,18,24",2059229189,-6.197821876962829
B_cube,5,"7,12,13,15,27",1045826121,-6.043213424616834
B_cube,5,"6,14,16,24,27",106067968,-6.194326528209519
B_cube,5,"2,8,9,16,23",1950030915,-5.741079190656459
B_cube,5,"3,4,8,18,27",79856477,-5.833817953403772
B_cube,5,"8,14,25,28,30",689823014,-5.9689858034403676
B_cube,5,"5,8,10,26,28",1919453789,-5.775610867029425
B_cube,5,"5,6,13,14,17",1100713981,-5.736005302257086
B_cube,5,"8,11,19,25,31",2092809940,-6.087066176175761
B_cube,5,"6,10,25,27,28",617089089,-6.848530290350467
B_cube,5,"10,13,16,17,21",987791201,-5.79717535856018
B_cube,5,"7,12,21,28,29",389506924,-6.106152234140385
B_cube,5,"4,6,8,13,14",1262766916,-5.693964356111566
B_cube,5,"4,6,11,24,26",4729992,-6.211793263760877
B_cube,5,"0,3,23,24,30",430564277,-5.794595471891534
B_cube,5,"0,2,4,6,14",1240860330,-5.69113099594375
B_cube,5,"15,26,27,28,31",1033967335,-6.695707199474318
B_cube,5,"7,15,16,22,26",178523677,-6.1736707081497775
B_cube,5,"0,2,16,18,30",662330266,-5.826185127509285
B_cube,5,"7,9,18,29,31",350306268,-6.1649222989550765
B_cube,5,"0,8,22,24,25",268820967,-5.79438420559581
B_cube,5,"2,8,12,14,27",2093299234,-5.81743908430011
B_cube,5,"5,6,8,17,20",1722641272,-5.709293627245738
B_cube,5,"18,21,23,26,29",731114279,-5.984625409225831
B_cube,5,"15,16,17,21,25",1378999527,-6.037193415577801
B_cube,5,"0,5,8,12,14",428901236,-5.706289249922182
B_cube,5,"0,9,12,17,20",266365330,-5.788168355106545
B_cube,5,"3,6,14,19,26",2145776751,-6.031177573833705
B_cube,5,"6,9,11,18,20",56246506,-6.234517640796568
B_cube,5,"4,9,13,16,30",183256935,-5.870957642739524
B_cube,5,"7,10,18,19,27",13456095,-6.259403900885583
B_cube,5,"5,12,14,21,28",577674228,-5.805865326319642
B_cube,5,"15,24,27,30,31",1390988141,-6.989929833676195
B_cube,5,"6,18,19,27,29",1109287870,-6.435373000418346
B_cube,5,"3,7,9,13,21",1537873537,-5.714372260899429
B_cube,5,"1,4,18,23,27",828296664,-6.322868356628867
B_cube,5,"4,14,15,24,28",379646568,-7.083709363094421
B_cube,5,"6,8,11,14,24",12604069,-5.902976586942375
B_cube,5,"11,12,23,26,31",589743520,-6.5037033288567345
B_cube,5,"10,11,20,24,28",1510392346,-6.4158120254680195
B_cube,5,"1,7,13,14,31",119049482,-5.879949625643143
B_cube,5,"8,10,15,19,23",921259761,-5.871324382828523
B_cube,5,"0,2,9,14,16",521006055,-5.693543151851241
B_cube,5,"5,9,24,26,28",577537618,-5.922892822929338
B_cube,5,"3,15,19,24,26",591208472,-6.124520324406977
B_cube,5,"2,11,14,16,25",1353726736,-6.097979684365724
B_cube,5,"2,3,24,28,30",818328310,-6.306095479016656
B_cube,5,"4,9,16,27,29",800693436,-6.185809569860978
B_cube,5,"5,22,23,25,30",1610270227,-6.01358549651239
B_cube,5,"3,7,21,23,30",1368925165,-5.991052737131498
B_cube,5,"14,16,20,28,29",648058831,-6.2988093320955345
B_cube,5,"8,24,27,29,30",1937090255,-5.981431647895456
B_cube,5,"15,17,18,20,24",203858314,-6.3597616357606945
B_cube,5,"1,3,6,8,23",620636846,-5.712750338858128
B_cube,5,"9,11,12,22,30",1649546114,-7.31761833381086
B_cube,5,"2,8,20,23,29",590516246,-5.8569460759496925
B_cube,5,"1,7,13,17,24",1776652100,-5.848292628926554
B_cube,5,"4,7,21,23,31",1874171658,-6.1677997543092316
B_cube,5,"0,3,4,8,30",964013592,-5.7606913668029085
B_cube,5,"0,8,12,18,29",779741992,-5.751433587822176
B_cube,5,"12,20,22,26,31",1477560302,-6.531393976612198
B_cube,5,"3,9,16,20,31",371117467,-5.983302136208215
B_cube,5,"2,7,10,11,26",875357302,-6.032249921270879
B_cube,5,"3,5,10,27,29",1831485215,-5.840594725631953
B_cube,5,"2,12,19,27,28",47147551,-7.850649174085966
B_cube,5,"5,8,14,15,20",626889794,-5.786266783191643
B_cube,5,"3,9,14,25,29",1957286140,-6.081980861573034
B_cube,5,"15,22,26,29,30",2099823826,-6.54784959584876
B_cube,5,"0,2,7,16,18",1596072661,-5.758967106418686
B_cube,5,"13,18,24,27,30",1557496427,-5.8943414741138715
B_cube,5,"3,6,19,20,26",665255174,-6.08209203021041
B_cube,5,"8,9,10,14,20",2025792210,-5.797858069892209
B_cube,5,"4,10,22,26,31",1593517339,-6.260612383425511
B_cube,5,"3,4,17,23,28",1051876831,-6.206648859111576
B_cube,5,"8,16,21,22,27",231645161,-5.960993206283125
B_cube,5,"4,7,19,20,27",1260433157,-8.860786393226244
B_cube,5,"4,20,21,23,25",1707450435,-6.300435692819715
B_cube,5,"7,9,15,17,22",860608346,-9.234178648365221
B_cube,5,"7,11,13,22,29",13768258,-5.915977281931954
B_cube,5,"2,17,19,26,31",1209307711,-6.463942333949107
B_cube,5,"2,6,21,27,28",1730146890,-6.163954476174412
B_cube,5,"4,8,23,26,30",320444246,-5.910844904748076
B_cube,5,"1,2,3,9,13",1422290949,-5.765471569482849
B_cube,5,"3,14,17,29,31",1545066243,-6.099440795465666
B_cube,5,"10,11,15,21,30",848257469,-6.054086963641954
B_cube,5,"2,7,15,22,31",1573215838,-7.03075505694356
B_cube,5,"1,4,21,26,28",2046191479,-6.060919618063463
B_cube,5,"5,7,9,16,24",1024869662,-5.811311892425183
B_cube,5,"0,4,5,7,15",1378900985,-5.748382174622756
B_cube,5,"13,20,22,25,28",236909802,-6.146173019722696
B_cube,5,"3,5,6,23,27",115610062,-5.83117444778919
B_cube,5,"0,3,5,23,28",184172268,-5.765260867597337
B_cube,5,"4,6,20,26,30",1935390394,-6.6321486131073
B_cube,5,"12,13,25,28,31",2012037162,-6.071084613673288
B_cube,5,"4,7,11,17,20",114751255,-6.963790627361322
B_cube,5,"7,15,20,22,31",1443816535,-7.480746983909233
B_cube,5,"1,2,4,6,29",9629373,-6.350048891540777
B_cube,5,"1,3,15,18,20",622148502,-5.895209903794542
B_cube,5,"11,13,14,26,29",1727290371,-5.836512581737404
B_cube,5,"3,12,14,16,26",466165457,-5.93181343004883
B_cube,5,"13,20,28,29,30",1279094532,-6.102653141899199
B_cube,5,"6,9,13,29,30",1846567240,-6.06936953465063
B_cube,5,"10,16,18,23,27",58837923,-6.037910215945553
B_cube,5,"5,8,11,16,31",1841707863,-5.7700242993503394
B_cube,5,"1,4,9,18,24",1048483231,-6.10707454859945
B_cube,5,"0,2,15,23,29",687664603,-5.8004444149593795
B_cube,5,"1,7,12,14,15",397965947,-8.954057300633158
B_cube,5,"0,11,15,26,28",1862088947,-5.8485415734072745
B_cube,5,"2,5,12,26,30",1120182352,-5.832310705496578
B_cube,5,"13,16,28,29,31",1105480495,-5.961775769540695
B_cube,5,"8,16,19,21,23",688335751,-5.828899501895485
B_cube,5,"1,21,22,24,30",570803016,-6.255715862203094
B_cube,5,"4,9,10,26,27",240321775,-6.213586231198759
B_cube,5,"10,19,28,29,30",1152630833,-6.5430679934512215
B_cube,5,"8,16,17,30,31",1697912773,-5.850809928240888
B_cube,5,"1,2,14,22,24",1438247138,-6.763766558437058
B_cube,5,"8,10,12,16,18",1731642038,-5.78457553982437
B_cube,5,"17,18,26,27,30",1636968702,-6.389643968810294
B_cube,5,"0,4,16,22,23",606616742,-5.720860219785679
B_cube,5,"2,7,16,17,18",1024917810,-6.0391271307522745
B_cube,5,"0,6,9,21,25",889085528,-5.714359633213269
B_cube,5,"10,12,22,27,31",289754650,-6.641332630136064
B_cube,5,"1,8,9,19,24",383364210,-5.876891112542294
B_cube,5,"5,14,15,18,30",346016886,-5.850368465352685
B_cube,5,"1,12,14,23,24",340840979,-6.81722024860111
B_cube,5,"1,7,11,12,18",927414236,-6.100847402447309
B_cube,5,"4,9,19,30,31",1011369243,-7.369738692683819
B_cube,5,"4,9,11,29,31",1305019426,-6.409403593485106
B_cube,5,"1,5,13,16,27",959700678,-5.708724891831783
B_cube,5,"10,16,20,26,28",1086303525,-6.197536356629484
B_cube,5,"0,2,12,17,30",1634234697,-5.749695318826997
B_cube,5,"7,13,20,23,30",1657930259,-6.153531259290539
B_cube,5,"4,13,22,30,31",344991416,-6.015705711684926
B_cube,5,"5,13,16,25,28",1099017448,-5.870442044067822
B_cube,5,"14,21,24,25,30",1557878919,-6.4225573517285985
B_cube,5,"4,7,18,24,29",1829633402,-6.15232407699954
B_cube,5,"2,3,19,20,21",768245619,-5.992330393928715
B_cube,5,"5,10,12,20,24",395014658,-5.945132382531938
B_cube,5,"7,8,14,22,28",934868122,-5.992246976864542
B_cube,5,"1,5,23,25,31",651007277,-5.9664236754224165
B_cube,5,"3,12,23,28,29",712805237,-6.227436383043495
B_cube,5,"4,7,18,23,30",847371023,-6.328584624760601
B_cube,5,"12,13,22,30,31",724474793,-6.016550777838292
B_cube,5,"9,15,19,22,30",1905373598,-8.700796428836952
B_cube,5,"2,8,14,16,23",1022981246,-5.818100183101193
B_cube,5,"0,7,11,12,25",2123911428,-5.72849066116697
B_cube,5,"8,17,24,25,31",667315162,-5.930701760572264
B_cube,5,"2,3,6,19,26",1224566235,-5.98086513091739
B_cube,5,"1,8,14,21,30",1347917027,-5.781507001847798
B_cube,5,"3,8,9,24,26",110202906,-5.88668567475588
B_cube,5,"7,10,18,24,30",973304458,-6.140993748713693
B_cube,5,"2,5,15,29,30",1932680623,-6.052536306029411
B_cube,5,"3,4,5,9,28",1329497341,-5.747567178579343
B_cube,5,"1,13,14,21,26",486696414,-5.856399949222859
B_cube,5,"3,10,12,28,30",949544179,-6.123502233177244
B_cube,5,"4,13,20,26,30",81460218,-5.9109882965111655
B_cube,5,"7,11,25,29,30",1140637512,-6.691266585131487
B_cube,5,"2,4,11,20,29",1389413161,-6.403541703977526
B_cube,5,"4,6,8,26,29",764428380,-5.846579460144166
B_cube,5,"1,3,4,18,28",378668180,-5.939437760320378
B_cube,5,"7,10,16,19,22",408472816,-6.076057725658219
B_cube,5,"8,10,24,25,29",1661627920,-5.925677110365816
B_cube,5,"1,6,12,27,28",1766506350,-9.951673927367347
B_cube,5,"0,3,5,15,30",1607672643,-5.804115598693324
B_cube,5,"3,9,23,29,31",1725983165,-6.128161495374641
B_cube,5,"2,9,23,24,29",720441330,-6.4101098582105465
B_cube,5,"18,19,20,23,31",1999188391,-6.4049303787448775
B_cube,5,"1,17,24,25,30",174386092,-7.320315503961544
B_cube,5,"4,6,22,28,30",1826084193,-10.275431859782472
B_cube,5,"0,3,6,19,20",705492677,-5.702639240330901
B_cube,5,"16,18,19,20,30",1972913208,-6.177178664385112
B_cube,5,"1,16,21,25,27",402515322,-6.0535027863585045
B_cube,5,"3,8,10,24,27",2022953028,-5.8766525583230145
B_cube,5,"10,11,12,15,29",1498415785,-6.197479928153145
B_cube,5,"0,19,20,25,26",1946549879,-5.774089380540532
B_cube,5,"4,5,17,23,25",1538590074,-5.921699036191601
B_cube,5,"0,10,23,25,26",623718377,-5.739533558625473
B_cube,5,"7,8,17,23,30",166461645,-5.891420417690066
B_cube,5,"13,19,23,24,26",980399141,-5.9434946820942915
B_cube,5,"7,18,21,25,30",802576574,-6.031847401373042
B_cube,5,"4,9,12,15,17",1021081897,-9.025275383358235
B_cube,5,"3,12,19,21,22",883500052,-5.9199128287825475
B_cube,5,"7,15,19,24,27",626199856,-7.132334777036149
B_cube,5,"3,8,9,29,30",139474053,-5.855046821633424
B_cube,5,"1,13,17,26,27",293700106,-5.884743265942327
B_cube,5,"3,7,13,19,23",1231044933,-5.796784438653126
B_cube,5,"0,3,5,12,19",1112342522,-5.755856478087591
B_cube,5,"0,4,18,26,31",1791692119,-5.798284912967674
B_cube,5,"9,20,23,26,29",2043699868,-6.3859036183910876
B_cube,5,"0,4,13,17,22",1055947832,-5.69555827142662
B_cube,5,"5,10,11,12,27",134837092,-5.799219995184731
B_cube,5,"0,4,15,21,27",1738808685,-5.717189022726523
B_cube,5,"0,7,10,24,30",315114049,-5.835200680706302
B_cube,5,"17,21,22,27,29",369285165,-6.211038436022109
B_cube,5,"1,4,7,12,28",1107668788,-9.86170099731182
B_cube,5,"4,20,26,30,31",1756536620,-6.520407488600932
B_cube,5,"3,14,18,22,26",353250637,-5.985497349426269
B_cube,5,"10,17,21,22,23",2044154168,-6.110567831226398
B_cube,5,"20,23,25,26,30",257300360,-6.753496104244106
B_cube,5,"4,6,19,23,26",1351591212,-6.534052074880025
B_cube,5,"3,6,19,22,24",1158957666,-6.1423012754169255
B_cube,5,"4,10,16,27,28",34396154,-6.222708259281414
B_cube,5,"7,8,16,19,21",1028469624,-5.783017889105413
B_cube,5,"5,8,12,29,31",1072025790,-5.793254729169931
B_cube,5,"2,11,20,21,26",1322690011,-5.966670768580855
B_cube,5,"1,2,4,16,27",408745649,-6.060583695157131
B_cube,5,"4,11,21,28,29",1599629024,-6.104482602981948
B_cube,5,"10,12,17,22,30",84804493,-6.796323070074957
B_cube,5,"0,6,11,20,25",1656101924,-5.84324382353258
B_cube,5,"7,14,20,24,25",1203758447,-7.214253999986521
B_cube,5,"3,16,22,23,26",2021302065,-5.909388312165983
B_cube,5,"2,8,13,21,25",93437918,-5.704745314378864
B_cube,5,"3,18,23,28,30",657581422,-6.180574228609896
B_cube,5,"10,11,13,15,23",1897425739,-5.9260065712567425
B_cube,5,"11,18,20,21,27",569829279,-6.012495102715634
B_cube,5,"2,4,9,17,28",1432698367,-7.736132265594898
B_cube,5,"1,12,20,29,30",111653237,-6.80642490429892
B_cube,5,"8,12,18,19,20",1704519461,-5.790904126557733
B_cube,5,"3,4,14,26,27",2067329328,-6.084235997940885
B_cube,5,"3,6,26,28,30",1250129470,-6.154100376172755
B_cube,5,"10,20,21,24,30",10577114,-6.138744581955062
B_cube,5,"0,1,9,15,23",1024164500,-5.765744537374674
B_cube,5,"2,4,5,8,16",1213930188,-5.69207693452802
B_cube,5,"8,13,14,21,28",73455329,-5.719495803908936
B_cube,5,"1,22,25,27,31",310822323,-7.558494765791855
B_cube,5,"16,22,23,26,31",1970326321,-6.197870800697211
B_cube,5,"4,5,13,20,28",1257401464,-5.785778531222736
B_cube,5,"4,7,9,17,29",562835635,-6.716892822725896
B_cube,5,"2,17,28,29,31",429599829,-6.6452799905696525
B_cube,5,"2,9,15,23,24",1330872299,-6.672923356926195
B_cube,5,"10,13,15,17,18",1504740163,-5.850205538097336
B_cube,5,"1,3,10,18,28",686253324,-5.999121006649502
B_cube,5,"3,6,11,16,30",2027132762,-5.878183038368384
B_cube,5,"8,11,14,18,29",884439735,-5.756958411760344
B_cube,5,"7,14,15,22,24",831358997,-7.053028232417813
B_cube,5,"1,4,20,23,24",1783345796,-6.7424601482658275
B_cube,5,"6,7,15,21,30",484510812,-6.136105614860461
B_cube,5,"9,11,13,20,26",13645477,-5.842245009760331
B_cube,5,"2,16,17,20,24",19817680,-6.129208611077779
B_cube,5,"0,6,13,27,31",15688110,-5.826013126180653
B_cube,5,"6,13,14,17,28",1948428661,-5.9379086276487545
B_cube,5,"10,17,22,26,29",1932063110,-6.26492053671275
B_cube,5,"3,5,14,15,25",1825500591,-5.775027267456709
B_cube,5,"1,2,13,14,26",155707681,-5.782554523980979
B_cube,5,"10,12,16,19,28",345385009,-6.118598302795673
B_cube,5,"15,21,25,27,31",484968031,-6.3841067967157015
B_cube,5,"12,15,21,22,30",619418440,-6.306844354979334
B_cube,5,"1,2,3,4,15",1934754722,-6.090941613654079
B_cube,5,"3,7,9,18,21",903267901,-5.775261535084059
B_cube,5,"11,13,27,28,29",514087375,-5.9810411734555915
B_cube,5,"5,19,20,23,27",1160321505,-6.0131968411951995
B_cube,5,"1,7,11,15,19",1172362708,-6.8740389332858
B_cube,5,"9,10,20,26,27",1338344823,-6.286821683364917
B_cube,5,"5,6,11,22,26",631904928,-5.860499882275155
B_cube,5,"1,18,21,23,24",1918262925,-5.985596258005823
B_cube,5,"0,1,3,12,20",1267292805,-5.695663336682944
B_cube,5,"12,25,26,28,31",681210672,-6.622120508563301
B_cube,5,"10,13,16,28,30",1062761180,-5.912320303240893
B_cube,5,"9,12,19,24,25",1552349933,-7.07874259112837
B_cube,5,"0,3,10,12,24",1824816379,-5.768707580815852
B_cube,5,"5,15,22,27,30",181440454,-5.96166043118001
B_cube,5,"9,19,23,26,28",2083524887,-6.4971633336851795
B_cube,5,"2,21,25,27,30",706393984,-6.243335281696559
B_cube,5,"3,10,15,21,30",1391530977,-5.869802156626668
B_cube,5,"2,5,16,17,18",719575718,-5.84815513238975
B_cube,5,"4,5,6,27,29",96434573,-5.928356811872085
B_cube,5,"0,11,25,28,31",865652884,-5.795817777686626
B_cube,5,"0,2,4,14,15",366534132,-5.822492166524237
B_cube,5,"6,7,16,25,26",1658575524,-6.073339186190829
B_cube,5,"2,15,17,19,24",676025235,-6.903391069399928
B_cube,5,"1,12,14,17,22",1213835817,-4.077604386603011
B_cube,5,"5,7,19,29,30",218339303,-5.949518539849407
B_cube,5,"16,18,21,23,29",386739442,-5.9473256487679365
B_cube,5,"0,5,13,17,27",340282376,-5.756965647123588
B_cube,5,"11,21,25,27,31",120037443,-6.32498159063243
B_cube,5,"0,12,14,21,29",837193608,-5.719859869577375
B_cube,5,"2,3,6,14,18",152377300,-5.819099184506474
B_cube,5,"4,12,14,19,28",716720166,-8.767023389750749
B_cube,5,"0,14,22,29,30",1402525186,-5.821527951551861
B_cube,5,"3,17,19,24,31",2087430390,-6.17284625861035
B_cube,5,"0,10,13,20,23",1399446384,-5.787535682782068
B_cube,5,"9,11,21,24,29",88378777,-5.947093734613112
B_cube,5,"1,2,5,10,18",2054252788,-5.759442050807954
B_cube,5,"0,2,4,18,28",1729932583,-5.706522130546679
B_cube,5,"13,14,17,19,27",885170173,-6.060054921700898
B_cube,5,"6,7,17,27,30",2062240169,-11.350449306942117
B_cube,5,"6,19,22,24,31",377260543,-6.899669573662596
B_cube,5,"1,10,21,24,25",1304226078,-6.052633476689591
B_cube,5,"9,10,14,17,18",1871053121,-6.106635709361173
B_cube,5,"3,7,19,20,31",1584303181,-6.287821487040032
B_cube,5,"9,15,18,19,25",789545247,-6.410156052831388
B_cube,5,"6,12,15,18,23",148855752,-6.305823391380892
B_cube,5,"4,9,14,17,20",84717802,-11.525059210301531
B_cube,5,"14,16,22,23,24",523464496,-6.351858846502415
B_cube,5,"0,1,16,19,26",1174752635,-5.709075923594852
B_cube,5,"5,9,10,20,26",1406359361,-5.852269496273854
B_cube,5,"11,13,20,21,26",1422565056,-5.781456722100538
B_cube,5,"2,6,11,20,26",1095423386,-6.248216325303214
B_cube,5,"4,8,9,24,26",1083700186,-5.9207330118150105
B_cube,5,"0,5,13,24,28",533137532,-5.687949394617219
B_cube,5,"8,14,15,22,28",692463229,-6.063201301845727
B_cube,5,"11,15,25,27,28",56043074,-7.462637170301757
B_cube,5,"0,14,16,27,31",29527794,-5.75377740686018
B_cube,5,"9,17,23,26,27",1212385920,-6.54718427646147
B_cube,5,"4,18,20,30,31",4014709,-6.428163403178723
B_cube,5,"1,2,4,5,13",1235480796,-5.757501872692395
B_cube,5,"2,3,6,13,19",1541464224,-5.861960851248859
B_cube,5,"0,1,3,11,14",2086325110,-5.69074956335001
B_cube,5,"1,2,15,27,29",1839605749,-6.696290972391319
B_cube,5,"11,14,17,18,23",444400795,-6.2585934479904894
B_cube,5,"1,2,7,15,28",133835486,-7.54982572156082
B_cube,5,"5,19,23,26,29",1509177104,-5.845328666310761
B_cube,5,"3,10,19,29,30",150721530,-5.988995146367432
B_cube,5,"8,11,14,23,31",1750354903,-5.857385633146427
B_cube,5,"5,6,27,28,29",762016407,-5.979451120785
B_cube,5,"9,14,20,23,25",153461479,-7.858787602559141
B_cube,5,"13,18,19,22,23",1860546833,-5.928903098493598
B_cube,5,"0,1,5,8,13",1300609100,-5.87747537421632
B_cube,5,"1,2,17,21,26",1152024950,-6.065537570424695
B_cube,5,"4,5,6,17,18",1717320616,-5.75089558134229
B_cube,5,"5,6,7,8,23",1506113433,-5.700653938631426
B_cube,5,"2,11,12,27,30",966810659,-7.066082725197126
B_cube,5,"7,10,17,19,30",530262654,-6.813687951886293
B_cube,5,"10,12,16,22,29",638156724,-6.028094044241152
B_cube,5,"5,10,15,22,28",552031360,-5.978210210785506
B_cube,5,"16,18,21,23,29",1919385423,-5.936006815579722
B_cube,5,"1,14,16,23,27",797734854,-6.2894673306739595
B_cube,5,"5,12,19,20,21",2084513688,-5.792887003494512
B_cube,5,"0,6,11,12,15",830121159,-5.814271138518218
B_cube,5,"11,16,20,26,29",2030996475,-6.036262801608347
B_cube,5,"13,18,19,26,29",290818140,-5.889520410582629
B_cube,5,"6,13,19,20,25",1116580709,-5.94431798896302
B_cube,5,"8,15,21,23,31",1295587174,-5.927731267856791
B_cube,5,"6,11,15,30,31",1331060022,-6.891137276607714
B_cube,5,"4,5,15,27,28",1839938931,-5.997009091004052
B_cube,5,"1,10,14,21,24",1454449976,-5.9215315401317365
B_cube,5,"6,11,15,20,29",222362718,-6.550095500060788
B_cube,5,"3,13,15,16,21",13266703,-5.7840139112261175
B_cube,5,"7,12,15,24,28",238539308,-7.165841952109677
B_cube,5,"6,13,17,20,22",155753241,-6.012096869439032
B_cube,5,"2,5,10,20,30",1439179440,-5.823542208447904
B_cube,5,"4,8,27,28,29",1517290418,-5.959496981112764
B_cube,5,"8,10,13,18,28",1189202788,-5.849846206184178
B_cube,5,"0,10,27,28,29",1719887796,-5.81739965025533
B_cube,5,"2,3,18,21,28",1255682859,-5.906038830285255
B_cube,5,"0,5,9,18,24",1501587762,-5.761778751442648
B_cube,5,"2,3,11,18,22",2133672943,-5.90885223925213
B_cube,5,"6,16,22,25,30",1343874126,-6.410835841707337
B_cube,5,"0,1,3,16,31",2069482648,-5.694713184189888
B_cube,5,"7,11,23,24,31",1846016436,-6.6184607386032
B_cube,5,"10,12,25,26,31",857571592,-6.374673690284077
B_cube,5,"6,15,16,18,26",2112062133,-5.950587592998602
B_cube,5,"4,6,9,22,31",940270799,-7.279360278516036
B_cube,5,"4,11,12,13,20",1303365501,-5.825470366728494
B_cube,5,"0,19,21,24,27",681559485,-5.792245190521106
B_cube,5,"3,9,22,27,30",17414788,-6.504451179620492
B_cube,5,"1,6,11,15,22",660549814,-6.948731050904149
B_cube,5,"10,23,24,25,26",886891820,-6.284773372312899
B_cube,5,"3,7,11,13,21",472247104,-5.805152702228265
B_cube,5,"2,11,13,14,30",1457086663,-5.922325806014412
B_cube,5,"6,13,21,24,25",284069170,-5.831354413055875
B_cube,5,"0,6,9,15,28",1529527598,-5.7989387932274346
B_cube,5,"2,11,12,13,18",443067667,-5.755503940407911
B_cube,5,"0,14,20,22,24",771403270,-5.848078511802102
B_cube,5,"0,4,11,13,22",2126160524,-5.761163546282
B_cube,5,"4,6,19,23,24",955905073,-6.852006164296018
B_cube,5,"2,13,17,18,29",1948976577,-5.805968774492512
B_cube,5,"4,10,14,29,31",1624177313,-6.469936821366048
B_cube,5,"1,10,12,27,28",2058101522,-6.68743408408172
B_cube,5,"0,2,22,25,30",1134823729,-5.782276737055789
B_cube,5,"3,10,12,19,22",1256098653,-6.029552941521798
B_cube,5,"0,10,13,18,19",62875387,-5.693263759263114
B_cube,5,"6,9,15,16,23",2080566318,-6.181201697829121
B_cube,5,"0,4,11,18,29",2106777163,-5.772074859719427
B_cube,5,"4,7,16,23,30",65518247,-6.255633273564585
B_cube,5,"3,11,18,23,30",58760536,-5.976491187663243
B_cube,5,"2,5,10,19,24",619827804,-5.917588673766153
B_cube,5,"0,11,12,18,24",42896892,-5.802298801063805
B_cube,5,"1,11,21,25,31",1098203793,-6.166777868119606
B_cube,5,"3,9,14,16,17",386105831,-5.921453985337613
B_cube,5,"1,6,10,12,17",793153651,-6.410227835951972
B_cube,5,"9,11,12,21,23",65071821,-6.107879233956661
B_cube,5,"4,5,14,23,25",2027164383,-5.8896803036524945
B_cube,5,"10,11,16,24,28",157273121,-6.010209935776012
B_cube,5,"5,8,19,20,23",2090442183,-5.7959348489510445
B_cube,5,"1,11,17,18,30",1268991568,-6.235334387560301
B_cube,5,"4,8,18,28,31",876573886,-5.82679258562983
B_cube,5,"1,2,17,21,24",96058214,-6.04486280595436
B_cube,5,"13,15,24,28,29",1449416802,-6.050537058273634
B_cube,5,"4,22,24,25,27",1850312456,-7.248967197462433
B_cube,5,"0,14,16,27,30",421685955,-5.764765126926366
B_cube,5,"9,11,14,19,25",1668277268,-7.191110071794697
B_cube,5,"7,11,21,28,31",2014699428,-6.255901366341067
B_cube,5,"3,12,20,24,27",1649878708,-6.206610205540679
B_cube,5,"7,12,19,23,29",2117596036,-6.7729125147780485
B_cube,5,"8,13,16,23,27",54858786,-5.79104667725537
B_cube,5,"2,4,8,10,19",2007716275,-5.808784169048957
B_cube,5,"3,6,14,15,22",1189654738,-6.141629810082824
B_cube,5,"6,11,16,21,27",915040697,-5.933890889488044
B_cube,5,"3,6,18,19,31",2139027030,-5.931535853895412
B_cube,5,"6,15,16,20,24",141518824,-6.163362557508158
B_cube,5,"0,3,14,24,25",304813124,-5.721167892325221
B_cube,5,"5,11,13,17,18",1825261817,-5.759980242922573
B_cube,5,"5,11,12,15,31",2036881018,-6.040666982616149
B_cube,5,"3,12,18,21,22",685519811,-5.814374106375646
B_cube,5,"4,6,8,20,28",1856533324,-5.837393236527988
B_cube,5,"8,10,13,14,19",303003536,-5.713056033378735
B_cube,5,"5,14,24,28,30",1714582947,-6.0276978058310595
B_cube,5,"2,6,10,18,29",226712276,-6.092759605918426
B_cube,5,"1,4,10,14,17",582251125,-6.457404254574389
B_cube,5,"8,18,24,28,30",262035114,-5.842389447118661
B_cube,5,"9,12,20,25,26",1512321692,-6.576931637150264
B_cube,5,"12,18,23,24,28",1495951890,-6.303344053726525
B_cube,5,"0,2,7,9,25",1339280040,-5.7222837723255395
B_cube,5,"4,6,10,13,31",1243984548,-5.8744946614457
B_cube,5,"6,9,20,24,30",238964278,-7.169893394330498
B_cube,5,"6,10,13,18,21",1808584409,-5.792857854387797
B_cube,5,"24,25,27,29,30",416089226,-6.793507339368291
B_cube,5,"0,4,21,23,31",1346332927,-5.728663490658332
B_cube,5,"5,12,20,26,30",826593220,-5.898745935370855
B_cube,5,"4,17,19,23,27",2042019596,-7.700042152168333
B_cube,5,"2,7,10,19,26",1605203334,-6.147386588681037
B_cube,5,"8,10,16,18,29",1365545948,-5.737534939501019
B_cube,5,"0,13,26,28,30",719228744,-5.721801724004497
B_cube,5,"1,3,23,25,28",128444866,-6.34936177755086
B_cube,5,"2,10,12,17,31",1460585419,-6.534103622354068
B_cube,5,"0,6,7,16,25",285506944,-5.709581838993161
B_cube,5,"1,13,22,27,31",1218357475,-6.001315986023427
B_cube,5,"4,13,25,27,28",839799019,-6.088886041324783
B_cube,5,"1,5,7,16,25",265935448,-5.773018718288613
B_cube,5,"10,13,25,27,28",1783189705,-5.958906562375138
B_cube,5,"9,14,22,28,29",1418435762,-7.09308930046664
B_cube,5,"3,5,6,17,21",1936389046,-5.7680715698295035
B_cube,5,"11,20,25,26,28",1432498733,-6.594448332839011
B_cube,5,"0,1,2,9,21",768626737,-5.690418534720247
B_cube,5,"5,7,18,20,26",1863704645,-5.885234650658379
B_cube,5,"1,6,16,17,27",1213616453,-6.238036500040199
B_cube,5,"5,12,19,28,29",1727179115,-6.044119059322558
B_cube,5,"5,6,14,24,27",2117242322,-5.887563819406817
B_cube,5,"0,8,9,20,25",1936540960,-5.717947872080392
B_cube,5,"2,6,11,27,30",775403289,-6.970037574015252
B_cube,5,"5,13,15,25,28",2039407376,-5.880305328682102
B_cube,5,"7,15,18,22,24",1799742703,-6.276205309603246
B_cube,5,"7,12,15,29,31",1124911147,-6.610776687651379
B_cube,5,"0,7,13,14,26",1492802228,-5.693092399358084
B_cube,5,"13,25,27,30,31",1445519716,-6.153154021223552
B_cube,5,"1,8,15,27,29",146055491,-5.892344977735983
B_cube,5,"11,12,14,16,26",2109876216,-5.990730471337737
B_cube,5,"0,2,8,19,24",1927559186,-5.694847625136679
B_cube,5,"10,11,18,25,27",575946999,-6.156061010892558
B_cube,5,"10,17,19,28,31",586580128,-6.696202361361784
B_cube,5,"1,10,12,15,22",96020578,-6.543658204410465
B_cube,5,"0,1,20,21,31",921406782,-5.73115421754593
B_cube,5,"3,6,14,22,27",1372444594,-6.347375985644595
B_cube,5,"13,15,24,27,28",1662684464,-6.174550813782976
B_cube,5,"2,4,7,22,25",1083387947,-7.77682978320124
B_cube,5,"9,11,15,24,30",505503044,-6.757682147450764
B_cube,5,"1,2,8,29,31",808729669,-5.820679821318455
B_cube,5,"4,5,25,27,30",1042805383,-5.985603478567425
B_cube,5,"2,4,10,26,27",725998469,-6.203994245623397
B_cube,5,"1,4,13,20,28",601803360,-5.870095580886555
B_cube,5,"6,18,25,29,30",739957717,-6.453603969583736
B_cube,5,"0,12,15,20,28",1326036883,-5.931352470979729
B_cube,5,"3,7,10,20,21",569597888,-5.813524316210108
B_cube,5,"0,12,19,25,30",1806019435,-5.8014279547295144
B_cube,5,"0,6,9,17,29",1873215328,-5.735220528999541
B_cube,5,"1,16,18,24,29",621658487,-6.002291962866338
B_cube,5,"15,20,22,23,28",1421185505,-7.886412853397479
B_cube,5,"6,7,23,24,28",680986367,-6.910229475308109
B_cube,5,"0,8,12,26,27",1764876850,-5.699337620602844
B_cube,5,"1,3,5,14,31",172595509,-5.826141924461481
B_cube,5,"4,10,16,18,22",2054061028,-5.952622080355822
B_cube,5,"4,10,19,22,24",1732740232,-6.465907189560975
B_cube,5,"12,13,18,19,30",839672943,-5.860531218712965
B_cube,5,"3,7,15,17,26",710550721,-5.999623814416243
B_cube,5,"10,11,12,27,29",1743420752,-6.2926908262836525
B_cube,5,"2,3,7,12,14",1636163464,-6.041115296478552
B_cube,5,"0,7,10,21,27",950138228,-5.817556212170396
B_cube,5,"5,13,15,22,25",2095416290,-5.859396339073079
B_cube,5,"2,4,12,13,17",343797316,-5.814160832638047
B_cube,5,"3,8,13,22,26",1239091459,-5.767109232530009
B_cube,5,"6,11,13,20,22",525482513,-5.865790749616801
B_cube,5,"6,8,12,19,26",1792350460,-5.790697683709966
B_cube,5,"2,9,13,18,27",852445524,-5.8591113687005
B_cube,5,"15,22,23,25,29",777293570,-6.854394133105157
B_cube,5,"3,7,11,14,27",674367981,-6.230430374045441
B_cube,5,"18,21,25,28,30",607514856,-6.213547198863351
B_cube,5,"0,2,6,11,12",1978580399,-5.740288608182213
B_cube,5,"6,9,13,17,24",1533573085,-5.852718144618753
B_cube,5,"15,17,22,26,29",1064132804,-6.39790763953703
B_cube,5,"4,7,16,24,28",498278004,-6.2424145440416305
B_cube,5,"3,6,11,14,29",790270834,-6.023671289054822
B_cube,5,"15,16,18,29,30",427818309,-6.034779777014716
B_cube,5,"2,7,8,21,27",1325615375,-5.753762203356658
B_cube,5,"2,13,22,23,31",479481760,-6.014496692408489
B_cube,5,"3,10,16,18,22",1763741883,-5.919801476431412
B_cube,5,"3,24,25,28,29",848622964,-6.259061931439995
B_cube,5,"0,8,15,19,20",269768857,-5.749052062292898
B_cube,5,"1,5,11,14,19",1408729600,-5.7906957344283185
B_cube,5,"12,20,23,24,30",1890666019,-7.068643414740927
B_cube,5,"0,4,18,21,29",363077177,-5.7044084867270595
B_cube,5,"8,10,16,23,24",1464441555,-5.758953870731526
B_cube,5,"4,13,20,21,30",1147751348,-5.948657360241909
B_cube,5,"0,16,17,27,30",641249056,-5.864667031224641
B_cube,5,"1,5,8,26,29",418745456,-5.714378405699442
B_cube,5,"0,1,6,7,8",641572118,-5.7099747726591845
B_cube,5,"8,11,21,26,31",1301241091,-5.828438093983875
B_cube,5,"12,24,25,26,28",448569542,-6.532617806925786
B_cube,5,"12,14,23,25,28",477820522,-7.925854355738145
B_cube,5,"2,24,26,28,31",19619999,-6.383397016724598
B_cube,5,"5,10,14,15,19",498004693,-5.80125561178269
B_cube,5,"0,10,19,21,27",1941946005,-5.724961356691195
B_cube,5,"5,7,13,20,22",1257012309,-5.738400282741949
B_cube,5,"2,9,17,22,29",664183117,-6.697146312337674
B_cube,5,"4,8,10,15,20",767984566,-5.843557268517841
B_cube,5,"7,8,10,21,30",1078625502,-5.755774142631643
B_cube,5,"2,9,25,27,29",1181731072,-6.809168446825446
B_cube,5,"6,8,9,17,21",465103703,-5.864451491223524
B_cube,5,"0,4,12,19,25",2135365391,-5.741343232312208
B_cube,5,"13,18,19,24,25",1989602734,-5.924738550733222
B_cube,5,"1,2,8,13,19",1045251754,-5.819763820913121
B_cube,5,"6,7,28,29,30",594765082,-6.931440789463198
B_cube,5,"7,24,25,26,29",2115380899,-6.3316731489919
B_cube,5,"2,7,11,14,18",1694685137,-6.0561916472504915
B_cube,5,"4,12,20,22,24",292116417,-7.085731900919126
B_cube,5,"6,10,12,15,21",186272401,-6.056248432315499
B_cube,5,"3,12,20,21,29",1859599101,-5.884334698466475
B_cube,5,"8,9,21,26,30",716714952,-5.846153487436146
B_cube,5,"0,9,18,19,27",724835002,-5.77894685631867
B_cube,5,"1,14,21,26,28",1808578245,-6.133123231733567
B_cube,5,"5,8,12,17,31",1003326512,-5.794938577616809
B_cube,5,"17,18,20,25,30",1606512754,-6.535647299607212
B_cube,5,"0,3,7,16,19",364379059,-5.694660295683456
B_cube,5,"3,8,15,17,24",1618504877,-5.756230196155404
B_cube,5,"0,17,20,26,29",208065347,-5.884629193427921
B_cube,5,"4,9,18,20,31",596179709,-6.27986895063151
B_cube,5,"10,17,22,24,27",1462818047,-6.6225826384932995
B_cube,5,"1,11,20,21,30",258938018,-6.0851673174238385
B_cube,5,"6,12,14,17,31",987638386,-7.406789646694681
B_cube,5,"10,12,13,18,26",2061759913,-5.758544534415633
B_cube,5,"10,16,18,19,21",1336938391,-5.866436390814387
B_cube,5,"2,7,10,11,21",860332544,-5.825257646998231
B_cube,5,"2,8,12,16,25",1004120775,-5.884419936356594
B_cube,5,"7,9,15,18,27",759505625,-6.3349165660411
B_cube,5,"18,19,20,21,23",1662333611,-6.066523468564261
B_cube,5,"2,8,14,23,24",1822697368,-5.871603236401093
B_cube,5,"0,6,9,11,22",2052179723,-5.723407673962742
B_cube,5,"1,4,6,10,14",2142237875,-6.3574203263375875
B_cube,5,"9,13,14,22,28",224258149,-6.147504845032198
B_cube,5,"9,17,19,20,23",1087205432,-7.697040170940145
B_cube,5,"1,19,21,25,26",774378204,-6.023069504488096
B_cube,5,"0,2,19,21,27",1263272349,-5.767885018403108
B_cube,5,"2,3,6,18,29",1868450009,-5.96081226233864
B_cube,5,"0,2,3,6,30",1389168784,-5.755243941821854
B_cube,5,"0,1,8,20,22",1667649846,-5.713609837118559
B_cube,5,"9,10,14,18,28",182636716,-6.232062175884088
B_cube,5,"3,9,14,19,31",741930654,-6.236229916740235
B_cube,5,"10,15,23,30,31",656882472,-6.580488283028921
B_cube,5,"3,14,16,19,21",133337820,-5.883498732726929
B_cube,5,"9,17,23,25,31",2078374283,-7.17436868398903
B_cube,5,"2,7,11,22,26",1487269701,-6.370033577805037
B_cube,5,"0,1,19,26,27",1239577704,-5.742196937637103
B_cube,5,"1,12,18,28,29",822351299,-6.205561731255165
B_cube,5,"5,8,13,15,25",516991549,-5.830687503660032
B_cube,5,"1,3,14,23,26",56394733,-6.038455054870328
B_cube,5,"3,14,17,25,27",2094561733,-6.322611910158821
B_cube,5,"7,9,11,15,23",851245136,-6.890667593748816
B_cube,5,"2,4,9,20,23",1177464926,-7.173930140347725
B_cube,5,"10,15,22,23,29",1392845874,-6.428437249618597
B_cube,5,"8,9,24,28,31",1552206788,-5.978714635643852
B_cube,5,"1,3,7,15,17",598310567,-6.117753627423934
B_cube,5,"2,7,8,26,31",683543726,-5.882095397366671
B_cube,5,"2,5,18,21,26",2024574239,-5.784083666660714
B_cube,5,"3,12,18,19,27",1314502208,-5.988236428483067
B_cube,5,"0,4,8,16,20",1550801016,-5.687469513660881
B_cube,5,"5,16,21,23,28",629691958,-5.832182772350721
B_cube,5,"6,9,12,25,28",944058552,-10.248427772044957
B_cube,5,"3,17,21,23,31",1579834537,-6.153791788262142
B_cube,5,"3,7,22,26,28",1530033232,-6.1755125612969675
B_cube,5,"3,4,8,10,15",2075161275,-5.826519031860942
B_cube,5,"2,3,5,13,19",111306235,-5.76395884611424
B_cube,5,"4,9,10,23,25",1898551996,-6.508761756674101
B_cube,5,"8,11,18,29,31",1695496395,-5.848668999229504
B_cube,5,"5,20,23,28,29",608528314,-5.953610298170842
B_cube,5,"0,2,3,6,11",1074819278,-5.692674181610107
B_cube,5,"1,9,10,22,27",1174878256,-6.788001798471602
B_cube,5,"1,10,11,18,28",997822649,-6.155797840655861
B_cube,5,"13,18,20,26,31",1144575927,-5.907562617854549
B_cube,5,"5,10,16,19,25",2027463578,-5.823246029367278
B_cube,5,"6,10,17,21,31",1592065291,-6.119624965451062
B_cube,5,"3,5,11,23,27",93523067,-5.7658034307511
B_cube,5,"2,11,18,30,31",899183149,-6.303230987915714
B_cube,5,"10,15,26,29,31",1998310432,-6.11611131543585
B_cube,5,"0,2,14,26,29",104603135,-5.782322229430572
B_cube,5,"11,17,19,21,28",709160039,-6.300020252350701
B_cube,5,"9,11,13,23,30",1672387969,-5.97379334070724
B_cube,5,"13,25,27,29,30",477451284,-6.213250674299825
B_cube,5,"15,17,18,20,28",263178019,-6.485069636208585
B_cube,5,"0,9,11,12,23",522890973,-5.791216885622884
B_cube,5,"0,4,12,16,27",1672457443,-5.774363051617544
B_cube,5,"3,12,25,30,31",618678199,-6.450276122787899
B_cube,5,"2,9,14,20,23",539055311,-7.1986748735254755
B_cube,5,"6,9,16,28,31",1455401724,-6.401916960888251
B_cube,5,"19,21,27,29,31",1961807496,-6.146538276465456
B_cube,5,"3,7,9,13,17",1679171497,-5.811408791180495
B_cube,5,"11,16,18,25,29",139914243,-5.979943443288531
B_cube,5,"0,6,7,15,20",657084117,-5.714796082477487
B_cube,5,"2,8,14,22,27",485570487,-5.9804885602468
B_cube,5,"6,13,18,29,30",1586873232,-5.971944561414338
B_cube,5,"1,16,17,24,25",1889486821,-6.175835638807122
B_cube,5,"2,6,11,16,17",772447997,-6.0423028194706285
B_cube,5,"2,13,16,18,27",781271548,-5.950423822262822
B_cube,5,"0,8,10,17,20",224533312,-5.69138276253205
B_cube,5,"14,25,26,27,31",507195698,-6.660601537501428
B_cube,5,"1,8,13,16,22",1177012266,-5.765233000759377
B_cube,5,"6,7,14,16,31",133212588,-6.1696342098710835
B_cube,5,"10,13,14,24,29",679223474,-5.904941485928859
B_cube,5,"1,20,25,27,28",1573933463,-10.277093386541738
B_cube,5,"15,18,19,20,21",1370197490,-6.111570236843641
B_cube,5,"7,10,13,18,27",1426504594,-5.844677977014475
B_cube,5,"6,16,17,19,29",768847970,-6.31704607986865
B_cube,5,"8,15,18,23,27",1210892787,-5.912816086831095
B_cube,5,"7,12,18,22,27",1322164633,-6.399095525246522
B_cube,5,"13,20,21,24,29",1741233297,-5.962130325677891
B_cube,5,"7,11,16,22,30",1583176761,-6.183583787619336
B_cube,5,"2,9,17,18,28",1825704146,-6.3281362157463015
B_cube,5,"8,11,23,26,29",924997804,-5.9820364080251345
B_cube,5,"4,8,13,23,26",1210400165,-5.78297845017083
B_cube,5,"6,16,20,26,27",1037721804,-6.095490463386743
B_cube,5,"6,11,17,21,31",1864908700,-6.0116574987382085
B_cube,5,"2,17,18,20,25",1568412188,-6.303863564752333
B_cube,5,"3,15,23,30,31",1264375040,-6.225142193627964
B_cube,5,"6,9,21,28,30",1249950813,-6.28321678690245
B_cube,5,"2,14,26,27,30",871014124,-6.61054591718695
B_cube,5,"7,9,14,17,23",1104532609,-7.640644683377683
B_cube,5,"11,13,21,27,30",976136647,-5.919105148018678
B_cube,5,"3,9,21,22,30",833681670,-6.10674663381745
B_cube,5,"6,15,17,18,22",367818103,-6.3656793460140895
B_cube,5,"1,13,15,22,29",561503086,-5.933608496173863
B_cube,5,"3,7,10,16,25",651953493,-5.825655643231538
B_cube,5,"0,16,17,19,28",2079243244,-5.805364999610862
B_cube,5,"8,13,16,24,31",291094659,-5.793454560114865
B_cube,5,"7,18,24,29,31",1698937534,-6.172454758493455
B_cube,5,"6,7,8,11,15",641051697,-5.826442655119795
B_cube,5,"6,16,23,25,29",1215107698,-6.2588484549146965
B_cube,5,"0,2,11,17,28",1002342285,-5.72730049323844
B_cube,5,"10,12,15,19,27",34710110,-6.632310004828364
B_cube,5,"0,4,8,16,26",1536793267,-5.691842251882228
B_cube,5,"0,5,19,24,29",866769258,-5.705356403106624
B_cube,5,"1,10,19,21,30",1188672861,-6.030516553296287
B_cube,5,"0,7,12,22,25",1261626606,-5.757251206169531
B_cube,5,"2,16,18,20,26",1657081696,-5.904193452718584
B_cube,5,"4,6,17,18,30",1354406771,-6.342692471692903
B_cube,5,"3,9,21,23,24",388262199,-5.927481332871325
B_cube,5,"10,14,15,16,29",1308199425,-6.066856175231494
B_cube,5,"8,20,21,28,29",1274742632,-5.8563103381089885
B_cube,5,"23,24,25,29,30",1109060453,-6.735901369518434
B_cube,5,"11,17,26,29,31",474461633,-6.351017354357348
B_cube,5,"18,20,25,26,30",1763588914,-6.41910244964345
B_cube,5,"4,7,15,18,19",1235728949,-6.2383518416402115
B_cube,5,"2,4,5,13,31",2015245225,-5.714006149332938
B_cube,5,"2,12,15,16,20",580449630,-6.1456220345669275
B_cube,5,"2,6,11,29,31",1377521952,-6.376606515101219
B_cube,5,"8,21,22,29,31",2053903480,-5.826182438015314
B_cube,5,"8,12,18,28,31",704436503,-5.859502739304723
B_cube,5,"5,6,24,28,30",1851125404,-6.04250664394922
B_cube,5,"2,15,16,22,24",638573944,-6.157710239295349
B_cube,5,"1,5,12,14,19",365236,-5.821593558549188
B_cube,5,"7,9,12,27,31",2099947641,-7.401605360167223
B_cube,5,"12,14,22,30,31",753025280,-7.626556022228545
B_cube,5,"4,17,18,22,29",1456388914,-6.271079665458838
B_cube,5,"3,11,18,19,22",1130908398,-5.927645606708591
B_cube,5,"2,21,23,26,31",2068739461,-6.212715075848527
B_cube,5,"3,6,8,27,28",1595747145,-5.801209150824077
B_cube,5,"3,5,13,18,30",535989719,-5.768372959867641
B_cube,5,"14,17,18,23,29",1454387795,-6.222760419909381
B_cube,5,"2,3,5,7,31",1050143678,-5.790271321598271
B_cube,5,"10,15,18,21,22",570463315,-5.888560730833199
B_cube,5,"8,15,16,18,23",778379106,-5.81812412115568
B_cube,5,"9,14,15,23,30",2012207804,-7.709422445866707
B_cube,5,"1,2,18,26,30",511467834,-6.127806252244744
B_cube,5,"5,9,18,19,23",1470363427,-5.8037739362751175
